route_avion,origin_iata,destination_iata,origine_avion,destination_avion,origin_country,destination_country,distance_avion,airline_count,unmatched_reason
TIA-BLQ,TIA,BLQ,Rinas,Bologna,AL,IT,768.2,4,no_country_pair_in_rail_dataset
TIA-VRN,TIA,VRN,Rinas,Caselle (VR),AL,IT,839.0,5,no_country_pair_in_rail_dataset
TIA-TRN,TIA,TRN,Rinas,Caselle Torinese (TO),AL,IT,1062.2,1,no_country_pair_in_rail_dataset
TIA-MXP,TIA,MXP,Rinas,Ferno (VA),AL,IT,1001.4,5,no_country_pair_in_rail_dataset
TIA-FRA,TIA,FRA,Rinas,Frankfurt am Main,AL,DE,1288.7,1,no_country_pair_in_rail_dataset
TIA-GOA,TIA,GOA,Rinas,Genova (GE),AL,IT,945.7,2,no_country_pair_in_rail_dataset
TIA-IST,TIA,IST,Rinas,Istanbul,AL,TR,752.1,1,no_country_pair_in_rail_dataset
TIA-MUC,TIA,MUC,Rinas,Munich,AL,DE,991.9,1,no_country_pair_in_rail_dataset
TIA-BGY,TIA,BGY,Rinas,Orio al Serio (BG),AL,IT,934.4,1,no_country_pair_in_rail_dataset
TIA-PSA,TIA,PSA,Rinas,Pisa (PI),AL,IT,804.2,3,no_country_pair_in_rail_dataset
TIA-FCO,TIA,FCO,Rinas,Rome,AL,IT,622.2,2,no_country_pair_in_rail_dataset
TIA-ATH,TIA,ATH,Rinas,Spata-Artemida,AL,GR,529.3,2,no_country_pair_in_rail_dataset
TIA-VCE,TIA,VCE,Rinas,Venezia (VE),AL,IT,748.2,3,no_country_pair_in_rail_dataset
TIA-VIE,TIA,VIE,Rinas,Vienna,AL,AT,784.8,1,no_country_pair_in_rail_dataset
TIA-LJU,TIA,LJU,Rinas,Zgornji Brnik,AL,SI,681.0,1,no_country_pair_in_rail_dataset
GRZ-MUC,GRZ,MUC,Feldkirchen bei Graz,Munich,AT,DE,312.7,2,no_distance_compatible_rail_candidate
GRZ-PMI,GRZ,PMI,Feldkirchen bei Graz,Palma de Mallorca,AT,ES,1316.9,2,no_country_pair_in_rail_dataset
GRZ-STR,GRZ,STR,Feldkirchen bei Graz,Stuttgart,AT,DE,500.8,2,no_distance_compatible_rail_candidate
GRZ-ZRH,GRZ,ZRH,Feldkirchen bei Graz,Zurich,AT,CH,522.8,1,no_country_pair_in_rail_dataset
INN-AMS,INN,AMS,Innsbruck,Amsterdam,AT,NL,733.1,1,no_country_pair_in_rail_dataset
INN-EIN,INN,EIN,Innsbruck,Eindhoven,AT,NL,635.2,1,no_country_pair_in_rail_dataset
INN-FRA,INN,FRA,Innsbruck,Frankfurt am Main,AT,DE,369.4,2,no_distance_compatible_rail_candidate
INN-LGW,INN,LGW,Innsbruck,London,AT,GB,941.2,1,no_country_pair_in_rail_dataset
INN-PMI,INN,PMI,Innsbruck,Palma de Mallorca,AT,ES,1102.2,2,no_country_pair_in_rail_dataset
LNZ-FRA,LNZ,FRA,Linz,Frankfurt am Main,AT,DE,455.3,2,no_distance_compatible_rail_candidate
LNZ-STN,LNZ,STN,Linz,"London, Essex",AT,GB,1073.4,1,no_country_pair_in_rail_dataset
LNZ-PMI,LNZ,PMI,Linz,Palma de Mallorca,AT,ES,1329.1,2,no_country_pair_in_rail_dataset
SZG-CLY,SZG,CLY,Salzburg,Calvi,AT,FR,671.7,2,no_country_pair_in_rail_dataset
SZG-FRA,SZG,FRA,Salzburg,Frankfurt am Main,AT,DE,408.8,2,no_distance_compatible_rail_candidate
SZG-IST,SZG,IST,Salzburg,Istanbul,AT,TR,1438.1,1,no_country_pair_in_rail_dataset
SZG-CGN,SZG,CGN,Salzburg,Köln (Cologne),AT,DE,544.8,2,no_distance_compatible_rail_candidate
SZG-LGW,SZG,LGW,Salzburg,London,AT,GB,1021.7,2,no_country_pair_in_rail_dataset
SZG-STN,SZG,STN,Salzburg,"London, Essex",AT,GB,1020.6,1,no_country_pair_in_rail_dataset
SZG-PMI,SZG,PMI,Salzburg,Palma de Mallorca,AT,ES,1231.4,2,no_country_pair_in_rail_dataset
SZG-VIE,SZG,VIE,Salzburg,Vienna,AT,AT,267.8,3,no_country_pair_in_rail_dataset
SZG-ZRH,SZG,ZRH,Salzburg,Zurich,AT,CH,336.0,1,no_country_pair_in_rail_dataset
VIE-AMS,VIE,AMS,Vienna,Amsterdam,AT,NL,959.5,2,no_country_pair_in_rail_dataset
VIE-KRK,VIE,KRK,Vienna,Balice,AT,PL,320.4,2,no_country_pair_in_rail_dataset
VIE-BCN,VIE,BCN,Vienna,Barcelona,AT,ES,1369.7,6,no_country_pair_in_rail_dataset
VIE-BEG,VIE,BEG,Vienna,Belgrade,AT,RS,464.7,2,no_country_pair_in_rail_dataset
VIE-BRN,VIE,BRN,Vienna,Bern,AT,CH,693.7,1,no_country_pair_in_rail_dataset
VIE-BSL,VIE,BSL,Vienna,Bâle / Mulhouse,AT,FR,677.1,2,no_country_pair_in_rail_dataset
VIE-CLJ,VIE,CLJ,Vienna,Cluj-Napoca,AT,RO,554.8,2,no_distance_compatible_rail_candidate
VIE-LYS,VIE,LYS,Vienna,"Colombier-Saugnieu, Rhône",AT,FR,910.3,2,no_country_pair_in_rail_dataset
VIE-CPH,VIE,CPH,Vienna,Copenhagen,AT,DK,876.6,5,no_country_pair_in_rail_dataset
VIE-DBV,VIE,DBV,Vienna,Dubrovnik,AT,HR,631.0,2,no_country_pair_in_rail_dataset
VIE-GVA,VIE,GVA,Vienna,Geneva,AT,CH,816.9,2,no_country_pair_in_rail_dataset
VIE-HEL,VIE,HEL,Vienna,Helsinki (Vantaa),AT,FI,1460.3,2,no_country_pair_in_rail_dataset
VIE-SKP,VIE,SKP,Vienna,Ilinden,AT,MK,790.6,1,no_country_pair_in_rail_dataset
VIE-IST,VIE,IST,Vienna,Istanbul,AT,TR,1223.1,3,no_country_pair_in_rail_dataset
VIE-KLX,VIE,KLX,Vienna,Kalamata,AT,GR,1305.7,2,no_country_pair_in_rail_dataset
VIE-CFU,VIE,CFU,Vienna,Kerkyra (Corfu),AT,GR,983.1,2,no_country_pair_in_rail_dataset
VIE-KSC,VIE,KSC,Vienna,Košice,AT,SK,350.3,1,no_country_pair_in_rail_dataset
VIE-LGW,VIE,LGW,Vienna,London,AT,GB,1250.1,1,no_country_pair_in_rail_dataset
VIE-LHR,VIE,LHR,Vienna,London,AT,GB,1274.9,4,no_country_pair_in_rail_dataset
VIE-LUX,VIE,LUX,Vienna,Luxembourg,AT,LU,775.4,2,no_country_pair_in_rail_dataset
VIE-LWO,VIE,LWO,Vienna,Lviv,AT,UA,571.2,2,no_distance_compatible_rail_candidate
VIE-MAN,VIE,MAN,Vienna,"Manchester, Greater Manchester",AT,GB,1443.3,1,no_country_pair_in_rail_dataset
VIE-MSQ,VIE,MSQ,Vienna,Minsk,AT,BY,1026.0,2,no_country_pair_in_rail_dataset
VIE-MUC,VIE,MUC,Vienna,Munich,AT,DE,355.3,5,no_distance_compatible_rail_candidate
VIE-JMK,VIE,JMK,Vienna,Mykonos,AT,GR,1384.4,2,no_country_pair_in_rail_dataset
VIE-VOL,VIE,VOL,Vienna,Nea Anchialos,AT,GR,1107.3,2,no_country_pair_in_rail_dataset
VIE-NCE,VIE,NCE,Vienna,"Nice, Alpes-Maritimes",AT,FR,876.1,3,no_country_pair_in_rail_dataset
VIE-NUE,VIE,NUE,Vienna,Nuremberg,AT,DE,430.7,1,no_distance_compatible_rail_candidate
VIE-OSL,VIE,OSL,Vienna,Oslo (Gardermoen),AT,NO,1388.9,2,no_country_pair_in_rail_dataset
VIE-PMI,VIE,PMI,Vienna,Palma de Mallorca,AT,ES,1457.7,3,no_country_pair_in_rail_dataset
VIE-CDG,VIE,CDG,Vienna,"Paris (Roissy-en-France, Val-d'Oise)",AT,FR,1034.8,4,no_country_pair_in_rail_dataset
VIE-TGD,VIE,TGD,Vienna,Podgorica,AT,ME,673.0,2,no_country_pair_in_rail_dataset
VIE-PRG,VIE,PRG,Vienna,Prague,AT,CZ,277.9,1,no_country_pair_in_rail_dataset
VIE-PVK,VIE,PVK,Vienna,Preveza,AT,GR,1075.4,2,no_country_pair_in_rail_dataset
VIE-PRN,VIE,PRN,Vienna,Prishtina,AT,XK,707.5,1,no_country_pair_in_rail_dataset
VIE-RIX,VIE,RIX,Vienna,Riga,AT,LV,1098.8,2,no_country_pair_in_rail_dataset
VIE-TIA,VIE,TIA,Vienna,Rinas,AT,AL,784.8,1,no_country_pair_in_rail_dataset
VIE-RTM,VIE,RTM,Vienna,Rotterdam,AT,NL,964.7,1,no_country_pair_in_rail_dataset
VIE-SZG,VIE,SZG,Vienna,Salzburg,AT,AT,267.8,3,no_country_pair_in_rail_dataset
VIE-JTR,VIE,JTR,Vienna,Santorini Island,AT,GR,1492.0,3,no_country_pair_in_rail_dataset
VIE-SJJ,VIE,SJJ,Vienna,Sarajevo,AT,BA,495.6,1,no_country_pair_in_rail_dataset
VIE-LEJ,VIE,LEJ,Vienna,Schkeuditz,AT,DE,482.0,2,no_distance_compatible_rail_candidate
VIE-SOF,VIE,SOF,Vienna,Sofia,AT,BG,804.5,2,no_country_pair_in_rail_dataset
VIE-ATH,VIE,ATH,Vienna,Spata-Artemida,AT,GR,1278.9,2,no_country_pair_in_rail_dataset
VIE-SPU,VIE,SPU,Vienna,Split,AT,HR,508.8,2,no_country_pair_in_rail_dataset
VIE-ACH,VIE,ACH,Vienna,St. Gallen,AT,CH,527.9,1,no_country_pair_in_rail_dataset
VIE-STR,VIE,STR,Vienna,Stuttgart,AT,DE,546.0,3,no_distance_compatible_rail_candidate
VIE-SKG,VIE,SKG,Vienna,Thessaloniki,AT,GR,985.0,3,no_country_pair_in_rail_dataset
VIE-MLA,VIE,MLA,Vienna,Valletta,AT,MT,1374.4,4,no_country_pair_in_rail_dataset
VIE-VAR,VIE,VAR,Vienna,Varna,AT,BG,1027.6,1,no_country_pair_in_rail_dataset
VIE-ZAG,VIE,ZAG,Vienna,Velika Gorica,AT,HR,266.0,2,no_country_pair_in_rail_dataset
VIE-VNO,VIE,VNO,Vienna,Vilnius,AT,LT,943.2,1,no_country_pair_in_rail_dataset
VIE-WAW,VIE,WAW,Vienna,Warsaw,AT,PL,548.9,2,no_country_pair_in_rail_dataset
VIE-ZTH,VIE,ZTH,Vienna,Zakynthos,AT,GR,1203.8,2,no_country_pair_in_rail_dataset
VIE-BRU,VIE,BRU,Vienna,Zaventem,AT,BE,924.9,2,no_country_pair_in_rail_dataset
VIE-LJU,VIE,LJU,Vienna,Zgornji Brnik,AT,SI,263.6,2,no_country_pair_in_rail_dataset
VIE-ZRH,VIE,ZRH,Vienna,Zurich,AT,CH,603.4,6,no_country_pair_in_rail_dataset
TZL-MMX,TZL,MMX,Dubrave Gornje,Malmö,BA,SE,1288.6,1,no_country_pair_in_rail_dataset
BNX-ZRH,BNX,ZRH,Mahovljani,Zurich,BA,CH,728.7,1,no_country_pair_in_rail_dataset
OMO-BGY,OMO,BGY,Mostar,Orio al Serio (BG),BA,IT,697.6,1,no_country_pair_in_rail_dataset
SJJ-CPH,SJJ,CPH,Sarajevo,Copenhagen,BA,DK,1372.2,1,no_country_pair_in_rail_dataset
SJJ-IST,SJJ,IST,Sarajevo,Istanbul,BA,TR,897.2,2,no_country_pair_in_rail_dataset
SJJ-CGN,SJJ,CGN,Sarajevo,Köln (Cologne),BA,DE,1148.2,1,no_country_pair_in_rail_dataset
SJJ-MUC,SJJ,MUC,Sarajevo,Munich,BA,DE,712.5,1,no_country_pair_in_rail_dataset
SJJ-STR,SJJ,STR,Sarajevo,Stuttgart,BA,DE,884.0,1,no_country_pair_in_rail_dataset
SJJ-ZAG,SJJ,ZAG,Sarajevo,Velika Gorica,BA,HR,278.2,1,no_country_pair_in_rail_dataset
SJJ-VIE,SJJ,VIE,Sarajevo,Vienna,BA,AT,495.6,1,no_country_pair_in_rail_dataset
SJJ-LJU,SJJ,LJU,Sarajevo,Zgornji Brnik,BA,SI,404.7,1,no_country_pair_in_rail_dataset
ANR-LCY,ANR,LCY,Antwerp,London,BE,GB,308.1,2,no_country_pair_in_rail_dataset
CRL-ALC,CRL,ALC,Charleroi,Alicante,BE,ES,1411.0,1,no_country_pair_in_rail_dataset
CRL-KRK,CRL,KRK,Charleroi,Balice,BE,PL,1088.1,1,no_country_pair_in_rail_dataset
CRL-BCN,CRL,BCN,Charleroi,Barcelona,BE,ES,1035.5,1,no_country_pair_in_rail_dataset
CRL-BEG,CRL,BEG,Charleroi,Belgrade,BE,RS,1339.3,1,no_country_pair_in_rail_dataset
CRL-EGC,CRL,EGC,Charleroi,Bergerac,BE,FR,692.6,1,no_country_pair_in_rail_dataset
CRL-BIQ,CRL,BIQ,Charleroi,Biarritz,BE,FR,899.8,1,no_country_pair_in_rail_dataset
CRL-BOD,CRL,BOD,Charleroi,Bordeaux,BE,FR,736.2,1,no_country_pair_in_rail_dataset
CRL-BTS,CRL,BTS,Charleroi,Bratislava,BE,SK,957.5,1,no_country_pair_in_rail_dataset
CRL-BUD,CRL,BUD,Charleroi,Budapest,BE,HU,1130.2,2,no_country_pair_in_rail_dataset
CRL-CCF,CRL,CCF,Charleroi,Carcassonne,BE,FR,822.1,1,no_country_pair_in_rail_dataset
CRL-CLJ,CRL,CLJ,Charleroi,Cluj-Napoca,BE,RO,1466.3,1,no_country_pair_in_rail_dataset
CRL-DUB,CRL,DUB,Charleroi,Dublin,BE,IE,804.5,1,no_country_pair_in_rail_dataset
CRL-EDI,CRL,EDI,Charleroi,Edinburgh,BE,GB,801.8,1,no_country_pair_in_rail_dataset
CRL-FSC,CRL,FSC,Charleroi,Figari,BE,FR,1058.3,1,no_country_pair_in_rail_dataset
CRL-GRO,CRL,GRO,Charleroi,Girona,BE,ES,960.4,1,no_country_pair_in_rail_dataset
CRL-IBZ,CRL,IBZ,Charleroi,Ibiza (Eivissa),BE,ES,1311.2,1,no_country_pair_in_rail_dataset
CRL-LRH,CRL,LRH,Charleroi,La Rochelle,BE,FR,633.4,1,no_country_pair_in_rail_dataset
CRL-MAD,CRL,MAD,Charleroi,Madrid,BE,ES,1271.4,1,no_country_pair_in_rail_dataset
CRL-MAN,CRL,MAN,Charleroi,"Manchester, Greater Manchester",BE,GB,562.5,1,no_country_pair_in_rail_dataset
CRL-MRS,CRL,MRS,Charleroi,"Marignane, Bouches-du-Rhône",BE,FR,783.1,1,no_country_pair_in_rail_dataset
CRL-MPL,CRL,MPL,Charleroi,Montpellier/Méditerranée,BE,FR,766.6,1,no_country_pair_in_rail_dataset
CRL-WMI,CRL,WMI,Charleroi,Nowy Dwór Mazowiecki,BE,PL,1140.9,1,no_country_pair_in_rail_dataset
CRL-NYO,CRL,NYO,Charleroi,Nyköping,BE,SE,1220.8,1,no_country_pair_in_rail_dataset
CRL-FNI,CRL,FNI,Charleroi,Nîmes/Garons,BE,FR,745.5,1,no_country_pair_in_rail_dataset
CRL-PMI,CRL,PMI,Charleroi,Palma de Mallorca,BE,ES,1220.6,1,no_country_pair_in_rail_dataset
CRL-PGF,CRL,PGF,Charleroi,Perpignan/Rivesaltes,BE,FR,867.1,1,no_country_pair_in_rail_dataset
CRL-TGD,CRL,TGD,Charleroi,Podgorica,BE,ME,1443.9,1,no_country_pair_in_rail_dataset
CRL-OPO,CRL,OPO,Charleroi,Porto,BE,PT,1440.0,1,no_country_pair_in_rail_dataset
CRL-PUY,CRL,PUY,Charleroi,Pula,BE,HR,939.6,1,no_country_pair_in_rail_dataset
CRL-REU,CRL,REU,Charleroi,Reus,BE,ES,1066.4,1,no_country_pair_in_rail_dataset
CRL-RDZ,CRL,RDZ,Charleroi,Rodez/Marcillac,BE,FR,689.3,1,no_country_pair_in_rail_dataset
CRL-SDR,CRL,SDR,Charleroi,Santander,BE,ES,1002.2,1,no_country_pair_in_rail_dataset
CRL-VLC,CRL,VLC,Charleroi,Valencia,BE,ES,1279.8,1,no_country_pair_in_rail_dataset
CRL-VNO,CRL,VNO,Charleroi,Vilnius,BE,LT,1476.2,1,no_country_pair_in_rail_dataset
CRL-WAW,CRL,WAW,Charleroi,Warsaw,BE,PL,1160.2,1,no_country_pair_in_rail_dataset
CRL-ZAD,CRL,ZAD,Charleroi,Zadar,BE,HR,1082.6,1,no_country_pair_in_rail_dataset
CRL-ZAZ,CRL,ZAZ,Charleroi,Zaragoza,BE,ES,1065.4,1,no_country_pair_in_rail_dataset
CRL-LJU,CRL,LJU,Charleroi,Zgornji Brnik,BE,SI,875.3,1,no_country_pair_in_rail_dataset
LGG-AJA,LGG,AJA,Grâce-Hollogne,Ajaccio,BE,FR,1002.6,2,no_country_pair_in_rail_dataset
LGG-BIA,LGG,BIA,Grâce-Hollogne,Bastia,BE,FR,950.2,2,no_country_pair_in_rail_dataset
LGG-PMI,LGG,PMI,Grâce-Hollogne,Palma de Mallorca,BE,ES,1250.7,1,no_country_pair_in_rail_dataset
BRU-ALC,BRU,ALC,Zaventem,Alicante,BE,ES,1458.0,4,no_country_pair_in_rail_dataset
BRU-BCN,BRU,BCN,Zaventem,Barcelona,BE,ES,1083.8,5,no_country_pair_in_rail_dataset
BRU-BIA,BRU,BIA,Zaventem,Bastia,BE,FR,1002.9,1,no_country_pair_in_rail_dataset
BRU-BEG,BRU,BEG,Zaventem,Belgrade,BE,RS,1356.6,1,no_country_pair_in_rail_dataset
BRU-BIO,BRU,BIO,Zaventem,Bilbao,BE,ES,1012.5,2,no_country_pair_in_rail_dataset
BRU-BLL,BRU,BLL,Zaventem,Billund,BE,DK,620.8,1,no_country_pair_in_rail_dataset
BRU-BHX,BRU,BHX,Zaventem,"Birmingham, West Midlands",BE,GB,462.9,2,no_country_pair_in_rail_dataset
BRU-BOD,BRU,BOD,Zaventem,Bordeaux,BE,FR,778.3,1,no_country_pair_in_rail_dataset
BRU-BRS,BRU,BRS,Zaventem,Bristol,BE,GB,505.0,1,no_country_pair_in_rail_dataset
BRU-BUD,BRU,BUD,Zaventem,Budapest,BE,HU,1139.3,1,no_country_pair_in_rail_dataset
BRU-BSL,BRU,BSL,Zaventem,Bâle / Mulhouse,BE,FR,428.0,3,no_country_pair_in_rail_dataset
BRU-LYS,BRU,LYS,Zaventem,"Colombier-Saugnieu, Rhône",BE,FR,577.2,4,no_country_pair_in_rail_dataset
BRU-CPH,BRU,CPH,Zaventem,Copenhagen,BE,DK,754.4,4,no_country_pair_in_rail_dataset
BRU-ORK,BRU,ORK,Zaventem,Cork,BE,IE,905.5,1,no_country_pair_in_rail_dataset
BRU-DUB,BRU,DUB,Zaventem,Dublin,BE,IE,784.0,1,no_country_pair_in_rail_dataset
BRU-DBV,BRU,DBV,Zaventem,Dubrovnik,BE,HR,1397.0,1,no_country_pair_in_rail_dataset
BRU-EDI,BRU,EDI,Zaventem,Edinburgh,BE,GB,764.7,1,no_country_pair_in_rail_dataset
BRU-FRA,BRU,FRA,Zaventem,Frankfurt am Main,BE,DE,304.3,3,no_country_pair_in_rail_dataset
BRU-GDN,BRU,GDN,Zaventem,Gdańsk,BE,PL,1017.4,1,no_country_pair_in_rail_dataset
BRU-GVA,BRU,GVA,Zaventem,Geneva,BE,CH,532.1,4,no_country_pair_in_rail_dataset
BRU-GOT,BRU,GOT,Zaventem,Göteborg,BE,SE,905.0,3,no_country_pair_in_rail_dataset
BRU-HAM,BRU,HAM,Zaventem,Hamburg,BE,DE,481.8,2,no_country_pair_in_rail_dataset
BRU-HAJ,BRU,HAJ,Zaventem,Hannover,BE,DE,398.2,3,no_country_pair_in_rail_dataset
BRU-IBZ,BRU,IBZ,Zaventem,Ibiza (Eivissa),BE,ES,1359.5,3,no_country_pair_in_rail_dataset
BRU-LGW,BRU,LGW,Zaventem,London,BE,GB,327.7,1,no_country_pair_in_rail_dataset
BRU-LHR,BRU,LHR,Zaventem,London,BE,GB,350.3,3,no_country_pair_in_rail_dataset
BRU-MAD,BRU,MAD,Zaventem,Madrid,BE,ES,1313.8,5,no_country_pair_in_rail_dataset
BRU-MAH,BRU,MAH,Zaventem,Mahón (Maó),BE,ES,1227.6,1,no_country_pair_in_rail_dataset
BRU-MAN,BRU,MAN,Zaventem,"Manchester, Greater Manchester",BE,GB,535.7,2,no_country_pair_in_rail_dataset
BRU-MRS,BRU,MRS,Zaventem,"Marignane, Bouches-du-Rhône",BE,FR,831.7,1,no_country_pair_in_rail_dataset
BRU-MUC,BRU,MUC,Zaventem,Munich,BE,DE,597.0,2,no_country_pair_in_rail_dataset
BRU-NTE,BRU,NTE,Zaventem,Nantes,BE,FR,608.9,2,no_country_pair_in_rail_dataset
BRU-NCL,BRU,NCL,Zaventem,"Newcastle upon Tyne, Tyne and Wear",BE,GB,618.0,2,no_country_pair_in_rail_dataset
BRU-NCE,BRU,NCE,Zaventem,"Nice, Alpes-Maritimes",BE,FR,831.2,2,no_country_pair_in_rail_dataset
BRU-EMA,BRU,EMA,Zaventem,"Nottingham, Leicestershire",BE,GB,452.9,1,no_country_pair_in_rail_dataset
BRU-OSL,BRU,OSL,Zaventem,Oslo (Gardermoen),BE,NO,1112.6,2,no_country_pair_in_rail_dataset
BRU-PMI,BRU,PMI,Zaventem,Palma de Mallorca,BE,ES,1269.3,4,no_country_pair_in_rail_dataset
BRU-CDG,BRU,CDG,Zaventem,"Paris (Roissy-en-France, Val-d'Oise)",BE,FR,251.7,2,no_country_pair_in_rail_dataset
BRU-OPO,BRU,OPO,Zaventem,Porto,BE,PT,1473.4,5,no_country_pair_in_rail_dataset
BRU-REU,BRU,REU,Zaventem,Reus,BE,ES,1114.1,1,no_country_pair_in_rail_dataset
BRU-RIX,BRU,RIX,Zaventem,Riga,BE,LV,1434.1,2,no_country_pair_in_rail_dataset
BRU-SCQ,BRU,SCQ,Zaventem,Santiago de Compostela,BE,ES,1320.5,2,no_country_pair_in_rail_dataset
BRU-ARN,BRU,ARN,Zaventem,Stockholm,BE,SE,1287.9,1,no_country_pair_in_rail_dataset
BRU-BMA,BRU,BMA,Zaventem,Stockholm,BE,SE,1266.3,2,no_country_pair_in_rail_dataset
BRU-SXB,BRU,SXB,Zaventem,Strasbourg,BE,FR,346.5,2,no_country_pair_in_rail_dataset
BRU-STR,BRU,STR,Zaventem,Stuttgart,BE,DE,419.5,1,no_country_pair_in_rail_dataset
BRU-LDE,BRU,LDE,Zaventem,Tarbes/Lourdes/Pyrénées,BE,FR,923.3,1,no_country_pair_in_rail_dataset
BRU-TIV,BRU,TIV,Zaventem,Tivat,BE,ME,1435.6,1,no_country_pair_in_rail_dataset
BRU-TLS,BRU,TLS,Zaventem,Toulouse/Blagnac,BE,FR,842.0,2,no_country_pair_in_rail_dataset
BRU-VLC,BRU,VLC,Zaventem,Valencia,BE,ES,1326.5,3,no_country_pair_in_rail_dataset
BRU-ZAG,BRU,ZAG,Zaventem,Velika Gorica,BE,HR,1029.0,2,no_country_pair_in_rail_dataset
BRU-VIE,BRU,VIE,Zaventem,Vienna,BE,AT,924.9,2,no_country_pair_in_rail_dataset
BRU-VNO,BRU,VNO,Zaventem,Vilnius,BE,LT,1453.6,4,no_country_pair_in_rail_dataset
BRU-WAW,BRU,WAW,Zaventem,Warsaw,BE,PL,1146.2,1,no_country_pair_in_rail_dataset
BRU-WRO,BRU,WRO,Zaventem,Wrocław,BE,PL,866.8,1,no_country_pair_in_rail_dataset
BRU-LJU,BRU,LJU,Zaventem,Zgornji Brnik,BE,SI,898.3,2,no_country_pair_in_rail_dataset
BRU-ZRH,BRU,ZRH,Zaventem,Zurich,BE,CH,483.4,2,no_country_pair_in_rail_dataset
SOF-BEG,SOF,BEG,Sofia,Belgrade,BG,RS,343.5,1,no_country_pair_in_rail_dataset
SOF-BLQ,SOF,BLQ,Sofia,Bologna,BG,IT,996.6,1,no_country_pair_in_rail_dataset
SOF-MXP,SOF,MXP,Sofia,Ferno (VA),BG,IT,1214.3,2,no_country_pair_in_rail_dataset
SOF-FRA,SOF,FRA,Sofia,Frankfurt am Main,BG,DE,1397.5,3,no_country_pair_in_rail_dataset
SOF-HHN,SOF,HHN,Sofia,Frankfurt am Main (Lautzenhausen),BG,DE,1474.8,1,no_country_pair_in_rail_dataset
SOF-MUC,SOF,MUC,Sofia,Munich,BG,DE,1101.2,1,no_country_pair_in_rail_dataset
SOF-BGY,SOF,BGY,Sofia,Orio al Serio (BG),BG,IT,1140.4,1,no_country_pair_in_rail_dataset
SOF-OTP,SOF,OTP,Sofia,Otopeni,BG,RO,300.3,3,no_country_pair_in_rail_dataset
SOF-PRG,SOF,PRG,Sofia,Prague,BG,CZ,1080.5,2,no_country_pair_in_rail_dataset
SOF-FCO,SOF,FCO,Sofia,Rome,BG,IT,923.7,3,no_country_pair_in_rail_dataset
SOF-ATH,SOF,ATH,Sofia,Spata-Artemida,BG,GR,531.2,4,no_country_pair_in_rail_dataset
SOF-VIE,SOF,VIE,Sofia,Vienna,BG,AT,804.5,2,no_country_pair_in_rail_dataset
SOF-WAW,SOF,WAW,Sofia,Warsaw,BG,PL,1068.8,2,no_country_pair_in_rail_dataset
SOF-ZRH,SOF,ZRH,Sofia,Zurich,BG,CH,1279.3,1,no_country_pair_in_rail_dataset
VAR-BEG,VAR,BEG,Varna,Belgrade,BG,RS,626.0,1,no_country_pair_in_rail_dataset
VAR-VIE,VAR,VIE,Varna,Vienna,BG,AT,1027.6,1,no_country_pair_in_rail_dataset
MSQ-BUD,MSQ,BUD,Minsk,Budapest,BY,HU,946.5,1,no_country_pair_in_rail_dataset
MSQ-FRA,MSQ,FRA,Minsk,Frankfurt am Main,BY,DE,1397.1,2,no_country_pair_in_rail_dataset
MSQ-HAJ,MSQ,HAJ,Minsk,Hannover,BY,DE,1230.0,1,no_country_pair_in_rail_dataset
MSQ-HEL,MSQ,HEL,Minsk,Helsinki (Vantaa),BY,FI,738.6,2,no_country_pair_in_rail_dataset
MSQ-IST,MSQ,IST,Minsk,Istanbul,BY,TR,1403.5,2,no_country_pair_in_rail_dataset
MSQ-KGD,MSQ,KGD,Minsk,Kaliningrad,BY,RU,494.3,1,no_country_pair_in_rail_dataset
MSQ-KRR,MSQ,KRR,Minsk,Krasnodar,BY,RU,1268.5,1,no_country_pair_in_rail_dataset
MSQ-DME,MSQ,DME,Minsk,Moscow,BY,RU,656.3,3,no_country_pair_in_rail_dataset
MSQ-SVO,MSQ,SVO,Minsk,Moscow,BY,RU,641.5,1,no_country_pair_in_rail_dataset
MSQ-PRG,MSQ,PRG,Minsk,Prague,BY,CZ,1031.0,2,no_country_pair_in_rail_dataset
MSQ-RIX,MSQ,RIX,Minsk,Riga,BY,LV,423.8,2,no_country_pair_in_rail_dataset
MSQ-KUF,MSQ,KUF,Minsk,Samara,BY,RU,1451.2,1,no_country_pair_in_rail_dataset
MSQ-AER,MSQ,AER,Minsk,Sochi,BY,RU,1449.5,1,no_country_pair_in_rail_dataset
MSQ-LED,MSQ,LED,Minsk,St. Petersburg,BY,RU,671.1,3,no_country_pair_in_rail_dataset
MSQ-ARN,MSQ,ARN,Minsk,Stockholm,BY,SE,886.9,1,no_country_pair_in_rail_dataset
MSQ-VIE,MSQ,VIE,Minsk,Vienna,BY,AT,1026.0,2,no_country_pair_in_rail_dataset
MSQ-WAW,MSQ,WAW,Minsk,Warsaw,BY,PL,510.0,2,no_country_pair_in_rail_dataset
BRN-BCN,BRN,BCN,Bern,Barcelona,CH,ES,759.3,1,no_country_pair_in_rail_dataset
BRN-EBA,BRN,EBA,Bern,Campo nell'Elba (LI),CH,IT,509.7,1,no_country_pair_in_rail_dataset
BRN-IBZ,BRN,IBZ,Bern,Ibiza (Eivissa),CH,ES,1023.1,1,no_country_pair_in_rail_dataset
BRN-CGN,BRN,CGN,Bern,Köln (Cologne),CH,DE,440.3,1,no_distance_compatible_rail_candidate
BRN-LCY,BRN,LCY,Bern,London,CH,GB,743.1,1,no_country_pair_in_rail_dataset
BRN-MUC,BRN,MUC,Bern,Munich,CH,DE,358.9,1,no_distance_compatible_rail_candidate
BRN-OLB,BRN,OLB,Bern,Olbia (SS),CH,IT,687.9,1,no_country_pair_in_rail_dataset
BRN-PMI,BRN,PMI,Bern,Palma de Mallorca,CH,ES,904.4,1,no_country_pair_in_rail_dataset
BRN-VIE,BRN,VIE,Bern,Vienna,CH,AT,693.7,1,no_country_pair_in_rail_dataset
GVA-AJA,GVA,AJA,Geneva,Ajaccio,CH,FR,525.7,1,no_country_pair_in_rail_dataset
GVA-ALC,GVA,ALC,Geneva,Alicante,CH,ES,1040.1,1,no_country_pair_in_rail_dataset
GVA-BCN,GVA,BCN,Geneva,Barcelona,CH,ES,637.4,2,no_country_pair_in_rail_dataset
GVA-BIA,GVA,BIA,Geneva,Bastia,CH,FR,489.6,1,no_country_pair_in_rail_dataset
GVA-BEG,GVA,BEG,Geneva,Belgrade,CH,RS,1115.8,3,no_country_pair_in_rail_dataset
GVA-BIQ,GVA,BIQ,Geneva,Biarritz,CH,FR,675.5,2,no_country_pair_in_rail_dataset
GVA-BIO,GVA,BIO,Geneva,Bilbao,CH,ES,782.7,1,no_country_pair_in_rail_dataset
GVA-BOD,GVA,BOD,Geneva,Bordeaux,CH,FR,554.0,2,no_country_pair_in_rail_dataset
GVA-BDS,GVA,BDS,Geneva,Brindisi,CH,IT,1137.6,1,no_country_pair_in_rail_dataset
GVA-BRS,GVA,BRS,Geneva,Bristol,CH,GB,862.0,1,no_country_pair_in_rail_dataset
GVA-CAG,GVA,CAG,Geneva,Cagliari,CH,IT,813.1,1,no_country_pair_in_rail_dataset
GVA-CTA,GVA,CTA,Geneva,Catania,CH,IT,1223.7,2,no_country_pair_in_rail_dataset
GVA-CPH,GVA,CPH,Geneva,Copenhagen,CH,DK,1138.3,4,no_country_pair_in_rail_dataset
GVA-DUB,GVA,DUB,Geneva,Dublin,CH,IE,1191.4,1,no_country_pair_in_rail_dataset
GVA-EDI,GVA,EDI,Geneva,Edinburgh,CH,GB,1264.2,1,no_country_pair_in_rail_dataset
GVA-FLR,GVA,FLR,Geneva,Firenze (FI),CH,IT,482.8,2,no_country_pair_in_rail_dataset
GVA-FRA,GVA,FRA,Geneva,Frankfurt am Main,CH,DE,458.8,4,no_distance_compatible_rail_candidate
GVA-IBZ,GVA,IBZ,Geneva,Ibiza (Eivissa),CH,ES,905.8,1,no_country_pair_in_rail_dataset
GVA-LIL,GVA,LIL,Geneva,Lesquin,CH,FR,529.9,1,no_country_pair_in_rail_dataset
GVA-LIS,GVA,LIS,Geneva,Lisbon,CH,PT,1495.7,5,no_country_pair_in_rail_dataset
GVA-LPL,GVA,LPL,Geneva,Liverpool,CH,GB,1016.4,1,no_country_pair_in_rail_dataset
GVA-LCY,GVA,LCY,Geneva,London,CH,GB,733.7,1,no_country_pair_in_rail_dataset
GVA-LGW,GVA,LGW,Geneva,London,CH,GB,714.7,1,no_country_pair_in_rail_dataset
GVA-LHR,GVA,LHR,Geneva,London,CH,GB,754.0,3,no_country_pair_in_rail_dataset
GVA-LTN,GVA,LTN,Geneva,"Luton, Luton",CH,GB,783.9,1,no_country_pair_in_rail_dataset
GVA-LUX,GVA,LUX,Geneva,Luxembourg,CH,LU,376.9,1,no_country_pair_in_rail_dataset
GVA-MAD,GVA,MAD,Geneva,Madrid,CH,ES,1008.9,4,no_country_pair_in_rail_dataset
GVA-MAN,GVA,MAN,Geneva,"Manchester, Greater Manchester",CH,GB,992.5,1,no_country_pair_in_rail_dataset
GVA-MRS,GVA,MRS,Geneva,"Marignane, Bouches-du-Rhône",CH,FR,319.3,1,no_country_pair_in_rail_dataset
GVA-MUC,GVA,MUC,Geneva,Munich,CH,DE,488.3,2,no_distance_compatible_rail_candidate
GVA-AGP,GVA,AGP,Geneva,Málaga,CH,ES,1380.3,2,no_country_pair_in_rail_dataset
GVA-NTE,GVA,NTE,Geneva,Nantes,CH,FR,597.2,1,no_country_pair_in_rail_dataset
GVA-NAP,GVA,NAP,Geneva,Napoli,CH,IT,887.3,1,no_country_pair_in_rail_dataset
GVA-NCE,GVA,NCE,Geneva,"Nice, Alpes-Maritimes",CH,FR,299.8,2,no_country_pair_in_rail_dataset
GVA-OLB,GVA,OLB,Geneva,Olbia (SS),CH,IT,654.0,2,no_country_pair_in_rail_dataset
GVA-PMI,GVA,PMI,Geneva,Palma de Mallorca,CH,ES,792.4,2,no_country_pair_in_rail_dataset
GVA-ORY,GVA,ORY,Geneva,"Paris (Orly, Val-de-Marne)",CH,FR,395.1,1,no_country_pair_in_rail_dataset
GVA-CDG,GVA,CDG,Geneva,"Paris (Roissy-en-France, Val-d'Oise)",CH,FR,407.2,2,no_country_pair_in_rail_dataset
GVA-OPO,GVA,OPO,Geneva,Porto,CH,PT,1308.6,5,no_country_pair_in_rail_dataset
GVA-PRN,GVA,PRN,Geneva,Prishtina,CH,XK,1251.6,2,no_country_pair_in_rail_dataset
GVA-FCO,GVA,FCO,Geneva,Rome,CH,IT,695.5,4,no_country_pair_in_rail_dataset
GVA-SCQ,GVA,SCQ,Geneva,Santiago de Compostela,CH,ES,1207.0,1,no_country_pair_in_rail_dataset
GVA-SVQ,GVA,SVQ,Geneva,Seville,CH,ES,1393.8,1,no_country_pair_in_rail_dataset
GVA-SEN,GVA,SEN,Geneva,"Southend-on-Sea, Essex",CH,GB,712.5,1,no_country_pair_in_rail_dataset
GVA-JER,GVA,JER,Geneva,St. Peter,CH,JE,703.0,1,no_country_pair_in_rail_dataset
GVA-STR,GVA,STR,Geneva,Stuttgart,CH,DE,359.2,1,no_distance_compatible_rail_candidate
GVA-TLS,GVA,TLS,Geneva,Toulouse/Blagnac,CH,FR,472.8,2,no_country_pair_in_rail_dataset
GVA-VLC,GVA,VLC,Geneva,Valencia,CH,ES,922.1,1,no_country_pair_in_rail_dataset
GVA-MLA,GVA,MLA,Geneva,Valletta,CH,MT,1350.8,1,no_country_pair_in_rail_dataset
GVA-VCE,GVA,VCE,Geneva,Venezia (VE),CH,IT,490.0,1,no_country_pair_in_rail_dataset
GVA-VIE,GVA,VIE,Geneva,Vienna,CH,AT,816.9,2,no_country_pair_in_rail_dataset
GVA-WAW,GVA,WAW,Geneva,Warsaw,CH,PL,1261.3,2,no_country_pair_in_rail_dataset
GVA-BRU,GVA,BRU,Geneva,Zaventem,CH,BE,532.1,4,no_country_pair_in_rail_dataset
ACH-EBA,ACH,EBA,St. Gallen,Campo nell'Elba (LI),CH,IT,528.0,1,no_country_pair_in_rail_dataset
ACH-VIE,ACH,VIE,St. Gallen,Vienna,CH,AT,527.9,1,no_country_pair_in_rail_dataset
ZRH-ALC,ZRH,ALC,Zurich,Alicante,CH,ES,1259.8,1,no_country_pair_in_rail_dataset
ZRH-KRK,ZRH,KRK,Zurich,Balice,CH,PL,872.5,1,no_country_pair_in_rail_dataset
ZRH-BCN,ZRH,BCN,Zurich,Barcelona,CH,ES,855.9,3,no_country_pair_in_rail_dataset
ZRH-BEG,ZRH,BEG,Zurich,Belgrade,CH,RS,951.4,2,no_country_pair_in_rail_dataset
ZRH-BLL,ZRH,BLL,Zurich,Billund,CH,DK,921.9,1,no_country_pair_in_rail_dataset
ZRH-BHX,ZRH,BHX,Zurich,"Birmingham, West Midlands",CH,GB,921.1,1,no_country_pair_in_rail_dataset
ZRH-BOD,ZRH,BOD,Zurich,Bordeaux,CH,FR,770.6,1,no_country_pair_in_rail_dataset
ZRH-BDS,ZRH,BDS,Zurich,Brindisi,CH,IT,1064.3,3,no_country_pair_in_rail_dataset
ZRH-BRS,ZRH,BRS,Zurich,Bristol,CH,GB,922.9,1,no_country_pair_in_rail_dataset
ZRH-EBA,ZRH,EBA,Zurich,Campo nell'Elba (LI),CH,IT,538.9,1,no_country_pair_in_rail_dataset
ZRH-TRN,ZRH,TRN,Zurich,Caselle Torinese (TO),CH,IT,260.3,1,no_country_pair_in_rail_dataset
ZRH-CTA,ZRH,CTA,Zurich,Catania,CH,IT,1231.9,3,no_country_pair_in_rail_dataset
ZRH-LYS,ZRH,LYS,Zurich,"Colombier-Saugnieu, Rhône",CH,FR,326.9,1,no_country_pair_in_rail_dataset
ZRH-CPH,ZRH,CPH,Zurich,Copenhagen,CH,DK,950.4,2,no_country_pair_in_rail_dataset
ZRH-DUB,ZRH,DUB,Zurich,Dublin,CH,IE,1237.6,2,no_country_pair_in_rail_dataset
ZRH-DUS,ZRH,DUS,Zurich,Düsseldorf,CH,DE,445.1,3,no_distance_compatible_rail_candidate
ZRH-GRZ,ZRH,GRZ,Zurich,Feldkirchen bei Graz,CH,AT,522.8,1,no_country_pair_in_rail_dataset
ZRH-FLR,ZRH,FLR,Zurich,Firenze (FI),CH,IT,455.2,2,no_country_pair_in_rail_dataset
ZRH-FRA,ZRH,FRA,Zurich,Frankfurt am Main,CH,DE,285.6,3,no_distance_compatible_rail_candidate
ZRH-GDN,ZRH,GDN,Zurich,Gdańsk,CH,PL,1035.1,1,no_country_pair_in_rail_dataset
ZRH-IBZ,ZRH,IBZ,Zurich,Ibiza (Eivissa),CH,ES,1116.9,1,no_country_pair_in_rail_dataset
ZRH-SKP,ZRH,SKP,Zurich,Ilinden,CH,MK,1198.4,2,no_country_pair_in_rail_dataset
ZRH-CGN,ZRH,CGN,Zurich,Köln (Cologne),CH,DE,392.5,2,no_distance_compatible_rail_candidate
ZRH-SUF,ZRH,SUF,Zurich,Lamezia Terme (CZ),CH,IT,1136.2,2,no_country_pair_in_rail_dataset
ZRH-LCY,ZRH,LCY,Zurich,London,CH,GB,760.1,3,no_country_pair_in_rail_dataset
ZRH-LGW,ZRH,LGW,Zurich,London,CH,GB,753.8,1,no_country_pair_in_rail_dataset
ZRH-LHR,ZRH,LHR,Zurich,London,CH,GB,788.3,4,no_country_pair_in_rail_dataset
ZRH-LTN,ZRH,LTN,Zurich,"Luton, Luton",CH,GB,807.1,1,no_country_pair_in_rail_dataset
ZRH-LUX,ZRH,LUX,Zurich,Luxembourg,CH,LU,296.2,1,no_country_pair_in_rail_dataset
ZRH-MAD,ZRH,MAD,Zurich,Madrid,CH,ES,1238.7,3,no_country_pair_in_rail_dataset
ZRH-BNX,ZRH,BNX,Zurich,Mahovljani,CH,BA,728.7,1,no_country_pair_in_rail_dataset
ZRH-MAN,ZRH,MAN,Zurich,"Manchester, Greater Manchester",CH,GB,1007.1,1,no_country_pair_in_rail_dataset
ZRH-MUC,ZRH,MUC,Zurich,Munich,CH,DE,261.1,2,no_distance_compatible_rail_candidate
ZRH-NAP,ZRH,NAP,Zurich,Napoli,CH,IT,861.9,2,no_country_pair_in_rail_dataset
ZRH-NCE,ZRH,NCE,Zurich,"Nice, Alpes-Maritimes",CH,FR,435.0,1,no_country_pair_in_rail_dataset
ZRH-NUE,ZRH,NUE,Zurich,Nuremberg,CH,DE,293.7,2,no_distance_compatible_rail_candidate
ZRH-OLB,ZRH,OLB,Zurich,Olbia (SS),CH,IT,733.4,2,no_country_pair_in_rail_dataset
ZRH-OSL,ZRH,OSL,Zurich,Oslo (Gardermoen),CH,NO,1425.8,2,no_country_pair_in_rail_dataset
ZRH-OTP,ZRH,OTP,Zurich,Otopeni,CH,RO,1389.8,1,no_country_pair_in_rail_dataset
ZRH-PMI,ZRH,PMI,Zurich,Palma de Mallorca,CH,ES,995.5,2,no_country_pair_in_rail_dataset
ZRH-CDG,ZRH,CDG,Zurich,"Paris (Roissy-en-France, Val-d'Oise)",CH,FR,476.1,2,no_country_pair_in_rail_dataset
ZRH-TGD,ZRH,TGD,Zurich,Podgorica,CH,ME,1014.4,1,no_country_pair_in_rail_dataset
ZRH-PRN,ZRH,PRN,Zurich,Prishtina,CH,XK,1120.0,2,no_country_pair_in_rail_dataset
ZRH-RIX,ZRH,RIX,Zurich,Riga,CH,LV,1481.0,1,no_country_pair_in_rail_dataset
ZRH-FCO,ZRH,FCO,Zurich,Rome,CH,IT,693.4,3,no_country_pair_in_rail_dataset
ZRH-SZG,ZRH,SZG,Zurich,Salzburg,CH,AT,336.0,1,no_country_pair_in_rail_dataset
ZRH-SOF,ZRH,SOF,Zurich,Sofia,CH,BG,1279.3,1,no_country_pair_in_rail_dataset
ZRH-JER,ZRH,JER,Zurich,St. Peter,CH,JE,816.9,1,no_country_pair_in_rail_dataset
ZRH-ARN,ZRH,ARN,Zurich,Stockholm,CH,SE,1487.1,2,no_country_pair_in_rail_dataset
ZRH-VLC,ZRH,VLC,Zurich,Valencia,CH,ES,1145.6,1,no_country_pair_in_rail_dataset
ZRH-MLA,ZRH,MLA,Zurich,Valletta,CH,MT,1381.4,2,no_country_pair_in_rail_dataset
ZRH-VCE,ZRH,VCE,Zurich,Venezia (VE),CH,IT,363.2,1,no_country_pair_in_rail_dataset
ZRH-VIE,ZRH,VIE,Zurich,Vienna,CH,AT,603.4,5,no_country_pair_in_rail_dataset
ZRH-WAW,ZRH,WAW,Zurich,Warsaw,CH,PL,1031.5,2,no_country_pair_in_rail_dataset
ZRH-WRO,ZRH,WRO,Zurich,Wrocław,CH,PL,727.2,1,no_country_pair_in_rail_dataset
ZRH-BRU,ZRH,BRU,Zurich,Zaventem,CH,BE,483.4,2,no_country_pair_in_rail_dataset
ZRH-LJU,ZRH,LJU,Zurich,Zgornji Brnik,CH,SI,469.8,2,no_country_pair_in_rail_dataset
BRQ-STN,BRQ,STN,Brno,"London, Essex",CZ,GB,1199.8,1,no_country_pair_in_rail_dataset
OSR-STN,OSR,STN,Mošnov,"London, Essex",CZ,GB,1276.5,1,no_country_pair_in_rail_dataset
OSR-CDG,OSR,CDG,Mošnov,"Paris (Roissy-en-France, Val-d'Oise)",CZ,FR,1127.4,1,no_country_pair_in_rail_dataset
OSR-PRG,OSR,PRG,Mošnov,Prague,CZ,CZ,279.5,2,no_country_pair_in_rail_dataset
PED-LED,PED,LED,Pardubice,St. Petersburg,CZ,RU,1424.0,1,no_country_pair_in_rail_dataset
PRG-AMS,PRG,AMS,Prague,Amsterdam,CZ,NL,705.0,4,no_country_pair_in_rail_dataset
PRG-BCN,PRG,BCN,Prague,Barcelona,CZ,ES,1358.0,5,no_country_pair_in_rail_dataset
PRG-BRI,PRG,BRI,Prague,Bari,CZ,IT,1015.2,1,no_country_pair_in_rail_dataset
PRG-BEG,PRG,BEG,Prague,Belgrade,CZ,RS,742.3,1,no_country_pair_in_rail_dataset
PRG-BGO,PRG,BGO,Prague,Bergen,CZ,NO,1267.7,1,no_country_pair_in_rail_dataset
PRG-BTS,PRG,BTS,Prague,Bratislava,CZ,SK,303.7,2,no_distance_compatible_rail_candidate
PRG-BRS,PRG,BRS,Prague,Bristol,CZ,GB,1200.3,1,no_country_pair_in_rail_dataset
PRG-BSL,PRG,BSL,Prague,Bâle / Mulhouse,CZ,FR,565.7,1,no_country_pair_in_rail_dataset
PRG-CLJ,PRG,CLJ,Prague,Cluj-Napoca,CZ,RO,786.1,2,no_country_pair_in_rail_dataset
PRG-LYS,PRG,LYS,Prague,"Colombier-Saugnieu, Rhône",CZ,FR,837.9,2,no_country_pair_in_rail_dataset
PRG-CPH,PRG,CPH,Prague,Copenhagen,CZ,DK,622.8,4,no_country_pair_in_rail_dataset
PRG-DUB,PRG,DUB,Prague,Dublin,CZ,IE,1454.3,2,no_country_pair_in_rail_dataset
PRG-DUS,PRG,DUS,Prague,Düsseldorf,CZ,DE,543.8,3,no_country_pair_in_rail_dataset
PRG-EDI,PRG,EDI,Prague,Edinburgh,CZ,GB,1341.3,2,no_country_pair_in_rail_dataset
PRG-MXP,PRG,MXP,Prague,Ferno (VA),CZ,IT,645.7,3,no_country_pair_in_rail_dataset
PRG-FRA,PRG,FRA,Prague,Frankfurt am Main,CZ,DE,407.0,4,no_country_pair_in_rail_dataset
PRG-HAM,PRG,HAM,Prague,Hamburg,CZ,DE,489.8,3,no_country_pair_in_rail_dataset
PRG-HEL,PRG,HEL,Prague,Helsinki (Vantaa),CZ,FI,1319.9,3,no_country_pair_in_rail_dataset
PRG-IST,PRG,IST,Prague,Istanbul,CZ,TR,1487.6,1,no_country_pair_in_rail_dataset
PRG-CGN,PRG,CGN,Prague,Köln (Cologne),CZ,DE,510.5,1,no_country_pair_in_rail_dataset
PRG-LBA,PRG,LBA,Prague,"Leeds, West Yorkshire",CZ,GB,1164.8,1,no_country_pair_in_rail_dataset
PRG-LGW,PRG,LGW,Prague,London,CZ,GB,1024.0,1,no_country_pair_in_rail_dataset
PRG-LHR,PRG,LHR,Prague,London,CZ,GB,1044.1,2,no_country_pair_in_rail_dataset
PRG-STN,PRG,STN,Prague,"London, Essex",CZ,GB,999.8,2,no_country_pair_in_rail_dataset
PRG-LTN,PRG,LTN,Prague,"Luton, Luton",CZ,GB,1040.9,1,no_country_pair_in_rail_dataset
PRG-MAN,PRG,MAN,Prague,"Manchester, Greater Manchester",CZ,GB,1191.9,2,no_country_pair_in_rail_dataset
PRG-MRS,PRG,MRS,Prague,"Marignane, Bouches-du-Rhône",CZ,FR,1010.4,1,no_country_pair_in_rail_dataset
PRG-MSQ,PRG,MSQ,Prague,Minsk,CZ,BY,1031.0,2,no_country_pair_in_rail_dataset
PRG-OSR,PRG,OSR,Prague,Mošnov,CZ,CZ,279.5,2,no_country_pair_in_rail_dataset
PRG-MUC,PRG,MUC,Prague,Munich,CZ,DE,264.6,1,no_country_pair_in_rail_dataset
PRG-NTE,PRG,NTE,Prague,Nantes,CZ,FR,1209.0,1,no_country_pair_in_rail_dataset
PRG-NAP,PRG,NAP,Prague,Napoli,CZ,IT,1024.6,1,no_country_pair_in_rail_dataset
PRG-NCL,PRG,NCL,Prague,"Newcastle upon Tyne, Tyne and Wear",CZ,GB,1205.9,1,no_country_pair_in_rail_dataset
PRG-NCE,PRG,NCE,Prague,"Nice, Alpes-Maritimes",CZ,FR,893.5,2,no_country_pair_in_rail_dataset
PRG-EMA,PRG,EMA,Prague,"Nottingham, Leicestershire",CZ,GB,1119.1,1,no_country_pair_in_rail_dataset
PRG-BGY,PRG,BGY,Prague,Orio al Serio (BG),CZ,IT,598.1,1,no_country_pair_in_rail_dataset
PRG-OSL,PRG,OSL,Prague,Oslo (Gardermoen),CZ,NO,1139.8,2,no_country_pair_in_rail_dataset
PRG-OTP,PRG,OTP,Prague,Otopeni,CZ,RO,1081.7,3,no_country_pair_in_rail_dataset
PRG-PMI,PRG,PMI,Prague,Palma de Mallorca,CZ,ES,1480.2,2,no_country_pair_in_rail_dataset
PRG-ORY,PRG,ORY,Prague,"Paris (Orly, Val-de-Marne)",CZ,FR,873.3,1,no_country_pair_in_rail_dataset
PRG-CDG,PRG,CDG,Prague,"Paris (Roissy-en-France, Val-d'Oise)",CZ,FR,852.2,5,no_country_pair_in_rail_dataset
PRG-PSA,PRG,PSA,Prague,Pisa (PI),CZ,IT,771.4,2,no_country_pair_in_rail_dataset
PRG-RIX,PRG,RIX,Prague,Riga,CZ,LV,991.8,2,no_country_pair_in_rail_dataset
PRG-FCO,PRG,FCO,Prague,Rome,CZ,IT,935.4,7,no_country_pair_in_rail_dataset
PRG-RTM,PRG,RTM,Prague,Rotterdam,CZ,NL,716.6,1,no_country_pair_in_rail_dataset
PRG-LIN,PRG,LIN,Prague,Segrate (MI),CZ,IT,637.4,1,no_country_pair_in_rail_dataset
PRG-SOF,PRG,SOF,Prague,Sofia,CZ,BG,1080.5,2,no_country_pair_in_rail_dataset
PRG-SPU,PRG,SPU,Prague,Split,CZ,HR,745.9,1,no_country_pair_in_rail_dataset
PRG-LED,PRG,LED,Prague,St. Petersburg,CZ,RU,1478.2,2,no_country_pair_in_rail_dataset
PRG-ARN,PRG,ARN,Prague,Stockholm,CZ,SE,1086.9,5,no_country_pair_in_rail_dataset
PRG-SXB,PRG,SXB,Prague,Strasbourg,CZ,FR,510.9,2,no_country_pair_in_rail_dataset
PRG-TSF,PRG,TSF,Prague,Treviso (TV),CZ,IT,518.5,1,no_country_pair_in_rail_dataset
PRG-VCE,PRG,VCE,Prague,Venezia (VE),CZ,IT,530.5,2,no_country_pair_in_rail_dataset
PRG-VIE,PRG,VIE,Prague,Vienna,CZ,AT,277.9,1,no_country_pair_in_rail_dataset
PRG-VNO,PRG,VNO,Prague,Vilnius,CZ,LT,900.9,1,no_country_pair_in_rail_dataset
PRG-LJU,PRG,LJU,Prague,Zgornji Brnik,CZ,SI,431.4,1,no_country_pair_in_rail_dataset
BRE-AMS,BRE,AMS,Bremen,Amsterdam,DE,NL,283.5,2,no_country_pair_in_rail_dataset
BRE-CPH,BRE,CPH,Bremen,Copenhagen,DE,DK,380.1,1,no_country_pair_in_rail_dataset
BRE-DUB,BRE,DUB,Bremen,Dublin,DE,IE,1000.7,1,no_country_pair_in_rail_dataset
BRE-EDI,BRE,EDI,Bremen,Edinburgh,DE,GB,847.6,1,no_country_pair_in_rail_dataset
BRE-GRO,BRE,GRO,Bremen,Girona,DE,ES,1318.0,1,no_country_pair_in_rail_dataset
BRE-HAU,BRE,HAU,Bremen,Karmøy,DE,NO,734.3,1,no_country_pair_in_rail_dataset
BRE-STN,BRE,STN,Bremen,"London, Essex",DE,GB,593.3,1,no_country_pair_in_rail_dataset
BRE-MAN,BRE,MAN,Bremen,"Manchester, Greater Manchester",DE,GB,737.3,1,no_country_pair_in_rail_dataset
BRE-RIX,BRE,RIX,Bremen,Riga,DE,LV,1057.2,1,no_country_pair_in_rail_dataset
BRE-TLL,BRE,TLL,Bremen,Tallinn,DE,EE,1213.4,1,no_country_pair_in_rail_dataset
BRE-TMP,BRE,TMP,Bremen,Tampere / Pirkkala,DE,FI,1282.9,1,no_country_pair_in_rail_dataset
BRE-VNO,BRE,VNO,Bremen,Vilnius,DE,LT,1094.0,1,no_country_pair_in_rail_dataset
PAD-PMI,PAD,PMI,Büren,Palma de Mallorca,DE,ES,1415.8,2,no_country_pair_in_rail_dataset
KSF-PMI,KSF,PMI,Calden,Palma de Mallorca,DE,ES,1416.3,1,no_country_pair_in_rail_dataset
DTM-BCN,DTM,BCN,Dortmund,Barcelona,DE,ES,1212.3,2,no_country_pair_in_rail_dataset
DTM-BEG,DTM,BEG,Dortmund,Belgrade,DE,RS,1197.8,1,no_country_pair_in_rail_dataset
DTM-CLJ,DTM,CLJ,Dortmund,Cluj-Napoca,DE,RO,1278.4,1,no_country_pair_in_rail_dataset
DTM-GRO,DTM,GRO,Dortmund,Girona,DE,ES,1130.5,1,no_country_pair_in_rail_dataset
DTM-STN,DTM,STN,Dortmund,"London, Essex",DE,GB,509.8,1,no_country_pair_in_rail_dataset
DTM-LTN,DTM,LTN,Dortmund,"Luton, Luton",DE,GB,551.2,1,no_country_pair_in_rail_dataset
DTM-LWO,DTM,LWO,Dortmund,Lviv,DE,UA,1164.9,1,no_country_pair_in_rail_dataset
DTM-PMI,DTM,PMI,Dortmund,Palma de Mallorca,DE,ES,1382.9,3,no_country_pair_in_rail_dataset
DTM-TSR,DTM,TSR,Dortmund,Timişoara,DE,RO,1188.4,1,no_country_pair_in_rail_dataset
DTM-VNO,DTM,VNO,Dortmund,Vilnius,DE,LT,1226.6,1,no_country_pair_in_rail_dataset
DRS-BCN,DRS,BCN,Dresden,Barcelona,DE,ES,1412.6,2,no_country_pair_in_rail_dataset
DRS-CFU,DRS,CFU,Dresden,Kerkyra (Corfu),DE,GR,1368.1,1,no_country_pair_in_rail_dataset
DRS-LCY,DRS,LCY,Dresden,London,DE,GB,952.4,2,no_country_pair_in_rail_dataset
DUS-BCN,DUS,BCN,Düsseldorf,Barcelona,DE,ES,1167.4,4,no_country_pair_in_rail_dataset
DUS-BEG,DUS,BEG,Düsseldorf,Belgrade,DE,RS,1234.2,2,no_country_pair_in_rail_dataset
DUS-BIO,DUS,BIO,Düsseldorf,Bilbao,DE,ES,1147.6,1,no_country_pair_in_rail_dataset
DUS-BLL,DUS,BLL,Düsseldorf,Billund,DE,DK,519.4,1,no_country_pair_in_rail_dataset
DUS-BHX,DUS,BHX,Düsseldorf,"Birmingham, West Midlands",DE,GB,598.4,2,no_country_pair_in_rail_dataset
DUS-BSL,DUS,BSL,Düsseldorf,Bâle / Mulhouse,DE,FR,413.8,1,no_distance_compatible_rail_candidate
DUS-CWL,DUS,CWL,Düsseldorf,Cardiff,DE,GB,701.8,1,no_country_pair_in_rail_dataset
DUS-CPH,DUS,CPH,Düsseldorf,Copenhagen,DE,DK,619.0,4,no_country_pair_in_rail_dataset
DUS-DUB,DUS,DUB,Düsseldorf,Dublin,DE,IE,914.7,2,no_country_pair_in_rail_dataset
DUS-EXT,DUS,EXT,Düsseldorf,"Exeter, Devon",DE,GB,714.3,1,no_country_pair_in_rail_dataset
DUS-GLA,DUS,GLA,Düsseldorf,Glasgow,DE,GB,896.2,1,no_country_pair_in_rail_dataset
DUS-IBZ,DUS,IBZ,Düsseldorf,Ibiza (Eivissa),DE,ES,1443.1,3,no_country_pair_in_rail_dataset
DUS-LBA,DUS,LBA,Düsseldorf,"Leeds, West Yorkshire",DE,GB,636.9,1,no_country_pair_in_rail_dataset
DUS-LCY,DUS,LCY,Düsseldorf,London,DE,GB,466.1,1,no_country_pair_in_rail_dataset
DUS-LGW,DUS,LGW,Düsseldorf,London,DE,GB,484.3,1,no_country_pair_in_rail_dataset
DUS-LHR,DUS,LHR,Düsseldorf,London,DE,GB,501.8,3,no_country_pair_in_rail_dataset
DUS-STN,DUS,STN,Düsseldorf,"London, Essex",DE,GB,455.9,1,no_country_pair_in_rail_dataset
DUS-MAD,DUS,MAD,Düsseldorf,Madrid,DE,ES,1439.6,3,no_country_pair_in_rail_dataset
DUS-MAH,DUS,MAH,Düsseldorf,Mahón (Maó),DE,ES,1285.8,1,no_country_pair_in_rail_dataset
DUS-MAN,DUS,MAN,Düsseldorf,"Manchester, Greater Manchester",DE,GB,655.6,2,no_country_pair_in_rail_dataset
DUS-NCL,DUS,NCL,Düsseldorf,"Newcastle upon Tyne, Tyne and Wear",DE,GB,700.3,1,no_country_pair_in_rail_dataset
DUS-NQY,DUS,NQY,Düsseldorf,Newquay,DE,GB,829.9,1,no_country_pair_in_rail_dataset
DUS-OSL,DUS,OSL,Düsseldorf,Oslo (Gardermoen),DE,NO,1026.1,2,no_country_pair_in_rail_dataset
DUS-PMI,DUS,PMI,Düsseldorf,Palma de Mallorca,DE,ES,1342.0,5,no_country_pair_in_rail_dataset
DUS-CDG,DUS,CDG,Düsseldorf,"Paris (Roissy-en-France, Val-d'Oise)",DE,FR,392.8,3,no_distance_compatible_rail_candidate
DUS-TGD,DUS,TGD,Düsseldorf,Podgorica,DE,ME,1370.5,1,no_country_pair_in_rail_dataset
DUS-PRG,DUS,PRG,Düsseldorf,Prague,DE,CZ,543.8,3,no_country_pair_in_rail_dataset
DUS-PRN,DUS,PRN,Düsseldorf,Prishtina,DE,XK,1449.2,1,no_country_pair_in_rail_dataset
DUS-RIX,DUS,RIX,Düsseldorf,Riga,DE,LV,1279.5,2,no_country_pair_in_rail_dataset
DUS-GCI,DUS,GCI,Düsseldorf,Saint Peter Port,DE,GG,695.3,1,no_country_pair_in_rail_dataset
DUS-JER,DUS,JER,Düsseldorf,St. Peter,DE,JE,677.5,1,no_country_pair_in_rail_dataset
DUS-VLC,DUS,VLC,Düsseldorf,Valencia,DE,ES,1427.3,1,no_country_pair_in_rail_dataset
DUS-ZRH,DUS,ZRH,Düsseldorf,Zurich,DE,CH,445.1,3,no_distance_compatible_rail_candidate
ERF-LGW,ERF,LGW,Erfurt,London,DE,GB,778.4,1,no_country_pair_in_rail_dataset
ERF-PMI,ERF,PMI,Erfurt,Palma de Mallorca,DE,ES,1422.1,1,no_country_pair_in_rail_dataset
FRA-ABZ,FRA,ABZ,Frankfurt am Main,Aberdeen,DE,GB,1065.2,1,no_country_pair_in_rail_dataset
FRA-ALC,FRA,ALC,Frankfurt am Main,Alicante,DE,ES,1492.2,1,no_country_pair_in_rail_dataset
FRA-AMS,FRA,AMS,Frankfurt am Main,Amsterdam,DE,NL,366.5,4,no_country_pair_in_rail_dataset
FRA-BCN,FRA,BCN,Frankfurt am Main,Barcelona,DE,ES,1092.5,4,no_country_pair_in_rail_dataset
FRA-BEG,FRA,BEG,Frankfurt am Main,Belgrade,DE,RS,1055.0,5,no_country_pair_in_rail_dataset
FRA-BGO,FRA,BGO,Frankfurt am Main,Bergen,DE,NO,1160.8,2,no_country_pair_in_rail_dataset
FRA-BIO,FRA,BIO,Frankfurt am Main,Bilbao,DE,ES,1148.9,1,no_country_pair_in_rail_dataset
FRA-BLL,FRA,BLL,Frankfurt am Main,Billund,DE,DK,636.6,2,no_country_pair_in_rail_dataset
FRA-BHX,FRA,BHX,Frankfurt am Main,"Birmingham, West Midlands",DE,GB,765.7,1,no_country_pair_in_rail_dataset
FRA-BRS,FRA,BRS,Frankfurt am Main,Bristol,DE,GB,807.3,1,no_country_pair_in_rail_dataset
FRA-BSL,FRA,BSL,Frankfurt am Main,Bâle / Mulhouse,DE,FR,280.2,3,no_distance_compatible_rail_candidate
FRA-LYS,FRA,LYS,Frankfurt am Main,"Colombier-Saugnieu, Rhône",DE,FR,543.5,3,no_distance_compatible_rail_candidate
FRA-CPH,FRA,CPH,Frankfurt am Main,Copenhagen,DE,DK,679.7,4,no_country_pair_in_rail_dataset
FRA-DUB,FRA,DUB,Frankfurt am Main,Dublin,DE,IE,1086.1,2,no_country_pair_in_rail_dataset
FRA-EDI,FRA,EDI,Frankfurt am Main,Edinburgh,DE,GB,1032.7,1,no_country_pair_in_rail_dataset
FRA-GVA,FRA,GVA,Frankfurt am Main,Geneva,DE,CH,458.8,4,no_distance_compatible_rail_candidate
FRA-IBZ,FRA,IBZ,Frankfurt am Main,Ibiza (Eivissa),DE,ES,1363.6,3,no_country_pair_in_rail_dataset
FRA-INN,FRA,INN,Frankfurt am Main,Innsbruck,DE,AT,369.4,2,no_distance_compatible_rail_candidate
FRA-CFU,FRA,CFU,Frankfurt am Main,Kerkyra (Corfu),DE,GR,1461.5,3,no_country_pair_in_rail_dataset
FRA-LNZ,FRA,LNZ,Frankfurt am Main,Linz,DE,AT,455.3,2,no_distance_compatible_rail_candidate
FRA-LCY,FRA,LCY,Frankfurt am Main,London,DE,GB,619.8,3,no_country_pair_in_rail_dataset
FRA-LHR,FRA,LHR,Frankfurt am Main,London,DE,GB,654.0,4,no_country_pair_in_rail_dataset
FRA-MAD,FRA,MAD,Frankfurt am Main,Madrid,DE,ES,1419.5,8,no_country_pair_in_rail_dataset
FRA-MAH,FRA,MAH,Frankfurt am Main,Mahón (Maó),DE,ES,1180.1,1,no_country_pair_in_rail_dataset
FRA-MAN,FRA,MAN,Frankfurt am Main,"Manchester, Greater Manchester",DE,GB,832.3,1,no_country_pair_in_rail_dataset
FRA-MSQ,FRA,MSQ,Frankfurt am Main,Minsk,DE,BY,1397.1,2,no_country_pair_in_rail_dataset
FRA-OSL,FRA,OSL,Frankfurt am Main,Oslo (Gardermoen),DE,NO,1141.8,3,no_country_pair_in_rail_dataset
FRA-OTP,FRA,OTP,Frankfurt am Main,Otopeni,DE,RO,1450.9,3,no_country_pair_in_rail_dataset
FRA-PMI,FRA,PMI,Frankfurt am Main,Palma de Mallorca,DE,ES,1251.1,4,no_country_pair_in_rail_dataset
FRA-CDG,FRA,CDG,Frankfurt am Main,"Paris (Roissy-en-France, Val-d'Oise)",DE,FR,447.8,2,no_distance_compatible_rail_candidate
FRA-TGD,FRA,TGD,Frankfurt am Main,Podgorica,DE,ME,1182.8,1,no_country_pair_in_rail_dataset
FRA-PRG,FRA,PRG,Frankfurt am Main,Prague,DE,CZ,407.0,4,no_country_pair_in_rail_dataset
FRA-PRN,FRA,PRN,Frankfurt am Main,Prishtina,DE,XK,1264.3,2,no_country_pair_in_rail_dataset
FRA-RIX,FRA,RIX,Frankfurt am Main,Riga,DE,LV,1271.2,3,no_country_pair_in_rail_dataset
FRA-TIA,FRA,TIA,Frankfurt am Main,Rinas,DE,AL,1288.7,1,no_country_pair_in_rail_dataset
FRA-GCI,FRA,GCI,Frankfurt am Main,Saint Peter Port,DE,GG,804.1,1,no_country_pair_in_rail_dataset
FRA-SZG,FRA,SZG,Frankfurt am Main,Salzburg,DE,AT,408.8,2,no_distance_compatible_rail_candidate
FRA-SOF,FRA,SOF,Frankfurt am Main,Sofia,DE,BG,1397.5,2,no_country_pair_in_rail_dataset
FRA-SVG,FRA,SVG,Frankfurt am Main,Stavanger,DE,NO,1001.8,2,no_country_pair_in_rail_dataset
FRA-TLL,FRA,TLL,Frankfurt am Main,Tallinn,DE,EE,1469.6,1,no_country_pair_in_rail_dataset
FRA-VLC,FRA,VLC,Frankfurt am Main,Valencia,DE,ES,1369.7,2,no_country_pair_in_rail_dataset
FRA-VNO,FRA,VNO,Frankfurt am Main,Vilnius,DE,LT,1242.8,2,no_country_pair_in_rail_dataset
FRA-BRU,FRA,BRU,Frankfurt am Main,Zaventem,DE,BE,304.3,3,no_country_pair_in_rail_dataset
FRA-LJU,FRA,LJU,Frankfurt am Main,Zgornji Brnik,DE,SI,608.4,2,no_country_pair_in_rail_dataset
FRA-ZRH,FRA,ZRH,Frankfurt am Main,Zurich,DE,CH,285.6,3,no_distance_compatible_rail_candidate
HHN-ALC,HHN,ALC,Frankfurt am Main (Lautzenhausen),Alicante,DE,ES,1437.5,1,no_country_pair_in_rail_dataset
HHN-DUB,HHN,DUB,Frankfurt am Main (Lautzenhausen),Dublin,DE,IE,1007.5,1,no_country_pair_in_rail_dataset
HHN-EDI,HHN,EDI,Frankfurt am Main (Lautzenhausen),Edinburgh,DE,GB,974.4,1,no_country_pair_in_rail_dataset
HHN-KIR,HHN,KIR,Frankfurt am Main (Lautzenhausen),Farranfore,DE,IE,1196.1,1,no_country_pair_in_rail_dataset
HHN-GRO,HHN,GRO,Frankfurt am Main (Lautzenhausen),Girona,DE,ES,959.1,1,no_country_pair_in_rail_dataset
HHN-IBZ,HHN,IBZ,Frankfurt am Main (Lautzenhausen),Ibiza (Eivissa),DE,ES,1316.1,1,no_country_pair_in_rail_dataset
HHN-SKP,HHN,SKP,Frankfurt am Main (Lautzenhausen),Ilinden,DE,MK,1417.7,1,no_country_pair_in_rail_dataset
HHN-KUN,HHN,KUN,Frankfurt am Main (Lautzenhausen),Kaunas,DE,LT,1264.9,1,no_country_pair_in_rail_dataset
HHN-STN,HHN,STN,Frankfurt am Main (Lautzenhausen),"London, Essex",DE,GB,537.4,1,no_country_pair_in_rail_dataset
HHN-PMI,HHN,PMI,Frankfurt am Main (Lautzenhausen),Palma de Mallorca,DE,ES,1209.2,1,no_country_pair_in_rail_dataset
HHN-REU,HHN,REU,Frankfurt am Main (Lautzenhausen),Reus,DE,ES,1086.5,1,no_country_pair_in_rail_dataset
HHN-RIX,HHN,RIX,Frankfurt am Main (Lautzenhausen),Riga,DE,LV,1345.8,1,no_country_pair_in_rail_dataset
HHN-SDR,HHN,SDR,Frankfurt am Main (Lautzenhausen),Santander,DE,ES,1111.5,1,no_country_pair_in_rail_dataset
HHN-SCQ,HHN,SCQ,Frankfurt am Main (Lautzenhausen),Santiago de Compostela,DE,ES,1430.4,1,no_country_pair_in_rail_dataset
HHN-SOF,HHN,SOF,Frankfurt am Main (Lautzenhausen),Sofia,DE,BG,1474.8,1,no_country_pair_in_rail_dataset
HHN-VLC,HHN,VLC,Frankfurt am Main (Lautzenhausen),Valencia,DE,ES,1312.2,1,no_country_pair_in_rail_dataset
FDH-IBZ,FDH,IBZ,Friedrichshafen,Ibiza (Eivissa),DE,ES,1178.1,1,no_country_pair_in_rail_dataset
FDH-PMI,FDH,PMI,Friedrichshafen,Palma de Mallorca,DE,ES,1053.8,2,no_country_pair_in_rail_dataset
FMO-GRO,FMO,GRO,Greven,Girona,DE,ES,1196.5,1,no_country_pair_in_rail_dataset
FMO-PMI,FMO,PMI,Greven,Palma de Mallorca,DE,ES,1449.8,1,no_country_pair_in_rail_dataset
HAM-AMS,HAM,AMS,Hamburg,Amsterdam,DE,NL,379.4,5,no_country_pair_in_rail_dataset
HAM-BCN,HAM,BCN,Hamburg,Barcelona,DE,ES,1492.6,4,no_country_pair_in_rail_dataset
HAM-BGO,HAM,BGO,Hamburg,Bergen,DE,NO,794.8,1,no_country_pair_in_rail_dataset
HAM-BHX,HAM,BHX,Hamburg,"Birmingham, West Midlands",DE,GB,794.5,1,no_country_pair_in_rail_dataset
HAM-BRS,HAM,BRS,Hamburg,Bristol,DE,GB,894.1,1,no_country_pair_in_rail_dataset
HAM-CPH,HAM,CPH,Hamburg,Copenhagen,DE,DK,279.8,2,no_country_pair_in_rail_dataset
HAM-DUB,HAM,DUB,Hamburg,Dublin,DE,IE,1072.0,1,no_country_pair_in_rail_dataset
HAM-EDI,HAM,EDI,Hamburg,Edinburgh,DE,GB,892.9,1,no_country_pair_in_rail_dataset
HAM-HEL,HAM,HEL,Hamburg,Helsinki (Vantaa),DE,FI,1168.7,2,no_country_pair_in_rail_dataset
HAM-LGW,HAM,LGW,Hamburg,London,DE,GB,742.7,1,no_country_pair_in_rail_dataset
HAM-LHR,HAM,LHR,Hamburg,London,DE,GB,745.3,4,no_country_pair_in_rail_dataset
HAM-LTN,HAM,LTN,Hamburg,"Luton, Luton",DE,GB,723.1,1,no_country_pair_in_rail_dataset
HAM-MAN,HAM,MAN,Hamburg,"Manchester, Greater Manchester",DE,GB,811.2,2,no_country_pair_in_rail_dataset
HAM-OSL,HAM,OSL,Hamburg,Oslo (Gardermoen),DE,NO,732.9,2,no_country_pair_in_rail_dataset
HAM-PRG,HAM,PRG,Hamburg,Prague,DE,CZ,489.8,3,no_country_pair_in_rail_dataset
HAM-PRN,HAM,PRN,Hamburg,Prishtina,DE,XK,1474.4,1,no_country_pair_in_rail_dataset
HAM-RIX,HAM,RIX,Hamburg,Riga,DE,LV,956.1,2,no_country_pair_in_rail_dataset
HAM-LED,HAM,LED,Hamburg,St. Petersburg,DE,RU,1406.6,1,no_country_pair_in_rail_dataset
HAM-BRU,HAM,BRU,Hamburg,Zaventem,DE,BE,481.8,2,no_country_pair_in_rail_dataset
HAJ-AMS,HAJ,AMS,Hannover,Amsterdam,DE,NL,334.4,2,no_country_pair_in_rail_dataset
HAJ-BCN,HAJ,BCN,Hannover,Barcelona,DE,ES,1367.6,3,no_country_pair_in_rail_dataset
HAJ-BHX,HAJ,BHX,Hannover,"Birmingham, West Midlands",DE,GB,773.9,1,no_country_pair_in_rail_dataset
HAJ-CPH,HAJ,CPH,Hannover,Copenhagen,DE,DK,401.0,1,no_country_pair_in_rail_dataset
HAJ-DUB,HAJ,DUB,Hannover,Dublin,DE,IE,1071.7,1,no_country_pair_in_rail_dataset
HAJ-LHR,HAJ,LHR,Hannover,London,DE,GB,703.1,3,no_country_pair_in_rail_dataset
HAJ-STN,HAJ,STN,Hannover,"London, Essex",DE,GB,647.1,1,no_country_pair_in_rail_dataset
HAJ-MAH,HAJ,MAH,Hannover,Mahón (Maó),DE,ES,1461.7,1,no_country_pair_in_rail_dataset
HAJ-MAN,HAJ,MAN,Hannover,"Manchester, Greater Manchester",DE,GB,807.5,1,no_country_pair_in_rail_dataset
HAJ-MSQ,HAJ,MSQ,Hannover,Minsk,DE,BY,1230.0,1,no_country_pair_in_rail_dataset
HAJ-PRN,HAJ,PRN,Hannover,Prishtina,DE,XK,1387.8,1,no_country_pair_in_rail_dataset
HAJ-JER,HAJ,JER,Hannover,St. Peter,DE,JE,908.0,1,no_country_pair_in_rail_dataset
HAJ-BRU,HAJ,BRU,Hannover,Zaventem,DE,BE,398.2,3,no_country_pair_in_rail_dataset
CGN-BCN,CGN,BCN,Köln (Cologne),Barcelona,DE,ES,1132.7,1,no_country_pair_in_rail_dataset
CGN-BRN,CGN,BRN,Köln (Cologne),Bern,DE,CH,440.3,1,no_distance_compatible_rail_candidate
CGN-BHX,CGN,BHX,Köln (Cologne),"Birmingham, West Midlands",DE,GB,637.7,1,no_country_pair_in_rail_dataset
CGN-DUB,CGN,DUB,Köln (Cologne),Dublin,DE,IE,956.3,1,no_country_pair_in_rail_dataset
CGN-EDI,CGN,EDI,Köln (Cologne),Edinburgh,DE,GB,895.8,1,no_country_pair_in_rail_dataset
CGN-GRO,CGN,GRO,Köln (Cologne),Girona,DE,ES,1051.1,1,no_country_pair_in_rail_dataset
CGN-IBZ,CGN,IBZ,Köln (Cologne),Ibiza (Eivissa),DE,ES,1407.8,2,no_country_pair_in_rail_dataset
CGN-SKP,CGN,SKP,Köln (Cologne),Ilinden,DE,MK,1483.0,1,no_country_pair_in_rail_dataset
CGN-LGW,CGN,LGW,Köln (Cologne),London,DE,GB,513.5,1,no_country_pair_in_rail_dataset
CGN-LHR,CGN,LHR,Köln (Cologne),London,DE,GB,534.1,1,no_country_pair_in_rail_dataset
CGN-STN,CGN,STN,Köln (Cologne),"London, Essex",DE,GB,492.5,1,no_country_pair_in_rail_dataset
CGN-MAH,CGN,MAH,Köln (Cologne),Mahón (Maó),DE,ES,1244.4,1,no_country_pair_in_rail_dataset
CGN-MAN,CGN,MAN,Köln (Cologne),"Manchester, Greater Manchester",DE,GB,699.5,1,no_country_pair_in_rail_dataset
CGN-OSL,CGN,OSL,Köln (Cologne),Oslo (Gardermoen),DE,NO,1066.2,1,no_country_pair_in_rail_dataset
CGN-PMI,CGN,PMI,Köln (Cologne),Palma de Mallorca,DE,ES,1303.9,5,no_country_pair_in_rail_dataset
CGN-PRG,CGN,PRG,Köln (Cologne),Prague,DE,CZ,510.5,1,no_country_pair_in_rail_dataset
CGN-SZG,CGN,SZG,Köln (Cologne),Salzburg,DE,AT,544.8,2,no_distance_compatible_rail_candidate
CGN-SJJ,CGN,SJJ,Köln (Cologne),Sarajevo,DE,BA,1148.2,1,no_country_pair_in_rail_dataset
CGN-ZRH,CGN,ZRH,Köln (Cologne),Zurich,DE,CH,392.5,2,no_distance_compatible_rail_candidate
LBC-GDN,LBC,GDN,Lübeck,Gdańsk,DE,PL,508.9,1,no_distance_compatible_rail_candidate
FMM-ALC,FMM,ALC,Memmingen,Alicante,DE,ES,1387.3,1,no_country_pair_in_rail_dataset
FMM-BEG,FMM,BEG,Memmingen,Belgrade,DE,RS,848.0,1,no_country_pair_in_rail_dataset
FMM-DUB,FMM,DUB,Memmingen,Dublin,DE,IE,1305.7,1,no_country_pair_in_rail_dataset
FMM-GRO,FMM,GRO,Memmingen,Girona,DE,ES,895.7,1,no_country_pair_in_rail_dataset
FMM-SKP,FMM,SKP,Memmingen,Ilinden,DE,MK,1116.8,1,no_country_pair_in_rail_dataset
FMM-STN,FMM,STN,Memmingen,"London, Essex",DE,GB,835.8,1,no_country_pair_in_rail_dataset
FMM-PMI,FMM,PMI,Memmingen,Palma de Mallorca,DE,ES,1113.5,2,no_country_pair_in_rail_dataset
FMM-SNN,FMM,SNN,Memmingen,Shannon,DE,IE,1451.9,1,no_country_pair_in_rail_dataset
MUC-ALC,MUC,ALC,Munich,Alicante,DE,ES,1496.8,2,no_country_pair_in_rail_dataset
MUC-AMS,MUC,AMS,Munich,Amsterdam,DE,NL,664.2,2,no_country_pair_in_rail_dataset
MUC-BCN,MUC,BCN,Munich,Barcelona,DE,ES,1094.6,3,no_country_pair_in_rail_dataset
MUC-BEG,MUC,BEG,Munich,Belgrade,DE,RS,760.1,2,no_country_pair_in_rail_dataset
MUC-BRN,MUC,BRN,Munich,Bern,DE,CH,358.9,1,no_distance_compatible_rail_candidate
MUC-BIO,MUC,BIO,Munich,Bilbao,DE,ES,1267.0,1,no_country_pair_in_rail_dataset
MUC-BLL,MUC,BLL,Munich,Billund,DE,DK,840.6,1,no_country_pair_in_rail_dataset
MUC-BHX,MUC,BHX,Munich,"Birmingham, West Midlands",DE,GB,1059.8,1,no_country_pair_in_rail_dataset
MUC-BRS,MUC,BRS,Munich,Bristol,DE,GB,1090.5,1,no_country_pair_in_rail_dataset
MUC-BSL,MUC,BSL,Munich,Bâle / Mulhouse,DE,FR,328.3,3,no_distance_compatible_rail_candidate
MUC-VRN,MUC,VRN,Munich,Caselle (VR),DE,IT,336.0,2,no_distance_compatible_rail_candidate
MUC-CLJ,MUC,CLJ,Munich,Cluj-Napoca,DE,RO,908.6,1,no_country_pair_in_rail_dataset
MUC-CPH,MUC,CPH,Munich,Copenhagen,DE,DK,809.9,2,no_country_pair_in_rail_dataset
MUC-ORK,MUC,ORK,Munich,Cork,DE,IE,1492.0,1,no_country_pair_in_rail_dataset
MUC-DUB,MUC,DUB,Munich,Dublin,DE,IE,1381.0,2,no_country_pair_in_rail_dataset
MUC-EDI,MUC,EDI,Munich,Edinburgh,DE,GB,1330.3,1,no_country_pair_in_rail_dataset
MUC-GRZ,MUC,GRZ,Munich,Feldkirchen bei Graz,DE,AT,312.7,2,no_distance_compatible_rail_candidate
MUC-MXP,MUC,MXP,Munich,Ferno (VA),DE,IT,381.4,1,no_distance_compatible_rail_candidate
MUC-GVA,MUC,GVA,Munich,Geneva,DE,CH,488.3,2,no_distance_compatible_rail_candidate
MUC-IBZ,MUC,IBZ,Munich,Ibiza (Eivissa),DE,ES,1344.3,2,no_country_pair_in_rail_dataset
MUC-KVA,MUC,KVA,Munich,Kavala,DE,GR,1306.8,1,no_country_pair_in_rail_dataset
MUC-CFU,MUC,CFU,Munich,Kerkyra (Corfu),DE,GR,1169.0,3,no_country_pair_in_rail_dataset
MUC-LGW,MUC,LGW,Munich,London,DE,GB,913.3,1,no_country_pair_in_rail_dataset
MUC-LHR,MUC,LHR,Munich,London,DE,GB,941.5,4,no_country_pair_in_rail_dataset
MUC-STN,MUC,STN,Munich,"London, Essex",DE,GB,911.0,1,no_country_pair_in_rail_dataset
MUC-LUX,MUC,LUX,Munich,Luxembourg,DE,LU,430.5,2,no_country_pair_in_rail_dataset
MUC-LWO,MUC,LWO,Munich,Lviv,DE,UA,900.0,1,no_country_pair_in_rail_dataset
MUC-MAD,MUC,MAD,Munich,Madrid,DE,ES,1496.0,6,no_country_pair_in_rail_dataset
MUC-MAH,MUC,MAH,Munich,Mahón (Maó),DE,ES,1119.7,1,no_country_pair_in_rail_dataset
MUC-MAN,MUC,MAN,Munich,"Manchester, Greater Manchester",DE,GB,1130.1,6,no_country_pair_in_rail_dataset
MUC-OSL,MUC,OSL,Munich,Oslo (Gardermoen),DE,NO,1317.3,3,no_country_pair_in_rail_dataset
MUC-OTP,MUC,OTP,Munich,Otopeni,DE,RO,1172.3,2,no_country_pair_in_rail_dataset
MUC-PMI,MUC,PMI,Munich,Palma de Mallorca,DE,ES,1215.7,4,no_country_pair_in_rail_dataset
MUC-PRG,MUC,PRG,Munich,Prague,DE,CZ,264.6,1,no_country_pair_in_rail_dataset
MUC-PVK,MUC,PVK,Munich,Preveza,DE,GR,1271.3,1,no_country_pair_in_rail_dataset
MUC-PRN,MUC,PRN,Munich,Prishtina,DE,XK,965.0,2,no_country_pair_in_rail_dataset
MUC-RIX,MUC,RIX,Munich,Riga,DE,LV,1254.6,2,no_country_pair_in_rail_dataset
MUC-TIA,MUC,TIA,Munich,Rinas,DE,AL,991.9,1,no_country_pair_in_rail_dataset
MUC-TRS,MUC,TRS,Munich,Ronchi dei Legionari/Trieste,DE,IT,308.3,1,no_distance_compatible_rail_candidate
MUC-RTM,MUC,RTM,Munich,Rotterdam,DE,NL,658.7,1,no_country_pair_in_rail_dataset
MUC-SJJ,MUC,SJJ,Munich,Sarajevo,DE,BA,712.5,1,no_country_pair_in_rail_dataset
MUC-SBZ,MUC,SBZ,Munich,Sibiu,DE,RO,973.1,2,no_country_pair_in_rail_dataset
MUC-SOF,MUC,SOF,Munich,Sofia,DE,BG,1101.2,2,no_country_pair_in_rail_dataset
MUC-SKG,MUC,SKG,Munich,Thessaloniki,DE,GR,1241.5,4,no_country_pair_in_rail_dataset
MUC-TSR,MUC,TSR,Munich,Timişoara,DE,RO,775.9,1,no_country_pair_in_rail_dataset
MUC-VLC,MUC,VLC,Munich,Valencia,DE,ES,1388.5,1,no_country_pair_in_rail_dataset
MUC-MLA,MUC,MLA,Munich,Valletta,DE,MT,1408.4,2,no_country_pair_in_rail_dataset
MUC-VCE,MUC,VCE,Munich,Venezia (VE),DE,IT,319.6,2,no_distance_compatible_rail_candidate
MUC-VIE,MUC,VIE,Munich,Vienna,DE,AT,355.3,5,no_distance_compatible_rail_candidate
MUC-VNO,MUC,VNO,Munich,Vilnius,DE,LT,1163.5,1,no_country_pair_in_rail_dataset
MUC-WRO,MUC,WRO,Munich,Wrocław,DE,PL,476.9,2,no_distance_compatible_rail_candidate
MUC-ZTH,MUC,ZTH,Munich,Zakynthos,DE,GR,1389.4,1,no_country_pair_in_rail_dataset
MUC-BRU,MUC,BRU,Munich,Zaventem,DE,BE,597.0,2,no_country_pair_in_rail_dataset
MUC-LJU,MUC,LJU,Munich,Zgornji Brnik,DE,SI,310.9,2,no_country_pair_in_rail_dataset
MUC-ZRH,MUC,ZRH,Munich,Zurich,DE,CH,261.1,2,no_distance_compatible_rail_candidate
NUE-AMS,NUE,AMS,Nuremberg,Amsterdam,DE,NL,541.6,1,no_country_pair_in_rail_dataset
NUE-BCN,NUE,BCN,Nuremberg,Barcelona,DE,ES,1149.6,2,no_country_pair_in_rail_dataset
NUE-IBZ,NUE,IBZ,Nuremberg,Ibiza (Eivissa),DE,ES,1409.8,1,no_country_pair_in_rail_dataset
NUE-STN,NUE,STN,Nuremberg,"London, Essex",DE,GB,807.6,1,no_country_pair_in_rail_dataset
NUE-PMI,NUE,PMI,Nuremberg,Palma de Mallorca,DE,ES,1286.8,2,no_country_pair_in_rail_dataset
NUE-SKG,NUE,SKG,Nuremberg,Thessaloniki,DE,GR,1364.6,2,no_country_pair_in_rail_dataset
NUE-VIE,NUE,VIE,Nuremberg,Vienna,DE,AT,430.7,1,no_distance_compatible_rail_candidate
NUE-ZRH,NUE,ZRH,Nuremberg,Zurich,DE,CH,293.7,2,no_distance_compatible_rail_candidate
FKB-ALC,FKB,ALC,Rheinmünster,Alicante,DE,ES,1357.2,1,no_country_pair_in_rail_dataset
FKB-GRO,FKB,GRO,Rheinmünster,Girona,DE,ES,869.6,1,no_country_pair_in_rail_dataset
FKB-STN,FKB,STN,Rheinmünster,"London, Essex",DE,GB,654.7,1,no_country_pair_in_rail_dataset
FKB-PMI,FKB,PMI,Rheinmünster,Palma de Mallorca,DE,ES,1110.3,2,no_country_pair_in_rail_dataset
FKB-SKG,FKB,SKG,Rheinmünster,Thessaloniki,DE,GR,1489.2,1,no_country_pair_in_rail_dataset
SCN-PMI,SCN,PMI,Saarbrücken,Palma de Mallorca,DE,ES,1128.7,1,no_country_pair_in_rail_dataset
LEJ-AMS,LEJ,AMS,Schkeuditz,Amsterdam,DE,NL,522.0,1,no_country_pair_in_rail_dataset
LEJ-BCN,LEJ,BCN,Schkeuditz,Barcelona,DE,ES,1366.3,2,no_country_pair_in_rail_dataset
LEJ-CFU,LEJ,CFU,Schkeuditz,Kerkyra (Corfu),DE,GR,1442.1,1,no_country_pair_in_rail_dataset
LEJ-STN,LEJ,STN,Schkeuditz,"London, Essex",DE,GB,828.4,1,no_country_pair_in_rail_dataset
LEJ-VIE,LEJ,VIE,Schkeuditz,Vienna,DE,AT,482.0,2,no_distance_compatible_rail_candidate
STR-ALC,STR,ALC,Stuttgart,Alicante,DE,ES,1398.1,1,no_country_pair_in_rail_dataset
STR-AMS,STR,AMS,Stuttgart,Amsterdam,DE,NL,511.0,1,no_country_pair_in_rail_dataset
STR-BCN,STR,BCN,Stuttgart,Barcelona,DE,ES,994.7,3,no_country_pair_in_rail_dataset
STR-BEG,STR,BEG,Stuttgart,Belgrade,DE,RS,946.8,3,no_country_pair_in_rail_dataset
STR-BIO,STR,BIO,Stuttgart,Bilbao,DE,ES,1110.4,1,no_country_pair_in_rail_dataset
STR-BHX,STR,BHX,Stuttgart,"Birmingham, West Midlands",DE,GB,879.3,1,no_country_pair_in_rail_dataset
STR-CPH,STR,CPH,Stuttgart,Copenhagen,DE,DK,804.9,1,no_country_pair_in_rail_dataset
STR-DUB,STR,DUB,Stuttgart,Dublin,DE,IE,1200.3,1,no_country_pair_in_rail_dataset
STR-GRZ,STR,GRZ,Stuttgart,Feldkirchen bei Graz,DE,AT,500.8,2,no_distance_compatible_rail_candidate
STR-MXP,STR,MXP,Stuttgart,Ferno (VA),DE,IT,342.2,1,no_distance_compatible_rail_candidate
STR-GVA,STR,GVA,Stuttgart,Geneva,DE,CH,359.2,1,no_distance_compatible_rail_candidate
STR-IBZ,STR,IBZ,Stuttgart,Ibiza (Eivissa),DE,ES,1258.8,2,no_country_pair_in_rail_dataset
STR-KVA,STR,KVA,Stuttgart,Kavala,DE,GR,1486.6,1,no_country_pair_in_rail_dataset
STR-CFU,STR,CFU,Stuttgart,Kerkyra (Corfu),DE,GR,1319.8,2,no_country_pair_in_rail_dataset
STR-LHR,STR,LHR,Stuttgart,London,DE,GB,756.1,4,no_country_pair_in_rail_dataset
STR-STN,STR,STN,Stuttgart,"London, Essex",DE,GB,730.0,1,no_country_pair_in_rail_dataset
STR-MAH,STR,MAH,Stuttgart,Mahón (Maó),DE,ES,1058.7,1,no_country_pair_in_rail_dataset
STR-PMI,STR,PMI,Stuttgart,Palma de Mallorca,DE,ES,1139.3,4,no_country_pair_in_rail_dataset
STR-CDG,STR,CDG,Stuttgart,"Paris (Roissy-en-France, Val-d'Oise)",DE,FR,489.0,2,no_distance_compatible_rail_candidate
STR-PRN,STR,PRN,Stuttgart,Prishtina,DE,XK,1140.9,1,no_country_pair_in_rail_dataset
STR-SJJ,STR,SJJ,Stuttgart,Sarajevo,DE,BA,884.0,1,no_country_pair_in_rail_dataset
STR-JER,STR,JER,Stuttgart,St. Peter,DE,JE,835.0,1,no_country_pair_in_rail_dataset
STR-SKG,STR,SKG,Stuttgart,Thessaloniki,DE,GR,1414.0,4,no_country_pair_in_rail_dataset
STR-VIE,STR,VIE,Stuttgart,Vienna,DE,AT,546.0,3,no_distance_compatible_rail_candidate
STR-BRU,STR,BRU,Stuttgart,Zaventem,DE,BE,419.5,1,no_country_pair_in_rail_dataset
NRN-EDI,NRN,EDI,Weeze,Edinburgh,DE,GB,789.2,1,no_country_pair_in_rail_dataset
NRN-GRO,NRN,GRO,Weeze,Girona,DE,ES,1108.2,1,no_country_pair_in_rail_dataset
NRN-IBZ,NRN,IBZ,Weeze,Ibiza (Eivissa),DE,ES,1462.9,1,no_country_pair_in_rail_dataset
NRN-STN,NRN,STN,Weeze,"London, Essex",DE,GB,407.8,1,no_country_pair_in_rail_dataset
NRN-PMI,NRN,PMI,Weeze,Palma de Mallorca,DE,ES,1365.4,1,no_country_pair_in_rail_dataset
NRN-RIX,NRN,RIX,Weeze,Riga,DE,LV,1295.0,1,no_country_pair_in_rail_dataset
NRN-SDR,NRN,SDR,Weeze,Santander,DE,ES,1175.0,1,no_country_pair_in_rail_dataset
NRN-VLC,NRN,VLC,Weeze,Valencia,DE,ES,1440.7,1,no_country_pair_in_rail_dataset
AAL-AMS,AAL,AMS,Aalborg,Amsterdam,DK,NL,624.1,2,no_country_pair_in_rail_dataset
AAL-LGW,AAL,LGW,Aalborg,London,DK,GB,928.2,1,no_country_pair_in_rail_dataset
AAL-OSL,AAL,OSL,Aalborg,Oslo (Gardermoen),DK,NO,352.1,3,no_country_pair_in_rail_dataset
AAL-SVG,AAL,SVG,Aalborg,Stavanger,DK,NO,317.6,1,no_country_pair_in_rail_dataset
AAL-ARN,AAL,ARN,Aalborg,Stockholm,DK,SE,549.5,1,no_country_pair_in_rail_dataset
AAR-STN,AAR,STN,Aarhus,"London, Essex",DK,GB,835.2,1,no_country_pair_in_rail_dataset
AAR-OSL,AAR,OSL,Aarhus,Oslo (Gardermoen),DK,NO,433.5,1,no_country_pair_in_rail_dataset
AAR-BMA,AAR,BMA,Aarhus,Stockholm,DK,SE,550.0,1,no_country_pair_in_rail_dataset
BLL-AMS,BLL,AMS,Billund,Amsterdam,DK,NL,477.2,2,no_country_pair_in_rail_dataset
BLL-BGO,BLL,BGO,Billund,Bergen,DK,NO,556.7,1,no_country_pair_in_rail_dataset
BLL-BUD,BLL,BUD,Billund,Budapest,DK,HU,1155.7,1,no_country_pair_in_rail_dataset
BLL-CCF,BLL,CCF,Billund,Carcassonne,DK,FR,1476.2,1,no_country_pair_in_rail_dataset
BLL-DUS,BLL,DUS,Billund,Düsseldorf,DK,DE,519.4,1,no_country_pair_in_rail_dataset
BLL-FRA,BLL,FRA,Billund,Frankfurt am Main,DK,DE,636.6,2,no_country_pair_in_rail_dataset
BLL-LCY,BLL,LCY,Billund,London,DK,GB,761.9,1,no_country_pair_in_rail_dataset
BLL-STN,BLL,STN,Billund,"London, Essex",DK,GB,725.0,1,no_country_pair_in_rail_dataset
BLL-MAN,BLL,MAN,Billund,"Manchester, Greater Manchester",DK,GB,783.0,1,no_country_pair_in_rail_dataset
BLL-MUC,BLL,MUC,Billund,Munich,DK,DE,840.6,1,no_country_pair_in_rail_dataset
BLL-BGY,BLL,BGY,Billund,Orio al Serio (BG),DK,IT,1120.5,1,no_country_pair_in_rail_dataset
BLL-OSL,BLL,OSL,Billund,Oslo (Gardermoen),DK,NO,508.2,3,no_country_pair_in_rail_dataset
BLL-CDG,BLL,CDG,Billund,"Paris (Roissy-en-France, Val-d'Oise)",DK,FR,871.6,2,no_country_pair_in_rail_dataset
BLL-PSA,BLL,PSA,Billund,Pisa (PI),DK,IT,1343.5,1,no_country_pair_in_rail_dataset
BLL-RIX,BLL,RIX,Billund,Riga,DK,LV,920.7,1,no_country_pair_in_rail_dataset
BLL-SVG,BLL,SVG,Billund,Stavanger,DK,NO,407.7,1,no_country_pair_in_rail_dataset
BLL-ARN,BLL,ARN,Billund,Stockholm,DK,SE,677.7,1,no_country_pair_in_rail_dataset
BLL-TSF,BLL,TSF,Billund,Treviso (TV),DK,IT,1142.1,1,no_country_pair_in_rail_dataset
BLL-FAE,BLL,FAE,Billund,Vágar,DK,FO,1171.4,1,no_country_pair_in_rail_dataset
BLL-ZAD,BLL,ZAD,Billund,Zadar,DK,HR,1367.2,1,no_country_pair_in_rail_dataset
BLL-BRU,BLL,BRU,Billund,Zaventem,DK,BE,620.8,1,no_country_pair_in_rail_dataset
BLL-ZRH,BLL,ZRH,Billund,Zurich,DK,CH,921.9,1,no_country_pair_in_rail_dataset
CPH-ABZ,CPH,ABZ,Copenhagen,Aberdeen,DK,GB,928.6,1,no_country_pair_in_rail_dataset
CPH-AMS,CPH,AMS,Copenhagen,Amsterdam,DK,NL,633.4,6,no_country_pair_in_rail_dataset
CPH-KRK,CPH,KRK,Copenhagen,Balice,DK,PL,779.4,1,no_country_pair_in_rail_dataset
CPH-BEG,CPH,BEG,Copenhagen,Belgrade,DK,RS,1316.7,1,no_country_pair_in_rail_dataset
CPH-BGO,CPH,BGO,Copenhagen,Bergen,DK,NO,679.5,2,no_country_pair_in_rail_dataset
CPH-BHX,CPH,BHX,Copenhagen,"Birmingham, West Midlands",DK,GB,1002.0,1,no_country_pair_in_rail_dataset
CPH-BLQ,CPH,BLQ,Copenhagen,Bologna,DK,IT,1236.1,1,no_country_pair_in_rail_dataset
CPH-BRE,CPH,BRE,Copenhagen,Bremen,DK,DE,380.1,1,no_country_pair_in_rail_dataset
CPH-BRS,CPH,BRS,Copenhagen,Bristol,DK,GB,1117.4,1,no_country_pair_in_rail_dataset
CPH-BUD,CPH,BUD,Copenhagen,Budapest,DK,HU,1017.6,2,no_country_pair_in_rail_dataset
CPH-BSL,CPH,BSL,Copenhagen,Bâle / Mulhouse,DK,FR,958.8,1,no_country_pair_in_rail_dataset
CPH-DUB,CPH,DUB,Copenhagen,Dublin,DK,IE,1240.8,3,no_country_pair_in_rail_dataset
CPH-DUS,CPH,DUS,Copenhagen,Düsseldorf,DK,DE,619.0,4,no_country_pair_in_rail_dataset
CPH-EDI,CPH,EDI,Copenhagen,Edinburgh,DK,GB,1000.6,2,no_country_pair_in_rail_dataset
CPH-EIN,CPH,EIN,Copenhagen,Eindhoven,DK,NL,667.4,1,no_country_pair_in_rail_dataset
CPH-MXP,CPH,MXP,Copenhagen,Ferno (VA),DK,IT,1144.1,2,no_country_pair_in_rail_dataset
CPH-FLR,CPH,FLR,Copenhagen,Firenze (FI),DK,IT,1317.2,2,no_country_pair_in_rail_dataset
CPH-FRA,CPH,FRA,Copenhagen,Frankfurt am Main,DK,DE,679.7,4,no_country_pair_in_rail_dataset
CPH-GDN,CPH,GDN,Copenhagen,Gdańsk,DK,PL,395.3,1,no_country_pair_in_rail_dataset
CPH-GVA,CPH,GVA,Copenhagen,Geneva,DK,CH,1138.3,4,no_country_pair_in_rail_dataset
CPH-HAM,CPH,HAM,Copenhagen,Hamburg,DK,DE,279.8,2,no_country_pair_in_rail_dataset
CPH-HAJ,CPH,HAJ,Copenhagen,Hannover,DK,DE,401.0,1,no_country_pair_in_rail_dataset
CPH-HEL,CPH,HEL,Copenhagen,Helsinki (Vantaa),DK,FI,892.2,3,no_country_pair_in_rail_dataset
CPH-HAU,CPH,HAU,Copenhagen,Karmøy,DK,NO,607.6,2,no_country_pair_in_rail_dataset
CPH-KRS,CPH,KRS,Copenhagen,Kristiansand(Kjevik),DK,NO,399.4,2,no_country_pair_in_rail_dataset
CPH-LBA,CPH,LBA,Copenhagen,"Leeds, West Yorkshire",DK,GB,937.6,1,no_country_pair_in_rail_dataset
CPH-LPI,CPH,LPI,Copenhagen,Linköping,DK,SE,360.0,1,no_country_pair_in_rail_dataset
CPH-LGW,CPH,LGW,Copenhagen,London,DK,GB,983.9,2,no_country_pair_in_rail_dataset
CPH-LHR,CPH,LHR,Copenhagen,London,DK,GB,979.5,3,no_country_pair_in_rail_dataset
CPH-STN,CPH,STN,Copenhagen,"London, Essex",DK,GB,914.3,1,no_country_pair_in_rail_dataset
CPH-LUX,CPH,LUX,Copenhagen,Luxembourg,DK,LU,794.9,2,no_country_pair_in_rail_dataset
CPH-MAN,CPH,MAN,Copenhagen,"Manchester, Greater Manchester",DK,GB,995.0,3,no_country_pair_in_rail_dataset
CPH-MUC,CPH,MUC,Copenhagen,Munich,DK,DE,809.9,2,no_country_pair_in_rail_dataset
CPH-NCL,CPH,NCL,Copenhagen,"Newcastle upon Tyne, Tyne and Wear",DK,GB,908.1,1,no_country_pair_in_rail_dataset
CPH-NCE,CPH,NCE,Copenhagen,"Nice, Alpes-Maritimes",DK,FR,1385.3,2,no_country_pair_in_rail_dataset
CPH-OSL,CPH,OSL,Copenhagen,Oslo (Gardermoen),DK,NO,517.0,6,no_country_pair_in_rail_dataset
CPH-PLQ,CPH,PLQ,Copenhagen,Palanga,DK,LT,528.6,1,no_country_pair_in_rail_dataset
CPH-ORY,CPH,ORY,Copenhagen,"Paris (Orly, Val-de-Marne)",DK,FR,1037.0,1,no_country_pair_in_rail_dataset
CPH-CDG,CPH,CDG,Copenhagen,"Paris (Roissy-en-France, Val-d'Oise)",DK,FR,1003.8,4,no_country_pair_in_rail_dataset
CPH-PSA,CPH,PSA,Copenhagen,Pisa (PI),DK,IT,1336.8,1,no_country_pair_in_rail_dataset
CPH-POZ,CPH,POZ,Copenhagen,Poznań,DK,PL,447.5,1,no_country_pair_in_rail_dataset
CPH-PRG,CPH,PRG,Copenhagen,Prague,DK,CZ,622.8,4,no_country_pair_in_rail_dataset
CPH-RIX,CPH,RIX,Copenhagen,Riga,DK,LV,712.6,3,no_country_pair_in_rail_dataset
CPH-TRF,CPH,TRF,Copenhagen,Sandefjord(Torp),DK,NO,422.0,2,no_country_pair_in_rail_dataset
CPH-SJJ,CPH,SJJ,Copenhagen,Sarajevo,DK,BA,1372.2,1,no_country_pair_in_rail_dataset
CPH-LIN,CPH,LIN,Copenhagen,Segrate (MI),DK,IT,1155.7,1,no_country_pair_in_rail_dataset
CPH-SPU,CPH,SPU,Copenhagen,Split,DK,HR,1368.1,2,no_country_pair_in_rail_dataset
CPH-LED,CPH,LED,Copenhagen,St. Petersburg,DK,RU,1140.1,1,no_country_pair_in_rail_dataset
CPH-SVG,CPH,SVG,Copenhagen,Stavanger,DK,NO,555.9,1,no_country_pair_in_rail_dataset
CPH-ARN,CPH,ARN,Copenhagen,Stockholm,DK,SE,546.8,3,no_country_pair_in_rail_dataset
CPH-STR,CPH,STR,Copenhagen,Stuttgart,DK,DE,804.9,1,no_country_pair_in_rail_dataset
CPH-TLL,CPH,TLL,Copenhagen,Tallinn,DK,EE,839.0,2,no_country_pair_in_rail_dataset
CPH-TRD,CPH,TRD,Copenhagen,Trondheim,DK,NO,877.1,3,no_country_pair_in_rail_dataset
CPH-TKU,CPH,TKU,Copenhagen,Turku,DK,FI,783.2,1,no_country_pair_in_rail_dataset
CPH-ZAG,CPH,ZAG,Copenhagen,Velika Gorica,DK,HR,1123.7,3,no_country_pair_in_rail_dataset
CPH-VCE,CPH,VCE,Copenhagen,Venezia (VE),DK,IT,1124.7,4,no_country_pair_in_rail_dataset
CPH-VIE,CPH,VIE,Copenhagen,Vienna,DK,AT,876.6,5,no_country_pair_in_rail_dataset
CPH-VNO,CPH,VNO,Copenhagen,Vilnius,DK,LT,809.2,2,no_country_pair_in_rail_dataset
CPH-FAE,CPH,FAE,Copenhagen,Vágar,DK,FO,1344.0,1,no_country_pair_in_rail_dataset
CPH-WAW,CPH,WAW,Copenhagen,Warsaw,DK,PL,665.6,3,no_country_pair_in_rail_dataset
CPH-WRO,CPH,WRO,Copenhagen,Wrocław,DK,PL,574.7,1,no_country_pair_in_rail_dataset
CPH-BRU,CPH,BRU,Copenhagen,Zaventem,DK,BE,754.4,4,no_country_pair_in_rail_dataset
CPH-LJU,CPH,LJU,Copenhagen,Zgornji Brnik,DK,SI,1052.1,2,no_country_pair_in_rail_dataset
CPH-ZRH,CPH,ZRH,Copenhagen,Zurich,DK,CH,950.4,2,no_country_pair_in_rail_dataset
CPH-AES,CPH,AES,Copenhagen,Ålesund,DK,NO,856.7,1,no_country_pair_in_rail_dataset
CPH-MOL,CPH,MOL,Copenhagen,Årø,DK,NO,849.2,1,no_country_pair_in_rail_dataset
EBJ-ABZ,EBJ,ABZ,Esbjerg,Aberdeen,DK,GB,687.1,1,no_country_pair_in_rail_dataset
TLL-AMS,TLL,AMS,Tallinn,Amsterdam,EE,NL,1471.9,2,no_country_pair_in_rail_dataset
TLL-BRE,TLL,BRE,Tallinn,Bremen,EE,DE,1213.4,1,no_country_pair_in_rail_dataset
TLL-CPH,TLL,CPH,Tallinn,Copenhagen,EE,DK,839.0,2,no_country_pair_in_rail_dataset
TLL-FRA,TLL,FRA,Tallinn,Frankfurt am Main,EE,DE,1469.6,1,no_country_pair_in_rail_dataset
TLL-SVO,TLL,SVO,Tallinn,Moscow,EE,RU,837.7,2,no_country_pair_in_rail_dataset
TLL-OSL,TLL,OSL,Tallinn,Oslo (Gardermoen),EE,NO,771.5,3,no_country_pair_in_rail_dataset
TLL-RIX,TLL,RIX,Tallinn,Riga,EE,LV,281.7,1,no_country_pair_in_rail_dataset
TLL-LED,TLL,LED,Tallinn,St. Petersburg,EE,RU,308.4,1,no_country_pair_in_rail_dataset
TLL-ARN,TLL,ARN,Tallinn,Stockholm,EE,SE,390.0,2,no_country_pair_in_rail_dataset
TLL-TYF,TLL,TYF,Tallinn,Torsby,EE,SE,666.8,1,no_country_pair_in_rail_dataset
TLL-TRD,TLL,TRD,Tallinn,Trondheim,EE,NO,862.9,2,no_country_pair_in_rail_dataset
TLL-VNO,TLL,VNO,Tallinn,Vilnius,EE,LT,532.1,3,no_country_pair_in_rail_dataset
TLL-WAW,TLL,WAW,Tallinn,Warsaw,EE,PL,841.0,1,no_country_pair_in_rail_dataset
ALC-BVA,ALC,BVA,Alicante,Beauvais,ES,FR,1260.4,1,no_country_pair_in_rail_dataset
ALC-BLQ,ALC,BLQ,Alicante,Bologna,ES,IT,1206.2,1,no_country_pair_in_rail_dataset
ALC-BOH,ALC,BOH,Alicante,Bournemouth,ES,GB,1393.4,1,no_country_pair_in_rail_dataset
ALC-BRS,ALC,BRS,Alicante,Bristol,ES,GB,1466.4,3,no_country_pair_in_rail_dataset
ALC-BSL,ALC,BSL,Alicante,Bâle / Mulhouse,ES,FR,1225.7,1,no_country_pair_in_rail_dataset
ALC-CWL,ALC,CWL,Alicante,Cardiff,ES,GB,1474.4,3,no_country_pair_in_rail_dataset
ALC-CRL,ALC,CRL,Alicante,Charleroi,ES,BE,1411.0,1,no_country_pair_in_rail_dataset
ALC-EXT,ALC,EXT,Alicante,"Exeter, Devon",ES,GB,1402.7,1,no_country_pair_in_rail_dataset
ALC-FRA,ALC,FRA,Alicante,Frankfurt am Main,ES,DE,1492.2,1,no_country_pair_in_rail_dataset
ALC-HHN,ALC,HHN,Alicante,Frankfurt am Main (Lautzenhausen),ES,DE,1437.5,1,no_country_pair_in_rail_dataset
ALC-GVA,ALC,GVA,Alicante,Geneva,ES,CH,1040.1,1,no_country_pair_in_rail_dataset
ALC-LGW,ALC,LGW,Alicante,London,ES,GB,1431.0,6,no_country_pair_in_rail_dataset
ALC-MST,ALC,MST,Alicante,Maastricht,ES,NL,1489.6,1,no_country_pair_in_rail_dataset
ALC-FMM,ALC,FMM,Alicante,Memmingen,ES,DE,1387.3,1,no_country_pair_in_rail_dataset
ALC-MUC,ALC,MUC,Alicante,Munich,ES,DE,1496.8,2,no_country_pair_in_rail_dataset
ALC-BGY,ALC,BGY,Alicante,Orio al Serio (BG),ES,IT,1179.3,1,no_country_pair_in_rail_dataset
ALC-ORY,ALC,ORY,Alicante,"Paris (Orly, Val-de-Marne)",ES,FR,1185.0,2,no_country_pair_in_rail_dataset
ALC-FKB,ALC,FKB,Alicante,Rheinmünster,ES,DE,1357.2,1,no_country_pair_in_rail_dataset
ALC-FCO,ALC,FCO,Alicante,Rome,ES,IT,1157.3,2,no_country_pair_in_rail_dataset
ALC-SOU,ALC,SOU,Alicante,Southampton,ES,GB,1410.0,1,no_country_pair_in_rail_dataset
ALC-SEN,ALC,SEN,Alicante,"Southend-on-Sea, Essex",ES,GB,1480.8,1,no_country_pair_in_rail_dataset
ALC-STR,ALC,STR,Alicante,Stuttgart,ES,DE,1398.1,1,no_country_pair_in_rail_dataset
ALC-BRU,ALC,BRU,Alicante,Zaventem,ES,BE,1458.0,4,no_country_pair_in_rail_dataset
ALC-ZRH,ALC,ZRH,Alicante,Zurich,ES,CH,1259.8,1,no_country_pair_in_rail_dataset
BCN-AMS,BCN,AMS,Barcelona,Amsterdam,ES,NL,1241.1,5,no_country_pair_in_rail_dataset
BCN-BRI,BCN,BRI,Barcelona,Bari,ES,IT,1226.7,2,no_country_pair_in_rail_dataset
BCN-BVA,BCN,BVA,Barcelona,Beauvais,ES,FR,907.1,1,no_country_pair_in_rail_dataset
BCN-BRN,BCN,BRN,Barcelona,Bern,ES,CH,759.3,1,no_country_pair_in_rail_dataset
BCN-BHX,BCN,BHX,Barcelona,"Birmingham, West Midlands",ES,GB,1273.7,2,no_country_pair_in_rail_dataset
BCN-BLQ,BCN,BLQ,Barcelona,Bologna,ES,IT,831.3,3,no_country_pair_in_rail_dataset
BCN-BOD,BCN,BOD,Barcelona,Bordeaux,ES,FR,453.5,2,no_country_pair_in_rail_dataset
BCN-BES,BCN,BES,Barcelona,Brest,ES,FR,944.9,2,no_country_pair_in_rail_dataset
BCN-BRS,BCN,BRS,Barcelona,Bristol,ES,GB,1179.6,1,no_country_pair_in_rail_dataset
BCN-BSL,BCN,BSL,Barcelona,Bâle / Mulhouse,ES,FR,822.9,2,no_country_pair_in_rail_dataset
BCN-CWL,BCN,CWL,Barcelona,Cardiff,ES,GB,1196.8,2,no_country_pair_in_rail_dataset
BCN-TRN,BCN,TRN,Barcelona,Caselle Torinese (TO),ES,IT,625.8,3,no_country_pair_in_rail_dataset
BCN-CTA,BCN,CTA,Barcelona,Catania,ES,IT,1193.3,2,no_country_pair_in_rail_dataset
BCN-CRL,BCN,CRL,Barcelona,Charleroi,ES,BE,1035.5,1,no_country_pair_in_rail_dataset
BCN-LYS,BCN,LYS,Barcelona,"Colombier-Saugnieu, Rhône",ES,FR,549.0,3,no_country_pair_in_rail_dataset
BCN-ORK,BCN,ORK,Barcelona,Cork,ES,IE,1420.7,1,no_country_pair_in_rail_dataset
BCN-DTM,BCN,DTM,Barcelona,Dortmund,ES,DE,1212.3,2,no_country_pair_in_rail_dataset
BCN-DRS,BCN,DRS,Barcelona,Dresden,ES,DE,1412.6,2,no_country_pair_in_rail_dataset
BCN-DUB,BCN,DUB,Barcelona,Dublin,ES,IE,1485.7,2,no_country_pair_in_rail_dataset
BCN-DBV,BCN,DBV,Barcelona,Dubrovnik,ES,HR,1344.4,2,no_country_pair_in_rail_dataset
BCN-DUS,BCN,DUS,Barcelona,Düsseldorf,ES,DE,1167.4,4,no_country_pair_in_rail_dataset
BCN-EIN,BCN,EIN,Barcelona,Eindhoven,ES,NL,1156.6,1,no_country_pair_in_rail_dataset
BCN-MXP,BCN,MXP,Barcelona,Ferno (VA),ES,IT,720.8,4,no_country_pair_in_rail_dataset
BCN-FLR,BCN,FLR,Barcelona,Firenze (FI),ES,IT,797.3,2,no_country_pair_in_rail_dataset
BCN-FRA,BCN,FRA,Barcelona,Frankfurt am Main,ES,DE,1092.5,4,no_country_pair_in_rail_dataset
BCN-GVA,BCN,GVA,Barcelona,Geneva,ES,CH,637.4,2,no_country_pair_in_rail_dataset
BCN-GOA,BCN,GOA,Barcelona,Genova (GE),ES,IT,650.7,2,no_country_pair_in_rail_dataset
BCN-HAM,BCN,HAM,Barcelona,Hamburg,ES,DE,1492.6,4,no_country_pair_in_rail_dataset
BCN-HAJ,BCN,HAJ,Barcelona,Hannover,ES,DE,1367.6,3,no_country_pair_in_rail_dataset
BCN-CGN,BCN,CGN,Barcelona,Köln (Cologne),ES,DE,1132.7,1,no_country_pair_in_rail_dataset
BCN-LBA,BCN,LBA,Barcelona,"Leeds, West Yorkshire",ES,GB,1424.9,2,no_country_pair_in_rail_dataset
BCN-LIL,BCN,LIL,Barcelona,Lesquin,ES,FR,1033.7,2,no_country_pair_in_rail_dataset
BCN-LIS,BCN,LIS,Barcelona,Lisbon,ES,PT,994.0,4,no_country_pair_in_rail_dataset
BCN-LPL,BCN,LPL,Barcelona,Liverpool,ES,GB,1388.3,2,no_country_pair_in_rail_dataset
BCN-LGW,BCN,LGW,Barcelona,London,ES,GB,1109.1,6,no_country_pair_in_rail_dataset
BCN-LHR,BCN,LHR,Barcelona,London,ES,GB,1147.7,3,no_country_pair_in_rail_dataset
BCN-STN,BCN,STN,Barcelona,"London, Essex",ES,GB,1185.6,1,no_country_pair_in_rail_dataset
BCN-LTN,BCN,LTN,Barcelona,"Luton, Luton",ES,GB,1190.8,1,no_country_pair_in_rail_dataset
BCN-LUX,BCN,LUX,Barcelona,Luxembourg,ES,LU,980.3,3,no_country_pair_in_rail_dataset
BCN-MAN,BCN,MAN,Barcelona,"Manchester, Greater Manchester",ES,GB,1379.2,3,no_country_pair_in_rail_dataset
BCN-MRS,BCN,MRS,Barcelona,"Marignane, Bouches-du-Rhône",ES,FR,350.6,2,no_country_pair_in_rail_dataset
BCN-MUC,BCN,MUC,Barcelona,Munich,ES,DE,1094.6,3,no_country_pair_in_rail_dataset
BCN-NTE,BCN,NTE,Barcelona,Nantes,ES,FR,714.2,2,no_country_pair_in_rail_dataset
BCN-NAP,BCN,NAP,Barcelona,Napoli,ES,IT,1023.6,2,no_country_pair_in_rail_dataset
BCN-NCE,BCN,NCE,Barcelona,"Nice, Alpes-Maritimes",ES,FR,496.3,3,no_country_pair_in_rail_dataset
BCN-EMA,BCN,EMA,Barcelona,"Nottingham, Leicestershire",ES,GB,1307.8,1,no_country_pair_in_rail_dataset
BCN-NUE,BCN,NUE,Barcelona,Nuremberg,ES,DE,1149.6,2,no_country_pair_in_rail_dataset
BCN-BGY,BCN,BGY,Barcelona,Orio al Serio (BG),ES,IT,783.8,1,no_country_pair_in_rail_dataset
BCN-PMO,BCN,PMO,Barcelona,Palermo,ES,IT,1002.7,2,no_country_pair_in_rail_dataset
BCN-ORY,BCN,ORY,Barcelona,"Paris (Orly, Val-de-Marne)",ES,FR,826.7,2,no_country_pair_in_rail_dataset
BCN-CDG,BCN,CDG,Barcelona,"Paris (Roissy-en-France, Val-d'Oise)",ES,FR,858.3,5,no_country_pair_in_rail_dataset
BCN-PSA,BCN,PSA,Barcelona,Pisa (PI),ES,IT,731.1,2,no_country_pair_in_rail_dataset
BCN-OPO,BCN,OPO,Barcelona,Porto,ES,PT,898.7,5,no_country_pair_in_rail_dataset
BCN-PRG,BCN,PRG,Barcelona,Prague,ES,CZ,1358.0,5,no_country_pair_in_rail_dataset
BCN-CIA,BCN,CIA,Barcelona,Rome,ES,IT,876.4,1,no_country_pair_in_rail_dataset
BCN-FCO,BCN,FCO,Barcelona,Rome,ES,IT,848.0,4,no_country_pair_in_rail_dataset
BCN-RTM,BCN,RTM,Barcelona,Rotterdam,ES,NL,1198.8,1,no_country_pair_in_rail_dataset
BCN-RNS,BCN,RNS,Barcelona,"Saint-Jacques-de-la-Lande, Ille-et-Vilaine",ES,FR,810.9,2,no_country_pair_in_rail_dataset
BCN-LEJ,BCN,LEJ,Barcelona,Schkeuditz,ES,DE,1366.3,2,no_country_pair_in_rail_dataset
BCN-LIN,BCN,LIN,Barcelona,Segrate (MI),ES,IT,742.0,1,no_country_pair_in_rail_dataset
BCN-SEN,BCN,SEN,Barcelona,"Southend-on-Sea, Essex",ES,GB,1147.2,1,no_country_pair_in_rail_dataset
BCN-STR,BCN,STR,Barcelona,Stuttgart,ES,DE,994.7,3,no_country_pair_in_rail_dataset
BCN-TLS,BCN,TLS,Barcelona,Toulouse/Blagnac,ES,FR,265.8,2,no_country_pair_in_rail_dataset
BCN-TSF,BCN,TSF,Barcelona,Treviso (TV),ES,IT,947.9,1,no_country_pair_in_rail_dataset
BCN-MLA,BCN,MLA,Barcelona,Valletta,ES,MT,1236.0,2,no_country_pair_in_rail_dataset
BCN-ZAG,BCN,ZAG,Barcelona,Velika Gorica,ES,HR,1229.4,3,no_country_pair_in_rail_dataset
BCN-VCE,BCN,VCE,Barcelona,Venezia (VE),ES,IT,951.7,2,no_country_pair_in_rail_dataset
BCN-VIE,BCN,VIE,Barcelona,Vienna,ES,AT,1369.7,6,no_country_pair_in_rail_dataset
BCN-BRU,BCN,BRU,Barcelona,Zaventem,ES,BE,1083.8,5,no_country_pair_in_rail_dataset
BCN-ZRH,BCN,ZRH,Barcelona,Zurich,ES,CH,855.9,3,no_country_pair_in_rail_dataset
BIO-AMS,BIO,AMS,Bilbao,Amsterdam,ES,NL,1152.5,2,no_country_pair_in_rail_dataset
BIO-DUB,BIO,DUB,Bilbao,Dublin,ES,IE,1152.7,1,no_country_pair_in_rail_dataset
BIO-DUS,BIO,DUS,Bilbao,Düsseldorf,ES,DE,1147.6,1,no_country_pair_in_rail_dataset
BIO-MXP,BIO,MXP,Bilbao,Ferno (VA),ES,IT,958.3,2,no_country_pair_in_rail_dataset
BIO-FRA,BIO,FRA,Bilbao,Frankfurt am Main,ES,DE,1148.9,1,no_country_pair_in_rail_dataset
BIO-GVA,BIO,GVA,Bilbao,Geneva,ES,CH,782.7,1,no_country_pair_in_rail_dataset
BIO-LIS,BIO,LIS,Bilbao,Lisbon,ES,PT,724.3,4,no_country_pair_in_rail_dataset
BIO-LHR,BIO,LHR,Bilbao,London,ES,GB,926.8,2,no_country_pair_in_rail_dataset
BIO-STN,BIO,STN,Bilbao,"London, Essex",ES,GB,983.0,1,no_country_pair_in_rail_dataset
BIO-MAN,BIO,MAN,Bilbao,"Manchester, Greater Manchester",ES,GB,1118.3,1,no_country_pair_in_rail_dataset
BIO-MUC,BIO,MUC,Bilbao,Munich,ES,DE,1267.0,1,no_country_pair_in_rail_dataset
BIO-ORY,BIO,ORY,Bilbao,"Paris (Orly, Val-de-Marne)",ES,FR,727.6,2,no_country_pair_in_rail_dataset
BIO-CDG,BIO,CDG,Bilbao,"Paris (Roissy-en-France, Val-d'Oise)",ES,FR,761.1,3,no_country_pair_in_rail_dataset
BIO-FCO,BIO,FCO,Bilbao,Rome,ES,IT,1251.3,1,no_country_pair_in_rail_dataset
BIO-STR,BIO,STR,Bilbao,Stuttgart,ES,DE,1110.4,1,no_country_pair_in_rail_dataset
BIO-VCE,BIO,VCE,Bilbao,Venezia (VE),ES,IT,1235.0,1,no_country_pair_in_rail_dataset
BIO-BRU,BIO,BRU,Bilbao,Zaventem,ES,BE,1012.5,2,no_country_pair_in_rail_dataset
LCG-LIS,LCG,LIS,Culleredo,Lisbon,ES,PT,506.7,1,no_country_pair_in_rail_dataset
LCG-LHR,LCG,LHR,Culleredo,London,ES,GB,1085.0,2,no_country_pair_in_rail_dataset
GRO-AHO,GRO,AHO,Girona,Alghero,ES,IT,483.2,1,no_country_pair_in_rail_dataset
GRO-AMS,GRO,AMS,Girona,Amsterdam,ES,NL,1166.6,1,no_country_pair_in_rail_dataset
GRO-BVA,GRO,BVA,Girona,Beauvais,ES,FR,841.0,1,no_country_pair_in_rail_dataset
GRO-BOH,GRO,BOH,Girona,Bournemouth,ES,GB,1047.7,1,no_country_pair_in_rail_dataset
GRO-BTS,GRO,BTS,Girona,Bratislava,ES,SK,1329.0,1,no_country_pair_in_rail_dataset
GRO-BRE,GRO,BRE,Girona,Bremen,ES,DE,1318.0,1,no_country_pair_in_rail_dataset
GRO-BDS,GRO,BDS,Girona,Brindisi,ES,IT,1274.8,1,no_country_pair_in_rail_dataset
GRO-BRS,GRO,BRS,Girona,Bristol,ES,GB,1133.0,1,no_country_pair_in_rail_dataset
GRO-CAG,GRO,CAG,Girona,Cagliari,ES,IT,607.6,1,no_country_pair_in_rail_dataset
GRO-CRL,GRO,CRL,Girona,Charleroi,ES,BE,960.4,1,no_country_pair_in_rail_dataset
GRO-DTM,GRO,DTM,Girona,Dortmund,ES,DE,1130.5,1,no_country_pair_in_rail_dataset
GRO-DUB,GRO,DUB,Girona,Dublin,ES,IE,1446.0,1,no_country_pair_in_rail_dataset
GRO-EIN,GRO,EIN,Girona,Eindhoven,ES,NL,1079.8,1,no_country_pair_in_rail_dataset
GRO-HHN,GRO,HHN,Girona,Frankfurt am Main (Lautzenhausen),ES,DE,959.1,1,no_country_pair_in_rail_dataset
GRO-FMO,GRO,FMO,Girona,Greven,ES,DE,1196.5,1,no_country_pair_in_rail_dataset
GRO-GRQ,GRO,GRQ,Girona,Groningen,ES,NL,1279.0,1,no_country_pair_in_rail_dataset
GRO-CGN,GRO,CGN,Girona,Köln (Cologne),ES,DE,1051.1,1,no_country_pair_in_rail_dataset
GRO-LBA,GRO,LBA,Girona,"Leeds, West Yorkshire",ES,GB,1369.6,1,no_country_pair_in_rail_dataset
GRO-STN,GRO,STN,Girona,"London, Essex",ES,GB,1126.1,1,no_country_pair_in_rail_dataset
GRO-LTN,GRO,LTN,Girona,"Luton, Luton",ES,GB,1133.6,1,no_country_pair_in_rail_dataset
GRO-MST,GRO,MST,Girona,Maastricht,ES,NL,1027.4,1,no_country_pair_in_rail_dataset
GRO-MAN,GRO,MAN,Girona,"Manchester, Greater Manchester",ES,GB,1326.6,1,no_country_pair_in_rail_dataset
GRO-FMM,GRO,FMM,Girona,Memmingen,ES,DE,895.7,1,no_country_pair_in_rail_dataset
GRO-NCL,GRO,NCL,Girona,"Newcastle upon Tyne, Tyne and Wear",ES,GB,1496.0,1,no_country_pair_in_rail_dataset
GRO-EMA,GRO,EMA,Girona,"Nottingham, Leicestershire",ES,GB,1252.9,1,no_country_pair_in_rail_dataset
GRO-BGY,GRO,BGY,Girona,Orio al Serio (BG),ES,IT,696.9,1,no_country_pair_in_rail_dataset
GRO-PSR,GRO,PSR,Girona,Pescara,ES,IT,942.4,1,no_country_pair_in_rail_dataset
GRO-PSA,GRO,PSA,Girona,Pisa (PI),ES,IT,653.0,1,no_country_pair_in_rail_dataset
GRO-FKB,GRO,FKB,Girona,Rheinmünster,ES,DE,869.6,1,no_country_pair_in_rail_dataset
GRO-RTM,GRO,RTM,Girona,Rotterdam,ES,NL,1124.9,1,no_country_pair_in_rail_dataset
GRO-TPS,GRO,TPS,Girona,Trapani (TP),ES,IT,940.1,1,no_country_pair_in_rail_dataset
GRO-MLA,GRO,MLA,Girona,Valletta,ES,MT,1216.8,1,no_country_pair_in_rail_dataset
GRO-NRN,GRO,NRN,Girona,Weeze,ES,DE,1108.2,1,no_country_pair_in_rail_dataset
GRO-WRO,GRO,WRO,Girona,Wrocław,ES,PL,1483.3,1,no_country_pair_in_rail_dataset
GRO-BRU,GRO,BRU,Girona,Zaventem,ES,BE,1009.0,1,no_country_pair_in_rail_dataset
IBZ-BRN,IBZ,BRN,Ibiza (Eivissa),Bern,ES,CH,1023.1,1,no_country_pair_in_rail_dataset
IBZ-BLQ,IBZ,BLQ,Ibiza (Eivissa),Bologna,ES,IT,1035.1,1,no_country_pair_in_rail_dataset
IBZ-BOH,IBZ,BOH,Ibiza (Eivissa),Bournemouth,ES,GB,1347.7,1,no_country_pair_in_rail_dataset
IBZ-BRS,IBZ,BRS,Ibiza (Eivissa),Bristol,ES,GB,1426.9,1,no_country_pair_in_rail_dataset
IBZ-BSL,IBZ,BSL,Ibiza (Eivissa),Bâle / Mulhouse,ES,FR,1090.0,1,no_country_pair_in_rail_dataset
IBZ-CRL,IBZ,CRL,Ibiza (Eivissa),Charleroi,ES,BE,1311.2,1,no_country_pair_in_rail_dataset
IBZ-DUS,IBZ,DUS,Ibiza (Eivissa),Düsseldorf,ES,DE,1443.1,3,no_country_pair_in_rail_dataset
IBZ-EIN,IBZ,EIN,Ibiza (Eivissa),Eindhoven,ES,NL,1432.7,2,no_country_pair_in_rail_dataset
IBZ-MXP,IBZ,MXP,Ibiza (Eivissa),Ferno (VA),ES,IT,964.0,1,no_country_pair_in_rail_dataset
IBZ-FRA,IBZ,FRA,Ibiza (Eivissa),Frankfurt am Main,ES,DE,1363.6,3,no_country_pair_in_rail_dataset
IBZ-HHN,IBZ,HHN,Ibiza (Eivissa),Frankfurt am Main (Lautzenhausen),ES,DE,1316.1,1,no_country_pair_in_rail_dataset
IBZ-FDH,IBZ,FDH,Ibiza (Eivissa),Friedrichshafen,ES,DE,1178.1,1,no_country_pair_in_rail_dataset
IBZ-GVA,IBZ,GVA,Ibiza (Eivissa),Geneva,ES,CH,905.8,1,no_country_pair_in_rail_dataset
IBZ-CGN,IBZ,CGN,Ibiza (Eivissa),Köln (Cologne),ES,DE,1407.8,2,no_country_pair_in_rail_dataset
IBZ-LCY,IBZ,LCY,Ibiza (Eivissa),London,ES,GB,1408.4,2,no_country_pair_in_rail_dataset
IBZ-LGW,IBZ,LGW,Ibiza (Eivissa),London,ES,GB,1370.4,2,no_country_pair_in_rail_dataset
IBZ-LHR,IBZ,LHR,Ibiza (Eivissa),London,ES,GB,1408.0,2,no_country_pair_in_rail_dataset
IBZ-STN,IBZ,STN,Ibiza (Eivissa),"London, Essex",ES,GB,1449.6,3,no_country_pair_in_rail_dataset
IBZ-LTN,IBZ,LTN,Ibiza (Eivissa),"Luton, Luton",ES,GB,1452.0,2,no_country_pair_in_rail_dataset
IBZ-LUX,IBZ,LUX,Ibiza (Eivissa),Luxembourg,ES,LU,1255.7,1,no_country_pair_in_rail_dataset
IBZ-MRS,IBZ,MRS,Ibiza (Eivissa),"Marignane, Bouches-du-Rhône",ES,FR,600.7,1,no_country_pair_in_rail_dataset
IBZ-MUC,IBZ,MUC,Ibiza (Eivissa),Munich,ES,DE,1344.3,2,no_country_pair_in_rail_dataset
IBZ-NUE,IBZ,NUE,Ibiza (Eivissa),Nuremberg,ES,DE,1409.8,1,no_country_pair_in_rail_dataset
IBZ-BGY,IBZ,BGY,Ibiza (Eivissa),Orio al Serio (BG),ES,IT,1019.4,1,no_country_pair_in_rail_dataset
IBZ-ORY,IBZ,ORY,Ibiza (Eivissa),"Paris (Orly, Val-de-Marne)",ES,FR,1098.8,3,no_country_pair_in_rail_dataset
IBZ-PSA,IBZ,PSA,Ibiza (Eivissa),Pisa (PI),ES,IT,923.4,1,no_country_pair_in_rail_dataset
IBZ-CIA,IBZ,CIA,Ibiza (Eivissa),Rome,ES,IT,1004.4,1,no_country_pair_in_rail_dataset
IBZ-RTM,IBZ,RTM,Ibiza (Eivissa),Rotterdam,ES,NL,1474.1,1,no_country_pair_in_rail_dataset
IBZ-SEN,IBZ,SEN,Ibiza (Eivissa),"Southend-on-Sea, Essex",ES,GB,1412.9,1,no_country_pair_in_rail_dataset
IBZ-STR,IBZ,STR,Ibiza (Eivissa),Stuttgart,ES,DE,1258.8,2,no_country_pair_in_rail_dataset
IBZ-NRN,IBZ,NRN,Ibiza (Eivissa),Weeze,ES,DE,1462.9,1,no_country_pair_in_rail_dataset
IBZ-BRU,IBZ,BRU,Ibiza (Eivissa),Zaventem,ES,BE,1359.5,3,no_country_pair_in_rail_dataset
IBZ-ZRH,IBZ,ZRH,Ibiza (Eivissa),Zurich,ES,CH,1116.9,1,no_country_pair_in_rail_dataset
MAD-AHO,MAD,AHO,Madrid,Alghero,ES,IT,1001.5,1,no_country_pair_in_rail_dataset
MAD-AMS,MAD,AMS,Madrid,Amsterdam,ES,NL,1458.8,3,no_country_pair_in_rail_dataset
MAD-BVA,MAD,BVA,Madrid,Beauvais,ES,FR,1091.4,1,no_country_pair_in_rail_dataset
MAD-BLQ,MAD,BLQ,Madrid,Bologna,ES,IT,1296.0,2,no_country_pair_in_rail_dataset
MAD-BOD,MAD,BOD,Madrid,Bordeaux,ES,FR,535.6,1,no_country_pair_in_rail_dataset
MAD-BRS,MAD,BRS,Madrid,Bristol,ES,GB,1212.6,1,no_country_pair_in_rail_dataset
MAD-BSL,MAD,BSL,Madrid,Bâle / Mulhouse,ES,FR,1185.6,1,no_country_pair_in_rail_dataset
MAD-CAG,MAD,CAG,Madrid,Cagliari,ES,IT,1085.4,1,no_country_pair_in_rail_dataset
MAD-TRN,MAD,TRN,Madrid,Caselle Torinese (TO),ES,IT,1052.6,1,no_country_pair_in_rail_dataset
MAD-CRL,MAD,CRL,Madrid,Charleroi,ES,BE,1271.4,1,no_country_pair_in_rail_dataset
MAD-LYS,MAD,LYS,Madrid,"Colombier-Saugnieu, Rhône",ES,FR,911.8,2,no_country_pair_in_rail_dataset
MAD-DUB,MAD,DUB,Madrid,Dublin,ES,IE,1452.5,3,no_country_pair_in_rail_dataset
MAD-DUS,MAD,DUS,Madrid,Düsseldorf,ES,DE,1439.6,3,no_country_pair_in_rail_dataset
MAD-EIN,MAD,EIN,Madrid,Eindhoven,ES,NL,1398.5,1,no_country_pair_in_rail_dataset
MAD-MXP,MAD,MXP,Madrid,Ferno (VA),ES,IT,1149.2,3,no_country_pair_in_rail_dataset
MAD-FLR,MAD,FLR,Madrid,Firenze (FI),ES,IT,1270.6,2,no_country_pair_in_rail_dataset
MAD-FRA,MAD,FRA,Madrid,Frankfurt am Main,ES,DE,1419.5,8,no_country_pair_in_rail_dataset
MAD-GVA,MAD,GVA,Madrid,Geneva,ES,CH,1008.9,4,no_country_pair_in_rail_dataset
MAD-LIS,MAD,LIS,Madrid,Lisbon,ES,PT,512.9,6,no_country_pair_in_rail_dataset
MAD-LPL,MAD,LPL,Madrid,Liverpool,ES,GB,1428.9,1,no_country_pair_in_rail_dataset
MAD-LCY,MAD,LCY,Madrid,London,ES,GB,1255.7,2,no_country_pair_in_rail_dataset
MAD-LGW,MAD,LGW,Madrid,London,ES,GB,1213.2,2,no_country_pair_in_rail_dataset
MAD-LHR,MAD,LHR,Madrid,London,ES,GB,1243.8,2,no_country_pair_in_rail_dataset
MAD-STN,MAD,STN,Madrid,"London, Essex",ES,GB,1299.7,1,no_country_pair_in_rail_dataset
MAD-LTN,MAD,LTN,Madrid,"Luton, Luton",ES,GB,1289.0,1,no_country_pair_in_rail_dataset
MAD-LUX,MAD,LUX,Madrid,Luxembourg,ES,LU,1271.3,1,no_country_pair_in_rail_dataset
MAD-MAN,MAD,MAN,Madrid,"Manchester, Greater Manchester",ES,GB,1432.8,1,no_country_pair_in_rail_dataset
MAD-MRS,MAD,MRS,Madrid,"Marignane, Bouches-du-Rhône",ES,FR,796.2,2,no_country_pair_in_rail_dataset
MAD-MUC,MAD,MUC,Madrid,Munich,ES,DE,1496.0,4,no_country_pair_in_rail_dataset
MAD-NTE,MAD,NTE,Madrid,Nantes,ES,FR,757.0,1,no_country_pair_in_rail_dataset
MAD-NCE,MAD,NCE,Madrid,"Nice, Alpes-Maritimes",ES,FR,956.5,1,no_country_pair_in_rail_dataset
MAD-BGY,MAD,BGY,Madrid,Orio al Serio (BG),ES,IT,1220.4,1,no_country_pair_in_rail_dataset
MAD-PMO,MAD,PMO,Madrid,Palermo,ES,IT,1453.8,1,no_country_pair_in_rail_dataset
MAD-ORY,MAD,ORY,Madrid,"Paris (Orly, Val-de-Marne)",ES,FR,1028.4,3,no_country_pair_in_rail_dataset
MAD-CDG,MAD,CDG,Madrid,"Paris (Roissy-en-France, Val-d'Oise)",ES,FR,1062.5,3,no_country_pair_in_rail_dataset
MAD-PSA,MAD,PSA,Madrid,Pisa (PI),ES,IT,1204.0,1,no_country_pair_in_rail_dataset
MAD-OPO,MAD,OPO,Madrid,Porto,ES,PT,437.6,6,no_country_pair_in_rail_dataset
MAD-CIA,MAD,CIA,Madrid,Rome,ES,IT,1359.5,1,no_country_pair_in_rail_dataset
MAD-FCO,MAD,FCO,Madrid,Rome,ES,IT,1331.0,3,no_country_pair_in_rail_dataset
MAD-RTM,MAD,RTM,Madrid,Rotterdam,ES,NL,1413.8,1,no_country_pair_in_rail_dataset
MAD-LIN,MAD,LIN,Madrid,Segrate (MI),ES,IT,1179.6,1,no_country_pair_in_rail_dataset
MAD-SXB,MAD,SXB,Madrid,Strasbourg,ES,FR,1258.0,1,no_country_pair_in_rail_dataset
MAD-LDE,MAD,LDE,Madrid,Tarbes/Lourdes/Pyrénées,ES,FR,420.0,1,no_country_pair_in_rail_dataset
MAD-TLS,MAD,TLS,Madrid,Toulouse/Blagnac,ES,FR,536.1,1,no_country_pair_in_rail_dataset
MAD-VCE,MAD,VCE,Madrid,Venezia (VE),ES,IT,1406.7,1,no_country_pair_in_rail_dataset
MAD-BRU,MAD,BRU,Madrid,Zaventem,ES,BE,1313.8,5,no_country_pair_in_rail_dataset
MAD-ZRH,MAD,ZRH,Madrid,Zurich,ES,CH,1238.7,3,no_country_pair_in_rail_dataset
MAH-BHX,MAH,BHX,Mahón (Maó),"Birmingham, West Midlands",ES,GB,1472.3,1,no_country_pair_in_rail_dataset
MAH-DUS,MAH,DUS,Mahón (Maó),Düsseldorf,ES,DE,1285.8,1,no_country_pair_in_rail_dataset
MAH-FRA,MAH,FRA,Mahón (Maó),Frankfurt am Main,ES,DE,1180.1,1,no_country_pair_in_rail_dataset
MAH-HAJ,MAH,HAJ,Mahón (Maó),Hannover,ES,DE,1461.7,1,no_country_pair_in_rail_dataset
MAH-CGN,MAH,CGN,Mahón (Maó),Köln (Cologne),ES,DE,1244.4,1,no_country_pair_in_rail_dataset
MAH-LCY,MAH,LCY,Mahón (Maó),London,ES,GB,1333.8,1,no_country_pair_in_rail_dataset
MAH-LGW,MAH,LGW,Mahón (Maó),London,ES,GB,1300.4,3,no_country_pair_in_rail_dataset
MAH-LTN,MAH,LTN,Mahón (Maó),"Luton, Luton",ES,GB,1381.4,1,no_country_pair_in_rail_dataset
MAH-MUC,MAH,MUC,Mahón (Maó),Munich,ES,DE,1119.7,1,no_country_pair_in_rail_dataset
MAH-STR,MAH,STR,Mahón (Maó),Stuttgart,ES,DE,1058.7,1,no_country_pair_in_rail_dataset
MAH-BRU,MAH,BRU,Mahón (Maó),Zaventem,ES,BE,1227.6,1,no_country_pair_in_rail_dataset
AGP-BOD,AGP,BOD,Málaga,Bordeaux,ES,FR,960.7,1,no_country_pair_in_rail_dataset
AGP-BVE,AGP,BVE,Málaga,Brive,ES,FR,1056.8,1,no_country_pair_in_rail_dataset
AGP-LYS,AGP,LYS,Málaga,"Colombier-Saugnieu, Rhône",ES,FR,1285.1,2,no_country_pair_in_rail_dataset
AGP-MXP,AGP,MXP,Málaga,Ferno (VA),ES,IT,1485.8,1,no_country_pair_in_rail_dataset
AGP-GVA,AGP,GVA,Málaga,Geneva,ES,CH,1380.3,2,no_country_pair_in_rail_dataset
AGP-LIS,AGP,LIS,Málaga,Lisbon,ES,PT,470.2,2,no_country_pair_in_rail_dataset
AGP-MRS,AGP,MRS,Málaga,"Marignane, Bouches-du-Rhône",ES,FR,1116.1,1,no_country_pair_in_rail_dataset
AGP-NTE,AGP,NTE,Málaga,Nantes,ES,FR,1189.2,2,no_country_pair_in_rail_dataset
AGP-ORY,AGP,ORY,Málaga,"Paris (Orly, Val-de-Marne)",ES,FR,1451.4,3,no_country_pair_in_rail_dataset
AGP-CDG,AGP,CDG,Málaga,"Paris (Roissy-en-France, Val-d'Oise)",ES,FR,1485.6,3,no_country_pair_in_rail_dataset
AGP-TLS,AGP,TLS,Málaga,Toulouse/Blagnac,ES,FR,919.3,2,no_country_pair_in_rail_dataset
PMI-AMS,PMI,AMS,Palma de Mallorca,Amsterdam,ES,NL,1427.0,3,no_country_pair_in_rail_dataset
PMI-BVA,PMI,BVA,Palma de Mallorca,Beauvais,ES,FR,1102.2,1,no_country_pair_in_rail_dataset
PMI-BRN,PMI,BRN,Palma de Mallorca,Bern,ES,CH,904.4,1,no_country_pair_in_rail_dataset
PMI-BHX,PMI,BHX,Palma de Mallorca,"Birmingham, West Midlands",ES,GB,1475.2,5,no_country_pair_in_rail_dataset
PMI-BLQ,PMI,BLQ,Palma de Mallorca,Bologna,ES,IT,896.7,1,no_country_pair_in_rail_dataset
PMI-BOD,PMI,BOD,Palma de Mallorca,Bordeaux,ES,FR,652.0,3,no_country_pair_in_rail_dataset
PMI-BOH,PMI,BOH,Palma de Mallorca,Bournemouth,ES,GB,1298.5,2,no_country_pair_in_rail_dataset
PMI-BRS,PMI,BRS,Palma de Mallorca,Bristol,ES,GB,1381.6,4,no_country_pair_in_rail_dataset
PMI-BSL,PMI,BSL,Palma de Mallorca,Bâle / Mulhouse,ES,FR,973.9,3,no_country_pair_in_rail_dataset
PMI-PAD,PMI,PAD,Palma de Mallorca,Büren,ES,DE,1415.8,2,no_country_pair_in_rail_dataset
PMI-KSF,PMI,KSF,Palma de Mallorca,Calden,ES,DE,1416.3,1,no_country_pair_in_rail_dataset
PMI-CWL,PMI,CWL,Palma de Mallorca,Cardiff,ES,GB,1398.7,1,no_country_pair_in_rail_dataset
PMI-CRL,PMI,CRL,Palma de Mallorca,Charleroi,ES,BE,1220.6,1,no_country_pair_in_rail_dataset
PMI-LYS,PMI,LYS,Palma de Mallorca,"Colombier-Saugnieu, Rhône",ES,FR,712.9,2,no_country_pair_in_rail_dataset
PMI-DTM,PMI,DTM,Palma de Mallorca,Dortmund,ES,DE,1382.9,3,no_country_pair_in_rail_dataset
PMI-DUS,PMI,DUS,Palma de Mallorca,Düsseldorf,ES,DE,1342.0,5,no_country_pair_in_rail_dataset
PMI-EIN,PMI,EIN,Palma de Mallorca,Eindhoven,ES,NL,1338.7,2,no_country_pair_in_rail_dataset
PMI-ERF,PMI,ERF,Palma de Mallorca,Erfurt,ES,DE,1422.1,1,no_country_pair_in_rail_dataset
PMI-EXT,PMI,EXT,Palma de Mallorca,"Exeter, Devon",ES,GB,1332.6,3,no_country_pair_in_rail_dataset
PMI-FAO,PMI,FAO,Palma de Mallorca,Faro,ES,PT,975.7,1,no_country_pair_in_rail_dataset
PMI-GRZ,PMI,GRZ,Palma de Mallorca,Feldkirchen bei Graz,ES,AT,1316.9,2,no_country_pair_in_rail_dataset
PMI-MXP,PMI,MXP,Palma de Mallorca,Ferno (VA),ES,IT,834.5,1,no_country_pair_in_rail_dataset
PMI-FRA,PMI,FRA,Palma de Mallorca,Frankfurt am Main,ES,DE,1251.1,4,no_country_pair_in_rail_dataset
PMI-HHN,PMI,HHN,Palma de Mallorca,Frankfurt am Main (Lautzenhausen),ES,DE,1209.2,1,no_country_pair_in_rail_dataset
PMI-FDH,PMI,FDH,Palma de Mallorca,Friedrichshafen,ES,DE,1053.8,2,no_country_pair_in_rail_dataset
PMI-GVA,PMI,GVA,Palma de Mallorca,Geneva,ES,CH,792.4,2,no_country_pair_in_rail_dataset
PMI-FMO,PMI,FMO,Palma de Mallorca,Greven,ES,DE,1449.8,1,no_country_pair_in_rail_dataset
PMI-LGG,PMI,LGG,Palma de Mallorca,Grâce-Hollogne,ES,BE,1250.7,1,no_country_pair_in_rail_dataset
PMI-INN,PMI,INN,Palma de Mallorca,Innsbruck,ES,AT,1102.2,2,no_country_pair_in_rail_dataset
PMI-CGN,PMI,CGN,Palma de Mallorca,Köln (Cologne),ES,DE,1303.9,5,no_country_pair_in_rail_dataset
PMI-LNZ,PMI,LNZ,Palma de Mallorca,Linz,ES,AT,1329.1,2,no_country_pair_in_rail_dataset
PMI-LCY,PMI,LCY,Palma de Mallorca,London,ES,GB,1345.3,2,no_country_pair_in_rail_dataset
PMI-LGW,PMI,LGW,Palma de Mallorca,London,ES,GB,1309.3,6,no_country_pair_in_rail_dataset
PMI-LHR,PMI,LHR,Palma de Mallorca,London,ES,GB,1348.2,2,no_country_pair_in_rail_dataset
PMI-STN,PMI,STN,Palma de Mallorca,"London, Essex",ES,GB,1384.9,3,no_country_pair_in_rail_dataset
PMI-LTN,PMI,LTN,Palma de Mallorca,"Luton, Luton",ES,GB,1391.0,3,no_country_pair_in_rail_dataset
PMI-LUX,PMI,LUX,Palma de Mallorca,Luxembourg,ES,LU,1153.2,1,no_country_pair_in_rail_dataset
PMI-MST,PMI,MST,Palma de Mallorca,Maastricht,ES,NL,1284.9,1,no_country_pair_in_rail_dataset
PMI-MRS,PMI,MRS,Palma de Mallorca,"Marignane, Bouches-du-Rhône",ES,FR,478.7,3,no_country_pair_in_rail_dataset
PMI-FMM,PMI,FMM,Palma de Mallorca,Memmingen,ES,DE,1113.5,2,no_country_pair_in_rail_dataset
PMI-MUC,PMI,MUC,Palma de Mallorca,Munich,ES,DE,1215.7,4,no_country_pair_in_rail_dataset
PMI-NTE,PMI,NTE,Palma de Mallorca,Nantes,ES,FR,915.1,1,no_country_pair_in_rail_dataset
PMI-NUE,PMI,NUE,Palma de Mallorca,Nuremberg,ES,DE,1286.8,2,no_country_pair_in_rail_dataset
PMI-OST,PMI,OST,Palma de Mallorca,Oostende,ES,BE,1295.3,1,no_country_pair_in_rail_dataset
PMI-BGY,PMI,BGY,Palma de Mallorca,Orio al Serio (BG),ES,IT,887.0,1,no_country_pair_in_rail_dataset
PMI-ORY,PMI,ORY,Palma de Mallorca,"Paris (Orly, Val-de-Marne)",ES,FR,1021.0,4,no_country_pair_in_rail_dataset
PMI-OPO,PMI,OPO,Palma de Mallorca,Porto,ES,PT,984.5,1,no_country_pair_in_rail_dataset
PMI-PRG,PMI,PRG,Palma de Mallorca,Prague,ES,CZ,1480.2,2,no_country_pair_in_rail_dataset
PMI-FKB,PMI,FKB,Palma de Mallorca,Rheinmünster,ES,DE,1110.3,2,no_country_pair_in_rail_dataset
PMI-CIA,PMI,CIA,Palma de Mallorca,Rome,ES,IT,867.4,1,no_country_pair_in_rail_dataset
PMI-RTM,PMI,RTM,Palma de Mallorca,Rotterdam,ES,NL,1385.6,1,no_country_pair_in_rail_dataset
PMI-SCN,PMI,SCN,Palma de Mallorca,Saarbrücken,ES,DE,1128.7,1,no_country_pair_in_rail_dataset
PMI-SZG,PMI,SZG,Palma de Mallorca,Salzburg,ES,AT,1231.4,2,no_country_pair_in_rail_dataset
PMI-SOU,PMI,SOU,Palma de Mallorca,Southampton,ES,GB,1306.9,1,no_country_pair_in_rail_dataset
PMI-SEN,PMI,SEN,Palma de Mallorca,"Southend-on-Sea, Essex",ES,GB,1345.7,1,no_country_pair_in_rail_dataset
PMI-STR,PMI,STR,Palma de Mallorca,Stuttgart,ES,DE,1139.3,4,no_country_pair_in_rail_dataset
PMI-TLS,PMI,TLS,Palma de Mallorca,Toulouse/Blagnac,ES,FR,467.6,2,no_country_pair_in_rail_dataset
PMI-VIE,PMI,VIE,Palma de Mallorca,Vienna,ES,AT,1457.7,3,no_country_pair_in_rail_dataset
PMI-NRN,PMI,NRN,Palma de Mallorca,Weeze,ES,DE,1365.4,1,no_country_pair_in_rail_dataset
PMI-BRU,PMI,BRU,Palma de Mallorca,Zaventem,ES,BE,1269.3,4,no_country_pair_in_rail_dataset
PMI-ZRH,PMI,ZRH,Palma de Mallorca,Zurich,ES,CH,995.5,2,no_country_pair_in_rail_dataset
OVD-STN,OVD,STN,Ranón,"London, Essex",ES,GB,1036.4,1,no_country_pair_in_rail_dataset
OVD-CDG,OVD,CDG,Ranón,"Paris (Roissy-en-France, Val-d'Oise)",ES,FR,894.6,2,no_country_pair_in_rail_dataset
REU-BHX,REU,BHX,Reus,"Birmingham, West Midlands",ES,GB,1276.4,1,no_country_pair_in_rail_dataset
REU-BRS,REU,BRS,Reus,Bristol,ES,GB,1176.1,2,no_country_pair_in_rail_dataset
REU-CRL,REU,CRL,Reus,Charleroi,ES,BE,1066.4,1,no_country_pair_in_rail_dataset
REU-DUB,REU,DUB,Reus,Dublin,ES,IE,1474.2,1,no_country_pair_in_rail_dataset
REU-EIN,REU,EIN,Reus,Eindhoven,ES,NL,1189.8,1,no_country_pair_in_rail_dataset
REU-HHN,REU,HHN,Reus,Frankfurt am Main (Lautzenhausen),ES,DE,1086.5,1,no_country_pair_in_rail_dataset
REU-LPL,REU,LPL,Reus,Liverpool,ES,GB,1388.1,1,no_country_pair_in_rail_dataset
REU-STN,REU,STN,Reus,"London, Essex",ES,GB,1196.1,1,no_country_pair_in_rail_dataset
REU-LTN,REU,LTN,Reus,"Luton, Luton",ES,GB,1198.5,1,no_country_pair_in_rail_dataset
REU-MAN,REU,MAN,Reus,"Manchester, Greater Manchester",ES,GB,1381.1,3,no_country_pair_in_rail_dataset
REU-EMA,REU,EMA,Reus,"Nottingham, Leicestershire",ES,GB,1312.7,1,no_country_pair_in_rail_dataset
REU-BRU,REU,BRU,Reus,Zaventem,ES,BE,1114.1,1,no_country_pair_in_rail_dataset
SDR-CRL,SDR,CRL,Santander,Charleroi,ES,BE,1002.2,1,no_country_pair_in_rail_dataset
SDR-DUB,SDR,DUB,Santander,Dublin,ES,IE,1126.5,1,no_country_pair_in_rail_dataset
SDR-EDI,SDR,EDI,Santander,Edinburgh,ES,GB,1392.9,1,no_country_pair_in_rail_dataset
SDR-HHN,SDR,HHN,Santander,Frankfurt am Main (Lautzenhausen),ES,DE,1111.5,1,no_country_pair_in_rail_dataset
SDR-STN,SDR,STN,Santander,"London, Essex",ES,GB,987.9,1,no_country_pair_in_rail_dataset
SDR-BGY,SDR,BGY,Santander,Orio al Serio (BG),ES,IT,1099.2,1,no_country_pair_in_rail_dataset
SDR-CIA,SDR,CIA,Santander,Rome,ES,IT,1353.2,1,no_country_pair_in_rail_dataset
SDR-NRN,SDR,NRN,Santander,Weeze,ES,DE,1175.0,1,no_country_pair_in_rail_dataset
SCQ-BSL,SCQ,BSL,Santiago de Compostela,Bâle / Mulhouse,ES,FR,1349.6,1,no_country_pair_in_rail_dataset
SCQ-DUB,SCQ,DUB,Santiago de Compostela,Dublin,ES,IE,1181.8,1,no_country_pair_in_rail_dataset
SCQ-HHN,SCQ,HHN,Santiago de Compostela,Frankfurt am Main (Lautzenhausen),ES,DE,1430.4,1,no_country_pair_in_rail_dataset
SCQ-GVA,SCQ,GVA,Santiago de Compostela,Geneva,ES,CH,1207.0,1,no_country_pair_in_rail_dataset
SCQ-LGW,SCQ,LGW,Santiago de Compostela,London,ES,GB,1108.1,1,no_country_pair_in_rail_dataset
SCQ-STN,SCQ,STN,Santiago de Compostela,"London, Essex",ES,GB,1191.1,1,no_country_pair_in_rail_dataset
SCQ-BGY,SCQ,BGY,Santiago de Compostela,Orio al Serio (BG),ES,IT,1471.9,1,no_country_pair_in_rail_dataset
SCQ-CDG,SCQ,CDG,Santiago de Compostela,"Paris (Roissy-en-France, Val-d'Oise)",ES,FR,1084.9,2,no_country_pair_in_rail_dataset
SCQ-BRU,SCQ,BRU,Santiago de Compostela,Zaventem,ES,BE,1320.5,2,no_country_pair_in_rail_dataset
SVQ-BVA,SVQ,BVA,Seville,Beauvais,ES,FR,1484.3,1,no_country_pair_in_rail_dataset
SVQ-BOD,SVQ,BOD,Seville,Bordeaux,ES,FR,930.7,1,no_country_pair_in_rail_dataset
SVQ-LYS,SVQ,LYS,Seville,"Colombier-Saugnieu, Rhône",ES,FR,1297.0,3,no_country_pair_in_rail_dataset
SVQ-GVA,SVQ,GVA,Seville,Geneva,ES,CH,1393.8,1,no_country_pair_in_rail_dataset
SVQ-LIS,SVQ,LIS,Seville,Lisbon,ES,PT,321.7,3,no_country_pair_in_rail_dataset
SVQ-MRS,SVQ,MRS,Seville,"Marignane, Bouches-du-Rhône",ES,FR,1152.4,1,no_country_pair_in_rail_dataset
SVQ-NTE,SVQ,NTE,Seville,Nantes,ES,FR,1137.9,3,no_country_pair_in_rail_dataset
SVQ-ORY,SVQ,ORY,Seville,"Paris (Orly, Val-de-Marne)",ES,FR,1423.2,3,no_country_pair_in_rail_dataset
SVQ-TLS,SVQ,TLS,Seville,Toulouse/Blagnac,ES,FR,922.9,2,no_country_pair_in_rail_dataset
VLC-AMS,VLC,AMS,Valencia,Amsterdam,ES,NL,1481.1,3,no_country_pair_in_rail_dataset
VLC-BRI,VLC,BRI,Valencia,Bari,ES,IT,1470.9,1,no_country_pair_in_rail_dataset
VLC-BVA,VLC,BVA,Valencia,Beauvais,ES,FR,1126.8,1,no_country_pair_in_rail_dataset
VLC-BLQ,VLC,BLQ,Valencia,Bologna,ES,IT,1121.1,1,no_country_pair_in_rail_dataset
VLC-BRS,VLC,BRS,Valencia,Bristol,ES,GB,1333.7,1,no_country_pair_in_rail_dataset
VLC-CRL,VLC,CRL,Valencia,Charleroi,ES,BE,1279.8,1,no_country_pair_in_rail_dataset
VLC-DUS,VLC,DUS,Valencia,Düsseldorf,ES,DE,1427.3,1,no_country_pair_in_rail_dataset
VLC-EIN,VLC,EIN,Valencia,Eindhoven,ES,NL,1405.1,1,no_country_pair_in_rail_dataset
VLC-FRA,VLC,FRA,Valencia,Frankfurt am Main,ES,DE,1369.7,2,no_country_pair_in_rail_dataset
VLC-HHN,VLC,HHN,Valencia,Frankfurt am Main (Lautzenhausen),ES,DE,1312.2,1,no_country_pair_in_rail_dataset
VLC-GVA,VLC,GVA,Valencia,Geneva,ES,CH,922.1,1,no_country_pair_in_rail_dataset
VLC-LIS,VLC,LIS,Valencia,Lisbon,ES,PT,750.3,3,no_country_pair_in_rail_dataset
VLC-LGW,VLC,LGW,Valencia,London,ES,GB,1296.7,1,no_country_pair_in_rail_dataset
VLC-STN,VLC,STN,Valencia,"London, Essex",ES,GB,1379.5,1,no_country_pair_in_rail_dataset
VLC-MRS,VLC,MRS,Valencia,"Marignane, Bouches-du-Rhône",ES,FR,646.1,1,no_country_pair_in_rail_dataset
VLC-MUC,VLC,MUC,Valencia,Munich,ES,DE,1388.5,1,no_country_pair_in_rail_dataset
VLC-NTE,VLC,NTE,Valencia,Nantes,ES,FR,857.1,1,no_country_pair_in_rail_dataset
VLC-EMA,VLC,EMA,Valencia,"Nottingham, Leicestershire",ES,GB,1485.0,1,no_country_pair_in_rail_dataset
VLC-BGY,VLC,BGY,Valencia,Orio al Serio (BG),ES,IT,1079.4,1,no_country_pair_in_rail_dataset
VLC-ORY,VLC,ORY,Valencia,"Paris (Orly, Val-de-Marne)",ES,FR,1052.0,2,no_country_pair_in_rail_dataset
VLC-CDG,VLC,CDG,Valencia,"Paris (Roissy-en-France, Val-d'Oise)",ES,FR,1085.6,2,no_country_pair_in_rail_dataset
VLC-PSA,VLC,PSA,Valencia,Pisa (PI),ES,IT,1016.4,1,no_country_pair_in_rail_dataset
VLC-OPO,VLC,OPO,Valencia,Porto,ES,PT,721.4,1,no_country_pair_in_rail_dataset
VLC-CIA,VLC,CIA,Valencia,Rome,ES,IT,1131.5,1,no_country_pair_in_rail_dataset
VLC-FCO,VLC,FCO,Valencia,Rome,ES,IT,1103.5,3,no_country_pair_in_rail_dataset
VLC-TRS,VLC,TRS,Valencia,Ronchi dei Legionari/Trieste,ES,IT,1337.9,1,no_country_pair_in_rail_dataset
VLC-RTM,VLC,RTM,Valencia,Rotterdam,ES,NL,1437.1,1,no_country_pair_in_rail_dataset
VLC-TSF,VLC,TSF,Valencia,Treviso (TV),ES,IT,1241.3,1,no_country_pair_in_rail_dataset
VLC-NRN,VLC,NRN,Valencia,Weeze,ES,DE,1440.7,1,no_country_pair_in_rail_dataset
VLC-BRU,VLC,BRU,Valencia,Zaventem,ES,BE,1326.5,3,no_country_pair_in_rail_dataset
VLC-ZRH,VLC,ZRH,Valencia,Zurich,ES,CH,1145.6,1,no_country_pair_in_rail_dataset
VGO-CDG,VGO,CDG,Vigo,"Paris (Roissy-en-France, Val-d'Oise)",ES,FR,1148.5,3,no_country_pair_in_rail_dataset
ZAZ-BVA,ZAZ,BVA,Zaragoza,Beauvais,ES,FR,899.9,1,no_country_pair_in_rail_dataset
ZAZ-CRL,ZAZ,CRL,Zaragoza,Charleroi,ES,BE,1065.4,1,no_country_pair_in_rail_dataset
ZAZ-STN,ZAZ,STN,Zaragoza,"London, Essex",ES,GB,1140.4,1,no_country_pair_in_rail_dataset
ZAZ-BGY,ZAZ,BGY,Zaragoza,Orio al Serio (BG),ES,IT,971.4,1,no_country_pair_in_rail_dataset
HEL-KRK,HEL,KRK,Helsinki (Vantaa),Balice,FI,PL,1184.3,1,no_country_pair_in_rail_dataset
HEL-BUD,HEL,BUD,Helsinki (Vantaa),Budapest,FI,HU,1479.7,2,no_country_pair_in_rail_dataset
HEL-CEE,HEL,CEE,Helsinki (Vantaa),Cherepovets,FI,RU,738.1,1,no_country_pair_in_rail_dataset
HEL-CPH,HEL,CPH,Helsinki (Vantaa),Copenhagen,FI,DK,892.2,3,no_country_pair_in_rail_dataset
HEL-GDN,HEL,GDN,Helsinki (Vantaa),Gdańsk,FI,PL,766.2,1,no_country_pair_in_rail_dataset
HEL-GOT,HEL,GOT,Helsinki (Vantaa),Göteborg,FI,SE,782.7,1,no_country_pair_in_rail_dataset
HEL-HAM,HEL,HAM,Helsinki (Vantaa),Hamburg,FI,DE,1168.7,2,no_country_pair_in_rail_dataset
HEL-KOK,HEL,KOK,Helsinki (Vantaa),Kokkola / Kruunupyy,FI,FI,390.1,2,no_distance_compatible_rail_candidate
HEL-MHQ,HEL,MHQ,Helsinki (Vantaa),Mariehamn,FI,FI,280.5,2,no_distance_compatible_rail_candidate
HEL-MSQ,HEL,MSQ,Helsinki (Vantaa),Minsk,FI,BY,738.6,2,no_country_pair_in_rail_dataset
HEL-DME,HEL,DME,Helsinki (Vantaa),Moscow,FI,RU,937.7,2,no_country_pair_in_rail_dataset
HEL-SVO,HEL,SVO,Helsinki (Vantaa),Moscow,FI,RU,873.4,2,no_country_pair_in_rail_dataset
HEL-NRK,HEL,NRK,Helsinki (Vantaa),Norrköping,FI,SE,528.2,2,no_country_pair_in_rail_dataset
HEL-OSL,HEL,OSL,Helsinki (Vantaa),Oslo (Gardermoen),FI,NO,763.5,3,no_country_pair_in_rail_dataset
HEL-PRG,HEL,PRG,Helsinki (Vantaa),Prague,FI,CZ,1319.9,3,no_country_pair_in_rail_dataset
HEL-RIX,HEL,RIX,Helsinki (Vantaa),Riga,FI,LV,382.1,2,no_country_pair_in_rail_dataset
HEL-SVL,HEL,SVL,Helsinki (Vantaa),Savonlinna,FI,FI,279.8,2,no_distance_compatible_rail_candidate
HEL-LED,HEL,LED,Helsinki (Vantaa),St. Petersburg,FI,RU,299.6,2,no_country_pair_in_rail_dataset
HEL-ARN,HEL,ARN,Helsinki (Vantaa),Stockholm,FI,SE,398.1,5,no_country_pair_in_rail_dataset
HEL-BMA,HEL,BMA,Helsinki (Vantaa),Stockholm,FI,SE,406.5,2,no_country_pair_in_rail_dataset
HEL-VIE,HEL,VIE,Helsinki (Vantaa),Vienna,FI,AT,1460.3,2,no_country_pair_in_rail_dataset
HEL-VNO,HEL,VNO,Helsinki (Vantaa),Vilnius,FI,LT,632.4,2,no_country_pair_in_rail_dataset
HEL-WAW,HEL,WAW,Helsinki (Vantaa),Warsaw,FI,PL,939.1,2,no_country_pair_in_rail_dataset
KOK-HEL,KOK,HEL,Kokkola / Kruunupyy,Helsinki (Vantaa),FI,FI,390.1,2,no_distance_compatible_rail_candidate
MHQ-HEL,MHQ,HEL,Mariehamn,Helsinki (Vantaa),FI,FI,280.5,2,no_distance_compatible_rail_candidate
OUL-ARN,OUL,ARN,Oulu / Oulunsalo,Stockholm,FI,SE,700.7,1,no_country_pair_in_rail_dataset
POR-ARN,POR,ARN,Pori,Stockholm,FI,SE,292.2,1,no_country_pair_in_rail_dataset
SVL-HEL,SVL,HEL,Savonlinna,Helsinki (Vantaa),FI,FI,279.8,2,no_distance_compatible_rail_candidate
TMP-BRE,TMP,BRE,Tampere / Pirkkala,Bremen,FI,DE,1282.9,1,no_country_pair_in_rail_dataset
TMP-ARN,TMP,ARN,Tampere / Pirkkala,Stockholm,FI,SE,367.1,3,no_country_pair_in_rail_dataset
TKU-CPH,TKU,CPH,Turku,Copenhagen,FI,DK,783.2,1,no_country_pair_in_rail_dataset
TKU-GDN,TKU,GDN,Turku,Gdańsk,FI,PL,718.9,1,no_country_pair_in_rail_dataset
TKU-RIX,TKU,RIX,Turku,Riga,FI,LV,411.5,1,no_country_pair_in_rail_dataset
TKU-ARN,TKU,ARN,Turku,Stockholm,FI,SE,258.9,2,no_country_pair_in_rail_dataset
VAA-ARN,VAA,ARN,Vaasa,Stockholm,FI,SE,429.8,4,no_country_pair_in_rail_dataset
FAE-BGO,FAE,BGO,Vágar,Bergen,FO,NO,696.8,1,no_country_pair_in_rail_dataset
FAE-BLL,FAE,BLL,Vágar,Billund,FO,DK,1171.4,1,no_country_pair_in_rail_dataset
FAE-CPH,FAE,CPH,Vágar,Copenhagen,FO,DK,1344.0,1,no_country_pair_in_rail_dataset
FAE-SVG,FAE,SVG,Vágar,Stavanger,FO,NO,789.6,1,no_country_pair_in_rail_dataset
AJA-GVA,AJA,GVA,Ajaccio,Geneva,FR,CH,525.7,1,no_country_pair_in_rail_dataset
AJA-LGG,AJA,LGG,Ajaccio,Grâce-Hollogne,FR,BE,1002.6,2,no_country_pair_in_rail_dataset
AJA-LGW,AJA,LGW,Ajaccio,London,FR,GB,1232.9,1,no_country_pair_in_rail_dataset
AJA-LUX,AJA,LUX,Ajaccio,Luxembourg,FR,LU,879.7,1,no_country_pair_in_rail_dataset
BIA-GVA,BIA,GVA,Bastia,Geneva,FR,CH,489.6,1,no_country_pair_in_rail_dataset
BIA-LGG,BIA,LGG,Bastia,Grâce-Hollogne,FR,BE,950.2,2,no_country_pair_in_rail_dataset
BIA-LGW,BIA,LGW,Bastia,London,FR,GB,1203.8,1,no_country_pair_in_rail_dataset
BIA-LUX,BIA,LUX,Bastia,Luxembourg,FR,LU,825.9,1,no_country_pair_in_rail_dataset
BIA-BRU,BIA,BRU,Bastia,Zaventem,FR,BE,1002.9,1,no_country_pair_in_rail_dataset
BVA-AHO,BVA,AHO,Beauvais,Alghero,FR,IT,1093.6,1,no_country_pair_in_rail_dataset
BVA-ALC,BVA,ALC,Beauvais,Alicante,FR,ES,1260.4,1,no_country_pair_in_rail_dataset
BVA-KRK,BVA,KRK,Beauvais,Balice,FR,PL,1268.2,1,no_country_pair_in_rail_dataset
BVA-BCN,BVA,BCN,Beauvais,Barcelona,FR,ES,907.1,1,no_country_pair_in_rail_dataset
BVA-BRI,BVA,BRI,Beauvais,Bari,FR,IT,1467.9,1,no_country_pair_in_rail_dataset
BVA-BEG,BVA,BEG,Beauvais,Belgrade,FR,RS,1465.3,1,no_country_pair_in_rail_dataset
BVA-BLQ,BVA,BLQ,Beauvais,Bologna,FR,IT,884.1,1,no_country_pair_in_rail_dataset
BVA-BTS,BVA,BTS,Beauvais,Bratislava,FR,SK,1113.0,1,no_country_pair_in_rail_dataset
BVA-BUD,BVA,BUD,Beauvais,Budapest,FR,HU,1282.0,1,no_country_pair_in_rail_dataset
BVA-CAG,BVA,CAG,Beauvais,Cagliari,FR,IT,1260.3,1,no_country_pair_in_rail_dataset
BVA-DUB,BVA,DUB,Beauvais,Dublin,FR,IE,728.8,1,no_country_pair_in_rail_dataset
BVA-GDN,BVA,GDN,Beauvais,Gdańsk,FR,PL,1244.1,1,no_country_pair_in_rail_dataset
BVA-GRO,BVA,GRO,Beauvais,Girona,FR,ES,841.0,1,no_country_pair_in_rail_dataset
BVA-RZE,BVA,RZE,Beauvais,Jasionka,FR,PL,1427.2,1,no_country_pair_in_rail_dataset
BVA-KTW,BVA,KTW,Beauvais,Katowice,FR,PL,1216.3,1,no_country_pair_in_rail_dataset
BVA-LIS,BVA,LIS,Beauvais,Lisbon,FR,PT,1484.8,1,no_country_pair_in_rail_dataset
BVA-MAD,BVA,MAD,Beauvais,Madrid,FR,ES,1091.4,1,no_country_pair_in_rail_dataset
BVA-MAN,BVA,MAN,Beauvais,"Manchester, Greater Manchester",FR,GB,529.3,1,no_country_pair_in_rail_dataset
BVA-WMI,BVA,WMI,Beauvais,Nowy Dwór Mazowiecki,FR,PL,1336.6,1,no_country_pair_in_rail_dataset
BVA-NYO,BVA,NYO,Beauvais,Nyköping,FR,SE,1410.8,1,no_country_pair_in_rail_dataset
BVA-BGY,BVA,BGY,Beauvais,Orio al Serio (BG),FR,IT,707.9,1,no_country_pair_in_rail_dataset
BVA-PMI,BVA,PMI,Beauvais,Palma de Mallorca,FR,ES,1102.2,1,no_country_pair_in_rail_dataset
BVA-PSR,BVA,PSR,Beauvais,Pescara,FR,IT,1214.4,1,no_country_pair_in_rail_dataset
BVA-PSA,BVA,PSA,Beauvais,Pisa (PI),FR,IT,900.3,1,no_country_pair_in_rail_dataset
BVA-OPO,BVA,OPO,Beauvais,Porto,FR,PT,1240.2,1,no_country_pair_in_rail_dataset
BVA-POZ,BVA,POZ,Beauvais,Poznań,FR,PL,1080.1,1,no_country_pair_in_rail_dataset
BVA-PUY,BVA,PUY,Beauvais,Pula,FR,HR,1025.0,1,no_country_pair_in_rail_dataset
BVA-CIA,BVA,CIA,Beauvais,Rome,FR,IT,1176.5,1,no_country_pair_in_rail_dataset
BVA-TRS,BVA,TRS,Beauvais,Ronchi dei Legionari/Trieste,FR,IT,940.1,1,no_country_pair_in_rail_dataset
BVA-SVQ,BVA,SVQ,Beauvais,Seville,FR,ES,1484.3,1,no_country_pair_in_rail_dataset
BVA-SNN,BVA,SNN,Beauvais,Shannon,FR,IE,850.3,1,no_country_pair_in_rail_dataset
BVA-TSR,BVA,TSR,Beauvais,Timişoara,FR,RO,1491.9,1,no_country_pair_in_rail_dataset
BVA-TSF,BVA,TSF,Beauvais,Treviso (TV),FR,IT,865.9,1,no_country_pair_in_rail_dataset
BVA-VLC,BVA,VLC,Beauvais,Valencia,FR,ES,1126.8,1,no_country_pair_in_rail_dataset
BVA-WAW,BVA,WAW,Beauvais,Warsaw,FR,PL,1354.5,1,no_country_pair_in_rail_dataset
BVA-WRO,BVA,WRO,Beauvais,Wrocław,FR,PL,1063.5,1,no_country_pair_in_rail_dataset
BVA-ZAD,BVA,ZAD,Beauvais,Zadar,FR,HR,1168.7,1,no_country_pair_in_rail_dataset
BVA-ZAZ,BVA,ZAZ,Beauvais,Zaragoza,FR,ES,899.9,1,no_country_pair_in_rail_dataset
EGC-BRS,EGC,BRS,Bergerac,Bristol,FR,GB,767.5,1,no_country_pair_in_rail_dataset
EGC-CRL,EGC,CRL,Bergerac,Charleroi,FR,BE,692.6,1,no_country_pair_in_rail_dataset
EGC-EXT,EGC,EXT,Bergerac,"Exeter, Devon",FR,GB,719.5,2,no_country_pair_in_rail_dataset
EGC-LPL,EGC,LPL,Bergerac,Liverpool,FR,GB,977.2,1,no_country_pair_in_rail_dataset
EGC-STN,EGC,STN,Bergerac,"London, Essex",FR,GB,785.3,1,no_country_pair_in_rail_dataset
EGC-EMA,EGC,EMA,Bergerac,"Nottingham, Leicestershire",FR,GB,900.3,1,no_country_pair_in_rail_dataset
EGC-RTM,EGC,RTM,Bergerac,Rotterdam,FR,NL,843.8,1,no_country_pair_in_rail_dataset
EGC-SOU,EGC,SOU,Bergerac,Southampton,FR,GB,695.2,2,no_country_pair_in_rail_dataset
BIQ-CRL,BIQ,CRL,Biarritz,Charleroi,FR,BE,899.8,1,no_country_pair_in_rail_dataset
BIQ-DUB,BIQ,DUB,Biarritz,Dublin,FR,IE,1160.7,1,no_country_pair_in_rail_dataset
BIQ-GVA,BIQ,GVA,Biarritz,Geneva,FR,CH,675.5,2,no_country_pair_in_rail_dataset
BIQ-STN,BIQ,STN,Biarritz,"London, Essex",FR,GB,945.0,1,no_country_pair_in_rail_dataset
BOD-AMS,BOD,AMS,Bordeaux,Amsterdam,FR,NL,923.7,3,no_country_pair_in_rail_dataset
BOD-BCN,BOD,BCN,Bordeaux,Barcelona,FR,ES,453.5,2,no_country_pair_in_rail_dataset
BOD-BLQ,BOD,BLQ,Bordeaux,Bologna,FR,IT,948.8,1,no_country_pair_in_rail_dataset
BOD-BRS,BOD,BRS,Bordeaux,Bristol,FR,GB,743.7,1,no_country_pair_in_rail_dataset
BOD-CRL,BOD,CRL,Bordeaux,Charleroi,FR,BE,736.2,1,no_country_pair_in_rail_dataset
BOD-DUB,BOD,DUB,Bordeaux,Dublin,FR,IE,1037.2,1,no_country_pair_in_rail_dataset
BOD-EDI,BOD,EDI,Bordeaux,Edinburgh,FR,GB,1250.7,1,no_country_pair_in_rail_dataset
BOD-MXP,BOD,MXP,Bordeaux,Ferno (VA),FR,IT,744.4,1,no_country_pair_in_rail_dataset
BOD-FLR,BOD,FLR,Bordeaux,Firenze (FI),FR,IT,954.0,1,no_country_pair_in_rail_dataset
BOD-GVA,BOD,GVA,Bordeaux,Geneva,FR,CH,554.0,2,no_country_pair_in_rail_dataset
BOD-LIS,BOD,LIS,Bordeaux,Lisbon,FR,PT,968.2,2,no_country_pair_in_rail_dataset
BOD-LGW,BOD,LGW,Bordeaux,London,FR,GB,703.9,2,no_country_pair_in_rail_dataset
BOD-STN,BOD,STN,Bordeaux,"London, Essex",FR,GB,787.7,1,no_country_pair_in_rail_dataset
BOD-LTN,BOD,LTN,Bordeaux,"Luton, Luton",FR,GB,783.9,1,no_country_pair_in_rail_dataset
BOD-MAD,BOD,MAD,Bordeaux,Madrid,FR,ES,535.6,1,no_country_pair_in_rail_dataset
BOD-AGP,BOD,AGP,Bordeaux,Málaga,FR,ES,960.7,1,no_country_pair_in_rail_dataset
BOD-OLB,BOD,OLB,Bordeaux,Olbia (SS),FR,IT,940.6,1,no_country_pair_in_rail_dataset
BOD-PMO,BOD,PMO,Bordeaux,Palermo,FR,IT,1364.3,1,no_country_pair_in_rail_dataset
BOD-PMI,BOD,PMI,Bordeaux,Palma de Mallorca,FR,ES,652.0,3,no_country_pair_in_rail_dataset
BOD-OPO,BOD,OPO,Bordeaux,Porto,FR,PT,759.5,1,no_country_pair_in_rail_dataset
BOD-CIA,BOD,CIA,Bordeaux,Rome,FR,IT,1126.9,1,no_country_pair_in_rail_dataset
BOD-FCO,BOD,FCO,Bordeaux,Rome,FR,IT,1100.2,3,no_country_pair_in_rail_dataset
BOD-SVQ,BOD,SVQ,Bordeaux,Seville,FR,ES,930.7,1,no_country_pair_in_rail_dataset
BOD-VCE,BOD,VCE,Bordeaux,Venezia (VE),FR,IT,1026.1,1,no_country_pair_in_rail_dataset
BOD-BRU,BOD,BRU,Bordeaux,Zaventem,FR,BE,778.3,1,no_country_pair_in_rail_dataset
BOD-ZRH,BOD,ZRH,Bordeaux,Zurich,FR,CH,770.6,1,no_country_pair_in_rail_dataset
BES-BCN,BES,BCN,Brest,Barcelona,FR,ES,944.9,2,no_country_pair_in_rail_dataset
BES-LCY,BES,LCY,Brest,London,FR,GB,466.7,2,no_country_pair_in_rail_dataset
BES-SOU,BES,SOU,Brest,Southampton,FR,GB,354.8,2,no_country_pair_in_rail_dataset
BVE-LCY,BVE,LCY,Brive,London,FR,GB,726.7,2,no_country_pair_in_rail_dataset
BVE-STN,BVE,STN,Brive,"London, Essex",FR,GB,766.7,1,no_country_pair_in_rail_dataset
BSL-ALC,BSL,ALC,Bâle / Mulhouse,Alicante,FR,ES,1225.7,1,no_country_pair_in_rail_dataset
BSL-AMS,BSL,AMS,Bâle / Mulhouse,Amsterdam,FR,NL,559.3,3,no_country_pair_in_rail_dataset
BSL-KRK,BSL,KRK,Bâle / Mulhouse,Balice,FR,PL,937.6,1,no_country_pair_in_rail_dataset
BSL-BCN,BSL,BCN,Bâle / Mulhouse,Barcelona,FR,ES,822.9,2,no_country_pair_in_rail_dataset
BSL-BDS,BSL,BDS,Bâle / Mulhouse,Brindisi,FR,IT,1133.3,1,no_country_pair_in_rail_dataset
BSL-BUD,BSL,BUD,Bâle / Mulhouse,Budapest,FR,HU,881.1,1,no_country_pair_in_rail_dataset
BSL-CAG,BSL,CAG,Bâle / Mulhouse,Cagliari,FR,IT,936.6,1,no_country_pair_in_rail_dataset
BSL-CTA,BSL,CTA,Bâle / Mulhouse,Catania,FR,IT,1283.8,3,no_country_pair_in_rail_dataset
BSL-CPH,BSL,CPH,Bâle / Mulhouse,Copenhagen,FR,DK,958.8,1,no_country_pair_in_rail_dataset
BSL-DUB,BSL,DUB,Bâle / Mulhouse,Dublin,FR,IE,1167.3,1,no_country_pair_in_rail_dataset
BSL-DUS,BSL,DUS,Bâle / Mulhouse,Düsseldorf,FR,DE,413.8,1,no_distance_compatible_rail_candidate
BSL-EDI,BSL,EDI,Bâle / Mulhouse,Edinburgh,FR,GB,1190.3,1,no_country_pair_in_rail_dataset
BSL-FRA,BSL,FRA,Bâle / Mulhouse,Frankfurt am Main,FR,DE,280.2,3,no_distance_compatible_rail_candidate
BSL-IBZ,BSL,IBZ,Bâle / Mulhouse,Ibiza (Eivissa),FR,ES,1090.0,1,no_country_pair_in_rail_dataset
BSL-LCY,BSL,LCY,Bâle / Mulhouse,London,FR,GB,691.2,1,no_country_pair_in_rail_dataset
BSL-LGW,BSL,LGW,Bâle / Mulhouse,London,FR,GB,682.8,1,no_country_pair_in_rail_dataset
BSL-LHR,BSL,LHR,Bâle / Mulhouse,London,FR,GB,718.3,3,no_country_pair_in_rail_dataset
BSL-STN,BSL,STN,Bâle / Mulhouse,"London, Essex",FR,GB,707.2,1,no_country_pair_in_rail_dataset
BSL-MAD,BSL,MAD,Bâle / Mulhouse,Madrid,FR,ES,1185.6,1,no_country_pair_in_rail_dataset
BSL-MAN,BSL,MAN,Bâle / Mulhouse,"Manchester, Greater Manchester",FR,GB,941.7,1,no_country_pair_in_rail_dataset
BSL-MUC,BSL,MUC,Bâle / Mulhouse,Munich,FR,DE,328.3,3,no_distance_compatible_rail_candidate
BSL-NAP,BSL,NAP,Bâle / Mulhouse,Napoli,FR,IT,920.2,1,no_country_pair_in_rail_dataset
BSL-OLB,BSL,OLB,Bâle / Mulhouse,Olbia (SS),FR,IT,761.9,1,no_country_pair_in_rail_dataset
BSL-PMI,BSL,PMI,Bâle / Mulhouse,Palma de Mallorca,FR,ES,973.9,3,no_country_pair_in_rail_dataset
BSL-OPO,BSL,OPO,Bâle / Mulhouse,Porto,FR,PT,1463.7,1,no_country_pair_in_rail_dataset
BSL-PRG,BSL,PRG,Bâle / Mulhouse,Prague,FR,CZ,565.7,1,no_country_pair_in_rail_dataset
BSL-PRN,BSL,PRN,Bâle / Mulhouse,Prishtina,FR,XK,1197.0,1,no_country_pair_in_rail_dataset
BSL-FCO,BSL,FCO,Bâle / Mulhouse,Rome,FR,IT,744.8,2,no_country_pair_in_rail_dataset
BSL-SCQ,BSL,SCQ,Bâle / Mulhouse,Santiago de Compostela,FR,ES,1349.6,1,no_country_pair_in_rail_dataset
BSL-SPU,BSL,SPU,Bâle / Mulhouse,Split,FR,HR,818.2,1,no_country_pair_in_rail_dataset
BSL-SKG,BSL,SKG,Bâle / Mulhouse,Thessaloniki,FR,GR,1460.2,1,no_country_pair_in_rail_dataset
BSL-VCE,BSL,VCE,Bâle / Mulhouse,Venezia (VE),FR,IT,436.6,1,no_country_pair_in_rail_dataset
BSL-VIE,BSL,VIE,Bâle / Mulhouse,Vienna,FR,AT,677.1,2,no_country_pair_in_rail_dataset
BSL-BRU,BSL,BRU,Bâle / Mulhouse,Zaventem,FR,BE,428.0,3,no_country_pair_in_rail_dataset
BZR-BRS,BZR,BRS,Béziers,Bristol,FR,GB,1005.2,1,no_country_pair_in_rail_dataset
BZR-EDI,BZR,EDI,Béziers,Edinburgh,FR,GB,1483.5,1,no_country_pair_in_rail_dataset
BZR-LTN,BZR,LTN,Béziers,"Luton, Luton",FR,GB,990.6,1,no_country_pair_in_rail_dataset
BZR-MAN,BZR,MAN,Béziers,"Manchester, Greater Manchester",FR,GB,1189.1,1,no_country_pair_in_rail_dataset
CLY-LUX,CLY,LUX,Calvi,Luxembourg,FR,LU,813.7,1,no_country_pair_in_rail_dataset
CLY-SZG,CLY,SZG,Calvi,Salzburg,FR,AT,671.7,2,no_country_pair_in_rail_dataset
CCF-BLL,CCF,BLL,Carcassonne,Billund,FR,DK,1476.2,1,no_country_pair_in_rail_dataset
CCF-BOH,CCF,BOH,Carcassonne,Bournemouth,FR,GB,897.6,1,no_country_pair_in_rail_dataset
CCF-CRL,CCF,CRL,Carcassonne,Charleroi,FR,BE,822.1,1,no_country_pair_in_rail_dataset
CCF-DUB,CCF,DUB,Carcassonne,Dublin,FR,IE,1298.2,1,no_country_pair_in_rail_dataset
CCF-EIN,CCF,EIN,Carcassonne,Eindhoven,FR,NL,944.1,1,no_country_pair_in_rail_dataset
CCF-LPL,CCF,LPL,Carcassonne,Liverpool,FR,GB,1187.3,1,no_country_pair_in_rail_dataset
CCF-STN,CCF,STN,Carcassonne,"London, Essex",FR,GB,976.3,1,no_country_pair_in_rail_dataset
CCF-EMA,CCF,EMA,Carcassonne,"Nottingham, Leicestershire",FR,GB,1102.4,1,no_country_pair_in_rail_dataset
CCF-OPO,CCF,OPO,Carcassonne,Porto,FR,PT,930.0,1,no_country_pair_in_rail_dataset
CCF-PIK,CCF,PIK,Carcassonne,"Prestwick, South Ayrshire",FR,GB,1452.5,1,no_country_pair_in_rail_dataset
XCR-OPO,XCR,OPO,Chalons en Champagne,Porto,FR,PT,1310.9,1,no_country_pair_in_rail_dataset
CFE-AMS,CFE,AMS,Clermont-Ferrand,Amsterdam,FR,NL,734.4,3,no_country_pair_in_rail_dataset
CFE-OPO,CFE,OPO,Clermont-Ferrand,Porto,FR,PT,1079.1,1,no_country_pair_in_rail_dataset
LYS-AMS,LYS,AMS,"Colombier-Saugnieu, Rhône",Amsterdam,FR,NL,732.3,2,no_country_pair_in_rail_dataset
LYS-BCN,LYS,BCN,"Colombier-Saugnieu, Rhône",Barcelona,FR,ES,549.0,3,no_country_pair_in_rail_dataset
LYS-BHX,LYS,BHX,"Colombier-Saugnieu, Rhône","Birmingham, West Midlands",FR,GB,897.8,2,no_country_pair_in_rail_dataset
LYS-BLQ,LYS,BLQ,"Colombier-Saugnieu, Rhône",Bologna,FR,IT,503.8,2,no_country_pair_in_rail_dataset
LYS-CTA,LYS,CTA,"Colombier-Saugnieu, Rhône",Catania,FR,IT,1235.7,2,no_country_pair_in_rail_dataset
LYS-DUB,LYS,DUB,"Colombier-Saugnieu, Rhône",Dublin,FR,IE,1182.0,1,no_country_pair_in_rail_dataset
LYS-EDI,LYS,EDI,"Colombier-Saugnieu, Rhône",Edinburgh,FR,GB,1280.6,1,no_country_pair_in_rail_dataset
LYS-MXP,LYS,MXP,"Colombier-Saugnieu, Rhône",Ferno (VA),FR,IT,282.8,3,no_country_pair_in_rail_dataset
LYS-FLR,LYS,FLR,"Colombier-Saugnieu, Rhône",Firenze (FI),FR,IT,527.4,2,no_country_pair_in_rail_dataset
LYS-FRA,LYS,FRA,"Colombier-Saugnieu, Rhône",Frankfurt am Main,FR,DE,543.5,2,no_distance_compatible_rail_candidate
LYS-GOT,LYS,GOT,"Colombier-Saugnieu, Rhône",Göteborg,FR,SE,1414.9,2,no_country_pair_in_rail_dataset
LYS-LIS,LYS,LIS,"Colombier-Saugnieu, Rhône",Lisbon,FR,PT,1399.4,2,no_country_pair_in_rail_dataset
LYS-LGW,LYS,LGW,"Colombier-Saugnieu, Rhône",London,FR,GB,717.3,1,no_country_pair_in_rail_dataset
LYS-LHR,LYS,LHR,"Colombier-Saugnieu, Rhône",London,FR,GB,757.5,2,no_country_pair_in_rail_dataset
LYS-STN,LYS,STN,"Colombier-Saugnieu, Rhône","London, Essex",FR,GB,771.2,1,no_country_pair_in_rail_dataset
LYS-MAD,LYS,MAD,"Colombier-Saugnieu, Rhône",Madrid,FR,ES,911.8,2,no_country_pair_in_rail_dataset
LYS-AGP,LYS,AGP,"Colombier-Saugnieu, Rhône",Málaga,FR,ES,1285.1,2,no_country_pair_in_rail_dataset
LYS-PMI,LYS,PMI,"Colombier-Saugnieu, Rhône",Palma de Mallorca,FR,ES,712.9,2,no_country_pair_in_rail_dataset
LYS-OPO,LYS,OPO,"Colombier-Saugnieu, Rhône",Porto,FR,PT,1215.4,2,no_country_pair_in_rail_dataset
LYS-PRG,LYS,PRG,"Colombier-Saugnieu, Rhône",Prague,FR,CZ,837.9,2,no_country_pair_in_rail_dataset
LYS-FCO,LYS,FCO,"Colombier-Saugnieu, Rhône",Rome,FR,IT,721.3,4,no_country_pair_in_rail_dataset
LYS-SVQ,LYS,SVQ,"Colombier-Saugnieu, Rhône",Seville,FR,ES,1297.0,3,no_country_pair_in_rail_dataset
LYS-SPU,LYS,SPU,"Colombier-Saugnieu, Rhône",Split,FR,HR,918.7,1,no_country_pair_in_rail_dataset
LYS-MLA,LYS,MLA,"Colombier-Saugnieu, Rhône",Valletta,FR,MT,1352.0,2,no_country_pair_in_rail_dataset
LYS-VCE,LYS,VCE,"Colombier-Saugnieu, Rhône",Venezia (VE),FR,IT,565.1,3,no_country_pair_in_rail_dataset
LYS-VIE,LYS,VIE,"Colombier-Saugnieu, Rhône",Vienna,FR,AT,910.3,2,no_country_pair_in_rail_dataset
LYS-BRU,LYS,BRU,"Colombier-Saugnieu, Rhône",Zaventem,FR,BE,577.2,4,no_country_pair_in_rail_dataset
LYS-ZRH,LYS,ZRH,"Colombier-Saugnieu, Rhône",Zurich,FR,CH,326.9,1,no_country_pair_in_rail_dataset
DNR-STN,DNR,STN,Dinard,"London, Essex",FR,GB,401.9,1,no_country_pair_in_rail_dataset
DNR-EMA,DNR,EMA,Dinard,"Nottingham, Leicestershire",FR,GB,474.8,1,no_country_pair_in_rail_dataset
DLE-LIS,DLE,LIS,Dole,Lisbon,FR,PT,1495.9,1,no_country_pair_in_rail_dataset
DLE-OPO,DLE,OPO,Dole,Porto,FR,PT,1294.1,1,no_country_pair_in_rail_dataset
FSC-CRL,FSC,CRL,Figari,Charleroi,FR,BE,1058.3,1,no_country_pair_in_rail_dataset
FSC-LUX,FSC,LUX,Figari,Luxembourg,FR,LU,930.8,1,no_country_pair_in_rail_dataset
TLN-STN,TLN,STN,"Hyères, Var","London, Essex",FR,GB,1072.5,1,no_country_pair_in_rail_dataset
TLN-RTM,TLN,RTM,"Hyères, Var",Rotterdam,FR,NL,993.4,1,no_country_pair_in_rail_dataset
LRH-CRL,LRH,CRL,La Rochelle,Charleroi,FR,BE,633.4,1,no_country_pair_in_rail_dataset
LRH-DUB,LRH,DUB,La Rochelle,Dublin,FR,IE,883.8,1,no_country_pair_in_rail_dataset
LRH-STN,LRH,STN,La Rochelle,"London, Essex",FR,GB,642.9,1,no_country_pair_in_rail_dataset
LRH-EMA,LRH,EMA,La Rochelle,"Nottingham, Leicestershire",FR,GB,739.7,1,no_country_pair_in_rail_dataset
LRH-OPO,LRH,OPO,La Rochelle,Porto,FR,PT,813.4,1,no_country_pair_in_rail_dataset
LRH-SOU,LRH,SOU,La Rochelle,Southampton,FR,GB,530.7,2,no_country_pair_in_rail_dataset
LIL-BCN,LIL,BCN,Lesquin,Barcelona,FR,ES,1033.7,2,no_country_pair_in_rail_dataset
LIL-DBV,LIL,DBV,Lesquin,Dubrovnik,FR,HR,1456.8,1,no_country_pair_in_rail_dataset
LIL-GVA,LIL,GVA,Lesquin,Geneva,FR,CH,529.9,1,no_country_pair_in_rail_dataset
LIL-OPO,LIL,OPO,Lesquin,Porto,FR,PT,1376.8,1,no_country_pair_in_rail_dataset
LIL-SPU,LIL,SPU,Lesquin,Split,FR,HR,1265.7,1,no_country_pair_in_rail_dataset
LIL-VCE,LIL,VCE,Lesquin,Venezia (VE),FR,IT,887.5,1,no_country_pair_in_rail_dataset
LIG-BRS,LIG,BRS,Limoges/Bellegarde,Bristol,FR,GB,677.0,1,no_country_pair_in_rail_dataset
LIG-LBA,LIG,LBA,Limoges/Bellegarde,"Leeds, West Yorkshire",FR,GB,912.7,1,no_country_pair_in_rail_dataset
LIG-LPL,LIG,LPL,Limoges/Bellegarde,Liverpool,FR,GB,879.8,1,no_country_pair_in_rail_dataset
LIG-STN,LIG,STN,Limoges/Bellegarde,"London, Essex",FR,GB,673.2,1,no_country_pair_in_rail_dataset
LIG-EMA,LIG,EMA,Limoges/Bellegarde,"Nottingham, Leicestershire",FR,GB,795.7,1,no_country_pair_in_rail_dataset
LIG-SOU,LIG,SOU,Limoges/Bellegarde,Southampton,FR,GB,595.8,2,no_country_pair_in_rail_dataset
MRS-AMS,MRS,AMS,"Marignane, Bouches-du-Rhône",Amsterdam,FR,NL,986.9,2,no_country_pair_in_rail_dataset
MRS-BCN,MRS,BCN,"Marignane, Bouches-du-Rhône",Barcelona,FR,ES,350.6,2,no_country_pair_in_rail_dataset
MRS-CAG,MRS,CAG,"Marignane, Bouches-du-Rhône",Cagliari,FR,IT,565.2,1,no_country_pair_in_rail_dataset
MRS-CTA,MRS,CTA,"Marignane, Bouches-du-Rhône",Catania,FR,IT,1064.6,1,no_country_pair_in_rail_dataset
MRS-CRL,MRS,CRL,"Marignane, Bouches-du-Rhône",Charleroi,FR,BE,783.1,1,no_country_pair_in_rail_dataset
MRS-DUB,MRS,DUB,"Marignane, Bouches-du-Rhône",Dublin,FR,IE,1393.1,1,no_country_pair_in_rail_dataset
MRS-EIN,MRS,EIN,"Marignane, Bouches-du-Rhône",Eindhoven,FR,NL,891.0,1,no_country_pair_in_rail_dataset
MRS-MXP,MRS,MXP,"Marignane, Bouches-du-Rhône",Ferno (VA),FR,IT,370.2,4,no_country_pair_in_rail_dataset
MRS-GVA,MRS,GVA,"Marignane, Bouches-du-Rhône",Geneva,FR,CH,319.3,1,no_country_pair_in_rail_dataset
MRS-IBZ,MRS,IBZ,"Marignane, Bouches-du-Rhône",Ibiza (Eivissa),FR,ES,600.7,1,no_country_pair_in_rail_dataset
MRS-LIS,MRS,LIS,"Marignane, Bouches-du-Rhône",Lisbon,FR,PT,1306.6,2,no_country_pair_in_rail_dataset
MRS-LGW,MRS,LGW,"Marignane, Bouches-du-Rhône",London,FR,GB,948.5,1,no_country_pair_in_rail_dataset
MRS-LHR,MRS,LHR,"Marignane, Bouches-du-Rhône",London,FR,GB,989.1,2,no_country_pair_in_rail_dataset
MRS-STN,MRS,STN,"Marignane, Bouches-du-Rhône","London, Essex",FR,GB,1009.9,1,no_country_pair_in_rail_dataset
MRS-MAD,MRS,MAD,"Marignane, Bouches-du-Rhône",Madrid,FR,ES,796.2,2,no_country_pair_in_rail_dataset
MRS-AGP,MRS,AGP,"Marignane, Bouches-du-Rhône",Málaga,FR,ES,1116.1,1,no_country_pair_in_rail_dataset
MRS-PMO,MRS,PMO,"Marignane, Bouches-du-Rhône",Palermo,FR,IT,883.6,1,no_country_pair_in_rail_dataset
MRS-PMI,MRS,PMI,"Marignane, Bouches-du-Rhône",Palma de Mallorca,FR,ES,478.7,3,no_country_pair_in_rail_dataset
MRS-OPO,MRS,OPO,"Marignane, Bouches-du-Rhône",Porto,FR,PT,1166.1,1,no_country_pair_in_rail_dataset
MRS-PRG,MRS,PRG,"Marignane, Bouches-du-Rhône",Prague,FR,CZ,1010.4,1,no_country_pair_in_rail_dataset
MRS-CIA,MRS,CIA,"Marignane, Bouches-du-Rhône",Rome,FR,IT,630.8,1,no_country_pair_in_rail_dataset
MRS-FCO,MRS,FCO,"Marignane, Bouches-du-Rhône",Rome,FR,IT,603.7,2,no_country_pair_in_rail_dataset
MRS-SVQ,MRS,SVQ,"Marignane, Bouches-du-Rhône",Seville,FR,ES,1152.4,1,no_country_pair_in_rail_dataset
MRS-VLC,MRS,VLC,"Marignane, Bouches-du-Rhône",Valencia,FR,ES,646.1,1,no_country_pair_in_rail_dataset
MRS-MLA,MRS,MLA,"Marignane, Bouches-du-Rhône",Valletta,FR,MT,1157.8,2,no_country_pair_in_rail_dataset
MRS-VCE,MRS,VCE,"Marignane, Bouches-du-Rhône",Venezia (VE),FR,IT,611.1,2,no_country_pair_in_rail_dataset
MRS-ZAD,MRS,ZAD,"Marignane, Bouches-du-Rhône",Zadar,FR,HR,817.1,1,no_country_pair_in_rail_dataset
MRS-BRU,MRS,BRU,"Marignane, Bouches-du-Rhône",Zaventem,FR,BE,831.7,1,no_country_pair_in_rail_dataset
MPL-CRL,MPL,CRL,Montpellier/Méditerranée,Charleroi,FR,BE,766.6,1,no_country_pair_in_rail_dataset
MPL-LBA,MPL,LBA,Montpellier/Méditerranée,"Leeds, West Yorkshire",FR,GB,1215.3,1,no_country_pair_in_rail_dataset
MPL-LGW,MPL,LGW,Montpellier/Méditerranée,London,FR,GB,897.8,1,no_country_pair_in_rail_dataset
MPL-LTN,MPL,LTN,Montpellier/Méditerranée,"Luton, Luton",FR,GB,977.5,1,no_country_pair_in_rail_dataset
MPL-FCO,MPL,FCO,Montpellier/Méditerranée,Rome,FR,IT,705.2,2,no_country_pair_in_rail_dataset
MPL-RTM,MPL,RTM,Montpellier/Méditerranée,Rotterdam,FR,NL,932.6,1,no_country_pair_in_rail_dataset
NTE-AMS,NTE,AMS,Nantes,Amsterdam,FR,NL,733.3,2,no_country_pair_in_rail_dataset
NTE-BCN,NTE,BCN,Nantes,Barcelona,FR,ES,714.2,2,no_country_pair_in_rail_dataset
NTE-DUB,NTE,DUB,Nantes,Dublin,FR,IE,771.7,1,no_country_pair_in_rail_dataset
NTE-MXP,NTE,MXP,Nantes,Ferno (VA),FR,IT,810.1,3,no_country_pair_in_rail_dataset
NTE-FLR,NTE,FLR,Nantes,Firenze (FI),FR,IT,1064.4,1,no_country_pair_in_rail_dataset
NTE-GVA,NTE,GVA,Nantes,Geneva,FR,CH,597.2,1,no_country_pair_in_rail_dataset
NTE-LIS,NTE,LIS,Nantes,Lisbon,FR,PT,1113.0,1,no_country_pair_in_rail_dataset
NTE-LCY,NTE,LCY,Nantes,London,FR,GB,498.7,2,no_country_pair_in_rail_dataset
NTE-LGW,NTE,LGW,Nantes,London,FR,GB,456.2,1,no_country_pair_in_rail_dataset
NTE-MAD,NTE,MAD,Nantes,Madrid,FR,ES,757.0,1,no_country_pair_in_rail_dataset
NTE-MAN,NTE,MAN,Nantes,"Manchester, Greater Manchester",FR,GB,690.6,2,no_country_pair_in_rail_dataset
NTE-AGP,NTE,AGP,Nantes,Málaga,FR,ES,1189.2,2,no_country_pair_in_rail_dataset
NTE-NAP,NTE,NAP,Nantes,Napoli,FR,IT,1446.1,1,no_country_pair_in_rail_dataset
NTE-OLB,NTE,OLB,Nantes,Olbia (SS),FR,IT,1127.5,1,no_country_pair_in_rail_dataset
NTE-PMI,NTE,PMI,Nantes,Palma de Mallorca,FR,ES,915.1,1,no_country_pair_in_rail_dataset
NTE-OPO,NTE,OPO,Nantes,Porto,FR,PT,864.6,1,no_country_pair_in_rail_dataset
NTE-PRG,NTE,PRG,Nantes,Prague,FR,CZ,1209.0,1,no_country_pair_in_rail_dataset
NTE-FCO,NTE,FCO,Nantes,Rome,FR,IT,1247.8,4,no_country_pair_in_rail_dataset
NTE-SVQ,NTE,SVQ,Nantes,Seville,FR,ES,1137.9,3,no_country_pair_in_rail_dataset
NTE-SOU,NTE,SOU,Nantes,Southampton,FR,GB,422.6,2,no_country_pair_in_rail_dataset
NTE-VLC,NTE,VLC,Nantes,Valencia,FR,ES,857.1,1,no_country_pair_in_rail_dataset
NTE-VCE,NTE,VCE,Nantes,Venezia (VE),FR,IT,1086.1,2,no_country_pair_in_rail_dataset
NTE-BRU,NTE,BRU,Nantes,Zaventem,FR,BE,608.9,2,no_country_pair_in_rail_dataset
NCE-AMS,NCE,AMS,"Nice, Alpes-Maritimes",Amsterdam,FR,NL,978.9,3,no_country_pair_in_rail_dataset
NCE-BCN,NCE,BCN,"Nice, Alpes-Maritimes",Barcelona,FR,ES,496.3,3,no_country_pair_in_rail_dataset
NCE-BHX,NCE,BHX,"Nice, Alpes-Maritimes","Birmingham, West Midlands",FR,GB,1181.4,1,no_country_pair_in_rail_dataset
NCE-BRS,NCE,BRS,"Nice, Alpes-Maritimes",Bristol,FR,GB,1135.5,1,no_country_pair_in_rail_dataset
NCE-CPH,NCE,CPH,"Nice, Alpes-Maritimes",Copenhagen,FR,DK,1385.3,2,no_country_pair_in_rail_dataset
NCE-ORK,NCE,ORK,"Nice, Alpes-Maritimes",Cork,FR,IE,1480.3,1,no_country_pair_in_rail_dataset
NCE-DUB,NCE,DUB,"Nice, Alpes-Maritimes",Dublin,FR,IE,1466.5,2,no_country_pair_in_rail_dataset
NCE-EIN,NCE,EIN,"Nice, Alpes-Maritimes",Eindhoven,FR,NL,877.3,1,no_country_pair_in_rail_dataset
NCE-GVA,NCE,GVA,"Nice, Alpes-Maritimes",Geneva,FR,CH,299.8,2,no_country_pair_in_rail_dataset
NCE-LBA,NCE,LBA,"Nice, Alpes-Maritimes","Leeds, West Yorkshire",FR,GB,1306.0,1,no_country_pair_in_rail_dataset
NCE-LIS,NCE,LIS,"Nice, Alpes-Maritimes",Lisbon,FR,PT,1468.1,3,no_country_pair_in_rail_dataset
NCE-LPL,NCE,LPL,"Nice, Alpes-Maritimes",Liverpool,FR,GB,1304.1,1,no_country_pair_in_rail_dataset
NCE-LCY,NCE,LCY,"Nice, Alpes-Maritimes",London,FR,GB,1023.5,1,no_country_pair_in_rail_dataset
NCE-LGW,NCE,LGW,"Nice, Alpes-Maritimes",London,FR,GB,1000.9,4,no_country_pair_in_rail_dataset
NCE-LHR,NCE,LHR,"Nice, Alpes-Maritimes",London,FR,GB,1041.0,2,no_country_pair_in_rail_dataset
NCE-STN,NCE,STN,"Nice, Alpes-Maritimes","London, Essex",FR,GB,1051.9,1,no_country_pair_in_rail_dataset
NCE-LTN,NCE,LTN,"Nice, Alpes-Maritimes","Luton, Luton",FR,GB,1073.9,1,no_country_pair_in_rail_dataset
NCE-LUX,NCE,LUX,"Nice, Alpes-Maritimes",Luxembourg,FR,LU,668.1,1,no_country_pair_in_rail_dataset
NCE-MAD,NCE,MAD,"Nice, Alpes-Maritimes",Madrid,FR,ES,956.5,1,no_country_pair_in_rail_dataset
NCE-MAN,NCE,MAN,"Nice, Alpes-Maritimes","Manchester, Greater Manchester",FR,GB,1282.3,1,no_country_pair_in_rail_dataset
NCE-NAP,NCE,NAP,"Nice, Alpes-Maritimes",Napoli,FR,IT,658.4,1,no_country_pair_in_rail_dataset
NCE-NCL,NCE,NCL,"Nice, Alpes-Maritimes","Newcastle upon Tyne, Tyne and Wear",FR,GB,1417.7,1,no_country_pair_in_rail_dataset
NCE-OLB,NCE,OLB,"Nice, Alpes-Maritimes",Olbia (SS),FR,IT,360.6,1,no_country_pair_in_rail_dataset
NCE-PRG,NCE,PRG,"Nice, Alpes-Maritimes",Prague,FR,CZ,893.5,2,no_country_pair_in_rail_dataset
NCE-FCO,NCE,FCO,"Nice, Alpes-Maritimes",Rome,FR,IT,460.0,3,no_country_pair_in_rail_dataset
NCE-RTM,NCE,RTM,"Nice, Alpes-Maritimes",Rotterdam,FR,NL,945.6,1,no_country_pair_in_rail_dataset
NCE-SOU,NCE,SOU,"Nice, Alpes-Maritimes",Southampton,FR,GB,1035.5,2,no_country_pair_in_rail_dataset
NCE-VCE,NCE,VCE,"Nice, Alpes-Maritimes",Venezia (VE),FR,IT,455.5,3,no_country_pair_in_rail_dataset
NCE-VIE,NCE,VIE,"Nice, Alpes-Maritimes",Vienna,FR,AT,876.1,3,no_country_pair_in_rail_dataset
NCE-WAW,NCE,WAW,"Nice, Alpes-Maritimes",Warsaw,FR,PL,1390.5,1,no_country_pair_in_rail_dataset
NCE-BRU,NCE,BRU,"Nice, Alpes-Maritimes",Zaventem,FR,BE,831.2,2,no_country_pair_in_rail_dataset
NCE-ZRH,NCE,ZRH,"Nice, Alpes-Maritimes",Zurich,FR,CH,435.0,1,no_country_pair_in_rail_dataset
FNI-CRL,FNI,CRL,Nîmes/Garons,Charleroi,FR,BE,745.5,1,no_country_pair_in_rail_dataset
FNI-LPL,FNI,LPL,Nîmes/Garons,Liverpool,FR,GB,1190.3,1,no_country_pair_in_rail_dataset
FNI-LTN,FNI,LTN,Nîmes/Garons,"Luton, Luton",FR,GB,970.2,1,no_country_pair_in_rail_dataset
ORY-ALC,ORY,ALC,"Paris (Orly, Val-de-Marne)",Alicante,FR,ES,1185.0,2,no_country_pair_in_rail_dataset
ORY-BCN,ORY,BCN,"Paris (Orly, Val-de-Marne)",Barcelona,FR,ES,826.7,2,no_country_pair_in_rail_dataset
ORY-BGO,ORY,BGO,"Paris (Orly, Val-de-Marne)",Bergen,FR,NO,1298.7,1,no_country_pair_in_rail_dataset
ORY-BIO,ORY,BIO,"Paris (Orly, Val-de-Marne)",Bilbao,FR,ES,727.6,2,no_country_pair_in_rail_dataset
ORY-BLQ,ORY,BLQ,"Paris (Orly, Val-de-Marne)",Bologna,FR,IT,825.2,2,no_country_pair_in_rail_dataset
ORY-BUD,ORY,BUD,"Paris (Orly, Val-de-Marne)",Budapest,FR,HU,1261.4,1,no_country_pair_in_rail_dataset
ORY-CWL,ORY,CWL,"Paris (Orly, Val-de-Marne)",Cardiff,FR,GB,503.4,2,no_country_pair_in_rail_dataset
ORY-CPH,ORY,CPH,"Paris (Orly, Val-de-Marne)",Copenhagen,FR,DK,1037.0,1,no_country_pair_in_rail_dataset
ORY-DBV,ORY,DBV,"Paris (Orly, Val-de-Marne)",Dubrovnik,FR,HR,1410.0,1,no_country_pair_in_rail_dataset
ORY-FLR,ORY,FLR,"Paris (Orly, Val-de-Marne)",Firenze (FI),FR,IT,871.7,2,no_country_pair_in_rail_dataset
ORY-GVA,ORY,GVA,"Paris (Orly, Val-de-Marne)",Geneva,FR,CH,395.1,1,no_country_pair_in_rail_dataset
ORY-IBZ,ORY,IBZ,"Paris (Orly, Val-de-Marne)",Ibiza (Eivissa),FR,ES,1098.8,3,no_country_pair_in_rail_dataset
ORY-LIS,ORY,LIS,"Paris (Orly, Val-de-Marne)",Lisbon,FR,PT,1437.6,5,no_country_pair_in_rail_dataset
ORY-LCY,ORY,LCY,"Paris (Orly, Val-de-Marne)",London,FR,GB,349.6,2,no_country_pair_in_rail_dataset
ORY-LHR,ORY,LHR,"Paris (Orly, Val-de-Marne)",London,FR,GB,365.1,3,no_country_pair_in_rail_dataset
ORY-MAD,ORY,MAD,"Paris (Orly, Val-de-Marne)",Madrid,FR,ES,1028.4,3,no_country_pair_in_rail_dataset
ORY-AGP,ORY,AGP,"Paris (Orly, Val-de-Marne)",Málaga,FR,ES,1451.4,3,no_country_pair_in_rail_dataset
ORY-NAP,ORY,NAP,"Paris (Orly, Val-de-Marne)",Napoli,FR,IT,1280.5,2,no_country_pair_in_rail_dataset
ORY-OSL,ORY,OSL,"Paris (Orly, Val-de-Marne)",Oslo (Gardermoen),FR,NO,1391.6,1,no_country_pair_in_rail_dataset
ORY-PMO,ORY,PMO,"Paris (Orly, Val-de-Marne)",Palermo,FR,IT,1455.6,2,no_country_pair_in_rail_dataset
ORY-PMI,ORY,PMI,"Paris (Orly, Val-de-Marne)",Palma de Mallorca,FR,ES,1021.0,4,no_country_pair_in_rail_dataset
ORY-PSA,ORY,PSA,"Paris (Orly, Val-de-Marne)",Pisa (PI),FR,IT,834.0,2,no_country_pair_in_rail_dataset
ORY-OPO,ORY,OPO,"Paris (Orly, Val-de-Marne)",Porto,FR,PT,1200.2,5,no_country_pair_in_rail_dataset
ORY-PRG,ORY,PRG,"Paris (Orly, Val-de-Marne)",Prague,FR,CZ,873.3,1,no_country_pair_in_rail_dataset
ORY-FCO,ORY,FCO,"Paris (Orly, Val-de-Marne)",Rome,FR,IT,1090.2,3,no_country_pair_in_rail_dataset
ORY-LIN,ORY,LIN,"Paris (Orly, Val-de-Marne)",Segrate (MI),FR,IT,638.1,3,no_country_pair_in_rail_dataset
ORY-SVQ,ORY,SVQ,"Paris (Orly, Val-de-Marne)",Seville,FR,ES,1423.2,3,no_country_pair_in_rail_dataset
ORY-SOU,ORY,SOU,"Paris (Orly, Val-de-Marne)",Southampton,FR,GB,363.2,2,no_country_pair_in_rail_dataset
ORY-VLC,ORY,VLC,"Paris (Orly, Val-de-Marne)",Valencia,FR,ES,1052.0,2,no_country_pair_in_rail_dataset
ORY-VCE,ORY,VCE,"Paris (Orly, Val-de-Marne)",Venezia (VE),FR,IT,836.0,2,no_country_pair_in_rail_dataset
CDG-ABZ,CDG,ABZ,"Paris (Roissy-en-France, Val-d'Oise)",Aberdeen,FR,GB,964.1,3,no_country_pair_in_rail_dataset
CDG-AMS,CDG,AMS,"Paris (Roissy-en-France, Val-d'Oise)",Amsterdam,FR,NL,398.6,3,no_country_pair_in_rail_dataset
CDG-KRK,CDG,KRK,"Paris (Roissy-en-France, Val-d'Oise)",Balice,FR,PL,1246.1,1,no_country_pair_in_rail_dataset
CDG-BCN,CDG,BCN,"Paris (Roissy-en-France, Val-d'Oise)",Barcelona,FR,ES,858.3,5,no_country_pair_in_rail_dataset
CDG-BRI,CDG,BRI,"Paris (Roissy-en-France, Val-d'Oise)",Bari,FR,IT,1413.9,1,no_country_pair_in_rail_dataset
CDG-BFS,CDG,BFS,"Paris (Roissy-en-France, Val-d'Oise)",Belfast,FR,GB,869.2,1,no_country_pair_in_rail_dataset
CDG-BEG,CDG,BEG,"Paris (Roissy-en-France, Val-d'Oise)",Belgrade,FR,RS,1422.9,2,no_country_pair_in_rail_dataset
CDG-BIO,CDG,BIO,"Paris (Roissy-en-France, Val-d'Oise)",Bilbao,FR,ES,761.1,3,no_country_pair_in_rail_dataset
CDG-BLL,CDG,BLL,"Paris (Roissy-en-France, Val-d'Oise)",Billund,FR,DK,871.6,2,no_country_pair_in_rail_dataset
CDG-BHX,CDG,BHX,"Paris (Roissy-en-France, Val-d'Oise)","Birmingham, West Midlands",FR,GB,488.1,2,no_country_pair_in_rail_dataset
CDG-BLQ,CDG,BLQ,"Paris (Roissy-en-France, Val-d'Oise)",Bologna,FR,IT,829.8,3,no_country_pair_in_rail_dataset
CDG-BRS,CDG,BRS,"Paris (Roissy-en-France, Val-d'Oise)",Bristol,FR,GB,458.5,1,no_country_pair_in_rail_dataset
CDG-BUD,CDG,BUD,"Paris (Roissy-en-France, Val-d'Oise)",Budapest,FR,HU,1247.6,2,no_country_pair_in_rail_dataset
CDG-VRN,CDG,VRN,"Paris (Roissy-en-France, Val-d'Oise)",Caselle (VR),FR,IT,746.2,2,no_country_pair_in_rail_dataset
CDG-TRN,CDG,TRN,"Paris (Roissy-en-France, Val-d'Oise)",Caselle Torinese (TO),FR,IT,572.5,2,no_country_pair_in_rail_dataset
CDG-CPH,CDG,CPH,"Paris (Roissy-en-France, Val-d'Oise)",Copenhagen,FR,DK,1003.8,4,no_country_pair_in_rail_dataset
CDG-ORK,CDG,ORK,"Paris (Roissy-en-France, Val-d'Oise)",Cork,FR,IE,842.4,1,no_country_pair_in_rail_dataset
CDG-DUB,CDG,DUB,"Paris (Roissy-en-France, Val-d'Oise)",Dublin,FR,IE,785.5,3,no_country_pair_in_rail_dataset
CDG-DBV,CDG,DBV,"Paris (Roissy-en-France, Val-d'Oise)",Dubrovnik,FR,HR,1409.5,1,no_country_pair_in_rail_dataset
CDG-DUS,CDG,DUS,"Paris (Roissy-en-France, Val-d'Oise)",Düsseldorf,FR,DE,392.8,3,no_distance_compatible_rail_candidate
CDG-EDI,CDG,EDI,"Paris (Roissy-en-France, Val-d'Oise)",Edinburgh,FR,GB,869.2,4,no_country_pair_in_rail_dataset
CDG-EXT,CDG,EXT,"Paris (Roissy-en-France, Val-d'Oise)","Exeter, Devon",FR,GB,468.6,2,no_country_pair_in_rail_dataset
CDG-MXP,CDG,MXP,"Paris (Roissy-en-France, Val-d'Oise)",Ferno (VA),FR,IT,597.8,2,no_country_pair_in_rail_dataset
CDG-FLR,CDG,FLR,"Paris (Roissy-en-France, Val-d'Oise)",Firenze (FI),FR,IT,878.8,2,no_country_pair_in_rail_dataset
CDG-FRA,CDG,FRA,"Paris (Roissy-en-France, Val-d'Oise)",Frankfurt am Main,FR,DE,447.8,2,no_distance_compatible_rail_candidate
CDG-GVA,CDG,GVA,"Paris (Roissy-en-France, Val-d'Oise)",Geneva,FR,CH,407.2,2,no_country_pair_in_rail_dataset
CDG-GOA,CDG,GOA,"Paris (Roissy-en-France, Val-d'Oise)",Genova (GE),FR,IT,700.3,2,no_country_pair_in_rail_dataset
CDG-GLA,CDG,GLA,"Paris (Roissy-en-France, Val-d'Oise)",Glasgow,FR,GB,897.1,1,no_country_pair_in_rail_dataset
CDG-GOT,CDG,GOT,"Paris (Roissy-en-France, Val-d'Oise)",Göteborg,FR,SE,1156.4,3,no_country_pair_in_rail_dataset
CDG-LBA,CDG,LBA,"Paris (Roissy-en-France, Val-d'Oise)","Leeds, West Yorkshire",FR,GB,613.8,1,no_country_pair_in_rail_dataset
CDG-LIS,CDG,LIS,"Paris (Roissy-en-France, Val-d'Oise)",Lisbon,FR,PT,1469.9,3,no_country_pair_in_rail_dataset
CDG-LPL,CDG,LPL,"Paris (Roissy-en-France, Val-d'Oise)",Liverpool,FR,GB,610.6,1,no_country_pair_in_rail_dataset
CDG-LGW,CDG,LGW,"Paris (Roissy-en-France, Val-d'Oise)",London,FR,GB,307.9,1,no_country_pair_in_rail_dataset
CDG-LHR,CDG,LHR,"Paris (Roissy-en-France, Val-d'Oise)",London,FR,GB,347.6,3,no_country_pair_in_rail_dataset
CDG-LTN,CDG,LTN,"Paris (Roissy-en-France, Val-d'Oise)","Luton, Luton",FR,GB,379.9,1,no_country_pair_in_rail_dataset
CDG-LUX,CDG,LUX,"Paris (Roissy-en-France, Val-d'Oise)",Luxembourg,FR,LU,273.9,2,no_country_pair_in_rail_dataset
CDG-MAD,CDG,MAD,"Paris (Roissy-en-France, Val-d'Oise)",Madrid,FR,ES,1062.5,3,no_country_pair_in_rail_dataset
CDG-MAN,CDG,MAN,"Paris (Roissy-en-France, Val-d'Oise)","Manchester, Greater Manchester",FR,GB,588.3,4,no_country_pair_in_rail_dataset
CDG-OSR,CDG,OSR,"Paris (Roissy-en-France, Val-d'Oise)",Mošnov,FR,CZ,1127.4,1,no_country_pair_in_rail_dataset
CDG-AGP,CDG,AGP,"Paris (Roissy-en-France, Val-d'Oise)",Málaga,FR,ES,1485.6,3,no_country_pair_in_rail_dataset
CDG-NAP,CDG,NAP,"Paris (Roissy-en-France, Val-d'Oise)",Napoli,FR,IT,1289.1,3,no_country_pair_in_rail_dataset
CDG-NCL,CDG,NCL,"Paris (Roissy-en-France, Val-d'Oise)","Newcastle upon Tyne, Tyne and Wear",FR,GB,730.2,3,no_country_pair_in_rail_dataset
CDG-EMA,CDG,EMA,"Paris (Roissy-en-France, Val-d'Oise)","Nottingham, Leicestershire",FR,GB,504.5,1,no_country_pair_in_rail_dataset
CDG-OLB,CDG,OLB,"Paris (Roissy-en-France, Val-d'Oise)",Olbia (SS),FR,IT,1054.2,1,no_country_pair_in_rail_dataset
CDG-OSL,CDG,OSL,"Paris (Roissy-en-France, Val-d'Oise)",Oslo (Gardermoen),FR,NO,1357.5,3,no_country_pair_in_rail_dataset
CDG-PMO,CDG,PMO,"Paris (Roissy-en-France, Val-d'Oise)",Palermo,FR,IT,1470.4,4,no_country_pair_in_rail_dataset
CDG-TGD,CDG,TGD,"Paris (Roissy-en-France, Val-d'Oise)",Podgorica,FR,ME,1488.4,1,no_country_pair_in_rail_dataset
CDG-OPO,CDG,OPO,"Paris (Roissy-en-France, Val-d'Oise)",Porto,FR,PT,1231.1,1,no_country_pair_in_rail_dataset
CDG-PRG,CDG,PRG,"Paris (Roissy-en-France, Val-d'Oise)",Prague,FR,CZ,852.2,5,no_country_pair_in_rail_dataset
CDG-OVD,CDG,OVD,"Paris (Roissy-en-France, Val-d'Oise)",Ranón,FR,ES,894.6,2,no_country_pair_in_rail_dataset
CDG-FCO,CDG,FCO,"Paris (Roissy-en-France, Val-d'Oise)",Rome,FR,IT,1100.5,3,no_country_pair_in_rail_dataset
CDG-SCQ,CDG,SCQ,"Paris (Roissy-en-France, Val-d'Oise)",Santiago de Compostela,FR,ES,1084.9,2,no_country_pair_in_rail_dataset
CDG-LIN,CDG,LIN,"Paris (Roissy-en-France, Val-d'Oise)",Segrate (MI),FR,IT,643.6,3,no_country_pair_in_rail_dataset
CDG-SPU,CDG,SPU,"Paris (Roissy-en-France, Val-d'Oise)",Split,FR,HR,1216.3,1,no_country_pair_in_rail_dataset
CDG-JER,CDG,JER,"Paris (Roissy-en-France, Val-d'Oise)",St. Peter,FR,JE,346.4,1,no_country_pair_in_rail_dataset
CDG-SVG,CDG,SVG,"Paris (Roissy-en-France, Val-d'Oise)",Stavanger,FR,NO,1115.3,2,no_country_pair_in_rail_dataset
CDG-STR,CDG,STR,"Paris (Roissy-en-France, Val-d'Oise)",Stuttgart,FR,DE,489.0,2,no_distance_compatible_rail_candidate
CDG-TIV,CDG,TIV,"Paris (Roissy-en-France, Val-d'Oise)",Tivat,FR,ME,1450.2,1,no_country_pair_in_rail_dataset
CDG-VLC,CDG,VLC,"Paris (Roissy-en-France, Val-d'Oise)",Valencia,FR,ES,1085.6,2,no_country_pair_in_rail_dataset
CDG-ZAG,CDG,ZAG,"Paris (Roissy-en-France, Val-d'Oise)",Velika Gorica,FR,HR,1078.7,2,no_country_pair_in_rail_dataset
CDG-VCE,CDG,VCE,"Paris (Roissy-en-France, Val-d'Oise)",Venezia (VE),FR,IT,834.9,3,no_country_pair_in_rail_dataset
CDG-VIE,CDG,VIE,"Paris (Roissy-en-France, Val-d'Oise)",Vienna,FR,AT,1034.8,4,no_country_pair_in_rail_dataset
CDG-VGO,CDG,VGO,"Paris (Roissy-en-France, Val-d'Oise)",Vigo,FR,ES,1148.5,3,no_country_pair_in_rail_dataset
CDG-WAW,CDG,WAW,"Paris (Roissy-en-France, Val-d'Oise)",Warsaw,FR,PL,1342.4,2,no_country_pair_in_rail_dataset
CDG-WRO,CDG,WRO,"Paris (Roissy-en-France, Val-d'Oise)",Wrocław,FR,PL,1047.2,1,no_country_pair_in_rail_dataset
CDG-BRU,CDG,BRU,"Paris (Roissy-en-France, Val-d'Oise)",Zaventem,FR,BE,251.7,2,no_country_pair_in_rail_dataset
CDG-LJU,CDG,LJU,"Paris (Roissy-en-France, Val-d'Oise)",Zgornji Brnik,FR,SI,943.2,2,no_country_pair_in_rail_dataset
CDG-ZRH,CDG,ZRH,"Paris (Roissy-en-France, Val-d'Oise)",Zurich,FR,CH,476.1,2,no_country_pair_in_rail_dataset
PGF-CRL,PGF,CRL,Perpignan/Rivesaltes,Charleroi,FR,BE,867.1,1,no_country_pair_in_rail_dataset
PGF-DUB,PGF,DUB,Perpignan/Rivesaltes,Dublin,FR,IE,1366.0,1,no_country_pair_in_rail_dataset
PGF-STN,PGF,STN,Perpignan/Rivesaltes,"London, Essex",FR,GB,1035.9,1,no_country_pair_in_rail_dataset
PIS-STN,PIS,STN,Poitiers/Biard,"London, Essex",FR,GB,589.1,1,no_country_pair_in_rail_dataset
PIS-SNN,PIS,SNN,Poitiers/Biard,Shannon,FR,IE,949.4,1,no_country_pair_in_rail_dataset
RDZ-CRL,RDZ,CRL,Rodez/Marcillac,Charleroi,FR,BE,689.3,1,no_country_pair_in_rail_dataset
RDZ-DUB,RDZ,DUB,Rodez/Marcillac,Dublin,FR,IE,1187.4,1,no_country_pair_in_rail_dataset
RDZ-STN,RDZ,STN,Rodez/Marcillac,"London, Essex",FR,GB,847.9,1,no_country_pair_in_rail_dataset
RNS-BCN,RNS,BCN,"Saint-Jacques-de-la-Lande, Ille-et-Vilaine",Barcelona,FR,ES,810.9,2,no_country_pair_in_rail_dataset
RNS-EXT,RNS,EXT,"Saint-Jacques-de-la-Lande, Ille-et-Vilaine","Exeter, Devon",FR,GB,320.2,2,no_country_pair_in_rail_dataset
RNS-SOU,RNS,SOU,"Saint-Jacques-de-la-Lande, Ille-et-Vilaine",Southampton,FR,GB,321.5,2,no_country_pair_in_rail_dataset
SXB-AMS,SXB,AMS,Strasbourg,Amsterdam,FR,NL,465.7,3,no_country_pair_in_rail_dataset
SXB-LGW,SXB,LGW,Strasbourg,London,FR,GB,630.6,1,no_country_pair_in_rail_dataset
SXB-STN,SXB,STN,Strasbourg,"London, Essex",FR,GB,643.9,1,no_country_pair_in_rail_dataset
SXB-MAD,SXB,MAD,Strasbourg,Madrid,FR,ES,1258.0,1,no_country_pair_in_rail_dataset
SXB-PMO,SXB,PMO,Strasbourg,Palermo,FR,IT,1233.2,1,no_country_pair_in_rail_dataset
SXB-PRG,SXB,PRG,Strasbourg,Prague,FR,CZ,510.9,2,no_country_pair_in_rail_dataset
SXB-FCO,SXB,FCO,Strasbourg,Rome,FR,IT,831.5,3,no_country_pair_in_rail_dataset
SXB-BRU,SXB,BRU,Strasbourg,Zaventem,FR,BE,346.5,1,no_country_pair_in_rail_dataset
LDE-STN,LDE,STN,Tarbes/Lourdes/Pyrénées,"London, Essex",FR,GB,968.3,1,no_country_pair_in_rail_dataset
LDE-MAD,LDE,MAD,Tarbes/Lourdes/Pyrénées,Madrid,FR,ES,420.0,1,no_country_pair_in_rail_dataset
LDE-BGY,LDE,BGY,Tarbes/Lourdes/Pyrénées,Orio al Serio (BG),FR,IT,819.1,1,no_country_pair_in_rail_dataset
LDE-BRU,LDE,BRU,Tarbes/Lourdes/Pyrénées,Zaventem,FR,BE,923.3,1,no_country_pair_in_rail_dataset
TLS-AMS,TLS,AMS,Toulouse/Blagnac,Amsterdam,FR,NL,997.5,2,no_country_pair_in_rail_dataset
TLS-BCN,TLS,BCN,Toulouse/Blagnac,Barcelona,FR,ES,265.8,2,no_country_pair_in_rail_dataset
TLS-BRS,TLS,BRS,Toulouse/Blagnac,Bristol,FR,GB,914.6,2,no_country_pair_in_rail_dataset
TLS-DUB,TLS,DUB,Toulouse/Blagnac,Dublin,FR,IE,1224.2,1,no_country_pair_in_rail_dataset
TLS-MXP,TLS,MXP,Toulouse/Blagnac,Ferno (VA),FR,IT,623.5,1,no_country_pair_in_rail_dataset
TLS-GVA,TLS,GVA,Toulouse/Blagnac,Geneva,FR,CH,472.8,2,no_country_pair_in_rail_dataset
TLS-LIS,TLS,LIS,Toulouse/Blagnac,Lisbon,FR,PT,1029.4,1,no_country_pair_in_rail_dataset
TLS-LGW,TLS,LGW,Toulouse/Blagnac,London,FR,GB,844.2,1,no_country_pair_in_rail_dataset
TLS-LHR,TLS,LHR,Toulouse/Blagnac,London,FR,GB,882.6,2,no_country_pair_in_rail_dataset
TLS-MAD,TLS,MAD,Toulouse/Blagnac,Madrid,FR,ES,536.1,1,no_country_pair_in_rail_dataset
TLS-MAN,TLS,MAN,Toulouse/Blagnac,"Manchester, Greater Manchester",FR,GB,1113.3,1,no_country_pair_in_rail_dataset
TLS-AGP,TLS,AGP,Toulouse/Blagnac,Málaga,FR,ES,919.3,2,no_country_pair_in_rail_dataset
TLS-PMI,TLS,PMI,Toulouse/Blagnac,Palma de Mallorca,FR,ES,467.6,2,no_country_pair_in_rail_dataset
TLS-FCO,TLS,FCO,Toulouse/Blagnac,Rome,FR,IT,911.6,3,no_country_pair_in_rail_dataset
TLS-SVQ,TLS,SVQ,Toulouse/Blagnac,Seville,FR,ES,922.9,2,no_country_pair_in_rail_dataset
TLS-MLA,TLS,MLA,Toulouse/Blagnac,Valletta,FR,MT,1414.5,1,no_country_pair_in_rail_dataset
TLS-VCE,TLS,VCE,Toulouse/Blagnac,Venezia (VE),FR,IT,894.3,2,no_country_pair_in_rail_dataset
TLS-BRU,TLS,BRU,Toulouse/Blagnac,Zaventem,FR,BE,842.0,2,no_country_pair_in_rail_dataset
TUF-DUB,TUF,DUB,"Tours, Indre-et-Loire",Dublin,FR,IE,829.7,1,no_country_pair_in_rail_dataset
TUF-STN,TUF,STN,"Tours, Indre-et-Loire","London, Essex",FR,GB,496.4,1,no_country_pair_in_rail_dataset
TUF-OPO,TUF,OPO,"Tours, Indre-et-Loire",Porto,FR,PT,1014.9,1,no_country_pair_in_rail_dataset
ABZ-AMS,ABZ,AMS,Aberdeen,Amsterdam,GB,NL,703.3,1,no_country_pair_in_rail_dataset
ABZ-BGO,ABZ,BGO,Aberdeen,Bergen,GB,NO,548.3,2,no_country_pair_in_rail_dataset
ABZ-CPH,ABZ,CPH,Aberdeen,Copenhagen,GB,DK,928.6,1,no_country_pair_in_rail_dataset
ABZ-DUB,ABZ,DUB,Aberdeen,Dublin,GB,IE,491.9,1,no_country_pair_in_rail_dataset
ABZ-EBJ,ABZ,EBJ,Aberdeen,Esbjerg,GB,DK,687.1,1,no_country_pair_in_rail_dataset
ABZ-FRA,ABZ,FRA,Aberdeen,Frankfurt am Main,GB,DE,1065.2,1,no_country_pair_in_rail_dataset
ABZ-KSU,ABZ,KSU,Aberdeen,Kvernberget,GB,NO,857.9,1,no_country_pair_in_rail_dataset
ABZ-LHR,ABZ,LHR,Aberdeen,London,GB,GB,647.1,5,no_country_pair_in_rail_dataset
ABZ-MAN,ABZ,MAN,Aberdeen,"Manchester, Greater Manchester",GB,GB,428.4,2,no_country_pair_in_rail_dataset
ABZ-NWI,ABZ,NWI,Aberdeen,"Norwich, Norfolk",GB,GB,550.0,2,no_country_pair_in_rail_dataset
ABZ-OSL,ABZ,OSL,Aberdeen,Oslo (Gardermoen),GB,NO,835.3,2,no_country_pair_in_rail_dataset
ABZ-CDG,ABZ,CDG,Aberdeen,"Paris (Roissy-en-France, Val-d'Oise)",GB,FR,964.1,3,no_country_pair_in_rail_dataset
ABZ-SVG,ABZ,SVG,Aberdeen,Stavanger,GB,NO,497.0,3,no_country_pair_in_rail_dataset
BFS-AMS,BFS,AMS,Belfast,Amsterdam,GB,NL,771.0,1,no_country_pair_in_rail_dataset
BHD-LHR,BHD,LHR,Belfast,London,GB,GB,503.1,4,no_country_pair_in_rail_dataset
BFS-CDG,BFS,CDG,Belfast,"Paris (Roissy-en-France, Val-d'Oise)",GB,FR,869.2,1,no_country_pair_in_rail_dataset
BHX-AMS,BHX,AMS,"Birmingham, West Midlands",Amsterdam,GB,NL,442.1,2,no_country_pair_in_rail_dataset
BHX-BCN,BHX,BCN,"Birmingham, West Midlands",Barcelona,GB,ES,1273.7,2,no_country_pair_in_rail_dataset
BHX-BTS,BHX,BTS,"Birmingham, West Midlands",Bratislava,GB,SK,1423.1,1,no_country_pair_in_rail_dataset
BHX-BZG,BHX,BZG,"Birmingham, West Midlands",Bydgoszcz,GB,PL,1324.6,1,no_country_pair_in_rail_dataset
BHX-IOM,BHX,IOM,"Birmingham, West Midlands",Castletown,GB,IM,263.4,1,no_country_pair_in_rail_dataset
BHX-NOC,BHX,NOC,"Birmingham, West Midlands",Charlestown,GB,IE,497.9,1,no_country_pair_in_rail_dataset
BHX-LYS,BHX,LYS,"Birmingham, West Midlands","Colombier-Saugnieu, Rhône",GB,FR,897.8,2,no_country_pair_in_rail_dataset
BHX-CPH,BHX,CPH,"Birmingham, West Midlands",Copenhagen,GB,DK,1002.0,1,no_country_pair_in_rail_dataset
BHX-ORK,BHX,ORK,"Birmingham, West Midlands",Cork,GB,IE,464.9,1,no_country_pair_in_rail_dataset
BHX-DUB,BHX,DUB,"Birmingham, West Midlands",Dublin,GB,IE,321.3,2,no_country_pair_in_rail_dataset
BHX-DUS,BHX,DUS,"Birmingham, West Midlands",Düsseldorf,GB,DE,598.4,2,no_country_pair_in_rail_dataset
BHX-MXP,BHX,MXP,"Birmingham, West Midlands",Ferno (VA),GB,IT,1074.4,1,no_country_pair_in_rail_dataset
BHX-FLR,BHX,FLR,"Birmingham, West Midlands",Firenze (FI),GB,IT,1355.5,1,no_country_pair_in_rail_dataset
BHX-FRA,BHX,FRA,"Birmingham, West Midlands",Frankfurt am Main,GB,DE,765.7,1,no_country_pair_in_rail_dataset
BHX-GDN,BHX,GDN,"Birmingham, West Midlands",Gdańsk,GB,PL,1351.8,1,no_country_pair_in_rail_dataset
BHX-GOT,BHX,GOT,"Birmingham, West Midlands",Göteborg,GB,SE,1061.6,1,no_country_pair_in_rail_dataset
BHX-HAM,BHX,HAM,"Birmingham, West Midlands",Hamburg,GB,DE,794.5,1,no_country_pair_in_rail_dataset
BHX-HAJ,BHX,HAJ,"Birmingham, West Midlands",Hannover,GB,DE,773.9,1,no_country_pair_in_rail_dataset
BHX-KTW,BHX,KTW,"Birmingham, West Midlands",Katowice,GB,PL,1454.3,1,no_country_pair_in_rail_dataset
BHX-CGN,BHX,CGN,"Birmingham, West Midlands",Köln (Cologne),GB,DE,637.7,1,no_country_pair_in_rail_dataset
BHX-MAH,BHX,MAH,"Birmingham, West Midlands",Mahón (Maó),GB,ES,1472.3,1,no_country_pair_in_rail_dataset
BHX-MUC,BHX,MUC,"Birmingham, West Midlands",Munich,GB,DE,1059.8,1,no_country_pair_in_rail_dataset
BHX-NCE,BHX,NCE,"Birmingham, West Midlands","Nice, Alpes-Maritimes",GB,FR,1181.4,1,no_country_pair_in_rail_dataset
BHX-PMI,BHX,PMI,"Birmingham, West Midlands",Palma de Mallorca,GB,ES,1475.2,5,no_country_pair_in_rail_dataset
BHX-CDG,BHX,CDG,"Birmingham, West Midlands","Paris (Roissy-en-France, Val-d'Oise)",GB,FR,488.1,2,no_country_pair_in_rail_dataset
BHX-OPO,BHX,OPO,"Birmingham, West Midlands",Porto,GB,PT,1351.5,1,no_country_pair_in_rail_dataset
BHX-REU,BHX,REU,"Birmingham, West Midlands",Reus,GB,ES,1276.4,1,no_country_pair_in_rail_dataset
BHX-GCI,BHX,GCI,"Birmingham, West Midlands",Saint Peter Port,GB,GG,341.0,1,no_country_pair_in_rail_dataset
BHX-SNN,BHX,SNN,"Birmingham, West Midlands",Shannon,GB,IE,485.5,1,no_country_pair_in_rail_dataset
BHX-JER,BHX,JER,"Birmingham, West Midlands",St. Peter,GB,JE,362.3,1,no_country_pair_in_rail_dataset
BHX-ARN,BHX,ARN,"Birmingham, West Midlands",Stockholm,GB,SE,1451.9,1,no_country_pair_in_rail_dataset
BHX-STR,BHX,STR,"Birmingham, West Midlands",Stuttgart,GB,DE,879.3,1,no_country_pair_in_rail_dataset
BHX-VCE,BHX,VCE,"Birmingham, West Midlands",Venezia (VE),GB,IT,1283.1,1,no_country_pair_in_rail_dataset
BHX-BRU,BHX,BRU,"Birmingham, West Midlands",Zaventem,GB,BE,462.9,2,no_country_pair_in_rail_dataset
BHX-ZRH,BHX,ZRH,"Birmingham, West Midlands",Zurich,GB,CH,921.1,1,no_country_pair_in_rail_dataset
BOH-ALC,BOH,ALC,Bournemouth,Alicante,GB,ES,1393.4,1,no_country_pair_in_rail_dataset
BOH-CCF,BOH,CCF,Bournemouth,Carcassonne,GB,FR,897.6,1,no_country_pair_in_rail_dataset
BOH-DUB,BOH,DUB,Bournemouth,Dublin,GB,IE,421.7,1,no_country_pair_in_rail_dataset
BOH-GRO,BOH,GRO,Bournemouth,Girona,GB,ES,1047.7,1,no_country_pair_in_rail_dataset
BOH-IBZ,BOH,IBZ,Bournemouth,Ibiza (Eivissa),GB,ES,1347.7,1,no_country_pair_in_rail_dataset
BOH-PMI,BOH,PMI,Bournemouth,Palma de Mallorca,GB,ES,1298.5,2,no_country_pair_in_rail_dataset
BOH-PSA,BOH,PSA,Bournemouth,Pisa (PI),GB,IT,1212.0,1,no_country_pair_in_rail_dataset
BRS-ALC,BRS,ALC,Bristol,Alicante,GB,ES,1466.4,3,no_country_pair_in_rail_dataset
BRS-AMS,BRS,AMS,Bristol,Amsterdam,GB,NL,523.8,3,no_country_pair_in_rail_dataset
BRS-BCN,BRS,BCN,Bristol,Barcelona,GB,ES,1179.6,1,no_country_pair_in_rail_dataset
BRS-EGC,BRS,EGC,Bristol,Bergerac,GB,FR,767.5,1,no_country_pair_in_rail_dataset
BRS-BLQ,BRS,BLQ,Bristol,Bologna,GB,IT,1287.7,1,no_country_pair_in_rail_dataset
BRS-BOD,BRS,BOD,Bristol,Bordeaux,GB,FR,743.7,1,no_country_pair_in_rail_dataset
BRS-BZR,BRS,BZR,Bristol,Béziers,GB,FR,1005.2,1,no_country_pair_in_rail_dataset
BRS-NOC,BRS,NOC,Bristol,Charlestown,GB,IE,498.1,1,no_country_pair_in_rail_dataset
BRS-CPH,BRS,CPH,Bristol,Copenhagen,GB,DK,1117.4,1,no_country_pair_in_rail_dataset
BRS-ORK,BRS,ORK,Bristol,Cork,GB,IE,401.9,1,no_country_pair_in_rail_dataset
BRS-DUB,BRS,DUB,Bristol,Dublin,GB,IE,331.0,2,no_country_pair_in_rail_dataset
BRS-MXP,BRS,MXP,Bristol,Ferno (VA),GB,IT,1056.3,1,no_country_pair_in_rail_dataset
BRS-FRA,BRS,FRA,Bristol,Frankfurt am Main,GB,DE,807.3,1,no_country_pair_in_rail_dataset
BRS-GDN,BRS,GDN,Bristol,Gdańsk,GB,PL,1453.9,1,no_country_pair_in_rail_dataset
BRS-GVA,BRS,GVA,Bristol,Geneva,GB,CH,862.0,1,no_country_pair_in_rail_dataset
BRS-GRO,BRS,GRO,Bristol,Girona,GB,ES,1133.0,1,no_country_pair_in_rail_dataset
BRS-HAM,BRS,HAM,Bristol,Hamburg,GB,DE,894.1,1,no_country_pair_in_rail_dataset
BRS-IBZ,BRS,IBZ,Bristol,Ibiza (Eivissa),GB,ES,1426.9,1,no_country_pair_in_rail_dataset
BRS-LIG,BRS,LIG,Bristol,Limoges/Bellegarde,GB,FR,677.0,1,no_country_pair_in_rail_dataset
BRS-LIS,BRS,LIS,Bristol,Lisbon,GB,PT,1487.6,1,no_country_pair_in_rail_dataset
BRS-MAD,BRS,MAD,Bristol,Madrid,GB,ES,1212.6,1,no_country_pair_in_rail_dataset
BRS-MAH,BRS,MAH,Bristol,Mahón (Maó),GB,ES,1388.3,1,no_country_pair_in_rail_dataset
BRS-MUC,BRS,MUC,Bristol,Munich,GB,DE,1090.5,1,no_country_pair_in_rail_dataset
BRS-NCE,BRS,NCE,Bristol,"Nice, Alpes-Maritimes",GB,FR,1135.5,1,no_country_pair_in_rail_dataset
BRS-BGY,BRS,BGY,Bristol,Orio al Serio (BG),GB,IT,1111.6,1,no_country_pair_in_rail_dataset
BRS-PMI,BRS,PMI,Bristol,Palma de Mallorca,GB,ES,1381.6,5,no_country_pair_in_rail_dataset
BRS-CDG,BRS,CDG,Bristol,"Paris (Roissy-en-France, Val-d'Oise)",GB,FR,458.5,1,no_country_pair_in_rail_dataset
BRS-PSA,BRS,PSA,Bristol,Pisa (PI),GB,IT,1300.9,1,no_country_pair_in_rail_dataset
BRS-POZ,BRS,POZ,Bristol,Poznań,GB,PL,1341.4,1,no_country_pair_in_rail_dataset
BRS-PRG,BRS,PRG,Bristol,Prague,GB,CZ,1200.3,1,no_country_pair_in_rail_dataset
BRS-REU,BRS,REU,Bristol,Reus,GB,ES,1176.1,2,no_country_pair_in_rail_dataset
BRS-SNN,BRS,SNN,Bristol,Shannon,GB,IE,449.1,1,no_country_pair_in_rail_dataset
BRS-TLS,BRS,TLS,Bristol,Toulouse/Blagnac,GB,FR,914.6,2,no_country_pair_in_rail_dataset
BRS-TSF,BRS,TSF,Bristol,Treviso (TV),GB,IT,1266.5,1,no_country_pair_in_rail_dataset
BRS-VLC,BRS,VLC,Bristol,Valencia,GB,ES,1333.7,1,no_country_pair_in_rail_dataset
BRS-WRO,BRS,WRO,Bristol,Wrocław,GB,PL,1360.5,1,no_country_pair_in_rail_dataset
BRS-BRU,BRS,BRU,Bristol,Zaventem,GB,BE,505.0,1,no_country_pair_in_rail_dataset
BRS-ZRH,BRS,ZRH,Bristol,Zurich,GB,CH,922.9,1,no_country_pair_in_rail_dataset
CWL-ALC,CWL,ALC,Cardiff,Alicante,GB,ES,1474.4,3,no_country_pair_in_rail_dataset
CWL-AMS,CWL,AMS,Cardiff,Amsterdam,GB,NL,565.7,2,no_country_pair_in_rail_dataset
CWL-BCN,CWL,BCN,Cardiff,Barcelona,GB,ES,1196.8,2,no_country_pair_in_rail_dataset
CWL-DUB,CWL,DUB,Cardiff,Dublin,GB,IE,300.4,1,no_country_pair_in_rail_dataset
CWL-DUS,CWL,DUS,Cardiff,Düsseldorf,GB,DE,701.8,1,no_country_pair_in_rail_dataset
CWL-EDI,CWL,EDI,Cardiff,Edinburgh,GB,GB,506.3,2,no_country_pair_in_rail_dataset
CWL-GLA,CWL,GLA,Cardiff,Glasgow,GB,GB,502.8,2,no_country_pair_in_rail_dataset
CWL-PMI,CWL,PMI,Cardiff,Palma de Mallorca,GB,ES,1398.7,1,no_country_pair_in_rail_dataset
CWL-ORY,CWL,ORY,Cardiff,"Paris (Orly, Val-de-Marne)",GB,FR,503.4,2,no_country_pair_in_rail_dataset
CWL-JER,CWL,JER,Cardiff,St. Peter,GB,JE,256.7,3,no_country_pair_in_rail_dataset
MME-AMS,MME,AMS,"Darlington, Durham",Amsterdam,GB,NL,477.7,2,no_country_pair_in_rail_dataset
EDI-AMS,EDI,AMS,Edinburgh,Amsterdam,GB,NL,666.4,2,no_country_pair_in_rail_dataset
EDI-BGO,EDI,BGO,Edinburgh,Bergen,GB,NO,697.4,1,no_country_pair_in_rail_dataset
EDI-BOD,EDI,BOD,Edinburgh,Bordeaux,GB,FR,1250.7,1,no_country_pair_in_rail_dataset
EDI-BRE,EDI,BRE,Edinburgh,Bremen,GB,DE,847.6,1,no_country_pair_in_rail_dataset
EDI-BSL,EDI,BSL,Edinburgh,Bâle / Mulhouse,GB,FR,1190.3,1,no_country_pair_in_rail_dataset
EDI-BZR,EDI,BZR,Edinburgh,Béziers,GB,FR,1483.5,1,no_country_pair_in_rail_dataset
EDI-CWL,EDI,CWL,Edinburgh,Cardiff,GB,GB,506.3,2,no_country_pair_in_rail_dataset
EDI-CRL,EDI,CRL,Edinburgh,Charleroi,GB,BE,801.8,1,no_country_pair_in_rail_dataset
EDI-LYS,EDI,LYS,Edinburgh,"Colombier-Saugnieu, Rhône",GB,FR,1280.6,1,no_country_pair_in_rail_dataset
EDI-CPH,EDI,CPH,Edinburgh,Copenhagen,GB,DK,1000.6,2,no_country_pair_in_rail_dataset
EDI-ORK,EDI,ORK,Edinburgh,Cork,GB,IE,566.4,1,no_country_pair_in_rail_dataset
EDI-DUB,EDI,DUB,Edinburgh,Dublin,GB,IE,336.2,2,no_country_pair_in_rail_dataset
EDI-MXP,EDI,MXP,Edinburgh,Ferno (VA),GB,IT,1424.0,1,no_country_pair_in_rail_dataset
EDI-FRA,EDI,FRA,Edinburgh,Frankfurt am Main,GB,DE,1032.7,1,no_country_pair_in_rail_dataset
EDI-HHN,EDI,HHN,Edinburgh,Frankfurt am Main (Lautzenhausen),GB,DE,974.4,1,no_country_pair_in_rail_dataset
EDI-GDN,EDI,GDN,Edinburgh,Gdańsk,GB,PL,1392.2,1,no_country_pair_in_rail_dataset
EDI-GVA,EDI,GVA,Edinburgh,Geneva,GB,CH,1264.2,1,no_country_pair_in_rail_dataset
EDI-HAM,EDI,HAM,Edinburgh,Hamburg,GB,DE,892.9,1,no_country_pair_in_rail_dataset
EDI-CGN,EDI,CGN,Edinburgh,Köln (Cologne),GB,DE,895.8,1,no_country_pair_in_rail_dataset
EDI-LGW,EDI,LGW,Edinburgh,London,GB,GB,573.7,2,no_country_pair_in_rail_dataset
EDI-LHR,EDI,LHR,Edinburgh,London,GB,GB,533.6,5,no_country_pair_in_rail_dataset
EDI-MUC,EDI,MUC,Edinburgh,Munich,GB,DE,1330.3,1,no_country_pair_in_rail_dataset
EDI-OSL,EDI,OSL,Edinburgh,Oslo (Gardermoen),GB,NO,970.2,2,no_country_pair_in_rail_dataset
EDI-CDG,EDI,CDG,Edinburgh,"Paris (Roissy-en-France, Val-d'Oise)",GB,FR,869.2,5,no_country_pair_in_rail_dataset
EDI-POZ,EDI,POZ,Edinburgh,Poznań,GB,PL,1365.7,1,no_country_pair_in_rail_dataset
EDI-PRG,EDI,PRG,Edinburgh,Prague,GB,CZ,1341.3,2,no_country_pair_in_rail_dataset
EDI-KEF,EDI,KEF,Edinburgh,Reykjavík,GB,IS,1384.6,1,no_country_pair_in_rail_dataset
EDI-SDR,EDI,SDR,Edinburgh,Santander,GB,ES,1392.9,1,no_country_pair_in_rail_dataset
EDI-SNN,EDI,SNN,Edinburgh,Shannon,GB,IE,509.7,1,no_country_pair_in_rail_dataset
EDI-JER,EDI,JER,Edinburgh,St. Peter,GB,JE,753.9,1,no_country_pair_in_rail_dataset
EDI-SVG,EDI,SVG,Edinburgh,Stavanger,GB,NO,629.4,1,no_country_pair_in_rail_dataset
EDI-ARN,EDI,ARN,Edinburgh,Stockholm,GB,SE,1320.7,2,no_country_pair_in_rail_dataset
EDI-NRN,EDI,NRN,Edinburgh,Weeze,GB,DE,789.2,1,no_country_pair_in_rail_dataset
EDI-BRU,EDI,BRU,Edinburgh,Zaventem,GB,BE,764.7,2,no_country_pair_in_rail_dataset
EXT-ALC,EXT,ALC,"Exeter, Devon",Alicante,GB,ES,1402.7,1,no_country_pair_in_rail_dataset
EXT-AMS,EXT,AMS,"Exeter, Devon",Amsterdam,GB,NL,591.9,1,no_country_pair_in_rail_dataset
EXT-EGC,EXT,EGC,"Exeter, Devon",Bergerac,GB,FR,719.5,2,no_country_pair_in_rail_dataset
EXT-DUB,EXT,DUB,"Exeter, Devon",Dublin,GB,IE,357.2,1,no_country_pair_in_rail_dataset
EXT-DUS,EXT,DUS,"Exeter, Devon",Düsseldorf,GB,DE,714.3,1,no_country_pair_in_rail_dataset
EXT-PMI,EXT,PMI,"Exeter, Devon",Palma de Mallorca,GB,ES,1332.6,3,no_country_pair_in_rail_dataset
EXT-CDG,EXT,CDG,"Exeter, Devon","Paris (Roissy-en-France, Val-d'Oise)",GB,FR,468.6,2,no_country_pair_in_rail_dataset
EXT-RNS,EXT,RNS,"Exeter, Devon","Saint-Jacques-de-la-Lande, Ille-et-Vilaine",GB,FR,320.2,2,no_country_pair_in_rail_dataset
GLA-AMS,GLA,AMS,Glasgow,Amsterdam,GB,NL,718.0,3,no_country_pair_in_rail_dataset
GLA-CWL,GLA,CWL,Glasgow,Cardiff,GB,GB,502.8,2,no_country_pair_in_rail_dataset
GLA-ORK,GLA,ORK,Glasgow,Cork,GB,IE,521.0,1,no_country_pair_in_rail_dataset
GLA-CFN,GLA,CFN,Glasgow,Donegal,GB,IE,263.0,1,no_country_pair_in_rail_dataset
GLA-DUB,GLA,DUB,Glasgow,Dublin,GB,IE,296.0,1,no_country_pair_in_rail_dataset
GLA-DUS,GLA,DUS,Glasgow,Düsseldorf,GB,DE,896.2,1,no_country_pair_in_rail_dataset
GLA-GDN,GLA,GDN,Glasgow,Gdańsk,GB,PL,1458.6,1,no_country_pair_in_rail_dataset
GLA-LGW,GLA,LGW,Glasgow,London,GB,GB,595.3,2,no_country_pair_in_rail_dataset
GLA-LHR,GLA,LHR,Glasgow,London,GB,GB,554.8,3,no_country_pair_in_rail_dataset
GLA-CDG,GLA,CDG,Glasgow,"Paris (Roissy-en-France, Val-d'Oise)",GB,FR,897.1,1,no_country_pair_in_rail_dataset
GLA-KEF,GLA,KEF,Glasgow,Reykjavík,GB,IS,1347.5,1,no_country_pair_in_rail_dataset
GLA-JER,GLA,JER,Glasgow,St. Peter,GB,JE,756.2,2,no_country_pair_in_rail_dataset
HUY-AMS,HUY,AMS,"Grimsby, Lincolnshire",Amsterdam,GB,NL,370.4,2,no_country_pair_in_rail_dataset
HUY-JER,HUY,JER,"Grimsby, Lincolnshire",St. Peter,GB,JE,502.3,1,no_country_pair_in_rail_dataset
INV-AMS,INV,AMS,Inverness,Amsterdam,GB,NL,808.5,1,no_country_pair_in_rail_dataset
LBA-AMS,LBA,AMS,"Leeds, West Yorkshire",Amsterdam,GB,NL,462.5,3,no_country_pair_in_rail_dataset
LBA-BCN,LBA,BCN,"Leeds, West Yorkshire",Barcelona,GB,ES,1424.9,2,no_country_pair_in_rail_dataset
LBA-CPH,LBA,CPH,"Leeds, West Yorkshire",Copenhagen,GB,DK,937.6,1,no_country_pair_in_rail_dataset
LBA-DUB,LBA,DUB,"Leeds, West Yorkshire",Dublin,GB,IE,307.1,1,no_country_pair_in_rail_dataset
LBA-DUS,LBA,DUS,"Leeds, West Yorkshire",Düsseldorf,GB,DE,636.9,1,no_country_pair_in_rail_dataset
LBA-GDN,LBA,GDN,"Leeds, West Yorkshire",Gdańsk,GB,PL,1308.4,1,no_country_pair_in_rail_dataset
LBA-GRO,LBA,GRO,"Leeds, West Yorkshire",Girona,GB,ES,1369.6,1,no_country_pair_in_rail_dataset
LBA-LIG,LBA,LIG,"Leeds, West Yorkshire",Limoges/Bellegarde,GB,FR,912.7,1,no_country_pair_in_rail_dataset
LBA-LHR,LBA,LHR,"Leeds, West Yorkshire",London,GB,GB,278.4,3,no_country_pair_in_rail_dataset
LBA-MPL,LBA,MPL,"Leeds, West Yorkshire",Montpellier/Méditerranée,GB,FR,1215.3,1,no_country_pair_in_rail_dataset
LBA-NCE,LBA,NCE,"Leeds, West Yorkshire","Nice, Alpes-Maritimes",GB,FR,1306.0,1,no_country_pair_in_rail_dataset
LBA-BGY,LBA,BGY,"Leeds, West Yorkshire",Orio al Serio (BG),GB,IT,1220.8,1,no_country_pair_in_rail_dataset
LBA-CDG,LBA,CDG,"Leeds, West Yorkshire","Paris (Roissy-en-France, Val-d'Oise)",GB,FR,613.8,1,no_country_pair_in_rail_dataset
LBA-PSA,LBA,PSA,"Leeds, West Yorkshire",Pisa (PI),GB,IT,1431.9,2,no_country_pair_in_rail_dataset
LBA-PRG,LBA,PRG,"Leeds, West Yorkshire",Prague,GB,CZ,1164.8,1,no_country_pair_in_rail_dataset
LBA-JER,LBA,JER,"Leeds, West Yorkshire",St. Peter,GB,JE,519.3,1,no_country_pair_in_rail_dataset
LBA-TSF,LBA,TSF,"Leeds, West Yorkshire",Treviso (TV),GB,IT,1346.8,1,no_country_pair_in_rail_dataset
LBA-VCE,LBA,VCE,"Leeds, West Yorkshire",Venezia (VE),GB,IT,1366.8,1,no_country_pair_in_rail_dataset
LPL-AMS,LPL,AMS,Liverpool,Amsterdam,GB,NL,523.9,1,no_country_pair_in_rail_dataset
LPL-BCN,LPL,BCN,Liverpool,Barcelona,GB,ES,1388.3,2,no_country_pair_in_rail_dataset
LPL-EGC,LPL,EGC,Liverpool,Bergerac,GB,FR,977.2,1,no_country_pair_in_rail_dataset
LPL-CCF,LPL,CCF,Liverpool,Carcassonne,GB,FR,1187.3,1,no_country_pair_in_rail_dataset
LPL-NOC,LPL,NOC,Liverpool,Charlestown,GB,IE,398.6,1,no_country_pair_in_rail_dataset
LPL-ORK,LPL,ORK,Liverpool,Cork,GB,IE,415.6,1,no_country_pair_in_rail_dataset
LPL-GDN,LPL,GDN,Liverpool,Gdańsk,GB,PL,1397.4,1,no_country_pair_in_rail_dataset
LPL-GVA,LPL,GVA,Liverpool,Geneva,GB,CH,1016.4,1,no_country_pair_in_rail_dataset
LPL-LIG,LPL,LIG,Liverpool,Limoges/Bellegarde,GB,FR,879.8,1,no_country_pair_in_rail_dataset
LPL-MAD,LPL,MAD,Liverpool,Madrid,GB,ES,1428.9,1,no_country_pair_in_rail_dataset
LPL-NCE,LPL,NCE,Liverpool,"Nice, Alpes-Maritimes",GB,FR,1304.1,1,no_country_pair_in_rail_dataset
LPL-FNI,LPL,FNI,Liverpool,Nîmes/Garons,GB,FR,1190.3,1,no_country_pair_in_rail_dataset
LPL-CDG,LPL,CDG,Liverpool,"Paris (Roissy-en-France, Val-d'Oise)",GB,FR,610.6,1,no_country_pair_in_rail_dataset
LPL-PSA,LPL,PSA,Liverpool,Pisa (PI),GB,IT,1445.7,1,no_country_pair_in_rail_dataset
LPL-OPO,LPL,OPO,Liverpool,Porto,GB,PT,1412.9,1,no_country_pair_in_rail_dataset
LPL-POZ,LPL,POZ,Liverpool,Poznań,GB,PL,1319.9,1,no_country_pair_in_rail_dataset
LPL-REU,LPL,REU,Liverpool,Reus,GB,ES,1388.1,1,no_country_pair_in_rail_dataset
LPL-TRF,LPL,TRF,Liverpool,Sandefjord(Torp),GB,NO,1035.6,1,no_country_pair_in_rail_dataset
LPL-SNN,LPL,SNN,Liverpool,Shannon,GB,IE,412.3,1,no_country_pair_in_rail_dataset
LPL-JER,LPL,JER,Liverpool,St. Peter,GB,JE,461.1,1,no_country_pair_in_rail_dataset
LPL-SZZ,LPL,SZZ,Liverpool,Szczecin(Glewice),GB,PL,1172.5,1,no_country_pair_in_rail_dataset
LPL-WRO,LPL,WRO,Liverpool,Wrocław,GB,PL,1362.3,1,no_country_pair_in_rail_dataset
LGW-AAL,LGW,AAL,London,Aalborg,GB,DK,928.2,1,no_country_pair_in_rail_dataset
LHR-ABZ,LHR,ABZ,London,Aberdeen,GB,GB,647.1,5,no_country_pair_in_rail_dataset
LGW-AJA,LGW,AJA,London,Ajaccio,GB,FR,1232.9,1,no_country_pair_in_rail_dataset
LGW-ALC,LGW,ALC,London,Alicante,GB,ES,1431.0,6,no_country_pair_in_rail_dataset
LCY-AMS,LCY,AMS,London,Amsterdam,GB,NL,335.1,4,no_country_pair_in_rail_dataset
LGW-AMS,LGW,AMS,London,Amsterdam,GB,NL,364.4,2,no_country_pair_in_rail_dataset
LHR-AMS,LHR,AMS,London,Amsterdam,GB,NL,370.3,5,no_country_pair_in_rail_dataset
LCY-ANR,LCY,ANR,London,Antwerp,GB,BE,308.1,2,no_country_pair_in_rail_dataset
LGW-KRK,LGW,KRK,London,Balice,GB,PL,1409.8,1,no_country_pair_in_rail_dataset
LGW-BCN,LGW,BCN,London,Barcelona,GB,ES,1109.1,6,no_country_pair_in_rail_dataset
LHR-BCN,LHR,BCN,London,Barcelona,GB,ES,1147.7,3,no_country_pair_in_rail_dataset
LGW-BIA,LGW,BIA,London,Bastia,GB,FR,1203.8,1,no_country_pair_in_rail_dataset
LHR-BHD,LHR,BHD,London,Belfast,GB,GB,503.1,4,no_country_pair_in_rail_dataset
LGW-BGO,LGW,BGO,London,Bergen,GB,NO,1070.8,2,no_country_pair_in_rail_dataset
LHR-BGO,LHR,BGO,London,Bergen,GB,NO,1042.1,2,no_country_pair_in_rail_dataset
LCY-BRN,LCY,BRN,London,Bern,GB,CH,743.1,1,no_country_pair_in_rail_dataset
LHR-BIO,LHR,BIO,London,Bilbao,GB,ES,926.8,2,no_country_pair_in_rail_dataset
LCY-BLL,LCY,BLL,London,Billund,GB,DK,761.9,1,no_country_pair_in_rail_dataset
LGW-BLQ,LGW,BLQ,London,Bologna,GB,IT,1126.5,1,no_country_pair_in_rail_dataset
LHR-BLQ,LHR,BLQ,London,Bologna,GB,IT,1163.1,2,no_country_pair_in_rail_dataset
LGW-BOD,LGW,BOD,London,Bordeaux,GB,FR,703.9,2,no_country_pair_in_rail_dataset
LCY-BES,LCY,BES,London,Brest,GB,FR,466.7,2,no_country_pair_in_rail_dataset
LCY-BVE,LCY,BVE,London,Brive,GB,FR,726.7,2,no_country_pair_in_rail_dataset
LGW-BUD,LGW,BUD,London,Budapest,GB,HU,1464.9,2,no_country_pair_in_rail_dataset
LHR-BUD,LHR,BUD,London,Budapest,GB,HU,1489.5,3,no_country_pair_in_rail_dataset
LCY-BSL,LCY,BSL,London,Bâle / Mulhouse,GB,FR,691.2,1,no_country_pair_in_rail_dataset
LGW-BSL,LGW,BSL,London,Bâle / Mulhouse,GB,FR,682.8,1,no_country_pair_in_rail_dataset
LHR-BSL,LHR,BSL,London,Bâle / Mulhouse,GB,FR,718.3,3,no_country_pair_in_rail_dataset
LGW-VRN,LGW,VRN,London,Caselle (VR),GB,IT,1037.8,4,no_country_pair_in_rail_dataset
LGW-TRN,LGW,TRN,London,Caselle Torinese (TO),GB,IT,879.4,1,no_country_pair_in_rail_dataset
LCY-IOM,LCY,IOM,London,Castletown,GB,IM,425.4,1,no_country_pair_in_rail_dataset
LGW-IOM,LGW,IOM,London,Castletown,GB,IM,442.8,1,no_country_pair_in_rail_dataset
LGW-NOC,LGW,NOC,London,Charlestown,GB,IE,659.1,1,no_country_pair_in_rail_dataset
LGW-LYS,LGW,LYS,London,"Colombier-Saugnieu, Rhône",GB,FR,717.3,1,no_country_pair_in_rail_dataset
LHR-LYS,LHR,LYS,London,"Colombier-Saugnieu, Rhône",GB,FR,757.5,2,no_country_pair_in_rail_dataset
LGW-CPH,LGW,CPH,London,Copenhagen,GB,DK,983.9,2,no_country_pair_in_rail_dataset
LHR-CPH,LHR,CPH,London,Copenhagen,GB,DK,979.5,3,no_country_pair_in_rail_dataset
LGW-ORK,LGW,ORK,London,Cork,GB,IE,579.8,1,no_country_pair_in_rail_dataset
LHR-ORK,LHR,ORK,London,Cork,GB,IE,555.3,1,no_country_pair_in_rail_dataset
LHR-LCG,LHR,LCG,London,Culleredo,GB,ES,1085.0,2,no_country_pair_in_rail_dataset
LCY-DRS,LCY,DRS,London,Dresden,GB,DE,952.4,2,no_country_pair_in_rail_dataset
LCY-DUB,LCY,DUB,London,Dublin,GB,IE,478.2,2,no_country_pair_in_rail_dataset
LGW-DUB,LGW,DUB,London,Dublin,GB,IE,484.6,2,no_country_pair_in_rail_dataset
LHR-DUB,LHR,DUB,London,Dublin,GB,IE,449.3,3,no_country_pair_in_rail_dataset
LCY-DUS,LCY,DUS,London,Düsseldorf,GB,DE,466.1,1,no_country_pair_in_rail_dataset
LGW-DUS,LGW,DUS,London,Düsseldorf,GB,DE,484.3,1,no_country_pair_in_rail_dataset
LHR-DUS,LHR,DUS,London,Düsseldorf,GB,DE,501.8,3,no_country_pair_in_rail_dataset
LGW-EDI,LGW,EDI,London,Edinburgh,GB,GB,573.7,2,no_country_pair_in_rail_dataset
LHR-EDI,LHR,EDI,London,Edinburgh,GB,GB,533.6,5,no_country_pair_in_rail_dataset
LGW-ERF,LGW,ERF,London,Erfurt,GB,DE,778.4,1,no_country_pair_in_rail_dataset
LGW-MXP,LGW,MXP,London,Ferno (VA),GB,IT,898.7,1,no_country_pair_in_rail_dataset
LHR-MXP,LHR,MXP,London,Ferno (VA),GB,IT,936.3,2,no_country_pair_in_rail_dataset
LCY-FLR,LCY,FLR,London,Firenze (FI),GB,IT,1193.1,3,no_country_pair_in_rail_dataset
LGW-FLR,LGW,FLR,London,Firenze (FI),GB,IT,1180.2,2,no_country_pair_in_rail_dataset
LCY-FRA,LCY,FRA,London,Frankfurt am Main,GB,DE,619.8,3,no_country_pair_in_rail_dataset
LHR-FRA,LHR,FRA,London,Frankfurt am Main,GB,DE,654.0,4,no_country_pair_in_rail_dataset
LCY-GVA,LCY,GVA,London,Geneva,GB,CH,733.7,1,no_country_pair_in_rail_dataset
LGW-GVA,LGW,GVA,London,Geneva,GB,CH,714.7,1,no_country_pair_in_rail_dataset
LHR-GVA,LHR,GVA,London,Geneva,GB,CH,754.0,3,no_country_pair_in_rail_dataset
LGW-GOA,LGW,GOA,London,Genova (GE),GB,IT,1006.5,1,no_country_pair_in_rail_dataset
LGW-GLA,LGW,GLA,London,Glasgow,GB,GB,595.3,2,no_country_pair_in_rail_dataset
LHR-GLA,LHR,GLA,London,Glasgow,GB,GB,554.8,3,no_country_pair_in_rail_dataset
LGW-GOT,LGW,GOT,London,Göteborg,GB,SE,1081.2,1,no_country_pair_in_rail_dataset
LHR-GOT,LHR,GOT,London,Göteborg,GB,SE,1068.7,4,no_country_pair_in_rail_dataset
LGW-HAM,LGW,HAM,London,Hamburg,GB,DE,742.7,1,no_country_pair_in_rail_dataset
LHR-HAM,LHR,HAM,London,Hamburg,GB,DE,745.3,4,no_country_pair_in_rail_dataset
LHR-HAJ,LHR,HAJ,London,Hannover,GB,DE,703.1,3,no_country_pair_in_rail_dataset
LCY-IBZ,LCY,IBZ,London,Ibiza (Eivissa),GB,ES,1408.4,2,no_country_pair_in_rail_dataset
LGW-IBZ,LGW,IBZ,London,Ibiza (Eivissa),GB,ES,1370.4,3,no_country_pair_in_rail_dataset
LHR-IBZ,LHR,IBZ,London,Ibiza (Eivissa),GB,ES,1408.0,2,no_country_pair_in_rail_dataset
LGW-INN,LGW,INN,London,Innsbruck,GB,AT,941.2,1,no_country_pair_in_rail_dataset
LGW-CGN,LGW,CGN,London,Köln (Cologne),GB,DE,513.5,1,no_country_pair_in_rail_dataset
LHR-CGN,LHR,CGN,London,Köln (Cologne),GB,DE,534.1,1,no_country_pair_in_rail_dataset
LHR-LBA,LHR,LBA,London,"Leeds, West Yorkshire",GB,GB,278.4,3,no_country_pair_in_rail_dataset
LCY-LUX,LCY,LUX,London,Luxembourg,GB,LU,482.2,1,no_country_pair_in_rail_dataset
LGW-LUX,LGW,LUX,London,Luxembourg,GB,LU,483.9,1,no_country_pair_in_rail_dataset
LHR-LUX,LHR,LUX,London,Luxembourg,GB,LU,513.8,2,no_country_pair_in_rail_dataset
LCY-MAD,LCY,MAD,London,Madrid,GB,ES,1255.7,2,no_country_pair_in_rail_dataset
LGW-MAD,LGW,MAD,London,Madrid,GB,ES,1213.2,2,no_country_pair_in_rail_dataset
LHR-MAD,LHR,MAD,London,Madrid,GB,ES,1243.8,2,no_country_pair_in_rail_dataset
LCY-MAH,LCY,MAH,London,Mahón (Maó),GB,ES,1333.8,1,no_country_pair_in_rail_dataset
LGW-MAH,LGW,MAH,London,Mahón (Maó),GB,ES,1300.4,3,no_country_pair_in_rail_dataset
LGW-MRS,LGW,MRS,London,"Marignane, Bouches-du-Rhône",GB,FR,948.5,1,no_country_pair_in_rail_dataset
LHR-MRS,LHR,MRS,London,"Marignane, Bouches-du-Rhône",GB,FR,989.1,2,no_country_pair_in_rail_dataset
LGW-MPL,LGW,MPL,London,Montpellier/Méditerranée,GB,FR,897.8,1,no_country_pair_in_rail_dataset
LGW-MUC,LGW,MUC,London,Munich,GB,DE,913.3,1,no_country_pair_in_rail_dataset
LHR-MUC,LHR,MUC,London,Munich,GB,DE,941.5,4,no_country_pair_in_rail_dataset
LCY-NTE,LCY,NTE,London,Nantes,GB,FR,498.7,2,no_country_pair_in_rail_dataset
LGW-NTE,LGW,NTE,London,Nantes,GB,FR,456.2,1,no_country_pair_in_rail_dataset
LHR-NCL,LHR,NCL,London,"Newcastle upon Tyne, Tyne and Wear",GB,GB,405.0,3,no_country_pair_in_rail_dataset
LGW-NQY,LGW,NQY,London,Newquay,GB,GB,347.0,2,no_country_pair_in_rail_dataset
LCY-NCE,LCY,NCE,London,"Nice, Alpes-Maritimes",GB,FR,1023.5,1,no_country_pair_in_rail_dataset
LGW-NCE,LGW,NCE,London,"Nice, Alpes-Maritimes",GB,FR,1000.9,4,no_country_pair_in_rail_dataset
LHR-NCE,LHR,NCE,London,"Nice, Alpes-Maritimes",GB,FR,1041.0,2,no_country_pair_in_rail_dataset
LGW-OLB,LGW,OLB,London,Olbia (SS),GB,IT,1361.4,3,no_country_pair_in_rail_dataset
LGW-OSL,LGW,OSL,London,Oslo (Gardermoen),GB,NO,1226.2,1,no_country_pair_in_rail_dataset
LHR-OSL,LHR,OSL,London,Oslo (Gardermoen),GB,NO,1205.5,4,no_country_pair_in_rail_dataset
LCY-PMI,LCY,PMI,London,Palma de Mallorca,GB,ES,1345.3,2,no_country_pair_in_rail_dataset
LGW-PMI,LGW,PMI,London,Palma de Mallorca,GB,ES,1309.3,6,no_country_pair_in_rail_dataset
LHR-PMI,LHR,PMI,London,Palma de Mallorca,GB,ES,1348.2,2,no_country_pair_in_rail_dataset
LCY-ORY,LCY,ORY,London,"Paris (Orly, Val-de-Marne)",GB,FR,349.6,2,no_country_pair_in_rail_dataset
LHR-ORY,LHR,ORY,London,"Paris (Orly, Val-de-Marne)",GB,FR,365.1,3,no_country_pair_in_rail_dataset
LGW-CDG,LGW,CDG,London,"Paris (Roissy-en-France, Val-d'Oise)",GB,FR,307.9,1,no_country_pair_in_rail_dataset
LHR-CDG,LHR,CDG,London,"Paris (Roissy-en-France, Val-d'Oise)",GB,FR,347.6,3,no_country_pair_in_rail_dataset
LGW-PSA,LGW,PSA,London,Pisa (PI),GB,IT,1147.8,2,no_country_pair_in_rail_dataset
LHR-PSA,LHR,PSA,London,Pisa (PI),GB,IT,1186.0,2,no_country_pair_in_rail_dataset
LGW-OPO,LGW,OPO,London,Porto,GB,PT,1278.5,2,no_country_pair_in_rail_dataset
LHR-OPO,LHR,OPO,London,Porto,GB,PT,1298.2,1,no_country_pair_in_rail_dataset
LGW-PRG,LGW,PRG,London,Prague,GB,CZ,1024.0,1,no_country_pair_in_rail_dataset
LHR-PRG,LHR,PRG,London,Prague,GB,CZ,1044.1,2,no_country_pair_in_rail_dataset
LHR-RJK,LHR,RJK,London,Rijeka(Omišalj),GB,HR,1306.9,1,no_country_pair_in_rail_dataset
LCY-FCO,LCY,FCO,London,Rome,GB,IT,1421.0,2,no_country_pair_in_rail_dataset
LGW-FCO,LGW,FCO,London,Rome,GB,IT,1405.7,3,no_country_pair_in_rail_dataset
LHR-FCO,LHR,FCO,London,Rome,GB,IT,1444.1,3,no_country_pair_in_rail_dataset
LCY-RTM,LCY,RTM,London,Rotterdam,GB,NL,305.9,4,no_country_pair_in_rail_dataset
LHR-RTM,LHR,RTM,London,Rotterdam,GB,NL,341.6,2,no_country_pair_in_rail_dataset
LGW-GCI,LGW,GCI,London,Saint Peter Port,GB,GG,256.4,1,no_country_pair_in_rail_dataset
LGW-SZG,LGW,SZG,London,Salzburg,GB,AT,1021.7,2,no_country_pair_in_rail_dataset
LGW-TRF,LGW,TRF,London,Sandefjord(Torp),GB,NO,1110.3,1,no_country_pair_in_rail_dataset
LGW-SCQ,LGW,SCQ,London,Santiago de Compostela,GB,ES,1108.1,1,no_country_pair_in_rail_dataset
LCY-LIN,LCY,LIN,London,Segrate (MI),GB,IT,955.8,2,no_country_pair_in_rail_dataset
LGW-LIN,LGW,LIN,London,Segrate (MI),GB,IT,943.2,1,no_country_pair_in_rail_dataset
LHR-LIN,LHR,LIN,London,Segrate (MI),GB,IT,980.5,4,no_country_pair_in_rail_dataset
LGW-SNN,LGW,SNN,London,Shannon,GB,IE,623.2,1,no_country_pair_in_rail_dataset
LHR-SNN,LHR,SNN,London,Shannon,GB,IE,594.0,1,no_country_pair_in_rail_dataset
LGW-SPU,LGW,SPU,London,Split,GB,HR,1497.5,3,no_country_pair_in_rail_dataset
LCY-JER,LCY,JER,London,St. Peter,GB,JE,301.2,1,no_country_pair_in_rail_dataset
LGW-JER,LGW,JER,London,St. Peter,GB,JE,258.9,2,no_country_pair_in_rail_dataset
LGW-SVG,LGW,SVG,London,Stavanger,GB,NO,935.3,1,no_country_pair_in_rail_dataset
LHR-SVG,LHR,SVG,London,Stavanger,GB,NO,909.1,3,no_country_pair_in_rail_dataset
LCY-ARN,LCY,ARN,London,Stockholm,GB,SE,1435.1,1,no_country_pair_in_rail_dataset
LGW-ARN,LGW,ARN,London,Stockholm,GB,SE,1475.4,1,no_country_pair_in_rail_dataset
LHR-ARN,LHR,ARN,London,Stockholm,GB,SE,1462.7,6,no_country_pair_in_rail_dataset
LGW-SXB,LGW,SXB,London,Strasbourg,GB,FR,630.6,1,no_country_pair_in_rail_dataset
LHR-STR,LHR,STR,London,Stuttgart,GB,DE,756.1,4,no_country_pair_in_rail_dataset
LGW-TLS,LGW,TLS,London,Toulouse/Blagnac,GB,FR,844.2,1,no_country_pair_in_rail_dataset
LHR-TLS,LHR,TLS,London,Toulouse/Blagnac,GB,FR,882.6,2,no_country_pair_in_rail_dataset
LGW-VLC,LGW,VLC,London,Valencia,GB,ES,1296.7,1,no_country_pair_in_rail_dataset
LGW-ZAG,LGW,ZAG,London,Velika Gorica,GB,HR,1337.2,1,no_country_pair_in_rail_dataset
LHR-ZAG,LHR,ZAG,London,Velika Gorica,GB,HR,1367.8,3,no_country_pair_in_rail_dataset
LCY-VCE,LCY,VCE,London,Venezia (VE),GB,IT,1122.7,1,no_country_pair_in_rail_dataset
LGW-VCE,LGW,VCE,London,Venezia (VE),GB,IT,1117.0,4,no_country_pair_in_rail_dataset
LHR-VCE,LHR,VCE,London,Venezia (VE),GB,IT,1151.3,2,no_country_pair_in_rail_dataset
LGW-VIE,LGW,VIE,London,Vienna,GB,AT,1250.1,1,no_country_pair_in_rail_dataset
LHR-VIE,LHR,VIE,London,Vienna,GB,AT,1274.9,4,no_country_pair_in_rail_dataset
LHR-WAW,LHR,WAW,London,Warsaw,GB,PL,1469.5,5,no_country_pair_in_rail_dataset
LGW-BRU,LGW,BRU,London,Zaventem,GB,BE,327.7,1,no_country_pair_in_rail_dataset
LHR-BRU,LHR,BRU,London,Zaventem,GB,BE,350.3,3,no_country_pair_in_rail_dataset
LCY-ZRH,LCY,ZRH,London,Zurich,GB,CH,760.1,3,no_country_pair_in_rail_dataset
LGW-ZRH,LGW,ZRH,London,Zurich,GB,CH,753.8,1,no_country_pair_in_rail_dataset
LHR-ZRH,LHR,ZRH,London,Zurich,GB,CH,788.3,4,no_country_pair_in_rail_dataset
LGW-AES,LGW,AES,London,Ålesund,GB,NO,1323.9,1,no_country_pair_in_rail_dataset
STN-AAR,STN,AAR,"London, Essex",Aarhus,GB,DK,835.2,1,no_country_pair_in_rail_dataset
STN-AHO,STN,AHO,"London, Essex",Alghero,GB,IT,1394.1,1,no_country_pair_in_rail_dataset
STN-AMS,STN,AMS,"London, Essex",Amsterdam,GB,NL,312.9,1,no_country_pair_in_rail_dataset
STN-KRK,STN,KRK,"London, Essex",Balice,GB,PL,1379.0,1,no_country_pair_in_rail_dataset
STN-BCN,STN,BCN,"London, Essex",Barcelona,GB,ES,1185.6,1,no_country_pair_in_rail_dataset
STN-EGC,STN,EGC,"London, Essex",Bergerac,GB,FR,785.3,1,no_country_pair_in_rail_dataset
STN-BIQ,STN,BIQ,"London, Essex",Biarritz,GB,FR,945.0,1,no_country_pair_in_rail_dataset
STN-BIO,STN,BIO,"London, Essex",Bilbao,GB,ES,983.0,1,no_country_pair_in_rail_dataset
STN-BLL,STN,BLL,"London, Essex",Billund,GB,DK,725.0,1,no_country_pair_in_rail_dataset
STN-BLQ,STN,BLQ,"London, Essex",Bologna,GB,IT,1154.7,1,no_country_pair_in_rail_dataset
STN-BOD,STN,BOD,"London, Essex",Bordeaux,GB,FR,787.7,1,no_country_pair_in_rail_dataset
STN-BTS,STN,BTS,"London, Essex",Bratislava,GB,SK,1277.7,1,no_country_pair_in_rail_dataset
STN-BRE,STN,BRE,"London, Essex",Bremen,GB,DE,593.3,1,no_country_pair_in_rail_dataset
STN-BVE,STN,BVE,"London, Essex",Brive,GB,FR,766.7,1,no_country_pair_in_rail_dataset
STN-BRQ,STN,BRQ,"London, Essex",Brno,GB,CZ,1199.8,1,no_country_pair_in_rail_dataset
STN-BUD,STN,BUD,"London, Essex",Budapest,GB,HU,1451.3,1,no_country_pair_in_rail_dataset
STN-BZG,STN,BZG,"London, Essex",Bydgoszcz,GB,PL,1205.7,1,no_country_pair_in_rail_dataset
STN-BSL,STN,BSL,"London, Essex",Bâle / Mulhouse,GB,FR,707.2,1,no_country_pair_in_rail_dataset
STN-CCF,STN,CCF,"London, Essex",Carcassonne,GB,FR,976.3,1,no_country_pair_in_rail_dataset
STN-TRN,STN,TRN,"London, Essex",Caselle Torinese (TO),GB,IT,921.1,1,no_country_pair_in_rail_dataset
STN-NOC,STN,NOC,"London, Essex",Charlestown,GB,IE,647.0,1,no_country_pair_in_rail_dataset
STN-LYS,STN,LYS,"London, Essex","Colombier-Saugnieu, Rhône",GB,FR,771.2,1,no_country_pair_in_rail_dataset
STN-CPH,STN,CPH,"London, Essex",Copenhagen,GB,DK,914.3,1,no_country_pair_in_rail_dataset
STN-ORK,STN,ORK,"London, Essex",Cork,GB,IE,598.9,1,no_country_pair_in_rail_dataset
STN-DNR,STN,DNR,"London, Essex",Dinard,GB,FR,401.9,1,no_country_pair_in_rail_dataset
STN-DTM,STN,DTM,"London, Essex",Dortmund,GB,DE,509.8,1,no_country_pair_in_rail_dataset
STN-DUB,STN,DUB,"London, Essex",Dublin,GB,IE,470.4,1,no_country_pair_in_rail_dataset
STN-DUS,STN,DUS,"London, Essex",Düsseldorf,GB,DE,455.9,1,no_country_pair_in_rail_dataset
STN-EIN,STN,EIN,"London, Essex",Eindhoven,GB,NL,357.7,1,no_country_pair_in_rail_dataset
STN-AOI,STN,AOI,"London, Essex",Falconara Marittima (AN),GB,IT,1341.1,1,no_country_pair_in_rail_dataset
STN-KIR,STN,KIR,"London, Essex",Farranfore,GB,IE,667.9,1,no_country_pair_in_rail_dataset
STN-HHN,STN,HHN,"London, Essex",Frankfurt am Main (Lautzenhausen),GB,DE,537.4,1,no_country_pair_in_rail_dataset
STN-GDN,STN,GDN,"London, Essex",Gdańsk,GB,PL,1243.7,1,no_country_pair_in_rail_dataset
STN-GOA,STN,GOA,"London, Essex",Genova (GE),GB,IT,1046.4,1,no_country_pair_in_rail_dataset
STN-GRO,STN,GRO,"London, Essex",Girona,GB,ES,1126.1,1,no_country_pair_in_rail_dataset
STN-HAJ,STN,HAJ,"London, Essex",Hannover,GB,DE,647.1,1,no_country_pair_in_rail_dataset
STN-TLN,STN,TLN,"London, Essex","Hyères, Var",GB,FR,1072.5,1,no_country_pair_in_rail_dataset
STN-IBZ,STN,IBZ,"London, Essex",Ibiza (Eivissa),GB,ES,1449.6,3,no_country_pair_in_rail_dataset
STN-HAU,STN,HAU,"London, Essex",Karmøy,GB,NO,885.8,1,no_country_pair_in_rail_dataset
STN-KTW,STN,KTW,"London, Essex",Katowice,GB,PL,1319.2,1,no_country_pair_in_rail_dataset
STN-CGN,STN,CGN,"London, Essex",Köln (Cologne),GB,DE,492.5,1,no_country_pair_in_rail_dataset
STN-LRH,STN,LRH,"London, Essex",La Rochelle,GB,FR,642.9,1,no_country_pair_in_rail_dataset
STN-LIG,STN,LIG,"London, Essex",Limoges/Bellegarde,GB,FR,673.2,1,no_country_pair_in_rail_dataset
STN-LNZ,STN,LNZ,"London, Essex",Linz,GB,AT,1073.4,1,no_country_pair_in_rail_dataset
STN-MAD,STN,MAD,"London, Essex",Madrid,GB,ES,1299.7,1,no_country_pair_in_rail_dataset
STN-MAH,STN,MAH,"London, Essex",Mahón (Maó),GB,ES,1371.4,1,no_country_pair_in_rail_dataset
STN-MMX,STN,MMX,"London, Essex",Malmö,GB,SE,953.4,1,no_country_pair_in_rail_dataset
STN-MRS,STN,MRS,"London, Essex","Marignane, Bouches-du-Rhône",GB,FR,1009.9,1,no_country_pair_in_rail_dataset
STN-FMM,STN,FMM,"London, Essex",Memmingen,GB,DE,835.8,1,no_country_pair_in_rail_dataset
STN-OSR,STN,OSR,"London, Essex",Mošnov,GB,CZ,1276.5,1,no_country_pair_in_rail_dataset
STN-MUC,STN,MUC,"London, Essex",Munich,GB,DE,911.0,1,no_country_pair_in_rail_dataset
STN-NCE,STN,NCE,"London, Essex","Nice, Alpes-Maritimes",GB,FR,1051.9,1,no_country_pair_in_rail_dataset
STN-WMI,STN,WMI,"London, Essex",Nowy Dwór Mazowiecki,GB,PL,1389.2,1,no_country_pair_in_rail_dataset
STN-NUE,STN,NUE,"London, Essex",Nuremberg,GB,DE,807.6,1,no_country_pair_in_rail_dataset
STN-NYO,STN,NYO,"London, Essex",Nyköping,GB,SE,1298.7,1,no_country_pair_in_rail_dataset
STN-BGY,STN,BGY,"London, Essex",Orio al Serio (BG),GB,IT,978.1,1,no_country_pair_in_rail_dataset
STN-PMI,STN,PMI,"London, Essex",Palma de Mallorca,GB,ES,1384.9,4,no_country_pair_in_rail_dataset
STN-PMF,STN,PMF,"London, Essex",Parma (PR),GB,IT,1079.2,1,no_country_pair_in_rail_dataset
STN-PGF,STN,PGF,"London, Essex",Perpignan/Rivesaltes,GB,FR,1035.9,1,no_country_pair_in_rail_dataset
STN-PEG,STN,PEG,"London, Essex",Perugia (PG),GB,IT,1340.4,1,no_country_pair_in_rail_dataset
STN-PSR,STN,PSR,"London, Essex",Pescara,GB,IT,1484.2,1,no_country_pair_in_rail_dataset
STN-PSA,STN,PSA,"London, Essex",Pisa (PI),GB,IT,1184.1,1,no_country_pair_in_rail_dataset
STN-PIS,STN,PIS,"London, Essex",Poitiers/Biard,GB,FR,589.1,1,no_country_pair_in_rail_dataset
STN-OPO,STN,OPO,"London, Essex",Porto,GB,PT,1362.8,1,no_country_pair_in_rail_dataset
STN-POZ,STN,POZ,"London, Essex",Poznań,GB,PL,1130.8,1,no_country_pair_in_rail_dataset
STN-PRG,STN,PRG,"London, Essex",Prague,GB,CZ,999.8,2,no_country_pair_in_rail_dataset
STN-PUY,STN,PUY,"London, Essex",Pula,GB,HR,1271.6,1,no_country_pair_in_rail_dataset
STN-OVD,STN,OVD,"London, Essex",Ranón,GB,ES,1036.4,1,no_country_pair_in_rail_dataset
STN-REU,STN,REU,"London, Essex",Reus,GB,ES,1196.1,1,no_country_pair_in_rail_dataset
STN-FKB,STN,FKB,"London, Essex",Rheinmünster,GB,DE,654.7,1,no_country_pair_in_rail_dataset
STN-RDZ,STN,RDZ,"London, Essex",Rodez/Marcillac,GB,FR,847.9,1,no_country_pair_in_rail_dataset
STN-CIA,STN,CIA,"London, Essex",Rome,GB,IT,1459.4,1,no_country_pair_in_rail_dataset
STN-TRS,STN,TRS,"London, Essex",Ronchi dei Legionari/Trieste,GB,IT,1176.5,1,no_country_pair_in_rail_dataset
STN-GCI,STN,GCI,"London, Essex",Saint Peter Port,GB,GG,337.9,1,no_country_pair_in_rail_dataset
STN-SZG,STN,SZG,"London, Essex",Salzburg,GB,AT,1020.6,1,no_country_pair_in_rail_dataset
STN-TRF,STN,TRF,"London, Essex",Sandefjord(Torp),GB,NO,1025.8,1,no_country_pair_in_rail_dataset
STN-SDR,STN,SDR,"London, Essex",Santander,GB,ES,987.9,1,no_country_pair_in_rail_dataset
STN-SCQ,STN,SCQ,"London, Essex",Santiago de Compostela,GB,ES,1191.1,1,no_country_pair_in_rail_dataset
STN-LEJ,STN,LEJ,"London, Essex",Schkeuditz,GB,DE,828.4,1,no_country_pair_in_rail_dataset
STN-SNN,STN,SNN,"London, Essex",Shannon,GB,IE,629.1,1,no_country_pair_in_rail_dataset
STN-JER,STN,JER,"London, Essex",St. Peter,GB,JE,343.6,1,no_country_pair_in_rail_dataset
STN-VST,STN,VST,"London, Essex",Stockholm / Västerås,GB,SE,1330.8,1,no_country_pair_in_rail_dataset
STN-SXB,STN,SXB,"London, Essex",Strasbourg,GB,FR,643.9,1,no_country_pair_in_rail_dataset
STN-STR,STN,STR,"London, Essex",Stuttgart,GB,DE,730.0,1,no_country_pair_in_rail_dataset
STN-SZZ,STN,SZZ,"London, Essex",Szczecin(Glewice),GB,PL,1003.6,1,no_country_pair_in_rail_dataset
STN-LDE,STN,LDE,"London, Essex",Tarbes/Lourdes/Pyrénées,GB,FR,968.3,1,no_country_pair_in_rail_dataset
STN-TUF,STN,TUF,"London, Essex","Tours, Indre-et-Loire",GB,FR,496.4,1,no_country_pair_in_rail_dataset
STN-TSF,STN,TSF,"London, Essex",Treviso (TV),GB,IT,1115.3,1,no_country_pair_in_rail_dataset
STN-VLC,STN,VLC,"London, Essex",Valencia,GB,ES,1379.5,1,no_country_pair_in_rail_dataset
STN-NRN,STN,NRN,"London, Essex",Weeze,GB,DE,407.8,1,no_country_pair_in_rail_dataset
STN-WRO,STN,WRO,"London, Essex",Wrocław,GB,PL,1153.2,1,no_country_pair_in_rail_dataset
STN-ZAD,STN,ZAD,"London, Essex",Zadar,GB,HR,1415.1,1,no_country_pair_in_rail_dataset
STN-ZAZ,STN,ZAZ,"London, Essex",Zaragoza,GB,ES,1140.4,1,no_country_pair_in_rail_dataset
STN-LJU,STN,LJU,"London, Essex",Zgornji Brnik,GB,SI,1209.5,1,no_country_pair_in_rail_dataset
LTN-AHO,LTN,AHO,"Luton, Luton",Alghero,GB,IT,1414.0,1,no_country_pair_in_rail_dataset
LTN-AMS,LTN,AMS,"Luton, Luton",Amsterdam,GB,NL,353.9,1,no_country_pair_in_rail_dataset
LTN-BCN,LTN,BCN,"Luton, Luton",Barcelona,GB,ES,1190.8,1,no_country_pair_in_rail_dataset
LTN-BOD,LTN,BOD,"Luton, Luton",Bordeaux,GB,FR,783.9,1,no_country_pair_in_rail_dataset
LTN-BTS,LTN,BTS,"Luton, Luton",Bratislava,GB,SK,1318.0,1,no_country_pair_in_rail_dataset
LTN-BUD,LTN,BUD,"Luton, Luton",Budapest,GB,HU,1491.6,2,no_country_pair_in_rail_dataset
LTN-BZR,LTN,BZR,"Luton, Luton",Béziers,GB,FR,990.6,1,no_country_pair_in_rail_dataset
LTN-NOC,LTN,NOC,"Luton, Luton",Charlestown,GB,IE,609.8,1,no_country_pair_in_rail_dataset
LTN-DTM,LTN,DTM,"Luton, Luton",Dortmund,GB,DE,551.2,1,no_country_pair_in_rail_dataset
LTN-DUB,LTN,DUB,"Luton, Luton",Dublin,GB,IE,433.3,1,no_country_pair_in_rail_dataset
LTN-KIR,LTN,KIR,"Luton, Luton",Farranfore,GB,IE,626.9,1,no_country_pair_in_rail_dataset
LTN-MXP,LTN,MXP,"Luton, Luton",Ferno (VA),GB,IT,961.3,1,no_country_pair_in_rail_dataset
LTN-GDN,LTN,GDN,"Luton, Luton",Gdańsk,GB,PL,1283.0,1,no_country_pair_in_rail_dataset
LTN-GVA,LTN,GVA,"Luton, Luton",Geneva,GB,CH,783.9,1,no_country_pair_in_rail_dataset
LTN-GRO,LTN,GRO,"Luton, Luton",Girona,GB,ES,1133.6,1,no_country_pair_in_rail_dataset
LTN-HAM,LTN,HAM,"Luton, Luton",Hamburg,GB,DE,723.1,1,no_country_pair_in_rail_dataset
LTN-IBZ,LTN,IBZ,"Luton, Luton",Ibiza (Eivissa),GB,ES,1452.0,2,no_country_pair_in_rail_dataset
LTN-KTW,LTN,KTW,"Luton, Luton",Katowice,GB,PL,1360.6,1,no_country_pair_in_rail_dataset
LTN-MAD,LTN,MAD,"Luton, Luton",Madrid,GB,ES,1289.0,1,no_country_pair_in_rail_dataset
LTN-MAH,LTN,MAH,"Luton, Luton",Mahón (Maó),GB,ES,1381.4,1,no_country_pair_in_rail_dataset
LTN-MPL,LTN,MPL,"Luton, Luton",Montpellier/Méditerranée,GB,FR,977.5,1,no_country_pair_in_rail_dataset
LTN-NCE,LTN,NCE,"Luton, Luton","Nice, Alpes-Maritimes",GB,FR,1073.9,1,no_country_pair_in_rail_dataset
LTN-FNI,LTN,FNI,"Luton, Luton",Nîmes/Garons,GB,FR,970.2,1,no_country_pair_in_rail_dataset
LTN-PMI,LTN,PMI,"Luton, Luton",Palma de Mallorca,GB,ES,1391.0,3,no_country_pair_in_rail_dataset
LTN-CDG,LTN,CDG,"Luton, Luton","Paris (Roissy-en-France, Val-d'Oise)",GB,FR,379.9,1,no_country_pair_in_rail_dataset
LTN-PSA,LTN,PSA,"Luton, Luton",Pisa (PI),GB,IT,1212.4,1,no_country_pair_in_rail_dataset
LTN-POZ,LTN,POZ,"Luton, Luton",Poznań,GB,PL,1171.8,1,no_country_pair_in_rail_dataset
LTN-PRG,LTN,PRG,"Luton, Luton",Prague,GB,CZ,1040.9,1,no_country_pair_in_rail_dataset
LTN-REU,LTN,REU,"Luton, Luton",Reus,GB,ES,1198.5,2,no_country_pair_in_rail_dataset
LTN-FCO,LTN,FCO,"Luton, Luton",Rome,GB,IT,1470.7,1,no_country_pair_in_rail_dataset
LTN-VCE,LTN,VCE,"Luton, Luton",Venezia (VE),GB,IT,1169.2,1,no_country_pair_in_rail_dataset
LTN-WAW,LTN,WAW,"Luton, Luton",Warsaw,GB,PL,1455.0,1,no_country_pair_in_rail_dataset
LTN-WRO,LTN,WRO,"Luton, Luton",Wrocław,GB,PL,1194.6,1,no_country_pair_in_rail_dataset
LTN-LJU,LTN,LJU,"Luton, Luton",Zgornji Brnik,GB,SI,1246.5,1,no_country_pair_in_rail_dataset
LTN-ZRH,LTN,ZRH,"Luton, Luton",Zurich,GB,CH,807.1,1,no_country_pair_in_rail_dataset
MAN-ABZ,MAN,ABZ,"Manchester, Greater Manchester",Aberdeen,GB,GB,428.4,2,no_country_pair_in_rail_dataset
MAN-AMS,MAN,AMS,"Manchester, Greater Manchester",Amsterdam,GB,NL,486.9,2,no_country_pair_in_rail_dataset
MAN-BCN,MAN,BCN,"Manchester, Greater Manchester",Barcelona,GB,ES,1379.2,3,no_country_pair_in_rail_dataset
MAN-BVA,MAN,BVA,"Manchester, Greater Manchester",Beauvais,GB,FR,529.3,1,no_country_pair_in_rail_dataset
MAN-BGO,MAN,BGO,"Manchester, Greater Manchester",Bergen,GB,NO,895.6,1,no_country_pair_in_rail_dataset
MAN-BIO,MAN,BIO,"Manchester, Greater Manchester",Bilbao,GB,ES,1118.3,1,no_country_pair_in_rail_dataset
MAN-BLL,MAN,BLL,"Manchester, Greater Manchester",Billund,GB,DK,783.0,1,no_country_pair_in_rail_dataset
MAN-BLQ,MAN,BLQ,"Manchester, Greater Manchester",Bologna,GB,IT,1389.4,1,no_country_pair_in_rail_dataset
MAN-BRE,MAN,BRE,"Manchester, Greater Manchester",Bremen,GB,DE,737.3,1,no_country_pair_in_rail_dataset
MAN-BSL,MAN,BSL,"Manchester, Greater Manchester",Bâle / Mulhouse,GB,FR,941.7,1,no_country_pair_in_rail_dataset
MAN-BZR,MAN,BZR,"Manchester, Greater Manchester",Béziers,GB,FR,1189.1,1,no_country_pair_in_rail_dataset
MAN-VRN,MAN,VRN,"Manchester, Greater Manchester",Caselle (VR),GB,IT,1296.7,2,no_country_pair_in_rail_dataset
MAN-CRL,MAN,CRL,"Manchester, Greater Manchester",Charleroi,GB,BE,562.5,1,no_country_pair_in_rail_dataset
MAN-NOC,MAN,NOC,"Manchester, Greater Manchester",Charlestown,GB,IE,435.4,1,no_country_pair_in_rail_dataset
MAN-CPH,MAN,CPH,"Manchester, Greater Manchester",Copenhagen,GB,DK,995.0,3,no_country_pair_in_rail_dataset
MAN-ORK,MAN,ORK,"Manchester, Greater Manchester",Cork,GB,IE,451.6,1,no_country_pair_in_rail_dataset
MAN-DUB,MAN,DUB,"Manchester, Greater Manchester",Dublin,GB,IE,264.2,2,no_country_pair_in_rail_dataset
MAN-DUS,MAN,DUS,"Manchester, Greater Manchester",Düsseldorf,GB,DE,655.6,2,no_country_pair_in_rail_dataset
MAN-MXP,MAN,MXP,"Manchester, Greater Manchester",Ferno (VA),GB,IT,1167.4,1,no_country_pair_in_rail_dataset
MAN-FRA,MAN,FRA,"Manchester, Greater Manchester",Frankfurt am Main,GB,DE,832.3,1,no_country_pair_in_rail_dataset
MAN-GDN,MAN,GDN,"Manchester, Greater Manchester",Gdańsk,GB,PL,1360.2,1,no_country_pair_in_rail_dataset
MAN-GVA,MAN,GVA,"Manchester, Greater Manchester",Geneva,GB,CH,992.5,1,no_country_pair_in_rail_dataset
MAN-GRO,MAN,GRO,"Manchester, Greater Manchester",Girona,GB,ES,1326.6,1,no_country_pair_in_rail_dataset
MAN-GOT,MAN,GOT,"Manchester, Greater Manchester",Göteborg,GB,SE,1031.8,1,no_country_pair_in_rail_dataset
MAN-HAM,MAN,HAM,"Manchester, Greater Manchester",Hamburg,GB,DE,811.2,2,no_country_pair_in_rail_dataset
MAN-HAJ,MAN,HAJ,"Manchester, Greater Manchester",Hannover,GB,DE,807.5,1,no_country_pair_in_rail_dataset
MAN-CGN,MAN,CGN,"Manchester, Greater Manchester",Köln (Cologne),GB,DE,699.5,1,no_country_pair_in_rail_dataset
MAN-MAD,MAN,MAD,"Manchester, Greater Manchester",Madrid,GB,ES,1432.8,1,no_country_pair_in_rail_dataset
MAN-MUC,MAN,MUC,"Manchester, Greater Manchester",Munich,GB,DE,1130.1,6,no_country_pair_in_rail_dataset
MAN-NTE,MAN,NTE,"Manchester, Greater Manchester",Nantes,GB,FR,690.6,2,no_country_pair_in_rail_dataset
MAN-NCE,MAN,NCE,"Manchester, Greater Manchester","Nice, Alpes-Maritimes",GB,FR,1282.3,1,no_country_pair_in_rail_dataset
MAN-BGY,MAN,BGY,"Manchester, Greater Manchester",Orio al Serio (BG),GB,IT,1212.9,1,no_country_pair_in_rail_dataset
MAN-OSL,MAN,OSL,"Manchester, Greater Manchester",Oslo (Gardermoen),GB,NO,1111.5,2,no_country_pair_in_rail_dataset
MAN-CDG,MAN,CDG,"Manchester, Greater Manchester","Paris (Roissy-en-France, Val-d'Oise)",GB,FR,588.3,4,no_country_pair_in_rail_dataset
MAN-PSA,MAN,PSA,"Manchester, Greater Manchester",Pisa (PI),GB,IT,1419.3,1,no_country_pair_in_rail_dataset
MAN-PRG,MAN,PRG,"Manchester, Greater Manchester",Prague,GB,CZ,1191.9,2,no_country_pair_in_rail_dataset
MAN-REU,MAN,REU,"Manchester, Greater Manchester",Reus,GB,ES,1381.1,3,no_country_pair_in_rail_dataset
MAN-GCI,MAN,GCI,"Manchester, Greater Manchester",Saint Peter Port,GB,GG,435.8,1,no_country_pair_in_rail_dataset
MAN-SNN,MAN,SNN,"Manchester, Greater Manchester",Shannon,GB,IE,450.1,1,no_country_pair_in_rail_dataset
MAN-JER,MAN,JER,"Manchester, Greater Manchester",St. Peter,GB,JE,460.5,2,no_country_pair_in_rail_dataset
MAN-SVG,MAN,SVG,"Manchester, Greater Manchester",Stavanger,GB,NO,785.5,1,no_country_pair_in_rail_dataset
MAN-ARN,MAN,ARN,"Manchester, Greater Manchester",Stockholm,GB,SE,1416.2,3,no_country_pair_in_rail_dataset
MAN-TLS,MAN,TLS,"Manchester, Greater Manchester",Toulouse/Blagnac,GB,FR,1113.3,1,no_country_pair_in_rail_dataset
MAN-VCE,MAN,VCE,"Manchester, Greater Manchester",Venezia (VE),GB,IT,1366.8,4,no_country_pair_in_rail_dataset
MAN-VIE,MAN,VIE,"Manchester, Greater Manchester",Vienna,GB,AT,1443.3,1,no_country_pair_in_rail_dataset
MAN-BRU,MAN,BRU,"Manchester, Greater Manchester",Zaventem,GB,BE,535.7,1,no_country_pair_in_rail_dataset
MAN-ZRH,MAN,ZRH,"Manchester, Greater Manchester",Zurich,GB,CH,1007.1,1,no_country_pair_in_rail_dataset
NCL-AMS,NCL,AMS,"Newcastle upon Tyne, Tyne and Wear",Amsterdam,GB,NL,522.0,2,no_country_pair_in_rail_dataset
NCL-CPH,NCL,CPH,"Newcastle upon Tyne, Tyne and Wear",Copenhagen,GB,DK,908.1,1,no_country_pair_in_rail_dataset
NCL-ORK,NCL,ORK,"Newcastle upon Tyne, Tyne and Wear",Cork,GB,IE,573.4,1,no_country_pair_in_rail_dataset
NCL-DUB,NCL,DUB,"Newcastle upon Tyne, Tyne and Wear",Dublin,GB,IE,346.8,2,no_country_pair_in_rail_dataset
NCL-DUS,NCL,DUS,"Newcastle upon Tyne, Tyne and Wear",Düsseldorf,GB,DE,700.3,1,no_country_pair_in_rail_dataset
NCL-GRO,NCL,GRO,"Newcastle upon Tyne, Tyne and Wear",Girona,GB,ES,1496.0,1,no_country_pair_in_rail_dataset
NCL-LHR,NCL,LHR,"Newcastle upon Tyne, Tyne and Wear",London,GB,GB,405.0,3,no_country_pair_in_rail_dataset
NCL-NCE,NCL,NCE,"Newcastle upon Tyne, Tyne and Wear","Nice, Alpes-Maritimes",GB,FR,1417.7,1,no_country_pair_in_rail_dataset
NCL-CDG,NCL,CDG,"Newcastle upon Tyne, Tyne and Wear","Paris (Roissy-en-France, Val-d'Oise)",GB,FR,730.2,3,no_country_pair_in_rail_dataset
NCL-PRG,NCL,PRG,"Newcastle upon Tyne, Tyne and Wear",Prague,GB,CZ,1205.9,1,no_country_pair_in_rail_dataset
NCL-JER,NCL,JER,"Newcastle upon Tyne, Tyne and Wear",St. Peter,GB,JE,649.2,1,no_country_pair_in_rail_dataset
NCL-SVG,NCL,SVG,"Newcastle upon Tyne, Tyne and Wear",Stavanger,GB,NO,615.5,3,no_country_pair_in_rail_dataset
NCL-VCE,NCL,VCE,"Newcastle upon Tyne, Tyne and Wear",Venezia (VE),GB,IT,1450.6,1,no_country_pair_in_rail_dataset
NCL-BRU,NCL,BRU,"Newcastle upon Tyne, Tyne and Wear",Zaventem,GB,BE,618.0,2,no_country_pair_in_rail_dataset
NQY-DUS,NQY,DUS,Newquay,Düsseldorf,GB,DE,829.9,1,no_country_pair_in_rail_dataset
NQY-LGW,NQY,LGW,Newquay,London,GB,GB,347.0,2,no_country_pair_in_rail_dataset
NWI-ABZ,NWI,ABZ,"Norwich, Norfolk",Aberdeen,GB,GB,550.0,2,no_country_pair_in_rail_dataset
NWI-GCI,NWI,GCI,"Norwich, Norfolk",Saint Peter Port,GB,GG,451.1,1,no_country_pair_in_rail_dataset
NWI-JER,NWI,JER,"Norwich, Norfolk",St. Peter,GB,JE,456.0,1,no_country_pair_in_rail_dataset
EMA-AMS,EMA,AMS,"Nottingham, Leicestershire",Amsterdam,GB,NL,415.7,1,no_country_pair_in_rail_dataset
EMA-KRK,EMA,KRK,"Nottingham, Leicestershire",Balice,GB,PL,1488.8,1,no_country_pair_in_rail_dataset
EMA-BCN,EMA,BCN,"Nottingham, Leicestershire",Barcelona,GB,ES,1307.8,1,no_country_pair_in_rail_dataset
EMA-EGC,EMA,EGC,"Nottingham, Leicestershire",Bergerac,GB,FR,900.3,1,no_country_pair_in_rail_dataset
EMA-CCF,EMA,CCF,"Nottingham, Leicestershire",Carcassonne,GB,FR,1102.4,1,no_country_pair_in_rail_dataset
EMA-NOC,EMA,NOC,"Nottingham, Leicestershire",Charlestown,GB,IE,510.9,1,no_country_pair_in_rail_dataset
EMA-ORK,EMA,ORK,"Nottingham, Leicestershire",Cork,GB,IE,498.7,1,no_country_pair_in_rail_dataset
EMA-DNR,EMA,DNR,"Nottingham, Leicestershire",Dinard,GB,FR,474.8,1,no_country_pair_in_rail_dataset
EMA-DUB,EMA,DUB,"Nottingham, Leicestershire",Dublin,GB,IE,335.8,1,no_country_pair_in_rail_dataset
EMA-GRO,EMA,GRO,"Nottingham, Leicestershire",Girona,GB,ES,1252.9,1,no_country_pair_in_rail_dataset
EMA-LRH,EMA,LRH,"Nottingham, Leicestershire",La Rochelle,GB,FR,739.7,1,no_country_pair_in_rail_dataset
EMA-LIG,EMA,LIG,"Nottingham, Leicestershire",Limoges/Bellegarde,GB,FR,795.7,1,no_country_pair_in_rail_dataset
EMA-WMI,EMA,WMI,"Nottingham, Leicestershire",Nowy Dwór Mazowiecki,GB,PL,1477.9,1,no_country_pair_in_rail_dataset
EMA-BGY,EMA,BGY,"Nottingham, Leicestershire",Orio al Serio (BG),GB,IT,1127.2,1,no_country_pair_in_rail_dataset
EMA-CDG,EMA,CDG,"Nottingham, Leicestershire","Paris (Roissy-en-France, Val-d'Oise)",GB,FR,504.5,1,no_country_pair_in_rail_dataset
EMA-PSA,EMA,PSA,"Nottingham, Leicestershire",Pisa (PI),GB,IT,1333.6,1,no_country_pair_in_rail_dataset
EMA-PRG,EMA,PRG,"Nottingham, Leicestershire",Prague,GB,CZ,1119.1,1,no_country_pair_in_rail_dataset
EMA-REU,EMA,REU,"Nottingham, Leicestershire",Reus,GB,ES,1312.7,1,no_country_pair_in_rail_dataset
EMA-GCI,EMA,GCI,"Nottingham, Leicestershire",Saint Peter Port,GB,GG,387.9,1,no_country_pair_in_rail_dataset
EMA-JER,EMA,JER,"Nottingham, Leicestershire",St. Peter,GB,JE,407.4,1,no_country_pair_in_rail_dataset
EMA-TSF,EMA,TSF,"Nottingham, Leicestershire",Treviso (TV),GB,IT,1262.0,1,no_country_pair_in_rail_dataset
EMA-VLC,EMA,VLC,"Nottingham, Leicestershire",Valencia,GB,ES,1485.0,1,no_country_pair_in_rail_dataset
EMA-WRO,EMA,WRO,"Nottingham, Leicestershire",Wrocław,GB,PL,1258.7,1,no_country_pair_in_rail_dataset
EMA-BRU,EMA,BRU,"Nottingham, Leicestershire",Zaventem,GB,BE,452.9,1,no_country_pair_in_rail_dataset
PIK-CCF,PIK,CCF,"Prestwick, South Ayrshire",Carcassonne,GB,FR,1452.5,1,no_country_pair_in_rail_dataset
PIK-DUB,PIK,DUB,"Prestwick, South Ayrshire",Dublin,GB,IE,254.9,1,no_country_pair_in_rail_dataset
SOU-ALC,SOU,ALC,Southampton,Alicante,GB,ES,1410.0,1,no_country_pair_in_rail_dataset
SOU-AMS,SOU,AMS,Southampton,Amsterdam,GB,NL,448.5,1,no_country_pair_in_rail_dataset
SOU-EGC,SOU,EGC,Southampton,Bergerac,GB,FR,695.2,2,no_country_pair_in_rail_dataset
SOU-BES,SOU,BES,Southampton,Brest,GB,FR,354.8,2,no_country_pair_in_rail_dataset
SOU-DUB,SOU,DUB,Southampton,Dublin,GB,IE,433.1,1,no_country_pair_in_rail_dataset
SOU-LRH,SOU,LRH,Southampton,La Rochelle,GB,FR,530.7,2,no_country_pair_in_rail_dataset
SOU-LIG,SOU,LIG,Southampton,Limoges/Bellegarde,GB,FR,595.8,2,no_country_pair_in_rail_dataset
SOU-NTE,SOU,NTE,Southampton,Nantes,GB,FR,422.6,2,no_country_pair_in_rail_dataset
SOU-NCE,SOU,NCE,Southampton,"Nice, Alpes-Maritimes",GB,FR,1035.5,2,no_country_pair_in_rail_dataset
SOU-PMI,SOU,PMI,Southampton,Palma de Mallorca,GB,ES,1306.9,1,no_country_pair_in_rail_dataset
SOU-ORY,SOU,ORY,Southampton,"Paris (Orly, Val-de-Marne)",GB,FR,363.2,2,no_country_pair_in_rail_dataset
SOU-RNS,SOU,RNS,Southampton,"Saint-Jacques-de-la-Lande, Ille-et-Vilaine",GB,FR,321.5,2,no_country_pair_in_rail_dataset
SEN-ALC,SEN,ALC,"Southend-on-Sea, Essex",Alicante,GB,ES,1480.8,1,no_country_pair_in_rail_dataset
SEN-AMS,SEN,AMS,"Southend-on-Sea, Essex",Amsterdam,GB,NL,290.8,1,no_country_pair_in_rail_dataset
SEN-KRK,SEN,KRK,"Southend-on-Sea, Essex",Balice,GB,PL,1347.3,1,no_country_pair_in_rail_dataset
SEN-BCN,SEN,BCN,"Southend-on-Sea, Essex",Barcelona,GB,ES,1147.2,1,no_country_pair_in_rail_dataset
SEN-DUB,SEN,DUB,"Southend-on-Sea, Essex",Dublin,GB,IE,513.9,1,no_country_pair_in_rail_dataset
SEN-GVA,SEN,GVA,"Southend-on-Sea, Essex",Geneva,GB,CH,712.5,1,no_country_pair_in_rail_dataset
SEN-IBZ,SEN,IBZ,"Southend-on-Sea, Essex",Ibiza (Eivissa),GB,ES,1412.9,1,no_country_pair_in_rail_dataset
SEN-PMI,SEN,PMI,"Southend-on-Sea, Essex",Palma de Mallorca,GB,ES,1345.7,1,no_country_pair_in_rail_dataset
SEN-JER,SEN,JER,"Southend-on-Sea, Essex",St. Peter,GB,JE,333.1,1,no_country_pair_in_rail_dataset
SEN-VCE,SEN,VCE,"Southend-on-Sea, Essex",Venezia (VE),GB,IT,1089.4,1,no_country_pair_in_rail_dataset
GCI-AMS,GCI,AMS,Saint Peter Port,Amsterdam,GG,NL,607.2,1,no_country_pair_in_rail_dataset
GCI-BHX,GCI,BHX,Saint Peter Port,"Birmingham, West Midlands",GG,GB,341.0,1,no_country_pair_in_rail_dataset
GCI-DUS,GCI,DUS,Saint Peter Port,Düsseldorf,GG,DE,695.3,1,no_country_pair_in_rail_dataset
GCI-LGW,GCI,LGW,Saint Peter Port,London,GG,GB,256.4,1,no_country_pair_in_rail_dataset
GCI-STN,GCI,STN,Saint Peter Port,"London, Essex",GG,GB,337.9,1,no_country_pair_in_rail_dataset
GCI-MAN,GCI,MAN,Saint Peter Port,"Manchester, Greater Manchester",GG,GB,435.8,1,no_country_pair_in_rail_dataset
GCI-NWI,GCI,NWI,Saint Peter Port,"Norwich, Norfolk",GG,GB,451.1,1,no_country_pair_in_rail_dataset
GCI-EMA,GCI,EMA,Saint Peter Port,"Nottingham, Leicestershire",GG,GB,387.9,1,no_country_pair_in_rail_dataset
AXD-ATH,AXD,ATH,Alexandroupolis,Spata-Artemida,GR,GR,367.8,2,no_country_pair_in_rail_dataset
HER-ATH,HER,ATH,Heraklion,Spata-Artemida,GR,GR,309.1,4,no_country_pair_in_rail_dataset
HER-SKG,HER,SKG,Heraklion,Thessaloniki,GR,GR,607.6,2,no_country_pair_in_rail_dataset
IOA-ATH,IOA,ATH,Ioannina,Spata-Artemida,GR,GR,333.8,2,no_country_pair_in_rail_dataset
KLX-VIE,KLX,VIE,Kalamata,Vienna,GR,AT,1305.7,2,no_country_pair_in_rail_dataset
AOK-ATH,AOK,ATH,Karpathos Island,Spata-Artemida,GR,GR,399.6,2,no_country_pair_in_rail_dataset
KVA-MUC,KVA,MUC,Kavala,Munich,GR,DE,1306.8,1,no_country_pair_in_rail_dataset
KVA-ATH,KVA,ATH,Kavala,Spata-Artemida,GR,GR,336.0,2,no_country_pair_in_rail_dataset
KVA-STR,KVA,STR,Kavala,Stuttgart,GR,DE,1486.6,1,no_country_pair_in_rail_dataset
EFL-ATH,EFL,ATH,Kefallinia Island,Spata-Artemida,GR,GR,302.3,2,no_country_pair_in_rail_dataset
CFU-DRS,CFU,DRS,Kerkyra (Corfu),Dresden,GR,DE,1368.1,1,no_country_pair_in_rail_dataset
CFU-FRA,CFU,FRA,Kerkyra (Corfu),Frankfurt am Main,GR,DE,1461.5,3,no_country_pair_in_rail_dataset
CFU-MUC,CFU,MUC,Kerkyra (Corfu),Munich,GR,DE,1169.0,2,no_country_pair_in_rail_dataset
CFU-CIA,CFU,CIA,Kerkyra (Corfu),Rome,GR,IT,663.2,1,no_country_pair_in_rail_dataset
CFU-ATH,CFU,ATH,Kerkyra (Corfu),Spata-Artemida,GR,GR,395.5,2,no_country_pair_in_rail_dataset
CFU-STR,CFU,STR,Kerkyra (Corfu),Stuttgart,GR,DE,1319.8,2,no_country_pair_in_rail_dataset
CFU-VIE,CFU,VIE,Kerkyra (Corfu),Vienna,GR,AT,983.1,2,no_country_pair_in_rail_dataset
JMK-VIE,JMK,VIE,Mykonos,Vienna,GR,AT,1384.4,2,no_country_pair_in_rail_dataset
MJT-ATH,MJT,ATH,Mytilene,Spata-Artemida,GR,GR,262.4,2,no_country_pair_in_rail_dataset
MJT-SKG,MJT,SKG,Mytilene,Thessaloniki,GR,GR,350.0,2,no_country_pair_in_rail_dataset
VOL-VIE,VOL,VIE,Nea Anchialos,Vienna,GR,AT,1107.3,2,no_country_pair_in_rail_dataset
PVK-MUC,PVK,MUC,Preveza,Munich,GR,DE,1271.3,1,no_country_pair_in_rail_dataset
PVK-VIE,PVK,VIE,Preveza,Vienna,GR,AT,1075.4,2,no_country_pair_in_rail_dataset
SMI-ATH,SMI,ATH,Samos Island,Spata-Artemida,GR,GR,262.1,2,no_country_pair_in_rail_dataset
JTR-VCE,JTR,VCE,Santorini Island,Venezia (VE),GR,IT,1493.2,1,no_country_pair_in_rail_dataset
JTR-VIE,JTR,VIE,Santorini Island,Vienna,GR,AT,1492.0,3,no_country_pair_in_rail_dataset
ATH-AXD,ATH,AXD,Spata-Artemida,Alexandroupolis,GR,GR,367.8,2,no_country_pair_in_rail_dataset
ATH-BEG,ATH,BEG,Spata-Artemida,Belgrade,GR,RS,822.9,3,no_country_pair_in_rail_dataset
ATH-BUD,ATH,BUD,Spata-Artemida,Budapest,GR,HU,1122.3,1,no_country_pair_in_rail_dataset
ATH-DBV,ATH,DBV,Spata-Artemida,Dubrovnik,GR,HR,704.5,1,no_country_pair_in_rail_dataset
ATH-HER,ATH,HER,Spata-Artemida,Heraklion,GR,GR,309.1,4,no_country_pair_in_rail_dataset
ATH-IOA,ATH,IOA,Spata-Artemida,Ioannina,GR,GR,333.8,2,no_country_pair_in_rail_dataset
ATH-IST,ATH,IST,Spata-Artemida,Istanbul,GR,TR,553.0,3,no_country_pair_in_rail_dataset
ATH-AOK,ATH,AOK,Spata-Artemida,Karpathos Island,GR,GR,399.6,2,no_country_pair_in_rail_dataset
ATH-KVA,ATH,KVA,Spata-Artemida,Kavala,GR,GR,336.0,2,no_country_pair_in_rail_dataset
ATH-EFL,ATH,EFL,Spata-Artemida,Kefallinia Island,GR,GR,302.3,2,no_country_pair_in_rail_dataset
ATH-CFU,ATH,CFU,Spata-Artemida,Kerkyra (Corfu),GR,GR,395.5,2,no_country_pair_in_rail_dataset
ATH-KRR,ATH,KRR,Spata-Artemida,Krasnodar,GR,RU,1490.4,1,no_country_pair_in_rail_dataset
ATH-MJT,ATH,MJT,Spata-Artemida,Mytilene,GR,GR,262.4,2,no_country_pair_in_rail_dataset
ATH-BGY,ATH,BGY,Spata-Artemida,Orio al Serio (BG),GR,IT,1456.5,1,no_country_pair_in_rail_dataset
ATH-OTP,ATH,OTP,Spata-Artemida,Otopeni,GR,RO,759.5,3,no_country_pair_in_rail_dataset
ATH-TIA,ATH,TIA,Spata-Artemida,Rinas,GR,AL,529.3,2,no_country_pair_in_rail_dataset
ATH-FCO,ATH,FCO,Spata-Artemida,Rome,GR,IT,1085.4,4,no_country_pair_in_rail_dataset
ATH-SMI,ATH,SMI,Spata-Artemida,Samos Island,GR,GR,262.1,2,no_country_pair_in_rail_dataset
ATH-SOF,ATH,SOF,Spata-Artemida,Sofia,GR,BG,531.2,4,no_country_pair_in_rail_dataset
ATH-SPU,ATH,SPU,Spata-Artemida,Split,GR,HR,895.4,1,no_country_pair_in_rail_dataset
ATH-SKG,ATH,SKG,Spata-Artemida,Thessaloniki,GR,GR,299.2,3,no_country_pair_in_rail_dataset
ATH-MLA,ATH,MLA,Spata-Artemida,Valletta,GR,MT,871.8,1,no_country_pair_in_rail_dataset
ATH-VCE,ATH,VCE,Spata-Artemida,Venezia (VE),GR,IT,1276.0,2,no_country_pair_in_rail_dataset
ATH-VIE,ATH,VIE,Spata-Artemida,Vienna,GR,AT,1278.9,2,no_country_pair_in_rail_dataset
ATH-ZTH,ATH,ZTH,Spata-Artemida,Zakynthos,GR,GR,269.5,2,no_country_pair_in_rail_dataset
SKG-BEG,SKG,BEG,Thessaloniki,Belgrade,GR,RS,525.1,1,no_country_pair_in_rail_dataset
SKG-BUD,SKG,BUD,Thessaloniki,Budapest,GR,HU,823.5,1,no_country_pair_in_rail_dataset
SKG-BSL,SKG,BSL,Thessaloniki,Bâle / Mulhouse,GR,FR,1460.2,1,no_country_pair_in_rail_dataset
SKG-HER,SKG,HER,Thessaloniki,Heraklion,GR,GR,607.6,2,no_country_pair_in_rail_dataset
SKG-IST,SKG,IST,Thessaloniki,Istanbul,GR,TR,491.4,1,no_country_pair_in_rail_dataset
SKG-MUC,SKG,MUC,Thessaloniki,Munich,GR,DE,1241.5,4,no_country_pair_in_rail_dataset
SKG-MJT,SKG,MJT,Thessaloniki,Mytilene,GR,GR,350.0,2,no_country_pair_in_rail_dataset
SKG-WMI,SKG,WMI,Thessaloniki,Nowy Dwór Mazowiecki,GR,PL,1338.4,1,no_country_pair_in_rail_dataset
SKG-NUE,SKG,NUE,Thessaloniki,Nuremberg,GR,DE,1364.6,2,no_country_pair_in_rail_dataset
SKG-BGY,SKG,BGY,Thessaloniki,Orio al Serio (BG),GR,IT,1217.4,1,no_country_pair_in_rail_dataset
SKG-OTP,SKG,OTP,Thessaloniki,Otopeni,GR,RO,518.5,1,no_country_pair_in_rail_dataset
SKG-PSA,SKG,PSA,Thessaloniki,Pisa (PI),GR,IT,1094.4,1,no_country_pair_in_rail_dataset
SKG-FKB,SKG,FKB,Thessaloniki,Rheinmünster,GR,DE,1489.2,1,no_country_pair_in_rail_dataset
SKG-CIA,SKG,CIA,Thessaloniki,Rome,GR,IT,879.5,1,no_country_pair_in_rail_dataset
SKG-FCO,SKG,FCO,Thessaloniki,Rome,GR,IT,907.9,2,no_country_pair_in_rail_dataset
SKG-ATH,SKG,ATH,Thessaloniki,Spata-Artemida,GR,GR,299.2,6,no_country_pair_in_rail_dataset
SKG-STR,SKG,STR,Thessaloniki,Stuttgart,GR,DE,1414.0,4,no_country_pair_in_rail_dataset
SKG-VIE,SKG,VIE,Thessaloniki,Vienna,GR,AT,985.0,3,no_country_pair_in_rail_dataset
ZTH-MUC,ZTH,MUC,Zakynthos,Munich,GR,DE,1389.4,1,no_country_pair_in_rail_dataset
ZTH-ATH,ZTH,ATH,Zakynthos,Spata-Artemida,GR,GR,269.5,2,no_country_pair_in_rail_dataset
ZTH-VIE,ZTH,VIE,Zakynthos,Vienna,GR,AT,1203.8,2,no_country_pair_in_rail_dataset
DBV-AMS,DBV,AMS,Dubrovnik,Amsterdam,HR,NL,1480.5,1,no_country_pair_in_rail_dataset
DBV-BCN,DBV,BCN,Dubrovnik,Barcelona,HR,ES,1344.4,2,no_country_pair_in_rail_dataset
DBV-LIL,DBV,LIL,Dubrovnik,Lesquin,HR,FR,1456.8,1,no_country_pair_in_rail_dataset
DBV-LUX,DBV,LUX,Dubrovnik,Luxembourg,HR,LU,1214.4,1,no_country_pair_in_rail_dataset
DBV-ORY,DBV,ORY,Dubrovnik,"Paris (Orly, Val-de-Marne)",HR,FR,1410.0,1,no_country_pair_in_rail_dataset
DBV-CDG,DBV,CDG,Dubrovnik,"Paris (Roissy-en-France, Val-d'Oise)",HR,FR,1409.5,1,no_country_pair_in_rail_dataset
DBV-FCO,DBV,FCO,Dubrovnik,Rome,HR,IT,502.5,1,no_country_pair_in_rail_dataset
DBV-ATH,DBV,ATH,Dubrovnik,Spata-Artemida,HR,GR,704.5,1,no_country_pair_in_rail_dataset
DBV-VCE,DBV,VCE,Dubrovnik,Venezia (VE),HR,IT,574.7,1,no_country_pair_in_rail_dataset
DBV-VIE,DBV,VIE,Dubrovnik,Vienna,HR,AT,631.0,2,no_country_pair_in_rail_dataset
DBV-WAW,DBV,WAW,Dubrovnik,Warsaw,HR,PL,1086.9,1,no_country_pair_in_rail_dataset
DBV-BRU,DBV,BRU,Dubrovnik,Zaventem,HR,BE,1397.0,1,no_country_pair_in_rail_dataset
PUY-BVA,PUY,BVA,Pula,Beauvais,HR,FR,1025.0,1,no_country_pair_in_rail_dataset
PUY-CRL,PUY,CRL,Pula,Charleroi,HR,BE,939.6,1,no_country_pair_in_rail_dataset
PUY-STN,PUY,STN,Pula,"London, Essex",HR,GB,1271.6,1,no_country_pair_in_rail_dataset
RJK-LHR,RJK,LHR,Rijeka(Omišalj),London,HR,GB,1306.9,1,no_country_pair_in_rail_dataset
SPU-BEG,SPU,BEG,Split,Belgrade,HR,RS,350.0,1,no_country_pair_in_rail_dataset
SPU-BSL,SPU,BSL,Split,Bâle / Mulhouse,HR,FR,818.2,1,no_country_pair_in_rail_dataset
SPU-LYS,SPU,LYS,Split,"Colombier-Saugnieu, Rhône",HR,FR,918.7,1,no_country_pair_in_rail_dataset
SPU-CPH,SPU,CPH,Split,Copenhagen,HR,DK,1368.1,2,no_country_pair_in_rail_dataset
SPU-LIL,SPU,LIL,Split,Lesquin,HR,FR,1265.7,1,no_country_pair_in_rail_dataset
SPU-LGW,SPU,LGW,Split,London,HR,GB,1497.5,3,no_country_pair_in_rail_dataset
SPU-CDG,SPU,CDG,Split,"Paris (Roissy-en-France, Val-d'Oise)",HR,FR,1216.3,1,no_country_pair_in_rail_dataset
SPU-PRG,SPU,PRG,Split,Prague,HR,CZ,745.9,2,no_country_pair_in_rail_dataset
SPU-FCO,SPU,FCO,Split,Rome,HR,IT,382.8,1,no_country_pair_in_rail_dataset
SPU-RTM,SPU,RTM,Split,Rotterdam,HR,NL,1286.3,1,no_country_pair_in_rail_dataset
SPU-ATH,SPU,ATH,Split,Spata-Artemida,HR,GR,895.4,1,no_country_pair_in_rail_dataset
SPU-VIE,SPU,VIE,Split,Vienna,HR,AT,508.8,2,no_country_pair_in_rail_dataset
SPU-WAW,SPU,WAW,Split,Warsaw,HR,PL,1020.0,1,no_country_pair_in_rail_dataset
ZAG-AMS,ZAG,AMS,Velika Gorica,Amsterdam,HR,NL,1098.8,1,no_country_pair_in_rail_dataset
ZAG-BCN,ZAG,BCN,Velika Gorica,Barcelona,HR,ES,1229.4,3,no_country_pair_in_rail_dataset
ZAG-BLQ,ZAG,BLQ,Velika Gorica,Bologna,HR,IT,398.2,2,no_country_pair_in_rail_dataset
ZAG-BUD,ZAG,BUD,Velika Gorica,Budapest,HR,HU,307.8,1,no_distance_compatible_rail_candidate
ZAG-CPH,ZAG,CPH,Velika Gorica,Copenhagen,HR,DK,1123.7,3,no_country_pair_in_rail_dataset
ZAG-SKP,ZAG,SKP,Velika Gorica,Ilinden,HR,MK,612.5,1,no_country_pair_in_rail_dataset
ZAG-IST,ZAG,IST,Velika Gorica,Istanbul,HR,TR,1133.9,2,no_country_pair_in_rail_dataset
ZAG-LGW,ZAG,LGW,Velika Gorica,London,HR,GB,1337.2,1,no_country_pair_in_rail_dataset
ZAG-LHR,ZAG,LHR,Velika Gorica,London,HR,GB,1367.8,3,no_country_pair_in_rail_dataset
ZAG-CDG,ZAG,CDG,Velika Gorica,"Paris (Roissy-en-France, Val-d'Oise)",HR,FR,1078.7,2,no_country_pair_in_rail_dataset
ZAG-PRN,ZAG,PRN,Velika Gorica,Prishtina,HR,XK,530.1,1,no_country_pair_in_rail_dataset
ZAG-SJJ,ZAG,SJJ,Velika Gorica,Sarajevo,HR,BA,278.2,1,no_country_pair_in_rail_dataset
ZAG-VIE,ZAG,VIE,Velika Gorica,Vienna,HR,AT,266.0,2,no_country_pair_in_rail_dataset
ZAG-BRU,ZAG,BRU,Velika Gorica,Zaventem,HR,BE,1029.0,2,no_country_pair_in_rail_dataset
ZAD-BVA,ZAD,BVA,Zadar,Beauvais,HR,FR,1168.7,1,no_country_pair_in_rail_dataset
ZAD-BLL,ZAD,BLL,Zadar,Billund,HR,DK,1367.2,1,no_country_pair_in_rail_dataset
ZAD-CRL,ZAD,CRL,Zadar,Charleroi,HR,BE,1082.6,1,no_country_pair_in_rail_dataset
ZAD-STN,ZAD,STN,Zadar,"London, Essex",HR,GB,1415.1,1,no_country_pair_in_rail_dataset
ZAD-MRS,ZAD,MRS,Zadar,"Marignane, Bouches-du-Rhône",HR,FR,817.1,1,no_country_pair_in_rail_dataset
ZAD-WAW,ZAD,WAW,Zadar,Warsaw,HR,PL,988.5,1,no_country_pair_in_rail_dataset
BUD-AMS,BUD,AMS,Budapest,Amsterdam,HU,NL,1169.3,1,no_country_pair_in_rail_dataset
BUD-BRI,BUD,BRI,Budapest,Bari,HU,IT,727.2,1,no_country_pair_in_rail_dataset
BUD-BVA,BUD,BVA,Budapest,Beauvais,HU,FR,1282.0,1,no_country_pair_in_rail_dataset
BUD-BEG,BUD,BEG,Budapest,Belgrade,HU,RS,301.4,2,no_country_pair_in_rail_dataset
BUD-BLL,BUD,BLL,Budapest,Billund,HU,DK,1155.7,1,no_country_pair_in_rail_dataset
BUD-BSL,BUD,BSL,Budapest,Bâle / Mulhouse,HU,FR,881.1,1,no_country_pair_in_rail_dataset
BUD-CTA,BUD,CTA,Budapest,Catania,HU,IT,1159.7,1,no_country_pair_in_rail_dataset
BUD-CRL,BUD,CRL,Budapest,Charleroi,HU,BE,1130.2,2,no_country_pair_in_rail_dataset
BUD-CPH,BUD,CPH,Budapest,Copenhagen,HU,DK,1017.6,2,no_country_pair_in_rail_dataset
BUD-EIN,BUD,EIN,Budapest,Eindhoven,HU,NL,1096.9,1,no_country_pair_in_rail_dataset
BUD-MXP,BUD,MXP,Budapest,Ferno (VA),HU,IT,829.6,1,no_country_pair_in_rail_dataset
BUD-HEL,BUD,HEL,Budapest,Helsinki (Vantaa),HU,FI,1479.7,2,no_country_pair_in_rail_dataset
BUD-IST,BUD,IST,Budapest,Istanbul,HU,TR,1016.2,1,no_country_pair_in_rail_dataset
BUD-LGW,BUD,LGW,Budapest,London,HU,GB,1464.9,2,no_country_pair_in_rail_dataset
BUD-LHR,BUD,LHR,Budapest,London,HU,GB,1489.5,3,no_country_pair_in_rail_dataset
BUD-STN,BUD,STN,Budapest,"London, Essex",HU,GB,1451.3,1,no_country_pair_in_rail_dataset
BUD-LTN,BUD,LTN,Budapest,"Luton, Luton",HU,GB,1491.6,2,no_country_pair_in_rail_dataset
BUD-MMX,BUD,MMX,Budapest,Malmö,HU,SE,988.3,1,no_country_pair_in_rail_dataset
BUD-MSQ,BUD,MSQ,Budapest,Minsk,HU,BY,946.5,1,no_country_pair_in_rail_dataset
BUD-NAP,BUD,NAP,Budapest,Napoli,HU,IT,828.3,1,no_country_pair_in_rail_dataset
BUD-NYO,BUD,NYO,Budapest,Nyköping,HU,SE,1272.6,1,no_country_pair_in_rail_dataset
BUD-BGY,BUD,BGY,Budapest,Orio al Serio (BG),HU,IT,755.8,1,no_country_pair_in_rail_dataset
BUD-ORY,BUD,ORY,Budapest,"Paris (Orly, Val-de-Marne)",HU,FR,1261.4,1,no_country_pair_in_rail_dataset
BUD-CDG,BUD,CDG,Budapest,"Paris (Roissy-en-France, Val-d'Oise)",HU,FR,1247.6,2,no_country_pair_in_rail_dataset
BUD-PSA,BUD,PSA,Budapest,Pisa (PI),HU,IT,805.8,1,no_country_pair_in_rail_dataset
BUD-RIX,BUD,RIX,Budapest,Riga,HU,LV,1102.4,1,no_country_pair_in_rail_dataset
BUD-CIA,BUD,CIA,Budapest,Rome,HU,IT,818.3,1,no_country_pair_in_rail_dataset
BUD-FCO,BUD,FCO,Budapest,Rome,HU,IT,835.5,3,no_country_pair_in_rail_dataset
BUD-RTM,BUD,RTM,Budapest,Rotterdam,HU,NL,1176.3,1,no_country_pair_in_rail_dataset
BUD-ATH,BUD,ATH,Budapest,Spata-Artemida,HU,GR,1122.3,1,no_country_pair_in_rail_dataset
BUD-ARN,BUD,ARN,Budapest,Stockholm,HU,SE,1361.4,1,no_country_pair_in_rail_dataset
BUD-SKG,BUD,SKG,Budapest,Thessaloniki,HU,GR,823.5,1,no_country_pair_in_rail_dataset
BUD-TSF,BUD,TSF,Budapest,Treviso (TV),HU,IT,575.5,1,no_country_pair_in_rail_dataset
BUD-MLA,BUD,MLA,Budapest,Valletta,HU,MT,1347.1,2,no_country_pair_in_rail_dataset
BUD-ZAG,BUD,ZAG,Budapest,Velika Gorica,HU,HR,307.8,1,no_distance_compatible_rail_candidate
BUD-BRU,BUD,BRU,Budapest,Zaventem,HU,BE,1139.3,1,no_country_pair_in_rail_dataset
DEB-EIN,DEB,EIN,Debrecen,Eindhoven,HU,NL,1250.3,1,no_country_pair_in_rail_dataset
NOC-BHX,NOC,BHX,Charlestown,"Birmingham, West Midlands",IE,GB,497.9,1,no_country_pair_in_rail_dataset
NOC-BRS,NOC,BRS,Charlestown,Bristol,IE,GB,498.1,1,no_country_pair_in_rail_dataset
NOC-EIN,NOC,EIN,Charlestown,Eindhoven,IE,NL,993.1,1,no_country_pair_in_rail_dataset
NOC-LPL,NOC,LPL,Charlestown,Liverpool,IE,GB,398.6,1,no_country_pair_in_rail_dataset
NOC-LGW,NOC,LGW,Charlestown,London,IE,GB,659.1,1,no_country_pair_in_rail_dataset
NOC-STN,NOC,STN,Charlestown,"London, Essex",IE,GB,647.0,1,no_country_pair_in_rail_dataset
NOC-LTN,NOC,LTN,Charlestown,"Luton, Luton",IE,GB,609.8,1,no_country_pair_in_rail_dataset
NOC-MAN,NOC,MAN,Charlestown,"Manchester, Greater Manchester",IE,GB,435.4,1,no_country_pair_in_rail_dataset
NOC-EMA,NOC,EMA,Charlestown,"Nottingham, Leicestershire",IE,GB,510.9,1,no_country_pair_in_rail_dataset
ORK-AMS,ORK,AMS,Cork,Amsterdam,IE,NL,906.1,1,no_country_pair_in_rail_dataset
ORK-BCN,ORK,BCN,Cork,Barcelona,IE,ES,1420.7,1,no_country_pair_in_rail_dataset
ORK-BHX,ORK,BHX,Cork,"Birmingham, West Midlands",IE,GB,464.9,1,no_country_pair_in_rail_dataset
ORK-BRS,ORK,BRS,Cork,Bristol,IE,GB,401.9,1,no_country_pair_in_rail_dataset
ORK-EDI,ORK,EDI,Cork,Edinburgh,IE,GB,566.4,1,no_country_pair_in_rail_dataset
ORK-GLA,ORK,GLA,Cork,Glasgow,IE,GB,521.0,1,no_country_pair_in_rail_dataset
ORK-LIS,ORK,LIS,Cork,Lisbon,IE,PT,1453.1,1,no_country_pair_in_rail_dataset
ORK-LPL,ORK,LPL,Cork,Liverpool,IE,GB,415.6,1,no_country_pair_in_rail_dataset
ORK-LGW,ORK,LGW,Cork,London,IE,GB,579.8,1,no_country_pair_in_rail_dataset
ORK-LHR,ORK,LHR,Cork,London,IE,GB,555.3,1,no_country_pair_in_rail_dataset
ORK-STN,ORK,STN,Cork,"London, Essex",IE,GB,598.9,1,no_country_pair_in_rail_dataset
ORK-MAN,ORK,MAN,Cork,"Manchester, Greater Manchester",IE,GB,451.6,1,no_country_pair_in_rail_dataset
ORK-MUC,ORK,MUC,Cork,Munich,IE,DE,1492.0,1,no_country_pair_in_rail_dataset
ORK-NCL,ORK,NCL,Cork,"Newcastle upon Tyne, Tyne and Wear",IE,GB,573.4,1,no_country_pair_in_rail_dataset
ORK-NCE,ORK,NCE,Cork,"Nice, Alpes-Maritimes",IE,FR,1480.3,1,no_country_pair_in_rail_dataset
ORK-EMA,ORK,EMA,Cork,"Nottingham, Leicestershire",IE,GB,498.7,1,no_country_pair_in_rail_dataset
ORK-CDG,ORK,CDG,Cork,"Paris (Roissy-en-France, Val-d'Oise)",IE,FR,842.4,1,no_country_pair_in_rail_dataset
ORK-JER,ORK,JER,Cork,St. Peter,IE,JE,532.5,1,no_country_pair_in_rail_dataset
ORK-BRU,ORK,BRU,Cork,Zaventem,IE,BE,905.5,1,no_country_pair_in_rail_dataset
CFN-GLA,CFN,GLA,Donegal,Glasgow,IE,GB,263.0,1,no_country_pair_in_rail_dataset
DUB-ABZ,DUB,ABZ,Dublin,Aberdeen,IE,GB,491.9,1,no_country_pair_in_rail_dataset
DUB-AMS,DUB,AMS,Dublin,Amsterdam,IE,NL,749.7,1,no_country_pair_in_rail_dataset
DUB-BCN,DUB,BCN,Dublin,Barcelona,IE,ES,1485.7,2,no_country_pair_in_rail_dataset
DUB-BVA,DUB,BVA,Dublin,Beauvais,IE,FR,728.8,1,no_country_pair_in_rail_dataset
DUB-BIQ,DUB,BIQ,Dublin,Biarritz,IE,FR,1160.7,1,no_country_pair_in_rail_dataset
DUB-BIO,DUB,BIO,Dublin,Bilbao,IE,ES,1152.7,1,no_country_pair_in_rail_dataset
DUB-BHX,DUB,BHX,Dublin,"Birmingham, West Midlands",IE,GB,321.3,2,no_country_pair_in_rail_dataset
DUB-BOD,DUB,BOD,Dublin,Bordeaux,IE,FR,1037.2,1,no_country_pair_in_rail_dataset
DUB-BOH,DUB,BOH,Dublin,Bournemouth,IE,GB,421.7,1,no_country_pair_in_rail_dataset
DUB-BRE,DUB,BRE,Dublin,Bremen,IE,DE,1000.7,1,no_country_pair_in_rail_dataset
DUB-BRS,DUB,BRS,Dublin,Bristol,IE,GB,331.0,2,no_country_pair_in_rail_dataset
DUB-BSL,DUB,BSL,Dublin,Bâle / Mulhouse,IE,FR,1167.3,1,no_country_pair_in_rail_dataset
DUB-CCF,DUB,CCF,Dublin,Carcassonne,IE,FR,1298.2,1,no_country_pair_in_rail_dataset
DUB-CWL,DUB,CWL,Dublin,Cardiff,IE,GB,300.4,1,no_country_pair_in_rail_dataset
DUB-CRL,DUB,CRL,Dublin,Charleroi,IE,BE,804.5,1,no_country_pair_in_rail_dataset
DUB-LYS,DUB,LYS,Dublin,"Colombier-Saugnieu, Rhône",IE,FR,1182.0,1,no_country_pair_in_rail_dataset
DUB-CPH,DUB,CPH,Dublin,Copenhagen,IE,DK,1240.8,3,no_country_pair_in_rail_dataset
DUB-DUS,DUB,DUS,Dublin,Düsseldorf,IE,DE,914.7,2,no_country_pair_in_rail_dataset
DUB-EDI,DUB,EDI,Dublin,Edinburgh,IE,GB,336.2,2,no_country_pair_in_rail_dataset
DUB-EIN,DUB,EIN,Dublin,Eindhoven,IE,NL,817.8,1,no_country_pair_in_rail_dataset
DUB-EXT,DUB,EXT,Dublin,"Exeter, Devon",IE,GB,357.2,1,no_country_pair_in_rail_dataset
DUB-MXP,DUB,MXP,Dublin,Ferno (VA),IE,IT,1381.7,1,no_country_pair_in_rail_dataset
DUB-FRA,DUB,FRA,Dublin,Frankfurt am Main,IE,DE,1086.1,2,no_country_pair_in_rail_dataset
DUB-HHN,DUB,HHN,Dublin,Frankfurt am Main (Lautzenhausen),IE,DE,1007.5,1,no_country_pair_in_rail_dataset
DUB-GVA,DUB,GVA,Dublin,Geneva,IE,CH,1191.4,1,no_country_pair_in_rail_dataset
DUB-GRO,DUB,GRO,Dublin,Girona,IE,ES,1446.0,1,no_country_pair_in_rail_dataset
DUB-GLA,DUB,GLA,Dublin,Glasgow,IE,GB,296.0,1,no_country_pair_in_rail_dataset
DUB-HAM,DUB,HAM,Dublin,Hamburg,IE,DE,1072.0,1,no_country_pair_in_rail_dataset
DUB-HAJ,DUB,HAJ,Dublin,Hannover,IE,DE,1071.7,1,no_country_pair_in_rail_dataset
DUB-CGN,DUB,CGN,Dublin,Köln (Cologne),IE,DE,956.3,1,no_country_pair_in_rail_dataset
DUB-LRH,DUB,LRH,Dublin,La Rochelle,IE,FR,883.8,1,no_country_pair_in_rail_dataset
DUB-LBA,DUB,LBA,Dublin,"Leeds, West Yorkshire",IE,GB,307.1,1,no_country_pair_in_rail_dataset
DUB-LCY,DUB,LCY,Dublin,London,IE,GB,478.2,2,no_country_pair_in_rail_dataset
DUB-LGW,DUB,LGW,Dublin,London,IE,GB,484.6,2,no_country_pair_in_rail_dataset
DUB-LHR,DUB,LHR,Dublin,London,IE,GB,449.3,3,no_country_pair_in_rail_dataset
DUB-STN,DUB,STN,Dublin,"London, Essex",IE,GB,470.4,1,no_country_pair_in_rail_dataset
DUB-LTN,DUB,LTN,Dublin,"Luton, Luton",IE,GB,433.3,1,no_country_pair_in_rail_dataset
DUB-LUX,DUB,LUX,Dublin,Luxembourg,IE,LU,959.2,1,no_country_pair_in_rail_dataset
DUB-MAD,DUB,MAD,Dublin,Madrid,IE,ES,1452.5,3,no_country_pair_in_rail_dataset
DUB-MAN,DUB,MAN,Dublin,"Manchester, Greater Manchester",IE,GB,264.2,2,no_country_pair_in_rail_dataset
DUB-MRS,DUB,MRS,Dublin,"Marignane, Bouches-du-Rhône",IE,FR,1393.1,1,no_country_pair_in_rail_dataset
DUB-FMM,DUB,FMM,Dublin,Memmingen,IE,DE,1305.7,1,no_country_pair_in_rail_dataset
DUB-MUC,DUB,MUC,Dublin,Munich,IE,DE,1381.0,2,no_country_pair_in_rail_dataset
DUB-NTE,DUB,NTE,Dublin,Nantes,IE,FR,771.7,1,no_country_pair_in_rail_dataset
DUB-NCL,DUB,NCL,Dublin,"Newcastle upon Tyne, Tyne and Wear",IE,GB,346.8,2,no_country_pair_in_rail_dataset
DUB-NCE,DUB,NCE,Dublin,"Nice, Alpes-Maritimes",IE,FR,1466.5,2,no_country_pair_in_rail_dataset
DUB-EMA,DUB,EMA,Dublin,"Nottingham, Leicestershire",IE,GB,335.8,1,no_country_pair_in_rail_dataset
DUB-BGY,DUB,BGY,Dublin,Orio al Serio (BG),IE,IT,1434.1,1,no_country_pair_in_rail_dataset
DUB-OSL,DUB,OSL,Dublin,Oslo (Gardermoen),IE,NO,1290.9,2,no_country_pair_in_rail_dataset
DUB-CDG,DUB,CDG,Dublin,"Paris (Roissy-en-France, Val-d'Oise)",IE,FR,785.5,3,no_country_pair_in_rail_dataset
DUB-PGF,DUB,PGF,Dublin,Perpignan/Rivesaltes,IE,FR,1366.0,1,no_country_pair_in_rail_dataset
DUB-OPO,DUB,OPO,Dublin,Porto,IE,PT,1366.4,1,no_country_pair_in_rail_dataset
DUB-PRG,DUB,PRG,Dublin,Prague,IE,CZ,1454.3,2,no_country_pair_in_rail_dataset
DUB-PIK,DUB,PIK,Dublin,"Prestwick, South Ayrshire",IE,GB,254.9,1,no_country_pair_in_rail_dataset
DUB-REU,DUB,REU,Dublin,Reus,IE,ES,1474.2,1,no_country_pair_in_rail_dataset
DUB-RDZ,DUB,RDZ,Dublin,Rodez/Marcillac,IE,FR,1187.4,1,no_country_pair_in_rail_dataset
DUB-SDR,DUB,SDR,Dublin,Santander,IE,ES,1126.5,1,no_country_pair_in_rail_dataset
DUB-SCQ,DUB,SCQ,Dublin,Santiago de Compostela,IE,ES,1181.8,1,no_country_pair_in_rail_dataset
DUB-LIN,DUB,LIN,Dublin,Segrate (MI),IE,IT,1426.8,1,no_country_pair_in_rail_dataset
DUB-SOU,DUB,SOU,Dublin,Southampton,IE,GB,433.1,1,no_country_pair_in_rail_dataset
DUB-SEN,DUB,SEN,Dublin,"Southend-on-Sea, Essex",IE,GB,513.9,1,no_country_pair_in_rail_dataset
DUB-JER,DUB,JER,Dublin,St. Peter,IE,JE,547.6,1,no_country_pair_in_rail_dataset
DUB-STR,DUB,STR,Dublin,Stuttgart,IE,DE,1200.3,1,no_country_pair_in_rail_dataset
DUB-SZZ,DUB,SZZ,Dublin,Szczecin(Glewice),IE,PL,1394.6,1,no_country_pair_in_rail_dataset
DUB-TLS,DUB,TLS,Dublin,Toulouse/Blagnac,IE,FR,1224.2,1,no_country_pair_in_rail_dataset
DUB-TUF,DUB,TUF,Dublin,"Tours, Indre-et-Loire",IE,FR,829.7,1,no_country_pair_in_rail_dataset
DUB-BRU,DUB,BRU,Dublin,Zaventem,IE,BE,784.0,1,no_country_pair_in_rail_dataset
DUB-ZRH,DUB,ZRH,Dublin,Zurich,IE,CH,1237.6,2,no_country_pair_in_rail_dataset
KIR-HHN,KIR,HHN,Farranfore,Frankfurt am Main (Lautzenhausen),IE,DE,1196.1,1,no_country_pair_in_rail_dataset
KIR-STN,KIR,STN,Farranfore,"London, Essex",IE,GB,667.9,1,no_country_pair_in_rail_dataset
KIR-LTN,KIR,LTN,Farranfore,"Luton, Luton",IE,GB,626.9,1,no_country_pair_in_rail_dataset
SNN-BVA,SNN,BVA,Shannon,Beauvais,IE,FR,850.3,1,no_country_pair_in_rail_dataset
SNN-BHX,SNN,BHX,Shannon,"Birmingham, West Midlands",IE,GB,485.5,1,no_country_pair_in_rail_dataset
SNN-BRS,SNN,BRS,Shannon,Bristol,IE,GB,449.1,1,no_country_pair_in_rail_dataset
SNN-EDI,SNN,EDI,Shannon,Edinburgh,IE,GB,509.7,1,no_country_pair_in_rail_dataset
SNN-LPL,SNN,LPL,Shannon,Liverpool,IE,GB,412.3,1,no_country_pair_in_rail_dataset
SNN-LGW,SNN,LGW,Shannon,London,IE,GB,623.2,1,no_country_pair_in_rail_dataset
SNN-LHR,SNN,LHR,Shannon,London,IE,GB,594.0,1,no_country_pair_in_rail_dataset
SNN-STN,SNN,STN,Shannon,"London, Essex",IE,GB,629.1,1,no_country_pair_in_rail_dataset
SNN-MAN,SNN,MAN,Shannon,"Manchester, Greater Manchester",IE,GB,450.1,1,no_country_pair_in_rail_dataset
SNN-FMM,SNN,FMM,Shannon,Memmingen,IE,DE,1451.9,1,no_country_pair_in_rail_dataset
SNN-PIS,SNN,PIS,Shannon,Poitiers/Biard,IE,FR,949.4,1,no_country_pair_in_rail_dataset
IOM-BHX,IOM,BHX,Castletown,"Birmingham, West Midlands",IM,GB,263.4,1,no_country_pair_in_rail_dataset
IOM-LCY,IOM,LCY,Castletown,London,IM,GB,425.4,1,no_country_pair_in_rail_dataset
IOM-LGW,IOM,LGW,Castletown,London,IM,GB,442.8,1,no_country_pair_in_rail_dataset
KEF-BGO,KEF,BGO,Reykjavík,Bergen,IS,NO,1489.5,2,no_country_pair_in_rail_dataset
KEF-EDI,KEF,EDI,Reykjavík,Edinburgh,IS,GB,1384.6,1,no_country_pair_in_rail_dataset
KEF-GLA,KEF,GLA,Reykjavík,Glasgow,IS,GB,1347.5,1,no_country_pair_in_rail_dataset
AHO-BVA,AHO,BVA,Alghero,Beauvais,IT,FR,1093.6,1,no_country_pair_in_rail_dataset
AHO-BTS,AHO,BTS,Alghero,Bratislava,IT,SK,1096.2,1,no_country_pair_in_rail_dataset
AHO-EIN,AHO,EIN,Alghero,Eindhoven,IT,NL,1223.5,1,no_country_pair_in_rail_dataset
AHO-GRO,AHO,GRO,Alghero,Girona,IT,ES,483.2,1,no_country_pair_in_rail_dataset
AHO-STN,AHO,STN,Alghero,"London, Essex",IT,GB,1394.1,1,no_country_pair_in_rail_dataset
AHO-LTN,AHO,LTN,Alghero,"Luton, Luton",IT,GB,1414.0,1,no_country_pair_in_rail_dataset
AHO-MAD,AHO,MAD,Alghero,Madrid,IT,ES,1001.5,1,no_country_pair_in_rail_dataset
BRI-BCN,BRI,BCN,Bari,Barcelona,IT,ES,1226.7,2,no_country_pair_in_rail_dataset
BRI-BVA,BRI,BVA,Bari,Beauvais,IT,FR,1467.9,1,no_country_pair_in_rail_dataset
BRI-BUD,BRI,BUD,Bari,Budapest,IT,HU,727.2,1,no_country_pair_in_rail_dataset
BRI-MST,BRI,MST,Bari,Maastricht,IT,NL,1375.6,1,no_country_pair_in_rail_dataset
BRI-OTP,BRI,OTP,Bari,Otopeni,IT,RO,851.2,1,no_country_pair_in_rail_dataset
BRI-CDG,BRI,CDG,Bari,"Paris (Roissy-en-France, Val-d'Oise)",IT,FR,1413.9,1,no_country_pair_in_rail_dataset
BRI-PRG,BRI,PRG,Bari,Prague,IT,CZ,1015.2,1,no_country_pair_in_rail_dataset
BRI-VLC,BRI,VLC,Bari,Valencia,IT,ES,1470.9,1,no_country_pair_in_rail_dataset
BRI-MLA,BRI,MLA,Bari,Valletta,IT,MT,620.7,1,no_country_pair_in_rail_dataset
BLQ-ALC,BLQ,ALC,Bologna,Alicante,IT,ES,1206.2,1,no_country_pair_in_rail_dataset
BLQ-AMS,BLQ,AMS,Bologna,Amsterdam,IT,NL,988.5,3,no_country_pair_in_rail_dataset
BLQ-KRK,BLQ,KRK,Bologna,Balice,IT,PL,887.9,1,no_country_pair_in_rail_dataset
BLQ-BCN,BLQ,BCN,Bologna,Barcelona,IT,ES,831.3,3,no_country_pair_in_rail_dataset
BLQ-BVA,BLQ,BVA,Bologna,Beauvais,IT,FR,884.1,1,no_country_pair_in_rail_dataset
BLQ-BOD,BLQ,BOD,Bologna,Bordeaux,IT,FR,948.8,1,no_country_pair_in_rail_dataset
BLQ-BRS,BLQ,BRS,Bologna,Bristol,IT,GB,1287.7,1,no_country_pair_in_rail_dataset
BLQ-CLJ,BLQ,CLJ,Bologna,Cluj-Napoca,IT,RO,994.2,1,no_country_pair_in_rail_dataset
BLQ-LYS,BLQ,LYS,Bologna,"Colombier-Saugnieu, Rhône",IT,FR,503.8,2,no_country_pair_in_rail_dataset
BLQ-CPH,BLQ,CPH,Bologna,Copenhagen,IT,DK,1236.1,1,no_country_pair_in_rail_dataset
BLQ-EIN,BLQ,EIN,Bologna,Eindhoven,IT,NL,885.2,1,no_country_pair_in_rail_dataset
BLQ-IAS,BLQ,IAS,Bologna,Iaşi,IT,RO,1295.9,2,no_country_pair_in_rail_dataset
BLQ-IBZ,BLQ,IBZ,Bologna,Ibiza (Eivissa),IT,ES,1035.1,1,no_country_pair_in_rail_dataset
BLQ-IST,BLQ,IST,Bologna,Istanbul,IT,TR,1463.1,1,no_country_pair_in_rail_dataset
BLQ-LGW,BLQ,LGW,Bologna,London,IT,GB,1126.5,1,no_country_pair_in_rail_dataset
BLQ-LHR,BLQ,LHR,Bologna,London,IT,GB,1163.1,2,no_country_pair_in_rail_dataset
BLQ-STN,BLQ,STN,Bologna,"London, Essex",IT,GB,1154.7,1,no_country_pair_in_rail_dataset
BLQ-MAD,BLQ,MAD,Bologna,Madrid,IT,ES,1296.0,2,no_country_pair_in_rail_dataset
BLQ-MAN,BLQ,MAN,Bologna,"Manchester, Greater Manchester",IT,GB,1389.4,1,no_country_pair_in_rail_dataset
BLQ-WMI,BLQ,WMI,Bologna,Nowy Dwór Mazowiecki,IT,PL,1116.5,1,no_country_pair_in_rail_dataset
BLQ-OTP,BLQ,OTP,Bologna,Otopeni,IT,RO,1172.3,1,no_country_pair_in_rail_dataset
BLQ-PMI,BLQ,PMI,Bologna,Palma de Mallorca,IT,ES,896.7,1,no_country_pair_in_rail_dataset
BLQ-ORY,BLQ,ORY,Bologna,"Paris (Orly, Val-de-Marne)",IT,FR,825.2,2,no_country_pair_in_rail_dataset
BLQ-CDG,BLQ,CDG,Bologna,"Paris (Roissy-en-France, Val-d'Oise)",IT,FR,829.8,3,no_country_pair_in_rail_dataset
BLQ-TIA,BLQ,TIA,Bologna,Rinas,IT,AL,768.2,4,no_country_pair_in_rail_dataset
BLQ-SOF,BLQ,SOF,Bologna,Sofia,IT,BG,996.6,1,no_country_pair_in_rail_dataset
BLQ-TSR,BLQ,TSR,Bologna,Timişoara,IT,RO,799.8,1,no_country_pair_in_rail_dataset
BLQ-VLC,BLQ,VLC,Bologna,Valencia,IT,ES,1121.1,1,no_country_pair_in_rail_dataset
BLQ-MLA,BLQ,MLA,Bologna,Valletta,IT,MT,1003.6,1,no_country_pair_in_rail_dataset
BLQ-ZAG,BLQ,ZAG,Bologna,Velika Gorica,IT,HR,398.2,2,no_country_pair_in_rail_dataset
BLQ-WRO,BLQ,WRO,Bologna,Wrocław,IT,PL,840.8,1,no_country_pair_in_rail_dataset
BDS-BSL,BDS,BSL,Brindisi,Bâle / Mulhouse,IT,FR,1133.3,1,no_country_pair_in_rail_dataset
BDS-GVA,BDS,GVA,Brindisi,Geneva,IT,CH,1137.6,1,no_country_pair_in_rail_dataset
BDS-GRO,BDS,GRO,Brindisi,Girona,IT,ES,1274.8,1,no_country_pair_in_rail_dataset
BDS-ZRH,BDS,ZRH,Brindisi,Zurich,IT,CH,1064.3,3,no_country_pair_in_rail_dataset
CAG-KRK,CAG,KRK,Cagliari,Balice,IT,PL,1469.6,1,no_country_pair_in_rail_dataset
CAG-BVA,CAG,BVA,Cagliari,Beauvais,IT,FR,1260.3,1,no_country_pair_in_rail_dataset
CAG-BSL,CAG,BSL,Cagliari,Bâle / Mulhouse,IT,FR,936.6,1,no_country_pair_in_rail_dataset
CAG-GVA,CAG,GVA,Cagliari,Geneva,IT,CH,813.1,1,no_country_pair_in_rail_dataset
CAG-GRO,CAG,GRO,Cagliari,Girona,IT,ES,607.6,1,no_country_pair_in_rail_dataset
CAG-LUX,CAG,LUX,Cagliari,Luxembourg,IT,LU,1175.3,1,no_country_pair_in_rail_dataset
CAG-MAD,CAG,MAD,Cagliari,Madrid,IT,ES,1085.4,1,no_country_pair_in_rail_dataset
CAG-MRS,CAG,MRS,Cagliari,"Marignane, Bouches-du-Rhône",IT,FR,565.2,1,no_country_pair_in_rail_dataset
EBA-BRN,EBA,BRN,Campo nell'Elba (LI),Bern,IT,CH,509.7,1,no_country_pair_in_rail_dataset
EBA-ACH,EBA,ACH,Campo nell'Elba (LI),St. Gallen,IT,CH,528.0,1,no_country_pair_in_rail_dataset
EBA-ZRH,EBA,ZRH,Campo nell'Elba (LI),Zurich,IT,CH,538.9,1,no_country_pair_in_rail_dataset
VRN-AMS,VRN,AMS,Caselle (VR),Amsterdam,IT,NL,889.1,1,no_country_pair_in_rail_dataset
VRN-LGW,VRN,LGW,Caselle (VR),London,IT,GB,1037.8,4,no_country_pair_in_rail_dataset
VRN-MAN,VRN,MAN,Caselle (VR),"Manchester, Greater Manchester",IT,GB,1296.7,2,no_country_pair_in_rail_dataset
VRN-MUC,VRN,MUC,Caselle (VR),Munich,IT,DE,336.0,2,no_distance_compatible_rail_candidate
VRN-OTP,VRN,OTP,Caselle (VR),Otopeni,IT,RO,1198.4,1,no_country_pair_in_rail_dataset
VRN-CDG,VRN,CDG,Caselle (VR),"Paris (Roissy-en-France, Val-d'Oise)",IT,FR,746.2,2,no_country_pair_in_rail_dataset
VRN-TIA,VRN,TIA,Caselle (VR),Rinas,IT,AL,839.0,5,no_country_pair_in_rail_dataset
TRN-AMS,TRN,AMS,Caselle Torinese (TO),Amsterdam,IT,NL,818.0,1,no_country_pair_in_rail_dataset
TRN-BCN,TRN,BCN,Caselle Torinese (TO),Barcelona,IT,ES,625.8,3,no_country_pair_in_rail_dataset
TRN-LGW,TRN,LGW,Caselle Torinese (TO),London,IT,GB,879.4,1,no_country_pair_in_rail_dataset
TRN-STN,TRN,STN,Caselle Torinese (TO),"London, Essex",IT,GB,921.1,1,no_country_pair_in_rail_dataset
TRN-MAD,TRN,MAD,Caselle Torinese (TO),Madrid,IT,ES,1052.6,1,no_country_pair_in_rail_dataset
TRN-CDG,TRN,CDG,Caselle Torinese (TO),"Paris (Roissy-en-France, Val-d'Oise)",IT,FR,572.5,2,no_country_pair_in_rail_dataset
TRN-TIA,TRN,TIA,Caselle Torinese (TO),Rinas,IT,AL,1062.2,1,no_country_pair_in_rail_dataset
TRN-MLA,TRN,MLA,Caselle Torinese (TO),Valletta,IT,MT,1189.1,1,no_country_pair_in_rail_dataset
TRN-ZRH,TRN,ZRH,Caselle Torinese (TO),Zurich,IT,CH,260.3,1,no_country_pair_in_rail_dataset
CTA-BCN,CTA,BCN,Catania,Barcelona,IT,ES,1193.3,2,no_country_pair_in_rail_dataset
CTA-BUD,CTA,BUD,Catania,Budapest,IT,HU,1159.7,1,no_country_pair_in_rail_dataset
CTA-BSL,CTA,BSL,Catania,Bâle / Mulhouse,IT,FR,1283.8,3,no_country_pair_in_rail_dataset
CTA-LYS,CTA,LYS,Catania,"Colombier-Saugnieu, Rhône",IT,FR,1235.7,2,no_country_pair_in_rail_dataset
CTA-GVA,CTA,GVA,Catania,Geneva,IT,CH,1223.7,2,no_country_pair_in_rail_dataset
CTA-MRS,CTA,MRS,Catania,"Marignane, Bouches-du-Rhône",IT,FR,1064.6,1,no_country_pair_in_rail_dataset
CTA-OTP,CTA,OTP,Catania,Otopeni,IT,RO,1215.2,1,no_country_pair_in_rail_dataset
CTA-ZRH,CTA,ZRH,Catania,Zurich,IT,CH,1231.9,3,no_country_pair_in_rail_dataset
AOI-STN,AOI,STN,Falconara Marittima (AN),"London, Essex",IT,GB,1341.1,1,no_country_pair_in_rail_dataset
MXP-AMS,MXP,AMS,Ferno (VA),Amsterdam,IT,NL,796.6,1,no_country_pair_in_rail_dataset
MXP-BCN,MXP,BCN,Ferno (VA),Barcelona,IT,ES,720.8,4,no_country_pair_in_rail_dataset
MXP-BEG,MXP,BEG,Ferno (VA),Belgrade,IT,RS,910.7,3,no_country_pair_in_rail_dataset
MXP-BIO,MXP,BIO,Ferno (VA),Bilbao,IT,ES,958.3,2,no_country_pair_in_rail_dataset
MXP-BHX,MXP,BHX,Ferno (VA),"Birmingham, West Midlands",IT,GB,1074.4,1,no_country_pair_in_rail_dataset
MXP-BOD,MXP,BOD,Ferno (VA),Bordeaux,IT,FR,744.4,1,no_country_pair_in_rail_dataset
MXP-BRS,MXP,BRS,Ferno (VA),Bristol,IT,GB,1056.3,1,no_country_pair_in_rail_dataset
MXP-BUD,MXP,BUD,Ferno (VA),Budapest,IT,HU,829.6,1,no_country_pair_in_rail_dataset
MXP-LYS,MXP,LYS,Ferno (VA),"Colombier-Saugnieu, Rhône",IT,FR,282.8,3,no_country_pair_in_rail_dataset
MXP-CPH,MXP,CPH,Ferno (VA),Copenhagen,IT,DK,1144.1,2,no_country_pair_in_rail_dataset
MXP-DUB,MXP,DUB,Ferno (VA),Dublin,IT,IE,1381.7,1,no_country_pair_in_rail_dataset
MXP-EDI,MXP,EDI,Ferno (VA),Edinburgh,IT,GB,1424.0,1,no_country_pair_in_rail_dataset
MXP-IBZ,MXP,IBZ,Ferno (VA),Ibiza (Eivissa),IT,ES,964.0,1,no_country_pair_in_rail_dataset
MXP-LGW,MXP,LGW,Ferno (VA),London,IT,GB,898.7,1,no_country_pair_in_rail_dataset
MXP-LHR,MXP,LHR,Ferno (VA),London,IT,GB,936.3,2,no_country_pair_in_rail_dataset
MXP-LUZ,MXP,LUZ,Ferno (VA),Lublin,IT,PL,1202.7,1,no_country_pair_in_rail_dataset
MXP-LTN,MXP,LTN,Ferno (VA),"Luton, Luton",IT,GB,961.3,1,no_country_pair_in_rail_dataset
MXP-LUX,MXP,LUX,Ferno (VA),Luxembourg,IT,LU,482.6,3,no_country_pair_in_rail_dataset
MXP-MAD,MXP,MAD,Ferno (VA),Madrid,IT,ES,1149.2,3,no_country_pair_in_rail_dataset
MXP-MAN,MXP,MAN,Ferno (VA),"Manchester, Greater Manchester",IT,GB,1167.4,1,no_country_pair_in_rail_dataset
MXP-MRS,MXP,MRS,Ferno (VA),"Marignane, Bouches-du-Rhône",IT,FR,370.2,4,no_country_pair_in_rail_dataset
MXP-MUC,MXP,MUC,Ferno (VA),Munich,IT,DE,381.4,1,no_distance_compatible_rail_candidate
MXP-AGP,MXP,AGP,Ferno (VA),Málaga,IT,ES,1485.8,1,no_country_pair_in_rail_dataset
MXP-NTE,MXP,NTE,Ferno (VA),Nantes,IT,FR,810.1,3,no_country_pair_in_rail_dataset
MXP-OTP,MXP,OTP,Ferno (VA),Otopeni,IT,RO,1366.1,1,no_country_pair_in_rail_dataset
MXP-PMI,MXP,PMI,Ferno (VA),Palma de Mallorca,IT,ES,834.5,1,no_country_pair_in_rail_dataset
MXP-CDG,MXP,CDG,Ferno (VA),"Paris (Roissy-en-France, Val-d'Oise)",IT,FR,597.8,2,no_country_pair_in_rail_dataset
MXP-OPO,MXP,OPO,Ferno (VA),Porto,IT,PT,1484.1,2,no_country_pair_in_rail_dataset
MXP-PRG,MXP,PRG,Ferno (VA),Prague,IT,CZ,645.7,3,no_country_pair_in_rail_dataset
MXP-TIA,MXP,TIA,Ferno (VA),Rinas,IT,AL,1001.4,5,no_country_pair_in_rail_dataset
MXP-SOF,MXP,SOF,Ferno (VA),Sofia,IT,BG,1214.3,2,no_country_pair_in_rail_dataset
MXP-STR,MXP,STR,Ferno (VA),Stuttgart,IT,DE,342.2,1,no_distance_compatible_rail_candidate
MXP-TLS,MXP,TLS,Ferno (VA),Toulouse/Blagnac,IT,FR,623.5,1,no_country_pair_in_rail_dataset
MXP-WAW,MXP,WAW,Ferno (VA),Warsaw,IT,PL,1150.0,1,no_country_pair_in_rail_dataset
FLR-AMS,FLR,AMS,Firenze (FI),Amsterdam,IT,NL,1058.4,2,no_country_pair_in_rail_dataset
FLR-BCN,FLR,BCN,Firenze (FI),Barcelona,IT,ES,797.3,2,no_country_pair_in_rail_dataset
FLR-BHX,FLR,BHX,Firenze (FI),"Birmingham, West Midlands",IT,GB,1355.5,1,no_country_pair_in_rail_dataset
FLR-BOD,FLR,BOD,Firenze (FI),Bordeaux,IT,FR,954.0,1,no_country_pair_in_rail_dataset
FLR-LYS,FLR,LYS,Firenze (FI),"Colombier-Saugnieu, Rhône",IT,FR,527.4,2,no_country_pair_in_rail_dataset
FLR-CPH,FLR,CPH,Firenze (FI),Copenhagen,IT,DK,1317.2,2,no_country_pair_in_rail_dataset
FLR-GVA,FLR,GVA,Firenze (FI),Geneva,IT,CH,482.8,2,no_country_pair_in_rail_dataset
FLR-LCY,FLR,LCY,Firenze (FI),London,IT,GB,1193.1,3,no_country_pair_in_rail_dataset
FLR-LGW,FLR,LGW,Firenze (FI),London,IT,GB,1180.2,2,no_country_pair_in_rail_dataset
FLR-MAD,FLR,MAD,Firenze (FI),Madrid,IT,ES,1270.6,2,no_country_pair_in_rail_dataset
FLR-NTE,FLR,NTE,Firenze (FI),Nantes,IT,FR,1064.4,1,no_country_pair_in_rail_dataset
FLR-ORY,FLR,ORY,Firenze (FI),"Paris (Orly, Val-de-Marne)",IT,FR,871.7,2,no_country_pair_in_rail_dataset
FLR-CDG,FLR,CDG,Firenze (FI),"Paris (Roissy-en-France, Val-d'Oise)",IT,FR,878.8,2,no_country_pair_in_rail_dataset
FLR-ZRH,FLR,ZRH,Firenze (FI),Zurich,IT,CH,455.2,2,no_country_pair_in_rail_dataset
GOA-BCN,GOA,BCN,Genova (GE),Barcelona,IT,ES,650.7,2,no_country_pair_in_rail_dataset
GOA-LGW,GOA,LGW,Genova (GE),London,IT,GB,1006.5,1,no_country_pair_in_rail_dataset
GOA-STN,GOA,STN,Genova (GE),"London, Essex",IT,GB,1046.4,1,no_country_pair_in_rail_dataset
GOA-CDG,GOA,CDG,Genova (GE),"Paris (Roissy-en-France, Val-d'Oise)",IT,FR,700.3,2,no_country_pair_in_rail_dataset
GOA-TIA,GOA,TIA,Genova (GE),Rinas,IT,AL,945.7,2,no_country_pair_in_rail_dataset
SUF-ZRH,SUF,ZRH,Lamezia Terme (CZ),Zurich,IT,CH,1136.2,2,no_country_pair_in_rail_dataset
CUF-OTP,CUF,OTP,Levaldigi (CN),Otopeni,IT,RO,1461.0,1,no_country_pair_in_rail_dataset
NAP-AMS,NAP,AMS,Napoli,Amsterdam,IT,NL,1461.1,1,no_country_pair_in_rail_dataset
NAP-BCN,NAP,BCN,Napoli,Barcelona,IT,ES,1023.6,2,no_country_pair_in_rail_dataset
NAP-BUD,NAP,BUD,Napoli,Budapest,IT,HU,828.3,1,no_country_pair_in_rail_dataset
NAP-BSL,NAP,BSL,Napoli,Bâle / Mulhouse,IT,FR,920.2,1,no_country_pair_in_rail_dataset
NAP-EIN,NAP,EIN,Napoli,Eindhoven,IT,NL,1358.4,1,no_country_pair_in_rail_dataset
NAP-GVA,NAP,GVA,Napoli,Geneva,IT,CH,887.3,1,no_country_pair_in_rail_dataset
NAP-IST,NAP,IST,Napoli,Istanbul,IT,TR,1209.8,1,no_country_pair_in_rail_dataset
NAP-KTW,NAP,KTW,Napoli,Katowice,IT,PL,1128.8,1,no_country_pair_in_rail_dataset
NAP-LUX,NAP,LUX,Napoli,Luxembourg,IT,LU,1158.0,1,no_country_pair_in_rail_dataset
NAP-LWO,NAP,LWO,Napoli,Lviv,IT,UA,1245.1,1,no_country_pair_in_rail_dataset
NAP-NTE,NAP,NTE,Napoli,Nantes,IT,FR,1446.1,1,no_country_pair_in_rail_dataset
NAP-NCE,NAP,NCE,Napoli,"Nice, Alpes-Maritimes",IT,FR,658.4,1,no_country_pair_in_rail_dataset
NAP-OTP,NAP,OTP,Napoli,Otopeni,IT,RO,1047.0,1,no_country_pair_in_rail_dataset
NAP-ORY,NAP,ORY,Napoli,"Paris (Orly, Val-de-Marne)",IT,FR,1280.5,2,no_country_pair_in_rail_dataset
NAP-CDG,NAP,CDG,Napoli,"Paris (Roissy-en-France, Val-d'Oise)",IT,FR,1289.1,3,no_country_pair_in_rail_dataset
NAP-PRG,NAP,PRG,Napoli,Prague,IT,CZ,1024.6,1,no_country_pair_in_rail_dataset
NAP-ZRH,NAP,ZRH,Napoli,Zurich,IT,CH,861.9,2,no_country_pair_in_rail_dataset
OLB-AMS,OLB,AMS,Olbia (SS),Amsterdam,IT,NL,1318.9,1,no_country_pair_in_rail_dataset
OLB-BRN,OLB,BRN,Olbia (SS),Bern,IT,CH,687.9,1,no_country_pair_in_rail_dataset
OLB-BOD,OLB,BOD,Olbia (SS),Bordeaux,IT,FR,940.6,1,no_country_pair_in_rail_dataset
OLB-BSL,OLB,BSL,Olbia (SS),Bâle / Mulhouse,IT,FR,761.9,1,no_country_pair_in_rail_dataset
OLB-GVA,OLB,GVA,Olbia (SS),Geneva,IT,CH,654.0,2,no_country_pair_in_rail_dataset
OLB-LGW,OLB,LGW,Olbia (SS),London,IT,GB,1361.4,3,no_country_pair_in_rail_dataset
OLB-NTE,OLB,NTE,Olbia (SS),Nantes,IT,FR,1127.5,1,no_country_pair_in_rail_dataset
OLB-NCE,OLB,NCE,Olbia (SS),"Nice, Alpes-Maritimes",IT,FR,360.6,1,no_country_pair_in_rail_dataset
OLB-CDG,OLB,CDG,Olbia (SS),"Paris (Roissy-en-France, Val-d'Oise)",IT,FR,1054.2,1,no_country_pair_in_rail_dataset
OLB-ZRH,OLB,ZRH,Olbia (SS),Zurich,IT,CH,733.4,2,no_country_pair_in_rail_dataset
BGY-ALC,BGY,ALC,Orio al Serio (BG),Alicante,IT,ES,1179.3,1,no_country_pair_in_rail_dataset
BGY-ARW,BGY,ARW,Orio al Serio (BG),Arad,IT,RO,894.8,1,no_country_pair_in_rail_dataset
BGY-KRK,BGY,KRK,Orio al Serio (BG),Balice,IT,PL,896.1,1,no_country_pair_in_rail_dataset
BGY-BCN,BGY,BCN,Orio al Serio (BG),Barcelona,IT,ES,783.8,1,no_country_pair_in_rail_dataset
BGY-BVA,BGY,BVA,Orio al Serio (BG),Beauvais,IT,FR,707.9,1,no_country_pair_in_rail_dataset
BGY-BLL,BGY,BLL,Orio al Serio (BG),Billund,IT,DK,1120.5,1,no_country_pair_in_rail_dataset
BGY-BTS,BGY,BTS,Orio al Serio (BG),Bratislava,IT,SK,633.8,1,no_country_pair_in_rail_dataset
BGY-BRS,BGY,BRS,Orio al Serio (BG),Bristol,IT,GB,1111.6,1,no_country_pair_in_rail_dataset
BGY-BUD,BGY,BUD,Orio al Serio (BG),Budapest,IT,HU,755.8,1,no_country_pair_in_rail_dataset
BGY-CLJ,BGY,CLJ,Orio al Serio (BG),Cluj-Napoca,IT,RO,1080.8,1,no_country_pair_in_rail_dataset
BGY-CRA,BGY,CRA,Orio al Serio (BG),Craiova,IT,RO,1123.6,1,no_country_pair_in_rail_dataset
BGY-DUB,BGY,DUB,Orio al Serio (BG),Dublin,IT,IE,1434.1,1,no_country_pair_in_rail_dataset
BGY-EIN,BGY,EIN,Orio al Serio (BG),Eindhoven,IT,NL,717.3,1,no_country_pair_in_rail_dataset
BGY-GDN,BGY,GDN,Orio al Serio (BG),Gdańsk,IT,PL,1150.9,1,no_country_pair_in_rail_dataset
BGY-GRO,BGY,GRO,Orio al Serio (BG),Girona,IT,ES,696.9,1,no_country_pair_in_rail_dataset
BGY-IBZ,BGY,IBZ,Orio al Serio (BG),Ibiza (Eivissa),IT,ES,1019.4,1,no_country_pair_in_rail_dataset
BGY-SKP,BGY,SKP,Orio al Serio (BG),Ilinden,IT,MK,1039.9,1,no_country_pair_in_rail_dataset
BGY-KTW,BGY,KTW,Orio al Serio (BG),Katowice,IT,PL,876.7,1,no_country_pair_in_rail_dataset
BGY-LBA,BGY,LBA,Orio al Serio (BG),"Leeds, West Yorkshire",IT,GB,1220.8,1,no_country_pair_in_rail_dataset
BGY-STN,BGY,STN,Orio al Serio (BG),"London, Essex",IT,GB,978.1,1,no_country_pair_in_rail_dataset
BGY-LWO,BGY,LWO,Orio al Serio (BG),Lviv,IT,UA,1158.3,1,no_country_pair_in_rail_dataset
BGY-MAD,BGY,MAD,Orio al Serio (BG),Madrid,IT,ES,1220.4,1,no_country_pair_in_rail_dataset
BGY-MAN,BGY,MAN,Orio al Serio (BG),"Manchester, Greater Manchester",IT,GB,1212.9,1,no_country_pair_in_rail_dataset
BGY-OMO,BGY,OMO,Orio al Serio (BG),Mostar,IT,BA,697.6,1,no_country_pair_in_rail_dataset
BGY-EMA,BGY,EMA,Orio al Serio (BG),"Nottingham, Leicestershire",IT,GB,1127.2,1,no_country_pair_in_rail_dataset
BGY-WMI,BGY,WMI,Orio al Serio (BG),Nowy Dwór Mazowiecki,IT,PL,1095.3,1,no_country_pair_in_rail_dataset
BGY-OTP,BGY,OTP,Orio al Serio (BG),Otopeni,IT,RO,1289.8,1,no_country_pair_in_rail_dataset
BGY-PMI,BGY,PMI,Orio al Serio (BG),Palma de Mallorca,IT,ES,887.0,1,no_country_pair_in_rail_dataset
BGY-PRG,BGY,PRG,Orio al Serio (BG),Prague,IT,CZ,598.1,1,no_country_pair_in_rail_dataset
BGY-TIA,BGY,TIA,Orio al Serio (BG),Rinas,IT,AL,934.4,1,no_country_pair_in_rail_dataset
BGY-SDR,BGY,SDR,Orio al Serio (BG),Santander,IT,ES,1099.2,1,no_country_pair_in_rail_dataset
BGY-SCQ,BGY,SCQ,Orio al Serio (BG),Santiago de Compostela,IT,ES,1471.9,1,no_country_pair_in_rail_dataset
BGY-SOF,BGY,SOF,Orio al Serio (BG),Sofia,IT,BG,1140.4,1,no_country_pair_in_rail_dataset
BGY-ATH,BGY,ATH,Orio al Serio (BG),Spata-Artemida,IT,GR,1456.5,1,no_country_pair_in_rail_dataset
BGY-LDE,BGY,LDE,Orio al Serio (BG),Tarbes/Lourdes/Pyrénées,IT,FR,819.1,1,no_country_pair_in_rail_dataset
BGY-SKG,BGY,SKG,Orio al Serio (BG),Thessaloniki,IT,GR,1217.4,1,no_country_pair_in_rail_dataset
BGY-TSR,BGY,TSR,Orio al Serio (BG),Timişoara,IT,RO,901.8,1,no_country_pair_in_rail_dataset
BGY-VLC,BGY,VLC,Orio al Serio (BG),Valencia,IT,ES,1079.4,1,no_country_pair_in_rail_dataset
BGY-MLA,BGY,MLA,Orio al Serio (BG),Valletta,IT,MT,1163.7,1,no_country_pair_in_rail_dataset
BGY-VNO,BGY,VNO,Orio al Serio (BG),Vilnius,IT,LT,1485.8,2,no_country_pair_in_rail_dataset
BGY-WAW,BGY,WAW,Orio al Serio (BG),Warsaw,IT,PL,1092.6,1,no_country_pair_in_rail_dataset
BGY-WRO,BGY,WRO,Orio al Serio (BG),Wrocław,IT,PL,802.8,1,no_country_pair_in_rail_dataset
BGY-ZAZ,BGY,ZAZ,Orio al Serio (BG),Zaragoza,IT,ES,971.4,1,no_country_pair_in_rail_dataset
PMO-BCN,PMO,BCN,Palermo,Barcelona,IT,ES,1002.7,2,no_country_pair_in_rail_dataset
PMO-BOD,PMO,BOD,Palermo,Bordeaux,IT,FR,1364.3,1,no_country_pair_in_rail_dataset
PMO-MAD,PMO,MAD,Palermo,Madrid,IT,ES,1453.8,1,no_country_pair_in_rail_dataset
PMO-MRS,PMO,MRS,Palermo,"Marignane, Bouches-du-Rhône",IT,FR,883.6,1,no_country_pair_in_rail_dataset
PMO-ORY,PMO,ORY,Palermo,"Paris (Orly, Val-de-Marne)",IT,FR,1455.6,2,no_country_pair_in_rail_dataset
PMO-CDG,PMO,CDG,Palermo,"Paris (Roissy-en-France, Val-d'Oise)",IT,FR,1470.4,4,no_country_pair_in_rail_dataset
PMO-SXB,PMO,SXB,Palermo,Strasbourg,IT,FR,1233.2,1,no_country_pair_in_rail_dataset
PMF-STN,PMF,STN,Parma (PR),"London, Essex",IT,GB,1079.2,1,no_country_pair_in_rail_dataset
PEG-STN,PEG,STN,Perugia (PG),"London, Essex",IT,GB,1340.4,1,no_country_pair_in_rail_dataset
PEG-OTP,PEG,OTP,Perugia (PG),Otopeni,IT,RO,1101.0,1,no_country_pair_in_rail_dataset
PSR-BVA,PSR,BVA,Pescara,Beauvais,IT,FR,1214.4,1,no_country_pair_in_rail_dataset
PSR-GRO,PSR,GRO,Pescara,Girona,IT,ES,942.4,1,no_country_pair_in_rail_dataset
PSR-STN,PSR,STN,Pescara,"London, Essex",IT,GB,1484.2,1,no_country_pair_in_rail_dataset
PSA-AMS,PSA,AMS,Pisa (PI),Amsterdam,IT,NL,1045.7,1,no_country_pair_in_rail_dataset
PSA-KRK,PSA,KRK,Pisa (PI),Balice,IT,PL,1006.0,1,no_country_pair_in_rail_dataset
PSA-BCN,PSA,BCN,Pisa (PI),Barcelona,IT,ES,731.1,2,no_country_pair_in_rail_dataset
PSA-BVA,PSA,BVA,Pisa (PI),Beauvais,IT,FR,900.3,1,no_country_pair_in_rail_dataset
PSA-BLL,PSA,BLL,Pisa (PI),Billund,IT,DK,1343.5,1,no_country_pair_in_rail_dataset
PSA-BOH,PSA,BOH,Pisa (PI),Bournemouth,IT,GB,1212.0,1,no_country_pair_in_rail_dataset
PSA-BRS,PSA,BRS,Pisa (PI),Bristol,IT,GB,1300.9,1,no_country_pair_in_rail_dataset
PSA-BUD,PSA,BUD,Pisa (PI),Budapest,IT,HU,805.8,1,no_country_pair_in_rail_dataset
PSA-CPH,PSA,CPH,Pisa (PI),Copenhagen,IT,DK,1336.8,1,no_country_pair_in_rail_dataset
PSA-EIN,PSA,EIN,Pisa (PI),Eindhoven,IT,NL,941.5,1,no_country_pair_in_rail_dataset
PSA-GDN,PSA,GDN,Pisa (PI),Gdańsk,IT,PL,1324.8,1,no_country_pair_in_rail_dataset
PSA-GRO,PSA,GRO,Pisa (PI),Girona,IT,ES,653.0,1,no_country_pair_in_rail_dataset
PSA-IBZ,PSA,IBZ,Pisa (PI),Ibiza (Eivissa),IT,ES,923.4,1,no_country_pair_in_rail_dataset
PSA-LBA,PSA,LBA,Pisa (PI),"Leeds, West Yorkshire",IT,GB,1431.9,2,no_country_pair_in_rail_dataset
PSA-LPL,PSA,LPL,Pisa (PI),Liverpool,IT,GB,1445.7,1,no_country_pair_in_rail_dataset
PSA-LGW,PSA,LGW,Pisa (PI),London,IT,GB,1147.8,2,no_country_pair_in_rail_dataset
PSA-LHR,PSA,LHR,Pisa (PI),London,IT,GB,1186.0,2,no_country_pair_in_rail_dataset
PSA-STN,PSA,STN,Pisa (PI),"London, Essex",IT,GB,1184.1,1,no_country_pair_in_rail_dataset
PSA-LTN,PSA,LTN,Pisa (PI),"Luton, Luton",IT,GB,1212.4,1,no_country_pair_in_rail_dataset
PSA-MAD,PSA,MAD,Pisa (PI),Madrid,IT,ES,1204.0,1,no_country_pair_in_rail_dataset
PSA-MAN,PSA,MAN,Pisa (PI),"Manchester, Greater Manchester",IT,GB,1419.3,1,no_country_pair_in_rail_dataset
PSA-EMA,PSA,EMA,Pisa (PI),"Nottingham, Leicestershire",IT,GB,1333.6,1,no_country_pair_in_rail_dataset
PSA-WMI,PSA,WMI,Pisa (PI),Nowy Dwór Mazowiecki,IT,PL,1235.0,1,no_country_pair_in_rail_dataset
PSA-OTP,PSA,OTP,Pisa (PI),Otopeni,IT,RO,1255.9,1,no_country_pair_in_rail_dataset
PSA-ORY,PSA,ORY,Pisa (PI),"Paris (Orly, Val-de-Marne)",IT,FR,834.0,2,no_country_pair_in_rail_dataset
PSA-PRG,PSA,PRG,Pisa (PI),Prague,IT,CZ,771.4,2,no_country_pair_in_rail_dataset
PSA-TIA,PSA,TIA,Pisa (PI),Rinas,IT,AL,804.2,3,no_country_pair_in_rail_dataset
PSA-SKG,PSA,SKG,Pisa (PI),Thessaloniki,IT,GR,1094.4,1,no_country_pair_in_rail_dataset
PSA-VLC,PSA,VLC,Pisa (PI),Valencia,IT,ES,1016.4,1,no_country_pair_in_rail_dataset
PSA-MLA,PSA,MLA,Pisa (PI),Valletta,IT,MT,939.0,1,no_country_pair_in_rail_dataset
FCO-ALC,FCO,ALC,Rome,Alicante,IT,ES,1157.3,2,no_country_pair_in_rail_dataset
FCO-AMS,FCO,AMS,Rome,Amsterdam,IT,NL,1296.8,4,no_country_pair_in_rail_dataset
CIA-KRK,CIA,KRK,Rome,Balice,IT,PL,1074.3,1,no_country_pair_in_rail_dataset
CIA-BCN,CIA,BCN,Rome,Barcelona,IT,ES,876.4,1,no_country_pair_in_rail_dataset
FCO-BCN,FCO,BCN,Rome,Barcelona,IT,ES,848.0,4,no_country_pair_in_rail_dataset
CIA-BVA,CIA,BVA,Rome,Beauvais,IT,FR,1176.5,1,no_country_pair_in_rail_dataset
FCO-BEG,FCO,BEG,Rome,Belgrade,IT,RS,732.5,3,no_country_pair_in_rail_dataset
FCO-BIO,FCO,BIO,Rome,Bilbao,IT,ES,1251.3,1,no_country_pair_in_rail_dataset
CIA-BOD,CIA,BOD,Rome,Bordeaux,IT,FR,1126.9,1,no_country_pair_in_rail_dataset
FCO-BOD,FCO,BOD,Rome,Bordeaux,IT,FR,1100.2,3,no_country_pair_in_rail_dataset
CIA-BTS,CIA,BTS,Rome,Bratislava,IT,SK,795.8,1,no_country_pair_in_rail_dataset
CIA-BUD,CIA,BUD,Rome,Budapest,IT,HU,818.3,1,no_country_pair_in_rail_dataset
FCO-BUD,FCO,BUD,Rome,Budapest,IT,HU,835.5,3,no_country_pair_in_rail_dataset
FCO-BSL,FCO,BSL,Rome,Bâle / Mulhouse,IT,FR,744.8,2,no_country_pair_in_rail_dataset
CIA-CLJ,CIA,CLJ,Rome,Cluj-Napoca,IT,RO,1041.0,1,no_country_pair_in_rail_dataset
FCO-LYS,FCO,LYS,Rome,"Colombier-Saugnieu, Rhône",IT,FR,721.3,4,no_country_pair_in_rail_dataset
FCO-DBV,FCO,DBV,Rome,Dubrovnik,IT,HR,502.5,1,no_country_pair_in_rail_dataset
CIA-EIN,CIA,EIN,Rome,Eindhoven,IT,NL,1205.2,1,no_country_pair_in_rail_dataset
FCO-GDN,FCO,GDN,Rome,Gdańsk,IT,PL,1470.9,1,no_country_pair_in_rail_dataset
FCO-GVA,FCO,GVA,Rome,Geneva,IT,CH,695.5,4,no_country_pair_in_rail_dataset
FCO-IAS,FCO,IAS,Rome,Iaşi,IT,RO,1354.6,2,no_country_pair_in_rail_dataset
CIA-IBZ,CIA,IBZ,Rome,Ibiza (Eivissa),IT,ES,1004.4,1,no_country_pair_in_rail_dataset
FCO-SKP,FCO,SKP,Rome,Ilinden,IT,MK,775.6,1,no_country_pair_in_rail_dataset
FCO-IST,FCO,IST,Rome,Istanbul,IT,TR,1370.8,2,no_country_pair_in_rail_dataset
FCO-RZE,FCO,RZE,Rome,Jasionka,IT,PL,1191.0,1,no_country_pair_in_rail_dataset
CIA-KTW,CIA,KTW,Rome,Katowice,IT,PL,1085.6,1,no_country_pair_in_rail_dataset
CIA-CFU,CIA,CFU,Rome,Kerkyra (Corfu),IT,GR,663.2,1,no_country_pair_in_rail_dataset
FCO-LCY,FCO,LCY,Rome,London,IT,GB,1421.0,2,no_country_pair_in_rail_dataset
FCO-LGW,FCO,LGW,Rome,London,IT,GB,1405.7,3,no_country_pair_in_rail_dataset
FCO-LHR,FCO,LHR,Rome,London,IT,GB,1444.1,3,no_country_pair_in_rail_dataset
CIA-STN,CIA,STN,Rome,"London, Essex",IT,GB,1459.4,1,no_country_pair_in_rail_dataset
FCO-LUZ,FCO,LUZ,Rome,Lublin,IT,PL,1316.9,1,no_country_pair_in_rail_dataset
FCO-LTN,FCO,LTN,Rome,"Luton, Luton",IT,GB,1470.7,1,no_country_pair_in_rail_dataset
FCO-LUX,FCO,LUX,Rome,Luxembourg,IT,LU,987.4,2,no_country_pair_in_rail_dataset
FCO-LWO,FCO,LWO,Rome,Lviv,IT,UA,1268.4,1,no_country_pair_in_rail_dataset
CIA-MAD,CIA,MAD,Rome,Madrid,IT,ES,1359.5,1,no_country_pair_in_rail_dataset
FCO-MAD,FCO,MAD,Rome,Madrid,IT,ES,1331.0,3,no_country_pair_in_rail_dataset
CIA-MRS,CIA,MRS,Rome,"Marignane, Bouches-du-Rhône",IT,FR,630.8,1,no_country_pair_in_rail_dataset
FCO-MRS,FCO,MRS,Rome,"Marignane, Bouches-du-Rhône",IT,FR,603.7,2,no_country_pair_in_rail_dataset
FCO-MPL,FCO,MPL,Rome,Montpellier/Méditerranée,IT,FR,705.2,2,no_country_pair_in_rail_dataset
FCO-NTE,FCO,NTE,Rome,Nantes,IT,FR,1247.8,4,no_country_pair_in_rail_dataset
FCO-NCE,FCO,NCE,Rome,"Nice, Alpes-Maritimes",IT,FR,460.0,3,no_country_pair_in_rail_dataset
CIA-WMI,CIA,WMI,Rome,Nowy Dwór Mazowiecki,IT,PL,1330.2,1,no_country_pair_in_rail_dataset
CIA-OTP,CIA,OTP,Rome,Otopeni,IT,RO,1136.2,1,no_country_pair_in_rail_dataset
FCO-OTP,FCO,OTP,Rome,Otopeni,IT,RO,1162.7,3,no_country_pair_in_rail_dataset
CIA-PMI,CIA,PMI,Rome,Palma de Mallorca,IT,ES,867.4,1,no_country_pair_in_rail_dataset
FCO-ORY,FCO,ORY,Rome,"Paris (Orly, Val-de-Marne)",IT,FR,1090.2,3,no_country_pair_in_rail_dataset
FCO-CDG,FCO,CDG,Rome,"Paris (Roissy-en-France, Val-d'Oise)",IT,FR,1100.5,3,no_country_pair_in_rail_dataset
FCO-TGD,FCO,TGD,Rome,Podgorica,IT,ME,580.8,2,no_country_pair_in_rail_dataset
CIA-POZ,CIA,POZ,Rome,Poznań,IT,PL,1223.2,1,no_country_pair_in_rail_dataset
FCO-PRG,FCO,PRG,Rome,Prague,IT,CZ,935.4,7,no_country_pair_in_rail_dataset
FCO-TIA,FCO,TIA,Rome,Rinas,IT,AL,622.2,2,no_country_pair_in_rail_dataset
FCO-RTM,FCO,RTM,Rome,Rotterdam,IT,NL,1273.9,1,no_country_pair_in_rail_dataset
CIA-SDR,CIA,SDR,Rome,Santander,IT,ES,1353.2,1,no_country_pair_in_rail_dataset
FCO-SOF,FCO,SOF,Rome,Sofia,IT,BG,923.7,3,no_country_pair_in_rail_dataset
FCO-ATH,FCO,ATH,Rome,Spata-Artemida,IT,GR,1085.4,5,no_country_pair_in_rail_dataset
FCO-SPU,FCO,SPU,Rome,Split,IT,HR,382.8,1,no_country_pair_in_rail_dataset
FCO-SXB,FCO,SXB,Rome,Strasbourg,IT,FR,831.5,3,no_country_pair_in_rail_dataset
CIA-SKG,CIA,SKG,Rome,Thessaloniki,IT,GR,879.5,1,no_country_pair_in_rail_dataset
FCO-SKG,FCO,SKG,Rome,Thessaloniki,IT,GR,907.9,2,no_country_pair_in_rail_dataset
CIA-TSR,CIA,TSR,Rome,Timişoara,IT,RO,830.6,1,no_country_pair_in_rail_dataset
FCO-TLS,FCO,TLS,Rome,Toulouse/Blagnac,IT,FR,911.6,3,no_country_pair_in_rail_dataset
CIA-VLC,CIA,VLC,Rome,Valencia,IT,ES,1131.5,1,no_country_pair_in_rail_dataset
FCO-VLC,FCO,VLC,Rome,Valencia,IT,ES,1103.5,3,no_country_pair_in_rail_dataset
FCO-MLA,FCO,MLA,Rome,Valletta,IT,MT,690.3,4,no_country_pair_in_rail_dataset
FCO-WAW,FCO,WAW,Rome,Warsaw,IT,PL,1326.1,2,no_country_pair_in_rail_dataset
CIA-WRO,CIA,WRO,Rome,Wrocław,IT,PL,1085.0,1,no_country_pair_in_rail_dataset
FCO-ZRH,FCO,ZRH,Rome,Zurich,IT,CH,693.4,3,no_country_pair_in_rail_dataset
TRS-BVA,TRS,BVA,Ronchi dei Legionari/Trieste,Beauvais,IT,FR,940.1,1,no_country_pair_in_rail_dataset
TRS-STN,TRS,STN,Ronchi dei Legionari/Trieste,"London, Essex",IT,GB,1176.5,1,no_country_pair_in_rail_dataset
TRS-MUC,TRS,MUC,Ronchi dei Legionari/Trieste,Munich,IT,DE,308.3,1,no_distance_compatible_rail_candidate
TRS-VLC,TRS,VLC,Ronchi dei Legionari/Trieste,Valencia,IT,ES,1337.9,1,no_country_pair_in_rail_dataset
LIN-AMS,LIN,AMS,Segrate (MI),Amsterdam,IT,NL,831.1,3,no_country_pair_in_rail_dataset
LIN-BCN,LIN,BCN,Segrate (MI),Barcelona,IT,ES,742.0,1,no_country_pair_in_rail_dataset
LIN-CPH,LIN,CPH,Segrate (MI),Copenhagen,IT,DK,1155.7,1,no_country_pair_in_rail_dataset
LIN-DUB,LIN,DUB,Segrate (MI),Dublin,IT,IE,1426.8,1,no_country_pair_in_rail_dataset
LIN-LCY,LIN,LCY,Segrate (MI),London,IT,GB,955.8,2,no_country_pair_in_rail_dataset
LIN-LGW,LIN,LGW,Segrate (MI),London,IT,GB,943.2,1,no_country_pair_in_rail_dataset
LIN-LHR,LIN,LHR,Segrate (MI),London,IT,GB,980.5,4,no_country_pair_in_rail_dataset
LIN-MAD,LIN,MAD,Segrate (MI),Madrid,IT,ES,1179.6,1,no_country_pair_in_rail_dataset
LIN-OTP,LIN,OTP,Segrate (MI),Otopeni,IT,RO,1323.9,2,no_country_pair_in_rail_dataset
LIN-ORY,LIN,ORY,Segrate (MI),"Paris (Orly, Val-de-Marne)",IT,FR,638.1,3,no_country_pair_in_rail_dataset
LIN-CDG,LIN,CDG,Segrate (MI),"Paris (Roissy-en-France, Val-d'Oise)",IT,FR,643.6,3,no_country_pair_in_rail_dataset
LIN-PRG,LIN,PRG,Segrate (MI),Prague,IT,CZ,637.4,1,no_country_pair_in_rail_dataset
LIN-MLA,LIN,MLA,Segrate (MI),Valletta,IT,MT,1153.8,2,no_country_pair_in_rail_dataset
LIN-WAW,LIN,WAW,Segrate (MI),Warsaw,IT,PL,1134.0,1,no_country_pair_in_rail_dataset
TPS-KRK,TPS,KRK,Trapani (TP),Balice,IT,PL,1471.7,1,no_country_pair_in_rail_dataset
TPS-BTS,TPS,BTS,Trapani (TP),Bratislava,IT,SK,1203.0,1,no_country_pair_in_rail_dataset
TPS-GRO,TPS,GRO,Trapani (TP),Girona,IT,ES,940.1,1,no_country_pair_in_rail_dataset
TPS-MLA,TPS,MLA,Trapani (TP),Valletta,IT,MT,290.7,1,no_country_pair_in_rail_dataset
TSF-BCN,TSF,BCN,Treviso (TV),Barcelona,IT,ES,947.9,1,no_country_pair_in_rail_dataset
TSF-BVA,TSF,BVA,Treviso (TV),Beauvais,IT,FR,865.9,1,no_country_pair_in_rail_dataset
TSF-BLL,TSF,BLL,Treviso (TV),Billund,IT,DK,1142.1,1,no_country_pair_in_rail_dataset
TSF-BRS,TSF,BRS,Treviso (TV),Bristol,IT,GB,1266.5,1,no_country_pair_in_rail_dataset
TSF-BUD,TSF,BUD,Treviso (TV),Budapest,IT,HU,575.5,1,no_country_pair_in_rail_dataset
TSF-CLJ,TSF,CLJ,Treviso (TV),Cluj-Napoca,IT,RO,892.3,1,no_country_pair_in_rail_dataset
TSF-EIN,TSF,EIN,Treviso (TV),Eindhoven,IT,NL,816.7,1,no_country_pair_in_rail_dataset
TSF-SKP,TSF,SKP,Treviso (TV),Ilinden,IT,MK,859.9,1,no_country_pair_in_rail_dataset
TSF-LBA,TSF,LBA,Treviso (TV),"Leeds, West Yorkshire",IT,GB,1346.8,1,no_country_pair_in_rail_dataset
TSF-STN,TSF,STN,Treviso (TV),"London, Essex",IT,GB,1115.3,1,no_country_pair_in_rail_dataset
TSF-LWO,TSF,LWO,Treviso (TV),Lviv,IT,UA,992.6,1,no_country_pair_in_rail_dataset
TSF-EMA,TSF,EMA,Treviso (TV),"Nottingham, Leicestershire",IT,GB,1262.0,1,no_country_pair_in_rail_dataset
TSF-NYO,TSF,NYO,Treviso (TV),Nyköping,IT,SE,1495.2,1,no_country_pair_in_rail_dataset
TSF-OTP,TSF,OTP,Treviso (TV),Otopeni,IT,RO,1096.6,1,no_country_pair_in_rail_dataset
TSF-PRG,TSF,PRG,Treviso (TV),Prague,IT,CZ,518.5,1,no_country_pair_in_rail_dataset
TSF-TSR,TSF,TSR,Treviso (TV),Timişoara,IT,RO,709.6,1,no_country_pair_in_rail_dataset
TSF-VLC,TSF,VLC,Treviso (TV),Valencia,IT,ES,1241.3,1,no_country_pair_in_rail_dataset
TSF-MLA,TSF,MLA,Treviso (TV),Valletta,IT,MT,1106.9,1,no_country_pair_in_rail_dataset
VCE-AMS,VCE,AMS,Venezia (VE),Amsterdam,IT,NL,936.9,3,no_country_pair_in_rail_dataset
VCE-BCN,VCE,BCN,Venezia (VE),Barcelona,IT,ES,951.7,2,no_country_pair_in_rail_dataset
VCE-BIO,VCE,BIO,Venezia (VE),Bilbao,IT,ES,1235.0,1,no_country_pair_in_rail_dataset
VCE-BHX,VCE,BHX,Venezia (VE),"Birmingham, West Midlands",IT,GB,1283.1,1,no_country_pair_in_rail_dataset
VCE-BOD,VCE,BOD,Venezia (VE),Bordeaux,IT,FR,1026.1,1,no_country_pair_in_rail_dataset
VCE-BSL,VCE,BSL,Venezia (VE),Bâle / Mulhouse,IT,FR,436.6,1,no_country_pair_in_rail_dataset
VCE-LYS,VCE,LYS,Venezia (VE),"Colombier-Saugnieu, Rhône",IT,FR,565.1,3,no_country_pair_in_rail_dataset
VCE-CPH,VCE,CPH,Venezia (VE),Copenhagen,IT,DK,1124.7,4,no_country_pair_in_rail_dataset
VCE-DBV,VCE,DBV,Venezia (VE),Dubrovnik,IT,HR,574.7,1,no_country_pair_in_rail_dataset
VCE-EIN,VCE,EIN,Venezia (VE),Eindhoven,IT,NL,836.8,1,no_country_pair_in_rail_dataset
VCE-GVA,VCE,GVA,Venezia (VE),Geneva,IT,CH,490.0,1,no_country_pair_in_rail_dataset
VCE-IST,VCE,IST,Venezia (VE),Istanbul,IT,TR,1401.6,1,no_country_pair_in_rail_dataset
VCE-LBA,VCE,LBA,Venezia (VE),"Leeds, West Yorkshire",IT,GB,1366.8,1,no_country_pair_in_rail_dataset
VCE-LIL,VCE,LIL,Venezia (VE),Lesquin,IT,FR,887.5,1,no_country_pair_in_rail_dataset
VCE-LCY,VCE,LCY,Venezia (VE),London,IT,GB,1122.7,1,no_country_pair_in_rail_dataset
VCE-LGW,VCE,LGW,Venezia (VE),London,IT,GB,1117.0,4,no_country_pair_in_rail_dataset
VCE-LHR,VCE,LHR,Venezia (VE),London,IT,GB,1151.3,2,no_country_pair_in_rail_dataset
VCE-LTN,VCE,LTN,Venezia (VE),"Luton, Luton",IT,GB,1169.2,1,no_country_pair_in_rail_dataset
VCE-MAD,VCE,MAD,Venezia (VE),Madrid,IT,ES,1406.7,1,no_country_pair_in_rail_dataset
VCE-MAN,VCE,MAN,Venezia (VE),"Manchester, Greater Manchester",IT,GB,1366.8,4,no_country_pair_in_rail_dataset
VCE-MRS,VCE,MRS,Venezia (VE),"Marignane, Bouches-du-Rhône",IT,FR,611.1,2,no_country_pair_in_rail_dataset
VCE-MUC,VCE,MUC,Venezia (VE),Munich,IT,DE,319.6,2,no_distance_compatible_rail_candidate
VCE-NTE,VCE,NTE,Venezia (VE),Nantes,IT,FR,1086.1,2,no_country_pair_in_rail_dataset
VCE-NCL,VCE,NCL,Venezia (VE),"Newcastle upon Tyne, Tyne and Wear",IT,GB,1450.6,1,no_country_pair_in_rail_dataset
VCE-NCE,VCE,NCE,Venezia (VE),"Nice, Alpes-Maritimes",IT,FR,455.5,3,no_country_pair_in_rail_dataset
VCE-ORY,VCE,ORY,Venezia (VE),"Paris (Orly, Val-de-Marne)",IT,FR,836.0,2,no_country_pair_in_rail_dataset
VCE-CDG,VCE,CDG,Venezia (VE),"Paris (Roissy-en-France, Val-d'Oise)",IT,FR,834.9,3,no_country_pair_in_rail_dataset
VCE-PRG,VCE,PRG,Venezia (VE),Prague,IT,CZ,530.5,2,no_country_pair_in_rail_dataset
VCE-TIA,VCE,TIA,Venezia (VE),Rinas,IT,AL,748.2,3,no_country_pair_in_rail_dataset
VCE-JTR,VCE,JTR,Venezia (VE),Santorini Island,IT,GR,1493.2,1,no_country_pair_in_rail_dataset
VCE-SEN,VCE,SEN,Venezia (VE),"Southend-on-Sea, Essex",IT,GB,1089.4,1,no_country_pair_in_rail_dataset
VCE-ATH,VCE,ATH,Venezia (VE),Spata-Artemida,IT,GR,1276.0,2,no_country_pair_in_rail_dataset
VCE-TLS,VCE,TLS,Venezia (VE),Toulouse/Blagnac,IT,FR,894.3,2,no_country_pair_in_rail_dataset
VCE-ZRH,VCE,ZRH,Venezia (VE),Zurich,IT,CH,363.2,1,no_country_pair_in_rail_dataset
JER-AMS,JER,AMS,St. Peter,Amsterdam,JE,NL,598.3,1,no_country_pair_in_rail_dataset
JER-BHX,JER,BHX,St. Peter,"Birmingham, West Midlands",JE,GB,362.3,1,no_country_pair_in_rail_dataset
JER-CWL,JER,CWL,St. Peter,Cardiff,JE,GB,256.7,3,no_country_pair_in_rail_dataset
JER-ORK,JER,ORK,St. Peter,Cork,JE,IE,532.5,1,no_country_pair_in_rail_dataset
JER-DUB,JER,DUB,St. Peter,Dublin,JE,IE,547.6,1,no_country_pair_in_rail_dataset
JER-DUS,JER,DUS,St. Peter,Düsseldorf,JE,DE,677.5,1,no_country_pair_in_rail_dataset
JER-EDI,JER,EDI,St. Peter,Edinburgh,JE,GB,753.9,1,no_country_pair_in_rail_dataset
JER-FRA,JER,FRA,St. Peter,Frankfurt am Main,JE,DE,779.4,1,no_country_pair_in_rail_dataset
JER-GVA,JER,GVA,St. Peter,Geneva,JE,CH,703.0,1,no_country_pair_in_rail_dataset
JER-GLA,JER,GLA,St. Peter,Glasgow,JE,GB,756.2,2,no_country_pair_in_rail_dataset
JER-HUY,JER,HUY,St. Peter,"Grimsby, Lincolnshire",JE,GB,502.3,1,no_country_pair_in_rail_dataset
JER-HAJ,JER,HAJ,St. Peter,Hannover,JE,DE,908.0,1,no_country_pair_in_rail_dataset
JER-LBA,JER,LBA,St. Peter,"Leeds, West Yorkshire",JE,GB,519.3,1,no_country_pair_in_rail_dataset
JER-LPL,JER,LPL,St. Peter,Liverpool,JE,GB,461.1,1,no_country_pair_in_rail_dataset
JER-LCY,JER,LCY,St. Peter,London,JE,GB,301.2,1,no_country_pair_in_rail_dataset
JER-LGW,JER,LGW,St. Peter,London,JE,GB,258.9,2,no_country_pair_in_rail_dataset
JER-STN,JER,STN,St. Peter,"London, Essex",JE,GB,343.6,1,no_country_pair_in_rail_dataset
JER-MAN,JER,MAN,St. Peter,"Manchester, Greater Manchester",JE,GB,460.5,2,no_country_pair_in_rail_dataset
JER-NCL,JER,NCL,St. Peter,"Newcastle upon Tyne, Tyne and Wear",JE,GB,649.2,1,no_country_pair_in_rail_dataset
JER-NWI,JER,NWI,St. Peter,"Norwich, Norfolk",JE,GB,456.0,1,no_country_pair_in_rail_dataset
JER-EMA,JER,EMA,St. Peter,"Nottingham, Leicestershire",JE,GB,407.4,1,no_country_pair_in_rail_dataset
JER-CDG,JER,CDG,St. Peter,"Paris (Roissy-en-France, Val-d'Oise)",JE,FR,346.4,1,no_country_pair_in_rail_dataset
JER-SEN,JER,SEN,St. Peter,"Southend-on-Sea, Essex",JE,GB,333.1,1,no_country_pair_in_rail_dataset
JER-STR,JER,STR,St. Peter,Stuttgart,JE,DE,835.0,1,no_country_pair_in_rail_dataset
JER-ZRH,JER,ZRH,St. Peter,Zurich,JE,CH,816.9,1,no_country_pair_in_rail_dataset
KUN-HHN,KUN,HHN,Kaunas,Frankfurt am Main (Lautzenhausen),LT,DE,1264.9,1,no_country_pair_in_rail_dataset
PLQ-CPH,PLQ,CPH,Palanga,Copenhagen,LT,DK,528.6,1,no_country_pair_in_rail_dataset
PLQ-OSL,PLQ,OSL,Palanga,Oslo (Gardermoen),LT,NO,750.6,1,no_country_pair_in_rail_dataset
VNO-BGO,VNO,BGO,Vilnius,Bergen,LT,NO,1347.6,1,no_country_pair_in_rail_dataset
VNO-BRE,VNO,BRE,Vilnius,Bremen,LT,DE,1094.0,1,no_country_pair_in_rail_dataset
VNO-CRL,VNO,CRL,Vilnius,Charleroi,LT,BE,1476.2,1,no_country_pair_in_rail_dataset
VNO-CPH,VNO,CPH,Vilnius,Copenhagen,LT,DK,809.2,2,no_country_pair_in_rail_dataset
VNO-DTM,VNO,DTM,Vilnius,Dortmund,LT,DE,1226.6,1,no_country_pair_in_rail_dataset
VNO-EIN,VNO,EIN,Vilnius,Eindhoven,LT,NL,1372.2,1,no_country_pair_in_rail_dataset
VNO-FRA,VNO,FRA,Vilnius,Frankfurt am Main,LT,DE,1242.8,2,no_country_pair_in_rail_dataset
VNO-HEL,VNO,HEL,Vilnius,Helsinki (Vantaa),LT,FI,632.4,2,no_country_pair_in_rail_dataset
VNO-DME,VNO,DME,Vilnius,Moscow,LT,RU,808.0,1,no_country_pair_in_rail_dataset
VNO-SVO,VNO,SVO,Vilnius,Moscow,LT,RU,780.8,1,no_country_pair_in_rail_dataset
VNO-VKO,VNO,VKO,Vilnius,Moscow,LT,RU,768.1,1,no_country_pair_in_rail_dataset
VNO-MUC,VNO,MUC,Vilnius,Munich,LT,DE,1163.5,1,no_country_pair_in_rail_dataset
VNO-BGY,VNO,BGY,Vilnius,Orio al Serio (BG),LT,IT,1485.8,2,no_country_pair_in_rail_dataset
VNO-OSL,VNO,OSL,Vilnius,Oslo (Gardermoen),LT,NO,1047.1,1,no_country_pair_in_rail_dataset
VNO-PRG,VNO,PRG,Vilnius,Prague,LT,CZ,900.9,1,no_country_pair_in_rail_dataset
VNO-RIX,VNO,RIX,Vilnius,Riga,LT,LV,267.2,1,no_country_pair_in_rail_dataset
VNO-TRF,VNO,TRF,Vilnius,Sandefjord(Torp),LT,NO,1040.0,1,no_country_pair_in_rail_dataset
VNO-LED,VNO,LED,Vilnius,St. Petersburg,LT,RU,647.5,1,no_country_pair_in_rail_dataset
VNO-SVG,VNO,SVG,Vilnius,Stavanger,LT,NO,1281.4,1,no_country_pair_in_rail_dataset
VNO-ARN,VNO,ARN,Vilnius,Stockholm,LT,SE,711.8,2,no_country_pair_in_rail_dataset
VNO-TLL,VNO,TLL,Vilnius,Tallinn,LT,EE,532.1,3,no_country_pair_in_rail_dataset
VNO-VIE,VNO,VIE,Vilnius,Vienna,LT,AT,943.2,1,no_country_pair_in_rail_dataset
VNO-WAW,VNO,WAW,Vilnius,Warsaw,LT,PL,396.5,1,no_country_pair_in_rail_dataset
VNO-BRU,VNO,BRU,Vilnius,Zaventem,LT,BE,1453.6,4,no_country_pair_in_rail_dataset
VNO-AES,VNO,AES,Vilnius,Ålesund,LT,NO,1408.9,1,no_country_pair_in_rail_dataset
LUX-AJA,LUX,AJA,Luxembourg,Ajaccio,LU,FR,879.7,1,no_country_pair_in_rail_dataset
LUX-AMS,LUX,AMS,Luxembourg,Amsterdam,LU,NL,315.0,1,no_country_pair_in_rail_dataset
LUX-BCN,LUX,BCN,Luxembourg,Barcelona,LU,ES,980.3,3,no_country_pair_in_rail_dataset
LUX-BIA,LUX,BIA,Luxembourg,Bastia,LU,FR,825.9,1,no_country_pair_in_rail_dataset
LUX-CAG,LUX,CAG,Luxembourg,Cagliari,LU,IT,1175.3,1,no_country_pair_in_rail_dataset
LUX-CLY,LUX,CLY,Luxembourg,Calvi,LU,FR,813.7,1,no_country_pair_in_rail_dataset
LUX-CPH,LUX,CPH,Luxembourg,Copenhagen,LU,DK,794.9,2,no_country_pair_in_rail_dataset
LUX-DUB,LUX,DUB,Luxembourg,Dublin,LU,IE,959.2,1,no_country_pair_in_rail_dataset
LUX-DBV,LUX,DBV,Luxembourg,Dubrovnik,LU,HR,1214.4,1,no_country_pair_in_rail_dataset
LUX-MXP,LUX,MXP,Luxembourg,Ferno (VA),LU,IT,482.6,3,no_country_pair_in_rail_dataset
LUX-FSC,LUX,FSC,Luxembourg,Figari,LU,FR,930.8,1,no_country_pair_in_rail_dataset
LUX-GVA,LUX,GVA,Luxembourg,Geneva,LU,CH,376.9,1,no_country_pair_in_rail_dataset
LUX-IBZ,LUX,IBZ,Luxembourg,Ibiza (Eivissa),LU,ES,1255.7,1,no_country_pair_in_rail_dataset
LUX-LCY,LUX,LCY,Luxembourg,London,LU,GB,482.2,1,no_country_pair_in_rail_dataset
LUX-LGW,LUX,LGW,Luxembourg,London,LU,GB,483.9,1,no_country_pair_in_rail_dataset
LUX-LHR,LUX,LHR,Luxembourg,London,LU,GB,513.8,2,no_country_pair_in_rail_dataset
LUX-MAD,LUX,MAD,Luxembourg,Madrid,LU,ES,1271.3,1,no_country_pair_in_rail_dataset
LUX-MUC,LUX,MUC,Luxembourg,Munich,LU,DE,430.5,2,no_country_pair_in_rail_dataset
LUX-NAP,LUX,NAP,Luxembourg,Napoli,LU,IT,1158.0,1,no_country_pair_in_rail_dataset
LUX-NCE,LUX,NCE,Luxembourg,"Nice, Alpes-Maritimes",LU,FR,668.1,1,no_country_pair_in_rail_dataset
LUX-PMI,LUX,PMI,Luxembourg,Palma de Mallorca,LU,ES,1153.2,1,no_country_pair_in_rail_dataset
LUX-CDG,LUX,CDG,Luxembourg,"Paris (Roissy-en-France, Val-d'Oise)",LU,FR,273.9,2,no_country_pair_in_rail_dataset
LUX-OPO,LUX,OPO,Luxembourg,Porto,LU,PT,1484.8,2,no_country_pair_in_rail_dataset
LUX-FCO,LUX,FCO,Luxembourg,Rome,LU,IT,987.4,2,no_country_pair_in_rail_dataset
LUX-ARN,LUX,ARN,Luxembourg,Stockholm,LU,SE,1341.2,1,no_country_pair_in_rail_dataset
LUX-VIE,LUX,VIE,Luxembourg,Vienna,LU,AT,775.4,2,no_country_pair_in_rail_dataset
LUX-ZRH,LUX,ZRH,Luxembourg,Zurich,LU,CH,296.2,1,no_country_pair_in_rail_dataset
RIX-AMS,RIX,AMS,Riga,Amsterdam,LV,NL,1333.1,2,no_country_pair_in_rail_dataset
RIX-BGO,RIX,BGO,Riga,Bergen,LV,NO,1144.4,2,no_country_pair_in_rail_dataset
RIX-BLL,RIX,BLL,Riga,Billund,LV,DK,920.7,1,no_country_pair_in_rail_dataset
RIX-BRE,RIX,BRE,Riga,Bremen,LV,DE,1057.2,1,no_country_pair_in_rail_dataset
RIX-BUD,RIX,BUD,Riga,Budapest,LV,HU,1102.4,1,no_country_pair_in_rail_dataset
RIX-CPH,RIX,CPH,Riga,Copenhagen,LV,DK,712.6,3,no_country_pair_in_rail_dataset
RIX-DUS,RIX,DUS,Riga,Düsseldorf,LV,DE,1279.5,2,no_country_pair_in_rail_dataset
RIX-EIN,RIX,EIN,Riga,Eindhoven,LV,NL,1348.4,1,no_country_pair_in_rail_dataset
RIX-FRA,RIX,FRA,Riga,Frankfurt am Main,LV,DE,1271.2,3,no_country_pair_in_rail_dataset
RIX-HHN,RIX,HHN,Riga,Frankfurt am Main (Lautzenhausen),LV,DE,1345.8,1,no_country_pair_in_rail_dataset
RIX-GOT,RIX,GOT,Riga,Göteborg,LV,SE,706.4,1,no_country_pair_in_rail_dataset
RIX-HAM,RIX,HAM,Riga,Hamburg,LV,DE,956.1,2,no_country_pair_in_rail_dataset
RIX-HEL,RIX,HEL,Riga,Helsinki (Vantaa),LV,FI,382.1,2,no_country_pair_in_rail_dataset
RIX-KGD,RIX,KGD,Riga,Kaliningrad,LV,RU,308.3,1,no_country_pair_in_rail_dataset
RIX-MSQ,RIX,MSQ,Riga,Minsk,LV,BY,423.8,2,no_country_pair_in_rail_dataset
RIX-DME,RIX,DME,Riga,Moscow,LV,RU,877.4,2,no_country_pair_in_rail_dataset
RIX-SVO,RIX,SVO,Riga,Moscow,LV,RU,831.3,2,no_country_pair_in_rail_dataset
RIX-VKO,RIX,VKO,Riga,Moscow,LV,RU,832.7,2,no_country_pair_in_rail_dataset
RIX-MUC,RIX,MUC,Riga,Munich,LV,DE,1254.6,2,no_country_pair_in_rail_dataset
RIX-OSL,RIX,OSL,Riga,Oslo (Gardermoen),LV,NO,828.7,3,no_country_pair_in_rail_dataset
RIX-PRG,RIX,PRG,Riga,Prague,LV,CZ,991.8,2,no_country_pair_in_rail_dataset
RIX-TRF,RIX,TRF,Riga,Sandefjord(Torp),LV,NO,843.4,1,no_country_pair_in_rail_dataset
RIX-LED,RIX,LED,Riga,St. Petersburg,LV,RU,486.7,1,no_country_pair_in_rail_dataset
RIX-SVG,RIX,SVG,Riga,Stavanger,LV,NO,1101.2,1,no_country_pair_in_rail_dataset
RIX-ARN,RIX,ARN,Riga,Stockholm,LV,SE,465.2,3,no_country_pair_in_rail_dataset
RIX-TLL,RIX,TLL,Riga,Tallinn,LV,EE,281.7,1,no_country_pair_in_rail_dataset
RIX-TRD,RIX,TRD,Riga,Trondheim,LV,NO,1020.3,1,no_country_pair_in_rail_dataset
RIX-TKU,RIX,TKU,Riga,Turku,LV,FI,411.5,1,no_country_pair_in_rail_dataset
RIX-VIE,RIX,VIE,Riga,Vienna,LV,AT,1098.8,2,no_country_pair_in_rail_dataset
RIX-VNO,RIX,VNO,Riga,Vilnius,LV,LT,267.2,1,no_country_pair_in_rail_dataset
RIX-WAW,RIX,WAW,Riga,Warsaw,LV,PL,563.0,2,no_country_pair_in_rail_dataset
RIX-NRN,RIX,NRN,Riga,Weeze,LV,DE,1295.0,1,no_country_pair_in_rail_dataset
RIX-BRU,RIX,BRU,Riga,Zaventem,LV,BE,1434.1,2,no_country_pair_in_rail_dataset
RIX-ZRH,RIX,ZRH,Riga,Zurich,LV,CH,1481.0,1,no_country_pair_in_rail_dataset
RIX-AES,RIX,AES,Riga,Ålesund,LV,NO,1175.1,1,no_country_pair_in_rail_dataset
TGD-CRL,TGD,CRL,Podgorica,Charleroi,ME,BE,1443.9,1,no_country_pair_in_rail_dataset
TGD-DUS,TGD,DUS,Podgorica,Düsseldorf,ME,DE,1370.5,1,no_country_pair_in_rail_dataset
TGD-FRA,TGD,FRA,Podgorica,Frankfurt am Main,ME,DE,1182.8,1,no_country_pair_in_rail_dataset
TGD-IST,TGD,IST,Podgorica,Istanbul,ME,TR,794.4,1,no_country_pair_in_rail_dataset
TGD-CDG,TGD,CDG,Podgorica,"Paris (Roissy-en-France, Val-d'Oise)",ME,FR,1488.4,1,no_country_pair_in_rail_dataset
TGD-FCO,TGD,FCO,Podgorica,Rome,ME,IT,580.8,2,no_country_pair_in_rail_dataset
TGD-VIE,TGD,VIE,Podgorica,Vienna,ME,AT,673.0,2,no_country_pair_in_rail_dataset
TGD-LJU,TGD,LJU,Podgorica,Zgornji Brnik,ME,SI,574.4,2,no_country_pair_in_rail_dataset
TGD-ZRH,TGD,ZRH,Podgorica,Zurich,ME,CH,1014.4,1,no_country_pair_in_rail_dataset
TIV-CDG,TIV,CDG,Tivat,"Paris (Roissy-en-France, Val-d'Oise)",ME,FR,1450.2,1,no_country_pair_in_rail_dataset
TIV-BRU,TIV,BRU,Tivat,Zaventem,ME,BE,1435.6,1,no_country_pair_in_rail_dataset
SKP-BEG,SKP,BEG,Ilinden,Belgrade,MK,RS,335.3,1,no_country_pair_in_rail_dataset
SKP-HHN,SKP,HHN,Ilinden,Frankfurt am Main (Lautzenhausen),MK,DE,1417.7,1,no_country_pair_in_rail_dataset
SKP-IST,SKP,IST,Ilinden,Istanbul,MK,TR,595.7,1,no_country_pair_in_rail_dataset
SKP-CGN,SKP,CGN,Ilinden,Köln (Cologne),MK,DE,1483.0,1,no_country_pair_in_rail_dataset
SKP-FMM,SKP,FMM,Ilinden,Memmingen,MK,DE,1116.8,1,no_country_pair_in_rail_dataset
SKP-BGY,SKP,BGY,Ilinden,Orio al Serio (BG),MK,IT,1039.9,1,no_country_pair_in_rail_dataset
SKP-FCO,SKP,FCO,Ilinden,Rome,MK,IT,775.6,1,no_country_pair_in_rail_dataset
SKP-TSF,SKP,TSF,Ilinden,Treviso (TV),MK,IT,859.9,1,no_country_pair_in_rail_dataset
SKP-ZAG,SKP,ZAG,Ilinden,Velika Gorica,MK,HR,612.5,1,no_country_pair_in_rail_dataset
SKP-VIE,SKP,VIE,Ilinden,Vienna,MK,AT,790.6,1,no_country_pair_in_rail_dataset
SKP-LJU,SKP,LJU,Ilinden,Zgornji Brnik,MK,SI,742.7,1,no_country_pair_in_rail_dataset
SKP-ZRH,SKP,ZRH,Ilinden,Zurich,MK,CH,1198.4,2,no_country_pair_in_rail_dataset
MLA-BCN,MLA,BCN,Valletta,Barcelona,MT,ES,1236.0,2,no_country_pair_in_rail_dataset
MLA-BRI,MLA,BRI,Valletta,Bari,MT,IT,620.7,1,no_country_pair_in_rail_dataset
MLA-BLQ,MLA,BLQ,Valletta,Bologna,MT,IT,1003.6,1,no_country_pair_in_rail_dataset
MLA-BUD,MLA,BUD,Valletta,Budapest,MT,HU,1347.1,2,no_country_pair_in_rail_dataset
MLA-TRN,MLA,TRN,Valletta,Caselle Torinese (TO),MT,IT,1189.1,1,no_country_pair_in_rail_dataset
MLA-LYS,MLA,LYS,Valletta,"Colombier-Saugnieu, Rhône",MT,FR,1352.0,2,no_country_pair_in_rail_dataset
MLA-GVA,MLA,GVA,Valletta,Geneva,MT,CH,1350.8,1,no_country_pair_in_rail_dataset
MLA-GRO,MLA,GRO,Valletta,Girona,MT,ES,1216.8,1,no_country_pair_in_rail_dataset
MLA-IST,MLA,IST,Valletta,Istanbul,MT,TR,1375.2,2,no_country_pair_in_rail_dataset
MLA-MRS,MLA,MRS,Valletta,"Marignane, Bouches-du-Rhône",MT,FR,1157.8,2,no_country_pair_in_rail_dataset
MLA-MUC,MLA,MUC,Valletta,Munich,MT,DE,1408.4,2,no_country_pair_in_rail_dataset
MLA-BGY,MLA,BGY,Valletta,Orio al Serio (BG),MT,IT,1163.7,1,no_country_pair_in_rail_dataset
MLA-PSA,MLA,PSA,Valletta,Pisa (PI),MT,IT,939.0,1,no_country_pair_in_rail_dataset
MLA-FCO,MLA,FCO,Valletta,Rome,MT,IT,690.3,3,no_country_pair_in_rail_dataset
MLA-LIN,MLA,LIN,Valletta,Segrate (MI),MT,IT,1153.8,2,no_country_pair_in_rail_dataset
MLA-ATH,MLA,ATH,Valletta,Spata-Artemida,MT,GR,871.8,1,no_country_pair_in_rail_dataset
MLA-TLS,MLA,TLS,Valletta,Toulouse/Blagnac,MT,FR,1414.5,1,no_country_pair_in_rail_dataset
MLA-TPS,MLA,TPS,Valletta,Trapani (TP),MT,IT,290.7,1,no_country_pair_in_rail_dataset
MLA-TSF,MLA,TSF,Valletta,Treviso (TV),MT,IT,1106.9,1,no_country_pair_in_rail_dataset
MLA-VIE,MLA,VIE,Valletta,Vienna,MT,AT,1374.4,4,no_country_pair_in_rail_dataset
MLA-ZRH,MLA,ZRH,Valletta,Zurich,MT,CH,1381.4,2,no_country_pair_in_rail_dataset
AMS-AAL,AMS,AAL,Amsterdam,Aalborg,NL,DK,624.1,2,no_country_pair_in_rail_dataset
AMS-ABZ,AMS,ABZ,Amsterdam,Aberdeen,NL,GB,703.3,1,no_country_pair_in_rail_dataset
AMS-AJA,AMS,AJA,Amsterdam,Ajaccio,NL,FR,1194.0,1,no_country_pair_in_rail_dataset
AMS-KRK,AMS,KRK,Amsterdam,Balice,NL,PL,1073.6,1,no_country_pair_in_rail_dataset
AMS-BCN,AMS,BCN,Amsterdam,Barcelona,NL,ES,1241.1,5,no_country_pair_in_rail_dataset
AMS-BFS,AMS,BFS,Amsterdam,Belfast,NL,GB,771.0,1,no_country_pair_in_rail_dataset
AMS-BEG,AMS,BEG,Amsterdam,Belgrade,NL,RS,1410.2,2,no_country_pair_in_rail_dataset
AMS-BGO,AMS,BGO,Amsterdam,Bergen,NL,NO,888.3,2,no_country_pair_in_rail_dataset
AMS-BIO,AMS,BIO,Amsterdam,Bilbao,NL,ES,1152.5,2,no_country_pair_in_rail_dataset
AMS-BLL,AMS,BLL,Amsterdam,Billund,NL,DK,477.2,2,no_country_pair_in_rail_dataset
AMS-BHX,AMS,BHX,Amsterdam,"Birmingham, West Midlands",NL,GB,442.1,2,no_country_pair_in_rail_dataset
AMS-BLQ,AMS,BLQ,Amsterdam,Bologna,NL,IT,988.5,3,no_country_pair_in_rail_dataset
AMS-BOD,AMS,BOD,Amsterdam,Bordeaux,NL,FR,923.7,3,no_country_pair_in_rail_dataset
AMS-BRE,AMS,BRE,Amsterdam,Bremen,NL,DE,283.5,2,no_country_pair_in_rail_dataset
AMS-BRS,AMS,BRS,Amsterdam,Bristol,NL,GB,523.8,3,no_country_pair_in_rail_dataset
AMS-BUD,AMS,BUD,Amsterdam,Budapest,NL,HU,1169.3,1,no_country_pair_in_rail_dataset
AMS-BSL,AMS,BSL,Amsterdam,Bâle / Mulhouse,NL,FR,559.3,3,no_country_pair_in_rail_dataset
AMS-CWL,AMS,CWL,Amsterdam,Cardiff,NL,GB,565.7,2,no_country_pair_in_rail_dataset
AMS-VRN,AMS,VRN,Amsterdam,Caselle (VR),NL,IT,889.1,1,no_country_pair_in_rail_dataset
AMS-TRN,AMS,TRN,Amsterdam,Caselle Torinese (TO),NL,IT,818.0,1,no_country_pair_in_rail_dataset
AMS-CFE,AMS,CFE,Amsterdam,Clermont-Ferrand,NL,FR,734.4,3,no_country_pair_in_rail_dataset
AMS-LYS,AMS,LYS,Amsterdam,"Colombier-Saugnieu, Rhône",NL,FR,732.3,2,no_country_pair_in_rail_dataset
AMS-CPH,AMS,CPH,Amsterdam,Copenhagen,NL,DK,633.4,6,no_country_pair_in_rail_dataset
AMS-ORK,AMS,ORK,Amsterdam,Cork,NL,IE,906.1,1,no_country_pair_in_rail_dataset
AMS-MME,AMS,MME,Amsterdam,"Darlington, Durham",NL,GB,477.7,2,no_country_pair_in_rail_dataset
AMS-DUB,AMS,DUB,Amsterdam,Dublin,NL,IE,749.7,1,no_country_pair_in_rail_dataset
AMS-DBV,AMS,DBV,Amsterdam,Dubrovnik,NL,HR,1480.5,1,no_country_pair_in_rail_dataset
AMS-EDI,AMS,EDI,Amsterdam,Edinburgh,NL,GB,666.4,2,no_country_pair_in_rail_dataset
AMS-EXT,AMS,EXT,Amsterdam,"Exeter, Devon",NL,GB,591.9,1,no_country_pair_in_rail_dataset
AMS-MXP,AMS,MXP,Amsterdam,Ferno (VA),NL,IT,796.6,1,no_country_pair_in_rail_dataset
AMS-FLR,AMS,FLR,Amsterdam,Firenze (FI),NL,IT,1058.4,2,no_country_pair_in_rail_dataset
AMS-FRA,AMS,FRA,Amsterdam,Frankfurt am Main,NL,DE,366.5,4,no_country_pair_in_rail_dataset
AMS-GDN,AMS,GDN,Amsterdam,Gdańsk,NL,PL,936.6,1,no_country_pair_in_rail_dataset
AMS-GRO,AMS,GRO,Amsterdam,Girona,NL,ES,1166.6,1,no_country_pair_in_rail_dataset
AMS-GLA,AMS,GLA,Amsterdam,Glasgow,NL,GB,718.0,3,no_country_pair_in_rail_dataset
AMS-HUY,AMS,HUY,Amsterdam,"Grimsby, Lincolnshire",NL,GB,370.4,2,no_country_pair_in_rail_dataset
AMS-GOT,AMS,GOT,Amsterdam,Göteborg,NL,SE,763.5,1,no_country_pair_in_rail_dataset
AMS-HAM,AMS,HAM,Amsterdam,Hamburg,NL,DE,379.4,3,no_country_pair_in_rail_dataset
AMS-HAJ,AMS,HAJ,Amsterdam,Hannover,NL,DE,334.4,2,no_country_pair_in_rail_dataset
AMS-INN,AMS,INN,Amsterdam,Innsbruck,NL,AT,733.1,1,no_country_pair_in_rail_dataset
AMS-INV,AMS,INV,Amsterdam,Inverness,NL,GB,808.5,1,no_country_pair_in_rail_dataset
AMS-KRS,AMS,KRS,Amsterdam,Kristiansand(Kjevik),NL,NO,688.3,2,no_country_pair_in_rail_dataset
AMS-LBA,AMS,LBA,Amsterdam,"Leeds, West Yorkshire",NL,GB,462.5,3,no_country_pair_in_rail_dataset
AMS-LPI,AMS,LPI,Amsterdam,Linköping,NL,SE,965.3,1,no_country_pair_in_rail_dataset
AMS-LPL,AMS,LPL,Amsterdam,Liverpool,NL,GB,523.9,1,no_country_pair_in_rail_dataset
AMS-LCY,AMS,LCY,Amsterdam,London,NL,GB,335.1,4,no_country_pair_in_rail_dataset
AMS-LGW,AMS,LGW,Amsterdam,London,NL,GB,364.4,2,no_country_pair_in_rail_dataset
AMS-LHR,AMS,LHR,Amsterdam,London,NL,GB,370.3,5,no_country_pair_in_rail_dataset
AMS-STN,AMS,STN,Amsterdam,"London, Essex",NL,GB,312.9,1,no_country_pair_in_rail_dataset
AMS-LTN,AMS,LTN,Amsterdam,"Luton, Luton",NL,GB,353.9,1,no_country_pair_in_rail_dataset
AMS-LUX,AMS,LUX,Amsterdam,Luxembourg,NL,LU,315.0,1,no_country_pair_in_rail_dataset
AMS-MAD,AMS,MAD,Amsterdam,Madrid,NL,ES,1458.8,3,no_country_pair_in_rail_dataset
AMS-MAN,AMS,MAN,Amsterdam,"Manchester, Greater Manchester",NL,GB,486.9,3,no_country_pair_in_rail_dataset
AMS-MRS,AMS,MRS,Amsterdam,"Marignane, Bouches-du-Rhône",NL,FR,986.9,2,no_country_pair_in_rail_dataset
AMS-MUC,AMS,MUC,Amsterdam,Munich,NL,DE,664.2,2,no_country_pair_in_rail_dataset
AMS-NTE,AMS,NTE,Amsterdam,Nantes,NL,FR,733.3,2,no_country_pair_in_rail_dataset
AMS-NAP,AMS,NAP,Amsterdam,Napoli,NL,IT,1461.1,1,no_country_pair_in_rail_dataset
AMS-NCL,AMS,NCL,Amsterdam,"Newcastle upon Tyne, Tyne and Wear",NL,GB,522.0,2,no_country_pair_in_rail_dataset
AMS-NCE,AMS,NCE,Amsterdam,"Nice, Alpes-Maritimes",NL,FR,978.9,3,no_country_pair_in_rail_dataset
AMS-EMA,AMS,EMA,Amsterdam,"Nottingham, Leicestershire",NL,GB,415.7,1,no_country_pair_in_rail_dataset
AMS-NUE,AMS,NUE,Amsterdam,Nuremberg,NL,DE,541.6,1,no_country_pair_in_rail_dataset
AMS-OSL,AMS,OSL,Amsterdam,Oslo (Gardermoen),NL,NO,959.2,3,no_country_pair_in_rail_dataset
AMS-PMI,AMS,PMI,Amsterdam,Palma de Mallorca,NL,ES,1427.0,3,no_country_pair_in_rail_dataset
AMS-CDG,AMS,CDG,Amsterdam,"Paris (Roissy-en-France, Val-d'Oise)",NL,FR,398.6,3,no_country_pair_in_rail_dataset
AMS-PSA,AMS,PSA,Amsterdam,Pisa (PI),NL,IT,1045.7,1,no_country_pair_in_rail_dataset
AMS-PRG,AMS,PRG,Amsterdam,Prague,NL,CZ,705.0,4,no_country_pair_in_rail_dataset
AMS-RIX,AMS,RIX,Amsterdam,Riga,NL,LV,1333.1,2,no_country_pair_in_rail_dataset
AMS-FCO,AMS,FCO,Amsterdam,Rome,NL,IT,1296.8,4,no_country_pair_in_rail_dataset
AMS-GCI,AMS,GCI,Amsterdam,Saint Peter Port,NL,GG,607.2,1,no_country_pair_in_rail_dataset
AMS-TRF,AMS,TRF,Amsterdam,Sandefjord(Torp),NL,NO,837.9,2,no_country_pair_in_rail_dataset
AMS-LEJ,AMS,LEJ,Amsterdam,Schkeuditz,NL,DE,522.0,1,no_country_pair_in_rail_dataset
AMS-LIN,AMS,LIN,Amsterdam,Segrate (MI),NL,IT,831.1,3,no_country_pair_in_rail_dataset
AMS-SOU,AMS,SOU,Amsterdam,Southampton,NL,GB,448.5,1,no_country_pair_in_rail_dataset
AMS-SEN,AMS,SEN,Amsterdam,"Southend-on-Sea, Essex",NL,GB,290.8,1,no_country_pair_in_rail_dataset
AMS-JER,AMS,JER,Amsterdam,St. Peter,NL,JE,598.3,1,no_country_pair_in_rail_dataset
AMS-SVG,AMS,SVG,Amsterdam,Stavanger,NL,NO,732.4,2,no_country_pair_in_rail_dataset
AMS-ARN,AMS,ARN,Amsterdam,Stockholm,NL,SE,1152.4,4,no_country_pair_in_rail_dataset
AMS-SXB,AMS,SXB,Amsterdam,Strasbourg,NL,FR,465.7,3,no_country_pair_in_rail_dataset
AMS-STR,AMS,STR,Amsterdam,Stuttgart,NL,DE,511.0,1,no_country_pair_in_rail_dataset
AMS-TLL,AMS,TLL,Amsterdam,Tallinn,NL,EE,1471.9,2,no_country_pair_in_rail_dataset
AMS-TLS,AMS,TLS,Amsterdam,Toulouse/Blagnac,NL,FR,997.5,2,no_country_pair_in_rail_dataset
AMS-TRD,AMS,TRD,Amsterdam,Trondheim,NL,NO,1290.7,2,no_country_pair_in_rail_dataset
AMS-VLC,AMS,VLC,Amsterdam,Valencia,NL,ES,1481.1,3,no_country_pair_in_rail_dataset
AMS-ZAG,AMS,ZAG,Amsterdam,Velika Gorica,NL,HR,1098.8,1,no_country_pair_in_rail_dataset
AMS-VCE,AMS,VCE,Amsterdam,Venezia (VE),NL,IT,936.9,3,no_country_pair_in_rail_dataset
AMS-VIE,AMS,VIE,Amsterdam,Vienna,NL,AT,959.5,2,no_country_pair_in_rail_dataset
AMS-VXO,AMS,VXO,Amsterdam,Växjö,NL,SE,820.5,1,no_country_pair_in_rail_dataset
AMS-WAW,AMS,WAW,Amsterdam,Warsaw,NL,PL,1101.2,2,no_country_pair_in_rail_dataset
AMS-LJU,AMS,LJU,Amsterdam,Zgornji Brnik,NL,SI,974.4,1,no_country_pair_in_rail_dataset
AMS-AES,AMS,AES,Amsterdam,Ålesund,NL,NO,1142.7,2,no_country_pair_in_rail_dataset
EIN-AHO,EIN,AHO,Eindhoven,Alghero,NL,IT,1223.5,1,no_country_pair_in_rail_dataset
EIN-KRK,EIN,KRK,Eindhoven,Balice,NL,PL,1023.2,1,no_country_pair_in_rail_dataset
EIN-BCN,EIN,BCN,Eindhoven,Barcelona,NL,ES,1156.6,1,no_country_pair_in_rail_dataset
EIN-BEG,EIN,BEG,Eindhoven,Belgrade,NL,RS,1327.3,1,no_country_pair_in_rail_dataset
EIN-BLQ,EIN,BLQ,Eindhoven,Bologna,NL,IT,885.2,1,no_country_pair_in_rail_dataset
EIN-BUD,EIN,BUD,Eindhoven,Budapest,NL,HU,1096.9,1,no_country_pair_in_rail_dataset
EIN-CCF,EIN,CCF,Eindhoven,Carcassonne,NL,FR,944.1,1,no_country_pair_in_rail_dataset
EIN-NOC,EIN,NOC,Eindhoven,Charlestown,NL,IE,993.1,1,no_country_pair_in_rail_dataset
EIN-CLJ,EIN,CLJ,Eindhoven,Cluj-Napoca,NL,RO,1425.2,1,no_country_pair_in_rail_dataset
EIN-CPH,EIN,CPH,Eindhoven,Copenhagen,NL,DK,667.4,1,no_country_pair_in_rail_dataset
EIN-DEB,EIN,DEB,Eindhoven,Debrecen,NL,HU,1250.3,1,no_country_pair_in_rail_dataset
EIN-DUB,EIN,DUB,Eindhoven,Dublin,NL,IE,817.8,1,no_country_pair_in_rail_dataset
EIN-GDN,EIN,GDN,Eindhoven,Gdańsk,NL,PL,934.5,1,no_country_pair_in_rail_dataset
EIN-GRO,EIN,GRO,Eindhoven,Girona,NL,ES,1079.8,1,no_country_pair_in_rail_dataset
EIN-IBZ,EIN,IBZ,Eindhoven,Ibiza (Eivissa),NL,ES,1432.7,2,no_country_pair_in_rail_dataset
EIN-INN,EIN,INN,Eindhoven,Innsbruck,NL,AT,635.2,1,no_country_pair_in_rail_dataset
EIN-KTW,EIN,KTW,Eindhoven,Katowice,NL,PL,964.5,1,no_country_pair_in_rail_dataset
EIN-STN,EIN,STN,Eindhoven,"London, Essex",NL,GB,357.7,1,no_country_pair_in_rail_dataset
EIN-MAD,EIN,MAD,Eindhoven,Madrid,NL,ES,1398.5,1,no_country_pair_in_rail_dataset
EIN-MRS,EIN,MRS,Eindhoven,"Marignane, Bouches-du-Rhône",NL,FR,891.0,1,no_country_pair_in_rail_dataset
EIN-NAP,EIN,NAP,Eindhoven,Napoli,NL,IT,1358.4,1,no_country_pair_in_rail_dataset
EIN-NCE,EIN,NCE,Eindhoven,"Nice, Alpes-Maritimes",NL,FR,877.3,1,no_country_pair_in_rail_dataset
EIN-WMI,EIN,WMI,Eindhoven,Nowy Dwór Mazowiecki,NL,PL,1050.9,1,no_country_pair_in_rail_dataset
EIN-BGY,EIN,BGY,Eindhoven,Orio al Serio (BG),NL,IT,717.3,1,no_country_pair_in_rail_dataset
EIN-PMI,EIN,PMI,Eindhoven,Palma de Mallorca,NL,ES,1338.7,2,no_country_pair_in_rail_dataset
EIN-PSA,EIN,PSA,Eindhoven,Pisa (PI),NL,IT,941.5,1,no_country_pair_in_rail_dataset
EIN-REU,EIN,REU,Eindhoven,Reus,NL,ES,1189.8,1,no_country_pair_in_rail_dataset
EIN-RIX,EIN,RIX,Eindhoven,Riga,NL,LV,1348.4,1,no_country_pair_in_rail_dataset
EIN-CIA,EIN,CIA,Eindhoven,Rome,NL,IT,1205.2,1,no_country_pair_in_rail_dataset
EIN-TSF,EIN,TSF,Eindhoven,Treviso (TV),NL,IT,816.7,1,no_country_pair_in_rail_dataset
EIN-VLC,EIN,VLC,Eindhoven,Valencia,NL,ES,1405.1,1,no_country_pair_in_rail_dataset
EIN-VCE,EIN,VCE,Eindhoven,Venezia (VE),NL,IT,836.8,1,no_country_pair_in_rail_dataset
EIN-VNO,EIN,VNO,Eindhoven,Vilnius,NL,LT,1372.2,1,no_country_pair_in_rail_dataset
EIN-WAW,EIN,WAW,Eindhoven,Warsaw,NL,PL,1072.9,1,no_country_pair_in_rail_dataset
GRQ-GRO,GRQ,GRO,Groningen,Girona,NL,ES,1279.0,1,no_country_pair_in_rail_dataset
MST-ALC,MST,ALC,Maastricht,Alicante,NL,ES,1489.6,1,no_country_pair_in_rail_dataset
MST-BRI,MST,BRI,Maastricht,Bari,NL,IT,1375.6,1,no_country_pair_in_rail_dataset
MST-GRO,MST,GRO,Maastricht,Girona,NL,ES,1027.4,1,no_country_pair_in_rail_dataset
MST-PMI,MST,PMI,Maastricht,Palma de Mallorca,NL,ES,1284.9,1,no_country_pair_in_rail_dataset
RTM-BCN,RTM,BCN,Rotterdam,Barcelona,NL,ES,1198.8,1,no_country_pair_in_rail_dataset
RTM-EGC,RTM,EGC,Rotterdam,Bergerac,NL,FR,843.8,1,no_country_pair_in_rail_dataset
RTM-BUD,RTM,BUD,Rotterdam,Budapest,NL,HU,1176.3,1,no_country_pair_in_rail_dataset
RTM-GRO,RTM,GRO,Rotterdam,Girona,NL,ES,1124.9,1,no_country_pair_in_rail_dataset
RTM-TLN,RTM,TLN,Rotterdam,"Hyères, Var",NL,FR,993.4,1,no_country_pair_in_rail_dataset
RTM-IBZ,RTM,IBZ,Rotterdam,Ibiza (Eivissa),NL,ES,1474.1,1,no_country_pair_in_rail_dataset
RTM-LCY,RTM,LCY,Rotterdam,London,NL,GB,305.9,4,no_country_pair_in_rail_dataset
RTM-LHR,RTM,LHR,Rotterdam,London,NL,GB,341.6,2,no_country_pair_in_rail_dataset
RTM-MAD,RTM,MAD,Rotterdam,Madrid,NL,ES,1413.8,1,no_country_pair_in_rail_dataset
RTM-MPL,RTM,MPL,Rotterdam,Montpellier/Méditerranée,NL,FR,932.6,1,no_country_pair_in_rail_dataset
RTM-MUC,RTM,MUC,Rotterdam,Munich,NL,DE,658.7,1,no_country_pair_in_rail_dataset
RTM-NCE,RTM,NCE,Rotterdam,"Nice, Alpes-Maritimes",NL,FR,945.6,1,no_country_pair_in_rail_dataset
RTM-PMI,RTM,PMI,Rotterdam,Palma de Mallorca,NL,ES,1385.6,1,no_country_pair_in_rail_dataset
RTM-PRG,RTM,PRG,Rotterdam,Prague,NL,CZ,716.6,1,no_country_pair_in_rail_dataset
RTM-FCO,RTM,FCO,Rotterdam,Rome,NL,IT,1273.9,1,no_country_pair_in_rail_dataset
RTM-SPU,RTM,SPU,Rotterdam,Split,NL,HR,1286.3,1,no_country_pair_in_rail_dataset
RTM-VLC,RTM,VLC,Rotterdam,Valencia,NL,ES,1437.1,1,no_country_pair_in_rail_dataset
RTM-VIE,RTM,VIE,Rotterdam,Vienna,NL,AT,964.7,1,no_country_pair_in_rail_dataset
BGO-ABZ,BGO,ABZ,Bergen,Aberdeen,NO,GB,548.3,2,no_country_pair_in_rail_dataset
BGO-AMS,BGO,AMS,Bergen,Amsterdam,NO,NL,888.3,2,no_country_pair_in_rail_dataset
BGO-KRK,BGO,KRK,Bergen,Balice,NO,PL,1458.1,1,no_country_pair_in_rail_dataset
BGO-BLL,BGO,BLL,Bergen,Billund,NO,DK,556.7,1,no_country_pair_in_rail_dataset
BGO-CPH,BGO,CPH,Bergen,Copenhagen,NO,DK,679.5,2,no_country_pair_in_rail_dataset
BGO-EDI,BGO,EDI,Bergen,Edinburgh,NO,GB,697.4,1,no_country_pair_in_rail_dataset
BGO-FRA,BGO,FRA,Bergen,Frankfurt am Main,NO,DE,1160.8,2,no_country_pair_in_rail_dataset
BGO-GDN,BGO,GDN,Bergen,Gdańsk,NO,PL,1028.7,1,no_country_pair_in_rail_dataset
BGO-HAM,BGO,HAM,Bergen,Hamburg,NO,DE,794.8,1,no_country_pair_in_rail_dataset
BGO-KTW,BGO,KTW,Bergen,Katowice,NO,PL,1393.6,1,no_country_pair_in_rail_dataset
BGO-LGW,BGO,LGW,Bergen,London,NO,GB,1070.8,2,no_country_pair_in_rail_dataset
BGO-LHR,BGO,LHR,Bergen,London,NO,GB,1042.1,2,no_country_pair_in_rail_dataset
BGO-MAN,BGO,MAN,Bergen,"Manchester, Greater Manchester",NO,GB,895.6,1,no_country_pair_in_rail_dataset
BGO-ORY,BGO,ORY,Bergen,"Paris (Orly, Val-de-Marne)",NO,FR,1298.7,1,no_country_pair_in_rail_dataset
BGO-PRG,BGO,PRG,Bergen,Prague,NO,CZ,1267.7,1,no_country_pair_in_rail_dataset
BGO-KEF,BGO,KEF,Bergen,Reykjavík,NO,IS,1489.5,1,no_country_pair_in_rail_dataset
BGO-RIX,BGO,RIX,Bergen,Riga,NO,LV,1144.4,2,no_country_pair_in_rail_dataset
BGO-ARN,BGO,ARN,Bergen,Stockholm,NO,SE,709.8,2,no_distance_compatible_rail_candidate
BGO-VNO,BGO,VNO,Bergen,Vilnius,NO,LT,1347.6,1,no_country_pair_in_rail_dataset
BGO-FAE,BGO,FAE,Bergen,Vágar,NO,FO,696.8,1,no_country_pair_in_rail_dataset
HAU-BRE,HAU,BRE,Karmøy,Bremen,NO,DE,734.3,1,no_country_pair_in_rail_dataset
HAU-CPH,HAU,CPH,Karmøy,Copenhagen,NO,DK,607.6,2,no_country_pair_in_rail_dataset
HAU-GDN,HAU,GDN,Karmøy,Gdańsk,NO,PL,974.3,1,no_country_pair_in_rail_dataset
HAU-STN,HAU,STN,Karmøy,"London, Essex",NO,GB,885.8,1,no_country_pair_in_rail_dataset
KRS-AMS,KRS,AMS,Kristiansand(Kjevik),Amsterdam,NO,NL,688.3,2,no_country_pair_in_rail_dataset
KRS-CPH,KRS,CPH,Kristiansand(Kjevik),Copenhagen,NO,DK,399.4,2,no_country_pair_in_rail_dataset
KRS-GDN,KRS,GDN,Kristiansand(Kjevik),Gdańsk,NO,PL,767.8,1,no_country_pair_in_rail_dataset
KSU-ABZ,KSU,ABZ,Kvernberget,Aberdeen,NO,GB,857.9,1,no_country_pair_in_rail_dataset
OSL-AAL,OSL,AAL,Oslo (Gardermoen),Aalborg,NO,DK,352.1,4,no_country_pair_in_rail_dataset
OSL-AAR,OSL,AAR,Oslo (Gardermoen),Aarhus,NO,DK,433.5,1,no_country_pair_in_rail_dataset
OSL-ABZ,OSL,ABZ,Oslo (Gardermoen),Aberdeen,NO,GB,835.3,2,no_country_pair_in_rail_dataset
OSL-AMS,OSL,AMS,Oslo (Gardermoen),Amsterdam,NO,NL,959.2,3,no_country_pair_in_rail_dataset
OSL-KRK,OSL,KRK,Oslo (Gardermoen),Balice,NO,PL,1250.6,1,no_country_pair_in_rail_dataset
OSL-BLL,OSL,BLL,Oslo (Gardermoen),Billund,NO,DK,508.2,3,no_country_pair_in_rail_dataset
OSL-BTS,OSL,BTS,Oslo (Gardermoen),Bratislava,NO,SK,1393.4,1,no_country_pair_in_rail_dataset
OSL-CPH,OSL,CPH,Oslo (Gardermoen),Copenhagen,NO,DK,517.0,3,no_country_pair_in_rail_dataset
OSL-DUB,OSL,DUB,Oslo (Gardermoen),Dublin,NO,IE,1290.9,2,no_country_pair_in_rail_dataset
OSL-DUS,OSL,DUS,Oslo (Gardermoen),Düsseldorf,NO,DE,1026.1,2,no_country_pair_in_rail_dataset
OSL-EDI,OSL,EDI,Oslo (Gardermoen),Edinburgh,NO,GB,970.2,2,no_country_pair_in_rail_dataset
OSL-FRA,OSL,FRA,Oslo (Gardermoen),Frankfurt am Main,NO,DE,1141.8,3,no_country_pair_in_rail_dataset
OSL-GDN,OSL,GDN,Oslo (Gardermoen),Gdańsk,NO,PL,782.7,2,no_country_pair_in_rail_dataset
OSL-GOT,OSL,GOT,Oslo (Gardermoen),Göteborg,NO,SE,289.5,2,no_distance_compatible_rail_candidate
OSL-HAM,OSL,HAM,Oslo (Gardermoen),Hamburg,NO,DE,732.9,2,no_country_pair_in_rail_dataset
OSL-HEL,OSL,HEL,Oslo (Gardermoen),Helsinki (Vantaa),NO,FI,763.5,3,no_country_pair_in_rail_dataset
OSL-CGN,OSL,CGN,Oslo (Gardermoen),Köln (Cologne),NO,DE,1066.2,1,no_country_pair_in_rail_dataset
OSL-LGW,OSL,LGW,Oslo (Gardermoen),London,NO,GB,1226.2,1,no_country_pair_in_rail_dataset
OSL-LHR,OSL,LHR,Oslo (Gardermoen),London,NO,GB,1205.5,4,no_country_pair_in_rail_dataset
OSL-MAN,OSL,MAN,Oslo (Gardermoen),"Manchester, Greater Manchester",NO,GB,1111.5,2,no_country_pair_in_rail_dataset
OSL-MUC,OSL,MUC,Oslo (Gardermoen),Munich,NO,DE,1317.3,3,no_country_pair_in_rail_dataset
OSL-PLQ,OSL,PLQ,Oslo (Gardermoen),Palanga,NO,LT,750.6,1,no_country_pair_in_rail_dataset
OSL-ORY,OSL,ORY,Oslo (Gardermoen),"Paris (Orly, Val-de-Marne)",NO,FR,1391.6,1,no_country_pair_in_rail_dataset
OSL-CDG,OSL,CDG,Oslo (Gardermoen),"Paris (Roissy-en-France, Val-d'Oise)",NO,FR,1357.5,3,no_country_pair_in_rail_dataset
OSL-PRG,OSL,PRG,Oslo (Gardermoen),Prague,NO,CZ,1139.8,2,no_country_pair_in_rail_dataset
OSL-RIX,OSL,RIX,Oslo (Gardermoen),Riga,NO,LV,828.7,3,no_country_pair_in_rail_dataset
OSL-LED,OSL,LED,Oslo (Gardermoen),St. Petersburg,NO,RU,1062.6,1,no_country_pair_in_rail_dataset
OSL-ARN,OSL,ARN,Oslo (Gardermoen),Stockholm,NO,SE,385.2,3,no_distance_compatible_rail_candidate
OSL-SZZ,OSL,SZZ,Oslo (Gardermoen),Szczecin(Glewice),NO,PL,770.0,1,no_country_pair_in_rail_dataset
OSL-TLL,OSL,TLL,Oslo (Gardermoen),Tallinn,NO,EE,771.5,3,no_country_pair_in_rail_dataset
OSL-VIE,OSL,VIE,Oslo (Gardermoen),Vienna,NO,AT,1388.9,2,no_country_pair_in_rail_dataset
OSL-VNO,OSL,VNO,Oslo (Gardermoen),Vilnius,NO,LT,1047.1,1,no_country_pair_in_rail_dataset
OSL-VXO,OSL,VXO,Oslo (Gardermoen),Växjö,NO,SE,419.4,1,no_distance_compatible_rail_candidate
OSL-WAW,OSL,WAW,Oslo (Gardermoen),Warsaw,NO,PL,1079.1,1,no_country_pair_in_rail_dataset
OSL-BRU,OSL,BRU,Oslo (Gardermoen),Zaventem,NO,BE,1112.6,2,no_country_pair_in_rail_dataset
OSL-ZRH,OSL,ZRH,Oslo (Gardermoen),Zurich,NO,CH,1425.8,2,no_country_pair_in_rail_dataset
TRF-AMS,TRF,AMS,Sandefjord(Torp),Amsterdam,NO,NL,837.9,2,no_country_pair_in_rail_dataset
TRF-CPH,TRF,CPH,Sandefjord(Torp),Copenhagen,NO,DK,422.0,2,no_country_pair_in_rail_dataset
TRF-GDN,TRF,GDN,Sandefjord(Torp),Gdańsk,NO,PL,731.1,1,no_country_pair_in_rail_dataset
TRF-KTW,TRF,KTW,Sandefjord(Torp),Katowice,NO,PL,1119.2,1,no_country_pair_in_rail_dataset
TRF-LPL,TRF,LPL,Sandefjord(Torp),Liverpool,NO,GB,1035.6,1,no_country_pair_in_rail_dataset
TRF-LGW,TRF,LGW,Sandefjord(Torp),London,NO,GB,1110.3,1,no_country_pair_in_rail_dataset
TRF-STN,TRF,STN,Sandefjord(Torp),"London, Essex",NO,GB,1025.8,1,no_country_pair_in_rail_dataset
TRF-LUZ,TRF,LUZ,Sandefjord(Torp),Lublin,NO,PL,1181.6,1,no_country_pair_in_rail_dataset
TRF-POZ,TRF,POZ,Sandefjord(Torp),Poznań,NO,PL,855.9,1,no_country_pair_in_rail_dataset
TRF-RIX,TRF,RIX,Sandefjord(Torp),Riga,NO,LV,843.4,1,no_country_pair_in_rail_dataset
TRF-ARN,TRF,ARN,Sandefjord(Torp),Stockholm,NO,SE,436.7,1,no_distance_compatible_rail_candidate
TRF-SZZ,TRF,SZZ,Sandefjord(Torp),Szczecin(Glewice),NO,PL,685.0,1,no_country_pair_in_rail_dataset
TRF-VNO,TRF,VNO,Sandefjord(Torp),Vilnius,NO,LT,1040.0,1,no_country_pair_in_rail_dataset
TRF-WAW,TRF,WAW,Sandefjord(Torp),Warsaw,NO,PL,1027.2,1,no_country_pair_in_rail_dataset
TRF-WRO,TRF,WRO,Sandefjord(Torp),Wrocław,NO,PL,991.3,1,no_country_pair_in_rail_dataset
SVG-AAL,SVG,AAL,Stavanger,Aalborg,NO,DK,317.6,1,no_country_pair_in_rail_dataset
SVG-ABZ,SVG,ABZ,Stavanger,Aberdeen,NO,GB,497.0,3,no_country_pair_in_rail_dataset
SVG-AMS,SVG,AMS,Stavanger,Amsterdam,NO,NL,732.4,2,no_country_pair_in_rail_dataset
SVG-KRK,SVG,KRK,Stavanger,Balice,NO,PL,1333.6,1,no_country_pair_in_rail_dataset
SVG-BLL,SVG,BLL,Stavanger,Billund,NO,DK,407.7,1,no_country_pair_in_rail_dataset
SVG-CPH,SVG,CPH,Stavanger,Copenhagen,NO,DK,555.9,1,no_country_pair_in_rail_dataset
SVG-EDI,SVG,EDI,Stavanger,Edinburgh,NO,GB,629.4,1,no_country_pair_in_rail_dataset
SVG-FRA,SVG,FRA,Stavanger,Frankfurt am Main,NO,DE,1001.8,2,no_country_pair_in_rail_dataset
SVG-GDN,SVG,GDN,Stavanger,Gdańsk,NO,PL,928.3,1,no_country_pair_in_rail_dataset
SVG-GOT,SVG,GOT,Stavanger,Göteborg,NO,SE,411.0,1,no_distance_compatible_rail_candidate
SVG-KTW,SVG,KTW,Stavanger,Katowice,NO,PL,1268.0,1,no_country_pair_in_rail_dataset
SVG-LGW,SVG,LGW,Stavanger,London,NO,GB,935.3,1,no_country_pair_in_rail_dataset
SVG-LHR,SVG,LHR,Stavanger,London,NO,GB,909.1,3,no_country_pair_in_rail_dataset
SVG-MAN,SVG,MAN,Stavanger,"Manchester, Greater Manchester",NO,GB,785.5,1,no_country_pair_in_rail_dataset
SVG-NCL,SVG,NCL,Stavanger,"Newcastle upon Tyne, Tyne and Wear",NO,GB,615.5,3,no_country_pair_in_rail_dataset
SVG-CDG,SVG,CDG,Stavanger,"Paris (Roissy-en-France, Val-d'Oise)",NO,FR,1115.3,2,no_country_pair_in_rail_dataset
SVG-RIX,SVG,RIX,Stavanger,Riga,NO,LV,1101.2,1,no_country_pair_in_rail_dataset
SVG-ARN,SVG,ARN,Stavanger,Stockholm,NO,SE,702.7,1,no_distance_compatible_rail_candidate
SVG-SZZ,SVG,SZZ,Stavanger,Szczecin(Glewice),NO,PL,819.7,1,no_country_pair_in_rail_dataset
SVG-VNO,SVG,VNO,Stavanger,Vilnius,NO,LT,1281.4,1,no_country_pair_in_rail_dataset
SVG-FAE,SVG,FAE,Stavanger,Vágar,NO,FO,789.6,1,no_country_pair_in_rail_dataset
SVG-WAW,SVG,WAW,Stavanger,Warsaw,NO,PL,1215.1,1,no_country_pair_in_rail_dataset
TOS-MMK,TOS,MMK,Tromsø,Murmansk,NO,RU,553.2,1,no_country_pair_in_rail_dataset
TRD-AMS,TRD,AMS,Trondheim,Amsterdam,NO,NL,1290.7,2,no_country_pair_in_rail_dataset
TRD-CPH,TRD,CPH,Trondheim,Copenhagen,NO,DK,877.1,4,no_country_pair_in_rail_dataset
TRD-GDN,TRD,GDN,Trondheim,Gdańsk,NO,PL,1096.8,1,no_country_pair_in_rail_dataset
TRD-RIX,TRD,RIX,Trondheim,Riga,NO,LV,1020.3,1,no_country_pair_in_rail_dataset
TRD-ARN,TRD,ARN,Trondheim,Stockholm,NO,SE,562.5,1,no_distance_compatible_rail_candidate
TRD-TLL,TRD,TLL,Trondheim,Tallinn,NO,EE,862.9,2,no_country_pair_in_rail_dataset
AES-AMS,AES,AMS,Ålesund,Amsterdam,NO,NL,1142.7,2,no_country_pair_in_rail_dataset
AES-CPH,AES,CPH,Ålesund,Copenhagen,NO,DK,856.7,1,no_country_pair_in_rail_dataset
AES-GDN,AES,GDN,Ålesund,Gdańsk,NO,PL,1155.3,1,no_country_pair_in_rail_dataset
AES-LGW,AES,LGW,Ålesund,London,NO,GB,1323.9,1,no_country_pair_in_rail_dataset
AES-RIX,AES,RIX,Ålesund,Riga,NO,LV,1175.1,1,no_country_pair_in_rail_dataset
AES-VNO,AES,VNO,Ålesund,Vilnius,NO,LT,1408.9,1,no_country_pair_in_rail_dataset
MOL-CPH,MOL,CPH,Årø,Copenhagen,NO,DK,849.2,1,no_country_pair_in_rail_dataset
KRK-AMS,KRK,AMS,Balice,Amsterdam,PL,NL,1073.6,1,no_country_pair_in_rail_dataset
KRK-BVA,KRK,BVA,Balice,Beauvais,PL,FR,1268.2,1,no_country_pair_in_rail_dataset
KRK-BGO,KRK,BGO,Balice,Bergen,PL,NO,1458.1,1,no_country_pair_in_rail_dataset
KRK-BLQ,KRK,BLQ,Balice,Bologna,PL,IT,887.9,1,no_country_pair_in_rail_dataset
KRK-BSL,KRK,BSL,Balice,Bâle / Mulhouse,PL,FR,937.6,1,no_country_pair_in_rail_dataset
KRK-CAG,KRK,CAG,Balice,Cagliari,PL,IT,1469.6,1,no_country_pair_in_rail_dataset
KRK-CRL,KRK,CRL,Balice,Charleroi,PL,BE,1088.1,1,no_country_pair_in_rail_dataset
KRK-CPH,KRK,CPH,Balice,Copenhagen,PL,DK,779.4,1,no_country_pair_in_rail_dataset
KRK-EIN,KRK,EIN,Balice,Eindhoven,PL,NL,1023.2,1,no_country_pair_in_rail_dataset
KRK-HEL,KRK,HEL,Balice,Helsinki (Vantaa),PL,FI,1184.3,1,no_country_pair_in_rail_dataset
KRK-LGW,KRK,LGW,Balice,London,PL,GB,1409.8,1,no_country_pair_in_rail_dataset
KRK-STN,KRK,STN,Balice,"London, Essex",PL,GB,1379.0,1,no_country_pair_in_rail_dataset
KRK-SVO,KRK,SVO,Balice,Moscow,PL,RU,1343.5,1,no_country_pair_in_rail_dataset
KRK-EMA,KRK,EMA,Balice,"Nottingham, Leicestershire",PL,GB,1488.8,1,no_country_pair_in_rail_dataset
KRK-NYO,KRK,NYO,Balice,Nyköping,PL,SE,986.2,1,no_country_pair_in_rail_dataset
KRK-BGY,KRK,BGY,Balice,Orio al Serio (BG),PL,IT,896.1,1,no_country_pair_in_rail_dataset
KRK-OSL,KRK,OSL,Balice,Oslo (Gardermoen),PL,NO,1250.6,1,no_country_pair_in_rail_dataset
KRK-CDG,KRK,CDG,Balice,"Paris (Roissy-en-France, Val-d'Oise)",PL,FR,1246.1,1,no_country_pair_in_rail_dataset
KRK-PSA,KRK,PSA,Balice,Pisa (PI),PL,IT,1006.0,1,no_country_pair_in_rail_dataset
KRK-CIA,KRK,CIA,Balice,Rome,PL,IT,1074.3,1,no_country_pair_in_rail_dataset
KRK-SEN,KRK,SEN,Balice,"Southend-on-Sea, Essex",PL,GB,1347.3,1,no_country_pair_in_rail_dataset
KRK-SVG,KRK,SVG,Balice,Stavanger,PL,NO,1333.6,1,no_country_pair_in_rail_dataset
KRK-ARN,KRK,ARN,Balice,Stockholm,PL,SE,1070.7,1,no_country_pair_in_rail_dataset
KRK-TPS,KRK,TPS,Balice,Trapani (TP),PL,IT,1471.7,1,no_country_pair_in_rail_dataset
KRK-VIE,KRK,VIE,Balice,Vienna,PL,AT,320.4,2,no_country_pair_in_rail_dataset
KRK-ZRH,KRK,ZRH,Balice,Zurich,PL,CH,872.5,1,no_country_pair_in_rail_dataset
BZG-BHX,BZG,BHX,Bydgoszcz,"Birmingham, West Midlands",PL,GB,1324.6,1,no_country_pair_in_rail_dataset
BZG-STN,BZG,STN,Bydgoszcz,"London, Essex",PL,GB,1205.7,1,no_country_pair_in_rail_dataset
GDN-AMS,GDN,AMS,Gdańsk,Amsterdam,PL,NL,936.6,1,no_country_pair_in_rail_dataset
GDN-BVA,GDN,BVA,Gdańsk,Beauvais,PL,FR,1244.1,1,no_country_pair_in_rail_dataset
GDN-BGO,GDN,BGO,Gdańsk,Bergen,PL,NO,1028.7,1,no_country_pair_in_rail_dataset
GDN-BHX,GDN,BHX,Gdańsk,"Birmingham, West Midlands",PL,GB,1351.8,1,no_country_pair_in_rail_dataset
GDN-BRS,GDN,BRS,Gdańsk,Bristol,PL,GB,1453.9,1,no_country_pair_in_rail_dataset
GDN-CPH,GDN,CPH,Gdańsk,Copenhagen,PL,DK,395.3,2,no_country_pair_in_rail_dataset
GDN-EDI,GDN,EDI,Gdańsk,Edinburgh,PL,GB,1392.2,1,no_country_pair_in_rail_dataset
GDN-EIN,GDN,EIN,Gdańsk,Eindhoven,PL,NL,934.5,1,no_country_pair_in_rail_dataset
GDN-GLA,GDN,GLA,Gdańsk,Glasgow,PL,GB,1458.6,1,no_country_pair_in_rail_dataset
GDN-HEL,GDN,HEL,Gdańsk,Helsinki (Vantaa),PL,FI,766.2,1,no_country_pair_in_rail_dataset
GDN-HAU,GDN,HAU,Gdańsk,Karmøy,PL,NO,974.3,1,no_country_pair_in_rail_dataset
GDN-KRS,GDN,KRS,Gdańsk,Kristiansand(Kjevik),PL,NO,767.8,1,no_country_pair_in_rail_dataset
GDN-LBA,GDN,LBA,Gdańsk,"Leeds, West Yorkshire",PL,GB,1308.4,1,no_country_pair_in_rail_dataset
GDN-LPL,GDN,LPL,Gdańsk,Liverpool,PL,GB,1397.4,1,no_country_pair_in_rail_dataset
GDN-STN,GDN,STN,Gdańsk,"London, Essex",PL,GB,1243.7,1,no_country_pair_in_rail_dataset
GDN-LTN,GDN,LTN,Gdańsk,"Luton, Luton",PL,GB,1283.0,1,no_country_pair_in_rail_dataset
GDN-LBC,GDN,LBC,Gdańsk,Lübeck,PL,DE,508.9,1,no_distance_compatible_rail_candidate
GDN-MMX,GDN,MMX,Gdańsk,Malmö,PL,SE,349.5,1,no_country_pair_in_rail_dataset
GDN-MAN,GDN,MAN,Gdańsk,"Manchester, Greater Manchester",PL,GB,1360.2,1,no_country_pair_in_rail_dataset
GDN-NYO,GDN,NYO,Gdańsk,Nyköping,PL,SE,499.7,1,no_country_pair_in_rail_dataset
GDN-BGY,GDN,BGY,Gdańsk,Orio al Serio (BG),PL,IT,1150.9,1,no_country_pair_in_rail_dataset
GDN-OSL,GDN,OSL,Gdańsk,Oslo (Gardermoen),PL,NO,782.7,2,no_country_pair_in_rail_dataset
GDN-PSA,GDN,PSA,Gdańsk,Pisa (PI),PL,IT,1324.8,1,no_country_pair_in_rail_dataset
GDN-FCO,GDN,FCO,Gdańsk,Rome,PL,IT,1470.9,1,no_country_pair_in_rail_dataset
GDN-TRF,GDN,TRF,Gdańsk,Sandefjord(Torp),PL,NO,731.1,1,no_country_pair_in_rail_dataset
GDN-SVG,GDN,SVG,Gdańsk,Stavanger,PL,NO,928.3,1,no_country_pair_in_rail_dataset
GDN-TRD,GDN,TRD,Gdańsk,Trondheim,PL,NO,1096.8,1,no_country_pair_in_rail_dataset
GDN-TKU,GDN,TKU,Gdańsk,Turku,PL,FI,718.9,1,no_country_pair_in_rail_dataset
GDN-BRU,GDN,BRU,Gdańsk,Zaventem,PL,BE,1017.4,1,no_country_pair_in_rail_dataset
GDN-ZRH,GDN,ZRH,Gdańsk,Zurich,PL,CH,1035.1,1,no_country_pair_in_rail_dataset
GDN-AES,GDN,AES,Gdańsk,Ålesund,PL,NO,1155.3,1,no_country_pair_in_rail_dataset
RZE-BVA,RZE,BVA,Jasionka,Beauvais,PL,FR,1427.2,1,no_country_pair_in_rail_dataset
RZE-FCO,RZE,FCO,Jasionka,Rome,PL,IT,1191.0,1,no_country_pair_in_rail_dataset
KTW-BVA,KTW,BVA,Katowice,Beauvais,PL,FR,1216.3,1,no_country_pair_in_rail_dataset
KTW-BGO,KTW,BGO,Katowice,Bergen,PL,NO,1393.6,1,no_country_pair_in_rail_dataset
KTW-BHX,KTW,BHX,Katowice,"Birmingham, West Midlands",PL,GB,1454.3,1,no_country_pair_in_rail_dataset
KTW-EIN,KTW,EIN,Katowice,Eindhoven,PL,NL,964.5,1,no_country_pair_in_rail_dataset
KTW-STN,KTW,STN,Katowice,"London, Essex",PL,GB,1319.2,1,no_country_pair_in_rail_dataset
KTW-LTN,KTW,LTN,Katowice,"Luton, Luton",PL,GB,1360.6,1,no_country_pair_in_rail_dataset
KTW-MMX,KTW,MMX,Katowice,Malmö,PL,SE,679.4,1,no_country_pair_in_rail_dataset
KTW-NAP,KTW,NAP,Katowice,Napoli,PL,IT,1128.8,1,no_country_pair_in_rail_dataset
KTW-NYO,KTW,NYO,Katowice,Nyköping,PL,SE,934.8,1,no_country_pair_in_rail_dataset
KTW-BGY,KTW,BGY,Katowice,Orio al Serio (BG),PL,IT,876.7,1,no_country_pair_in_rail_dataset
KTW-CIA,KTW,CIA,Katowice,Rome,PL,IT,1085.6,1,no_country_pair_in_rail_dataset
KTW-TRF,KTW,TRF,Katowice,Sandefjord(Torp),PL,NO,1119.2,1,no_country_pair_in_rail_dataset
KTW-SVG,KTW,SVG,Katowice,Stavanger,PL,NO,1268.0,1,no_country_pair_in_rail_dataset
LUZ-MXP,LUZ,MXP,Lublin,Ferno (VA),PL,IT,1202.7,1,no_country_pair_in_rail_dataset
LUZ-FCO,LUZ,FCO,Lublin,Rome,PL,IT,1316.9,1,no_country_pair_in_rail_dataset
LUZ-TRF,LUZ,TRF,Lublin,Sandefjord(Torp),PL,NO,1181.6,1,no_country_pair_in_rail_dataset
WMI-BVA,WMI,BVA,Nowy Dwór Mazowiecki,Beauvais,PL,FR,1336.6,1,no_country_pair_in_rail_dataset
WMI-BLQ,WMI,BLQ,Nowy Dwór Mazowiecki,Bologna,PL,IT,1116.5,1,no_country_pair_in_rail_dataset
WMI-CRL,WMI,CRL,Nowy Dwór Mazowiecki,Charleroi,PL,BE,1140.9,1,no_country_pair_in_rail_dataset
WMI-EIN,WMI,EIN,Nowy Dwór Mazowiecki,Eindhoven,PL,NL,1050.9,1,no_country_pair_in_rail_dataset
WMI-STN,WMI,STN,Nowy Dwór Mazowiecki,"London, Essex",PL,GB,1389.2,1,no_country_pair_in_rail_dataset
WMI-EMA,WMI,EMA,Nowy Dwór Mazowiecki,"Nottingham, Leicestershire",PL,GB,1477.9,1,no_country_pair_in_rail_dataset
WMI-NYO,WMI,NYO,Nowy Dwór Mazowiecki,Nyköping,PL,SE,742.6,1,no_country_pair_in_rail_dataset
WMI-BGY,WMI,BGY,Nowy Dwór Mazowiecki,Orio al Serio (BG),PL,IT,1095.3,1,no_country_pair_in_rail_dataset
WMI-PSA,WMI,PSA,Nowy Dwór Mazowiecki,Pisa (PI),PL,IT,1235.0,1,no_country_pair_in_rail_dataset
WMI-CIA,WMI,CIA,Nowy Dwór Mazowiecki,Rome,PL,IT,1330.2,1,no_country_pair_in_rail_dataset
WMI-SKG,WMI,SKG,Nowy Dwór Mazowiecki,Thessaloniki,PL,GR,1338.4,1,no_country_pair_in_rail_dataset
POZ-BVA,POZ,BVA,Poznań,Beauvais,PL,FR,1080.1,1,no_country_pair_in_rail_dataset
POZ-BRS,POZ,BRS,Poznań,Bristol,PL,GB,1341.4,1,no_country_pair_in_rail_dataset
POZ-CPH,POZ,CPH,Poznań,Copenhagen,PL,DK,447.5,1,no_country_pair_in_rail_dataset
POZ-EDI,POZ,EDI,Poznań,Edinburgh,PL,GB,1365.7,1,no_country_pair_in_rail_dataset
POZ-LPL,POZ,LPL,Poznań,Liverpool,PL,GB,1319.9,1,no_country_pair_in_rail_dataset
POZ-STN,POZ,STN,Poznań,"London, Essex",PL,GB,1130.8,1,no_country_pair_in_rail_dataset
POZ-LTN,POZ,LTN,Poznań,"Luton, Luton",PL,GB,1171.8,1,no_country_pair_in_rail_dataset
POZ-NYO,POZ,NYO,Poznań,Nyköping,PL,SE,708.1,1,no_country_pair_in_rail_dataset
POZ-CIA,POZ,CIA,Poznań,Rome,PL,IT,1223.2,1,no_country_pair_in_rail_dataset
POZ-TRF,POZ,TRF,Poznań,Sandefjord(Torp),PL,NO,855.9,1,no_country_pair_in_rail_dataset
SZZ-DUB,SZZ,DUB,Szczecin(Glewice),Dublin,PL,IE,1394.6,1,no_country_pair_in_rail_dataset
SZZ-LPL,SZZ,LPL,Szczecin(Glewice),Liverpool,PL,GB,1172.5,1,no_country_pair_in_rail_dataset
SZZ-STN,SZZ,STN,Szczecin(Glewice),"London, Essex",PL,GB,1003.6,1,no_country_pair_in_rail_dataset
SZZ-OSL,SZZ,OSL,Szczecin(Glewice),Oslo (Gardermoen),PL,NO,770.0,1,no_country_pair_in_rail_dataset
SZZ-TRF,SZZ,TRF,Szczecin(Glewice),Sandefjord(Torp),PL,NO,685.0,1,no_country_pair_in_rail_dataset
SZZ-SVG,SZZ,SVG,Szczecin(Glewice),Stavanger,PL,NO,819.7,1,no_country_pair_in_rail_dataset
WAW-AMS,WAW,AMS,Warsaw,Amsterdam,PL,NL,1101.2,2,no_country_pair_in_rail_dataset
WAW-BVA,WAW,BVA,Warsaw,Beauvais,PL,FR,1354.5,1,no_country_pair_in_rail_dataset
WAW-BEG,WAW,BEG,Warsaw,Belgrade,PL,RS,818.4,2,no_country_pair_in_rail_dataset
WAW-CRL,WAW,CRL,Warsaw,Charleroi,PL,BE,1160.2,1,no_country_pair_in_rail_dataset
WAW-CPH,WAW,CPH,Warsaw,Copenhagen,PL,DK,665.6,3,no_country_pair_in_rail_dataset
WAW-DBV,WAW,DBV,Warsaw,Dubrovnik,PL,HR,1086.9,1,no_country_pair_in_rail_dataset
WAW-EIN,WAW,EIN,Warsaw,Eindhoven,PL,NL,1072.9,1,no_country_pair_in_rail_dataset
WAW-MXP,WAW,MXP,Warsaw,Ferno (VA),PL,IT,1150.0,1,no_country_pair_in_rail_dataset
WAW-GVA,WAW,GVA,Warsaw,Geneva,PL,CH,1261.3,2,no_country_pair_in_rail_dataset
WAW-HEL,WAW,HEL,Warsaw,Helsinki (Vantaa),PL,FI,939.1,2,no_country_pair_in_rail_dataset
WAW-IST,WAW,IST,Warsaw,Istanbul,PL,TR,1346.1,2,no_country_pair_in_rail_dataset
WAW-LHR,WAW,LHR,Warsaw,London,PL,GB,1469.5,5,no_country_pair_in_rail_dataset
WAW-LTN,WAW,LTN,Warsaw,"Luton, Luton",PL,GB,1455.0,1,no_country_pair_in_rail_dataset
WAW-MMX,WAW,MMX,Warsaw,Malmö,PL,SE,622.6,1,no_country_pair_in_rail_dataset
WAW-MSQ,WAW,MSQ,Warsaw,Minsk,PL,BY,510.0,2,no_country_pair_in_rail_dataset
WAW-SVO,WAW,SVO,Warsaw,Moscow,PL,RU,1150.1,2,no_country_pair_in_rail_dataset
WAW-NCE,WAW,NCE,Warsaw,"Nice, Alpes-Maritimes",PL,FR,1390.5,1,no_country_pair_in_rail_dataset
WAW-NYO,WAW,NYO,Warsaw,Nyköping,PL,SE,779.3,1,no_country_pair_in_rail_dataset
WAW-BGY,WAW,BGY,Warsaw,Orio al Serio (BG),PL,IT,1092.6,1,no_country_pair_in_rail_dataset
WAW-OSL,WAW,OSL,Warsaw,Oslo (Gardermoen),PL,NO,1079.1,1,no_country_pair_in_rail_dataset
WAW-OTP,WAW,OTP,Warsaw,Otopeni,PL,RO,925.2,2,no_country_pair_in_rail_dataset
WAW-CDG,WAW,CDG,Warsaw,"Paris (Roissy-en-France, Val-d'Oise)",PL,FR,1342.4,2,no_country_pair_in_rail_dataset
WAW-RIX,WAW,RIX,Warsaw,Riga,PL,LV,563.0,2,no_country_pair_in_rail_dataset
WAW-FCO,WAW,FCO,Warsaw,Rome,PL,IT,1326.1,2,no_country_pair_in_rail_dataset
WAW-TRF,WAW,TRF,Warsaw,Sandefjord(Torp),PL,NO,1027.2,1,no_country_pair_in_rail_dataset
WAW-LIN,WAW,LIN,Warsaw,Segrate (MI),PL,IT,1134.0,1,no_country_pair_in_rail_dataset
WAW-SOF,WAW,SOF,Warsaw,Sofia,PL,BG,1068.8,2,no_country_pair_in_rail_dataset
WAW-SPU,WAW,SPU,Warsaw,Split,PL,HR,1020.0,1,no_country_pair_in_rail_dataset
WAW-LED,WAW,LED,Warsaw,St. Petersburg,PL,RU,1025.1,1,no_country_pair_in_rail_dataset
WAW-SVG,WAW,SVG,Warsaw,Stavanger,PL,NO,1215.1,1,no_country_pair_in_rail_dataset
WAW-ARN,WAW,ARN,Warsaw,Stockholm,PL,SE,853.1,1,no_country_pair_in_rail_dataset
WAW-TLL,WAW,TLL,Warsaw,Tallinn,PL,EE,841.0,1,no_country_pair_in_rail_dataset
WAW-VIE,WAW,VIE,Warsaw,Vienna,PL,AT,548.9,2,no_country_pair_in_rail_dataset
WAW-VNO,WAW,VNO,Warsaw,Vilnius,PL,LT,396.5,1,no_country_pair_in_rail_dataset
WAW-ZAD,WAW,ZAD,Warsaw,Zadar,PL,HR,988.5,1,no_country_pair_in_rail_dataset
WAW-BRU,WAW,BRU,Warsaw,Zaventem,PL,BE,1146.2,1,no_country_pair_in_rail_dataset
WAW-LJU,WAW,LJU,Warsaw,Zgornji Brnik,PL,SI,811.9,2,no_country_pair_in_rail_dataset
WAW-ZRH,WAW,ZRH,Warsaw,Zurich,PL,CH,1031.5,2,no_country_pair_in_rail_dataset
WRO-BVA,WRO,BVA,Wrocław,Beauvais,PL,FR,1063.5,1,no_country_pair_in_rail_dataset
WRO-BLQ,WRO,BLQ,Wrocław,Bologna,PL,IT,840.8,1,no_country_pair_in_rail_dataset
WRO-BRS,WRO,BRS,Wrocław,Bristol,PL,GB,1360.5,1,no_country_pair_in_rail_dataset
WRO-CPH,WRO,CPH,Wrocław,Copenhagen,PL,DK,574.7,1,no_country_pair_in_rail_dataset
WRO-GRO,WRO,GRO,Wrocław,Girona,PL,ES,1483.3,1,no_country_pair_in_rail_dataset
WRO-LPL,WRO,LPL,Wrocław,Liverpool,PL,GB,1362.3,1,no_country_pair_in_rail_dataset
WRO-STN,WRO,STN,Wrocław,"London, Essex",PL,GB,1153.2,1,no_country_pair_in_rail_dataset
WRO-LTN,WRO,LTN,Wrocław,"Luton, Luton",PL,GB,1194.6,1,no_country_pair_in_rail_dataset
WRO-MUC,WRO,MUC,Wrocław,Munich,PL,DE,476.9,2,no_distance_compatible_rail_candidate
WRO-EMA,WRO,EMA,Wrocław,"Nottingham, Leicestershire",PL,GB,1258.7,1,no_country_pair_in_rail_dataset
WRO-BGY,WRO,BGY,Wrocław,Orio al Serio (BG),PL,IT,802.8,1,no_country_pair_in_rail_dataset
WRO-CDG,WRO,CDG,Wrocław,"Paris (Roissy-en-France, Val-d'Oise)",PL,FR,1047.2,1,no_country_pair_in_rail_dataset
WRO-CIA,WRO,CIA,Wrocław,Rome,PL,IT,1085.0,1,no_country_pair_in_rail_dataset
WRO-TRF,WRO,TRF,Wrocław,Sandefjord(Torp),PL,NO,991.3,1,no_country_pair_in_rail_dataset
WRO-BRU,WRO,BRU,Wrocław,Zaventem,PL,BE,866.8,1,no_country_pair_in_rail_dataset
WRO-ZRH,WRO,ZRH,Wrocław,Zurich,PL,CH,727.2,1,no_country_pair_in_rail_dataset
FAO-AGP,FAO,AGP,Faro,Málaga,PT,ES,311.2,1,no_country_pair_in_rail_dataset
FAO-PMI,FAO,PMI,Faro,Palma de Mallorca,PT,ES,975.7,1,no_country_pair_in_rail_dataset
FNC-LIS,FNC,LIS,Funchal,Lisbon,PT,PT,965.2,4,no_country_pair_in_rail_dataset
FNC-PDL,FNC,PDL,Funchal,Ponta Delgada,PT,PT,984.9,3,no_country_pair_in_rail_dataset
FNC-OPO,FNC,OPO,Funchal,Porto,PT,PT,1190.8,3,no_country_pair_in_rail_dataset
LIS-BCN,LIS,BCN,Lisbon,Barcelona,PT,ES,994.0,4,no_country_pair_in_rail_dataset
LIS-BVA,LIS,BVA,Lisbon,Beauvais,PT,FR,1484.8,1,no_country_pair_in_rail_dataset
LIS-BIO,LIS,BIO,Lisbon,Bilbao,PT,ES,724.3,3,no_country_pair_in_rail_dataset
LIS-BOD,LIS,BOD,Lisbon,Bordeaux,PT,FR,968.2,2,no_country_pair_in_rail_dataset
LIS-BRS,LIS,BRS,Lisbon,Bristol,PT,GB,1487.6,1,no_country_pair_in_rail_dataset
LIS-LYS,LIS,LYS,Lisbon,"Colombier-Saugnieu, Rhône",PT,FR,1399.4,2,no_country_pair_in_rail_dataset
LIS-ORK,LIS,ORK,Lisbon,Cork,PT,IE,1453.1,1,no_country_pair_in_rail_dataset
LIS-LCG,LIS,LCG,Lisbon,Culleredo,PT,ES,506.7,1,no_country_pair_in_rail_dataset
LIS-DLE,LIS,DLE,Lisbon,Dole,PT,FR,1495.9,1,no_country_pair_in_rail_dataset
LIS-FNC,LIS,FNC,Lisbon,Funchal,PT,PT,965.2,4,no_country_pair_in_rail_dataset
LIS-GVA,LIS,GVA,Lisbon,Geneva,PT,CH,1495.7,4,no_country_pair_in_rail_dataset
LIS-MAD,LIS,MAD,Lisbon,Madrid,PT,ES,512.9,6,no_country_pair_in_rail_dataset
LIS-MRS,LIS,MRS,Lisbon,"Marignane, Bouches-du-Rhône",PT,FR,1306.6,2,no_country_pair_in_rail_dataset
LIS-AGP,LIS,AGP,Lisbon,Málaga,PT,ES,470.2,3,no_country_pair_in_rail_dataset
LIS-NTE,LIS,NTE,Lisbon,Nantes,PT,FR,1113.0,1,no_country_pair_in_rail_dataset
LIS-NCE,LIS,NCE,Lisbon,"Nice, Alpes-Maritimes",PT,FR,1468.1,2,no_country_pair_in_rail_dataset
LIS-ORY,LIS,ORY,Lisbon,"Paris (Orly, Val-de-Marne)",PT,FR,1437.6,5,no_country_pair_in_rail_dataset
LIS-CDG,LIS,CDG,Lisbon,"Paris (Roissy-en-France, Val-d'Oise)",PT,FR,1469.9,3,no_country_pair_in_rail_dataset
LIS-PDL,LIS,PDL,Lisbon,Ponta Delgada,PT,PT,1448.6,2,no_country_pair_in_rail_dataset
LIS-OPO,LIS,OPO,Lisbon,Porto,PT,PT,277.0,4,no_country_pair_in_rail_dataset
LIS-SVQ,LIS,SVQ,Lisbon,Seville,PT,ES,321.7,2,no_country_pair_in_rail_dataset
LIS-TLS,LIS,TLS,Lisbon,Toulouse/Blagnac,PT,FR,1029.4,1,no_country_pair_in_rail_dataset
LIS-VLC,LIS,VLC,Lisbon,Valencia,PT,ES,750.3,2,no_country_pair_in_rail_dataset
LIS-PXO,LIS,PXO,Lisbon,Vila Baleira,PT,PT,907.6,3,no_country_pair_in_rail_dataset
LIS-SMA,LIS,SMA,Lisbon,Vila do Porto,PT,PT,1419.8,2,no_country_pair_in_rail_dataset
PDL-FNC,PDL,FNC,Ponta Delgada,Funchal,PT,PT,984.9,3,no_country_pair_in_rail_dataset
PDL-LIS,PDL,LIS,Ponta Delgada,Lisbon,PT,PT,1448.6,2,no_country_pair_in_rail_dataset
OPO-BCN,OPO,BCN,Porto,Barcelona,PT,ES,898.7,5,no_country_pair_in_rail_dataset
OPO-BVA,OPO,BVA,Porto,Beauvais,PT,FR,1240.2,1,no_country_pair_in_rail_dataset
OPO-BHX,OPO,BHX,Porto,"Birmingham, West Midlands",PT,GB,1351.5,1,no_country_pair_in_rail_dataset
OPO-BOD,OPO,BOD,Porto,Bordeaux,PT,FR,759.5,1,no_country_pair_in_rail_dataset
OPO-BSL,OPO,BSL,Porto,Bâle / Mulhouse,PT,FR,1463.7,1,no_country_pair_in_rail_dataset
OPO-CCF,OPO,CCF,Porto,Carcassonne,PT,FR,930.0,1,no_country_pair_in_rail_dataset
OPO-XCR,OPO,XCR,Porto,Chalons en Champagne,PT,FR,1310.9,1,no_country_pair_in_rail_dataset
OPO-CRL,OPO,CRL,Porto,Charleroi,PT,BE,1440.0,1,no_country_pair_in_rail_dataset
OPO-CFE,OPO,CFE,Porto,Clermont-Ferrand,PT,FR,1079.1,1,no_country_pair_in_rail_dataset
OPO-LYS,OPO,LYS,Porto,"Colombier-Saugnieu, Rhône",PT,FR,1215.4,2,no_country_pair_in_rail_dataset
OPO-DLE,OPO,DLE,Porto,Dole,PT,FR,1294.1,1,no_country_pair_in_rail_dataset
OPO-DUB,OPO,DUB,Porto,Dublin,PT,IE,1366.4,1,no_country_pair_in_rail_dataset
OPO-MXP,OPO,MXP,Porto,Ferno (VA),PT,IT,1484.1,2,no_country_pair_in_rail_dataset
OPO-FNC,OPO,FNC,Porto,Funchal,PT,PT,1190.8,3,no_country_pair_in_rail_dataset
OPO-GVA,OPO,GVA,Porto,Geneva,PT,CH,1308.6,3,no_country_pair_in_rail_dataset
OPO-LRH,OPO,LRH,Porto,La Rochelle,PT,FR,813.4,1,no_country_pair_in_rail_dataset
OPO-LIL,OPO,LIL,Porto,Lesquin,PT,FR,1376.8,1,no_country_pair_in_rail_dataset
OPO-LIS,OPO,LIS,Porto,Lisbon,PT,PT,277.0,5,no_country_pair_in_rail_dataset
OPO-LPL,OPO,LPL,Porto,Liverpool,PT,GB,1412.9,1,no_country_pair_in_rail_dataset
OPO-LGW,OPO,LGW,Porto,London,PT,GB,1278.5,2,no_country_pair_in_rail_dataset
OPO-LHR,OPO,LHR,Porto,London,PT,GB,1298.2,1,no_country_pair_in_rail_dataset
OPO-STN,OPO,STN,Porto,"London, Essex",PT,GB,1362.8,1,no_country_pair_in_rail_dataset
OPO-LUX,OPO,LUX,Porto,Luxembourg,PT,LU,1484.8,2,no_country_pair_in_rail_dataset
OPO-MAD,OPO,MAD,Porto,Madrid,PT,ES,437.6,6,no_country_pair_in_rail_dataset
OPO-MRS,OPO,MRS,Porto,"Marignane, Bouches-du-Rhône",PT,FR,1166.1,1,no_country_pair_in_rail_dataset
OPO-NTE,OPO,NTE,Porto,Nantes,PT,FR,864.6,1,no_country_pair_in_rail_dataset
OPO-PMI,OPO,PMI,Porto,Palma de Mallorca,PT,ES,984.5,1,no_country_pair_in_rail_dataset
OPO-ORY,OPO,ORY,Porto,"Paris (Orly, Val-de-Marne)",PT,FR,1200.2,5,no_country_pair_in_rail_dataset
OPO-CDG,OPO,CDG,Porto,"Paris (Roissy-en-France, Val-d'Oise)",PT,FR,1231.1,1,no_country_pair_in_rail_dataset
OPO-TUF,OPO,TUF,Porto,"Tours, Indre-et-Loire",PT,FR,1014.9,1,no_country_pair_in_rail_dataset
OPO-VLC,OPO,VLC,Porto,Valencia,PT,ES,721.4,1,no_country_pair_in_rail_dataset
OPO-BRU,OPO,BRU,Porto,Zaventem,PT,BE,1473.4,5,no_country_pair_in_rail_dataset
PXO-LIS,PXO,LIS,Vila Baleira,Lisbon,PT,PT,907.6,3,no_country_pair_in_rail_dataset
ARW-BGY,ARW,BGY,Arad,Orio al Serio (BG),RO,IT,894.8,1,no_country_pair_in_rail_dataset
CLJ-BLQ,CLJ,BLQ,Cluj-Napoca,Bologna,RO,IT,994.2,1,no_country_pair_in_rail_dataset
CLJ-CRL,CLJ,CRL,Cluj-Napoca,Charleroi,RO,BE,1466.3,1,no_country_pair_in_rail_dataset
CLJ-DTM,CLJ,DTM,Cluj-Napoca,Dortmund,RO,DE,1278.4,1,no_country_pair_in_rail_dataset
CLJ-EIN,CLJ,EIN,Cluj-Napoca,Eindhoven,RO,NL,1425.2,1,no_country_pair_in_rail_dataset
CLJ-MUC,CLJ,MUC,Cluj-Napoca,Munich,RO,DE,908.6,1,no_country_pair_in_rail_dataset
CLJ-BGY,CLJ,BGY,Cluj-Napoca,Orio al Serio (BG),RO,IT,1080.8,1,no_country_pair_in_rail_dataset
CLJ-PRG,CLJ,PRG,Cluj-Napoca,Prague,RO,CZ,786.1,2,no_country_pair_in_rail_dataset
CLJ-CIA,CLJ,CIA,Cluj-Napoca,Rome,RO,IT,1041.0,1,no_country_pair_in_rail_dataset
CLJ-TSF,CLJ,TSF,Cluj-Napoca,Treviso (TV),RO,IT,892.3,1,no_country_pair_in_rail_dataset
CLJ-VIE,CLJ,VIE,Cluj-Napoca,Vienna,RO,AT,554.8,2,no_distance_compatible_rail_candidate
CND-IST,CND,IST,Constanța,Istanbul,RO,TR,343.9,1,no_distance_compatible_rail_candidate
CRA-BGY,CRA,BGY,Craiova,Orio al Serio (BG),RO,IT,1123.6,1,no_country_pair_in_rail_dataset
IAS-BLQ,IAS,BLQ,Iaşi,Bologna,RO,IT,1295.9,2,no_country_pair_in_rail_dataset
IAS-FCO,IAS,FCO,Iaşi,Rome,RO,IT,1354.6,2,no_country_pair_in_rail_dataset
OTP-BRI,OTP,BRI,Otopeni,Bari,RO,IT,851.2,1,no_country_pair_in_rail_dataset
OTP-BEG,OTP,BEG,Otopeni,Belgrade,RO,RS,458.7,2,no_country_pair_in_rail_dataset
OTP-BLQ,OTP,BLQ,Otopeni,Bologna,RO,IT,1172.3,1,no_country_pair_in_rail_dataset
OTP-VRN,OTP,VRN,Otopeni,Caselle (VR),RO,IT,1198.4,1,no_country_pair_in_rail_dataset
OTP-CTA,OTP,CTA,Otopeni,Catania,RO,IT,1215.2,1,no_country_pair_in_rail_dataset
OTP-MXP,OTP,MXP,Otopeni,Ferno (VA),RO,IT,1366.1,1,no_country_pair_in_rail_dataset
OTP-FRA,OTP,FRA,Otopeni,Frankfurt am Main,RO,DE,1450.9,3,no_country_pair_in_rail_dataset
OTP-CUF,OTP,CUF,Otopeni,Levaldigi (CN),RO,IT,1461.0,1,no_country_pair_in_rail_dataset
OTP-SVO,OTP,SVO,Otopeni,Moscow,RO,RU,1497.1,2,no_country_pair_in_rail_dataset
OTP-MUC,OTP,MUC,Otopeni,Munich,RO,DE,1172.3,2,no_country_pair_in_rail_dataset
OTP-NAP,OTP,NAP,Otopeni,Napoli,RO,IT,1047.0,1,no_country_pair_in_rail_dataset
OTP-BGY,OTP,BGY,Otopeni,Orio al Serio (BG),RO,IT,1289.8,1,no_country_pair_in_rail_dataset
OTP-PEG,OTP,PEG,Otopeni,Perugia (PG),RO,IT,1101.0,1,no_country_pair_in_rail_dataset
OTP-PSA,OTP,PSA,Otopeni,Pisa (PI),RO,IT,1255.9,1,no_country_pair_in_rail_dataset
OTP-PRG,OTP,PRG,Otopeni,Prague,RO,CZ,1081.7,3,no_country_pair_in_rail_dataset
OTP-CIA,OTP,CIA,Otopeni,Rome,RO,IT,1136.2,1,no_country_pair_in_rail_dataset
OTP-FCO,OTP,FCO,Otopeni,Rome,RO,IT,1162.7,3,no_country_pair_in_rail_dataset
OTP-LIN,OTP,LIN,Otopeni,Segrate (MI),RO,IT,1323.9,2,no_country_pair_in_rail_dataset
OTP-SOF,OTP,SOF,Otopeni,Sofia,RO,BG,300.3,3,no_country_pair_in_rail_dataset
OTP-ATH,OTP,ATH,Otopeni,Spata-Artemida,RO,GR,759.5,3,no_country_pair_in_rail_dataset
OTP-SKG,OTP,SKG,Otopeni,Thessaloniki,RO,GR,518.5,1,no_country_pair_in_rail_dataset
OTP-TSF,OTP,TSF,Otopeni,Treviso (TV),RO,IT,1096.6,1,no_country_pair_in_rail_dataset
OTP-WAW,OTP,WAW,Otopeni,Warsaw,RO,PL,925.2,2,no_country_pair_in_rail_dataset
OTP-ZRH,OTP,ZRH,Otopeni,Zurich,RO,CH,1389.8,1,no_country_pair_in_rail_dataset
TGM-DTM,TGM,DTM,Recea,Dortmund,RO,DE,1344.2,1,no_country_pair_in_rail_dataset
SBZ-MUC,SBZ,MUC,Sibiu,Munich,RO,DE,973.1,2,no_country_pair_in_rail_dataset
TSR-BVA,TSR,BVA,Timişoara,Beauvais,RO,FR,1491.9,1,no_country_pair_in_rail_dataset
TSR-BLQ,TSR,BLQ,Timişoara,Bologna,RO,IT,799.8,1,no_country_pair_in_rail_dataset
TSR-DTM,TSR,DTM,Timişoara,Dortmund,RO,DE,1188.4,1,no_country_pair_in_rail_dataset
TSR-MUC,TSR,MUC,Timişoara,Munich,RO,DE,775.9,1,no_country_pair_in_rail_dataset
TSR-BGY,TSR,BGY,Timişoara,Orio al Serio (BG),RO,IT,901.8,1,no_country_pair_in_rail_dataset
TSR-CIA,TSR,CIA,Timişoara,Rome,RO,IT,830.6,1,no_country_pair_in_rail_dataset
TSR-TSF,TSR,TSF,Timişoara,Treviso (TV),RO,IT,709.6,1,no_country_pair_in_rail_dataset
BEG-AMS,BEG,AMS,Belgrade,Amsterdam,RS,NL,1410.2,2,no_country_pair_in_rail_dataset
BEG-BVA,BEG,BVA,Belgrade,Beauvais,RS,FR,1465.3,1,no_country_pair_in_rail_dataset
BEG-BUD,BEG,BUD,Belgrade,Budapest,RS,HU,301.4,2,no_country_pair_in_rail_dataset
BEG-CRL,BEG,CRL,Belgrade,Charleroi,RS,BE,1339.3,1,no_country_pair_in_rail_dataset
BEG-CPH,BEG,CPH,Belgrade,Copenhagen,RS,DK,1316.7,1,no_country_pair_in_rail_dataset
BEG-DTM,BEG,DTM,Belgrade,Dortmund,RS,DE,1197.8,1,no_country_pair_in_rail_dataset
BEG-DUS,BEG,DUS,Belgrade,Düsseldorf,RS,DE,1234.2,2,no_country_pair_in_rail_dataset
BEG-EIN,BEG,EIN,Belgrade,Eindhoven,RS,NL,1327.3,1,no_country_pair_in_rail_dataset
BEG-MXP,BEG,MXP,Belgrade,Ferno (VA),RS,IT,910.7,3,no_country_pair_in_rail_dataset
BEG-FRA,BEG,FRA,Belgrade,Frankfurt am Main,RS,DE,1055.0,5,no_country_pair_in_rail_dataset
BEG-GVA,BEG,GVA,Belgrade,Geneva,RS,CH,1115.8,3,no_country_pair_in_rail_dataset
BEG-SKP,BEG,SKP,Belgrade,Ilinden,RS,MK,335.3,1,no_country_pair_in_rail_dataset
BEG-IST,BEG,IST,Belgrade,Istanbul,RS,TR,789.2,1,no_country_pair_in_rail_dataset
BEG-MMX,BEG,MMX,Belgrade,Malmö,RS,SE,1288.4,1,no_country_pair_in_rail_dataset
BEG-FMM,BEG,FMM,Belgrade,Memmingen,RS,DE,848.0,1,no_country_pair_in_rail_dataset
BEG-MUC,BEG,MUC,Belgrade,Munich,RS,DE,760.1,2,no_country_pair_in_rail_dataset
BEG-OTP,BEG,OTP,Belgrade,Otopeni,RS,RO,458.7,2,no_country_pair_in_rail_dataset
BEG-CDG,BEG,CDG,Belgrade,"Paris (Roissy-en-France, Val-d'Oise)",RS,FR,1422.9,2,no_country_pair_in_rail_dataset
BEG-PRG,BEG,PRG,Belgrade,Prague,RS,CZ,742.3,1,no_country_pair_in_rail_dataset
BEG-FCO,BEG,FCO,Belgrade,Rome,RS,IT,732.5,3,no_country_pair_in_rail_dataset
BEG-SOF,BEG,SOF,Belgrade,Sofia,RS,BG,343.5,1,no_country_pair_in_rail_dataset
BEG-ATH,BEG,ATH,Belgrade,Spata-Artemida,RS,GR,822.9,3,no_country_pair_in_rail_dataset
BEG-SPU,BEG,SPU,Belgrade,Split,RS,HR,350.0,1,no_country_pair_in_rail_dataset
BEG-STR,BEG,STR,Belgrade,Stuttgart,RS,DE,946.8,3,no_country_pair_in_rail_dataset
BEG-SKG,BEG,SKG,Belgrade,Thessaloniki,RS,GR,525.1,1,no_country_pair_in_rail_dataset
BEG-VAR,BEG,VAR,Belgrade,Varna,RS,BG,626.0,1,no_country_pair_in_rail_dataset
BEG-VIE,BEG,VIE,Belgrade,Vienna,RS,AT,464.7,2,no_country_pair_in_rail_dataset
BEG-WAW,BEG,WAW,Belgrade,Warsaw,RS,PL,818.4,2,no_country_pair_in_rail_dataset
BEG-BRU,BEG,BRU,Belgrade,Zaventem,RS,BE,1356.6,1,no_country_pair_in_rail_dataset
BEG-LJU,BEG,LJU,Belgrade,Zgornji Brnik,RS,SI,481.8,1,no_country_pair_in_rail_dataset
BEG-ZRH,BEG,ZRH,Belgrade,Zurich,RS,CH,951.4,2,no_country_pair_in_rail_dataset
ARH-SVO,ARH,SVO,Archangelsk,Moscow,RU,RU,975.7,2,no_country_pair_in_rail_dataset
ARH-NNM,ARH,NNM,Archangelsk,Naryan Mar,RU,RU,651.0,2,no_country_pair_in_rail_dataset
ARH-LED,ARH,LED,Archangelsk,St. Petersburg,RU,RU,759.0,2,no_country_pair_in_rail_dataset
EGO-DME,EGO,DME,Belgorod,Moscow,RU,RU,537.1,3,no_country_pair_in_rail_dataset
CEE-HEL,CEE,HEL,Cherepovets,Helsinki (Vantaa),RU,FI,738.1,1,no_country_pair_in_rail_dataset
KGD-MSQ,KGD,MSQ,Kaliningrad,Minsk,RU,BY,494.3,1,no_country_pair_in_rail_dataset
KGD-DME,KGD,DME,Kaliningrad,Moscow,RU,RU,1098.4,3,no_country_pair_in_rail_dataset
KGD-RIX,KGD,RIX,Kaliningrad,Riga,RU,LV,308.3,1,no_country_pair_in_rail_dataset
KRR-IST,KRR,IST,Krasnodar,Istanbul,RU,TR,943.6,1,no_country_pair_in_rail_dataset
KRR-MSQ,KRR,MSQ,Krasnodar,Minsk,RU,BY,1268.5,1,no_country_pair_in_rail_dataset
KRR-DME,KRR,DME,Krasnodar,Moscow,RU,RU,1157.0,4,no_country_pair_in_rail_dataset
KRR-VKO,KRR,VKO,Krasnodar,Moscow,RU,RU,1181.6,2,no_country_pair_in_rail_dataset
KRR-SKG,KRR,SKG,Krasnodar,Thessaloniki,RU,GR,1411.6,1,no_country_pair_in_rail_dataset
MRV-DME,MRV,DME,Mineralnyye Vody,Moscow,RU,RU,1296.9,3,no_country_pair_in_rail_dataset
SVO-ARH,SVO,ARH,Moscow,Archangelsk,RU,RU,975.7,2,no_country_pair_in_rail_dataset
SVO-KRK,SVO,KRK,Moscow,Balice,RU,PL,1343.5,1,no_country_pair_in_rail_dataset
DME-EGO,DME,EGO,Moscow,Belgorod,RU,RU,537.1,3,no_country_pair_in_rail_dataset
DME-DNK,DME,DNK,Moscow,Dnipro,RU,UA,807.2,2,no_country_pair_in_rail_dataset
SVO-DNK,SVO,DNK,Moscow,Dnipro,RU,UA,861.7,1,no_country_pair_in_rail_dataset
DME-HEL,DME,HEL,Moscow,Helsinki (Vantaa),RU,FI,937.7,2,no_country_pair_in_rail_dataset
SVO-HEL,SVO,HEL,Moscow,Helsinki (Vantaa),RU,FI,873.4,2,no_country_pair_in_rail_dataset
DME-KGD,DME,KGD,Moscow,Kaliningrad,RU,RU,1098.4,3,no_country_pair_in_rail_dataset
DME-KRR,DME,KRR,Moscow,Krasnodar,RU,RU,1157.0,4,no_country_pair_in_rail_dataset
VKO-KRR,VKO,KRR,Moscow,Krasnodar,RU,RU,1181.6,2,no_country_pair_in_rail_dataset
VKO-LWO,VKO,LWO,Moscow,Lviv,RU,UA,1100.1,1,no_country_pair_in_rail_dataset
DME-MRV,DME,MRV,Moscow,Mineralnyye Vody,RU,RU,1296.9,3,no_country_pair_in_rail_dataset
DME-MSQ,DME,MSQ,Moscow,Minsk,RU,BY,656.3,3,no_country_pair_in_rail_dataset
SVO-MSQ,SVO,MSQ,Moscow,Minsk,RU,BY,641.5,1,no_country_pair_in_rail_dataset
SVO-MMK,SVO,MMK,Moscow,Murmansk,RU,RU,1443.0,2,no_country_pair_in_rail_dataset
DME-GOJ,DME,GOJ,Moscow,Nizhny Novgorod,RU,RU,378.2,2,no_country_pair_in_rail_dataset
SVO-OTP,SVO,OTP,Moscow,Otopeni,RU,RO,1497.1,2,no_country_pair_in_rail_dataset
DME-RIX,DME,RIX,Moscow,Riga,RU,LV,877.4,2,no_country_pair_in_rail_dataset
SVO-RIX,SVO,RIX,Moscow,Riga,RU,LV,831.3,2,no_country_pair_in_rail_dataset
VKO-RIX,VKO,RIX,Moscow,Riga,RU,LV,832.7,2,no_country_pair_in_rail_dataset
DME-ROV,DME,ROV,Moscow,Rostov-on-Don,RU,RU,891.0,3,no_country_pair_in_rail_dataset
DME-KUF,DME,KUF,Moscow,Samara,RU,RU,818.9,3,no_country_pair_in_rail_dataset
DME-SIP,DME,SIP,Moscow,Simferopol,RU,UA,1184.6,3,no_country_pair_in_rail_dataset
SVO-SIP,SVO,SIP,Moscow,Simferopol,RU,UA,1238.4,1,no_country_pair_in_rail_dataset
DME-AER,DME,AER,Moscow,Sochi,RU,RU,1337.9,3,no_country_pair_in_rail_dataset
DME-LED,DME,LED,Moscow,St. Petersburg,RU,RU,666.9,5,no_country_pair_in_rail_dataset
VKO-LED,VKO,LED,Moscow,St. Petersburg,RU,RU,625.4,2,no_country_pair_in_rail_dataset
DME-STW,DME,STW,Moscow,Stavropol,RU,RU,1183.1,2,no_country_pair_in_rail_dataset
SVO-ARN,SVO,ARN,Moscow,Stockholm,RU,SE,1218.7,2,no_country_pair_in_rail_dataset
SVO-SCW,SVO,SCW,Moscow,Syktyvkar,RU,RU,994.7,2,no_country_pair_in_rail_dataset
SVO-TLL,SVO,TLL,Moscow,Tallinn,RU,EE,837.7,2,no_country_pair_in_rail_dataset
DME-UFA,DME,UFA,Moscow,Ufa,RU,RU,1147.1,4,no_country_pair_in_rail_dataset
DME-VNO,DME,VNO,Moscow,Vilnius,RU,LT,808.0,1,no_country_pair_in_rail_dataset
SVO-VNO,SVO,VNO,Moscow,Vilnius,RU,LT,780.8,1,no_country_pair_in_rail_dataset
VKO-VNO,VKO,VNO,Moscow,Vilnius,RU,LT,768.1,1,no_country_pair_in_rail_dataset
DME-VOZ,DME,VOZ,Moscow,Voronezh,RU,RU,409.1,2,no_country_pair_in_rail_dataset
SVO-WAW,SVO,WAW,Moscow,Warsaw,RU,PL,1150.1,2,no_country_pair_in_rail_dataset
MMK-SVO,MMK,SVO,Murmansk,Moscow,RU,RU,1443.0,2,no_country_pair_in_rail_dataset
MMK-LED,MMK,LED,Murmansk,St. Petersburg,RU,RU,1005.7,2,no_country_pair_in_rail_dataset
MMK-TOS,MMK,TOS,Murmansk,Tromsø,RU,NO,553.2,1,no_country_pair_in_rail_dataset
NNM-ARH,NNM,ARH,Naryan Mar,Archangelsk,RU,RU,651.0,2,no_country_pair_in_rail_dataset
GOJ-DME,GOJ,DME,Nizhny Novgorod,Moscow,RU,RU,378.2,2,no_country_pair_in_rail_dataset
ROV-IST,ROV,IST,Rostov-on-Don,Istanbul,RU,TR,1124.8,2,no_country_pair_in_rail_dataset
ROV-DME,ROV,DME,Rostov-on-Don,Moscow,RU,RU,891.0,3,no_country_pair_in_rail_dataset
ROV-SIP,ROV,SIP,Rostov-on-Don,Simferopol,RU,UA,531.6,1,no_country_pair_in_rail_dataset
KUF-MSQ,KUF,MSQ,Samara,Minsk,RU,BY,1451.2,1,no_country_pair_in_rail_dataset
KUF-DME,KUF,DME,Samara,Moscow,RU,RU,818.9,3,no_country_pair_in_rail_dataset
AER-IST,AER,IST,Sochi,Istanbul,RU,TR,952.6,2,no_country_pair_in_rail_dataset
AER-MSQ,AER,MSQ,Sochi,Minsk,RU,BY,1449.5,1,no_country_pair_in_rail_dataset
AER-DME,AER,DME,Sochi,Moscow,RU,RU,1337.9,4,no_country_pair_in_rail_dataset
LED-ARH,LED,ARH,St. Petersburg,Archangelsk,RU,RU,759.0,2,no_country_pair_in_rail_dataset
LED-CPH,LED,CPH,St. Petersburg,Copenhagen,RU,DK,1140.1,1,no_country_pair_in_rail_dataset
LED-HAM,LED,HAM,St. Petersburg,Hamburg,RU,DE,1406.6,2,no_country_pair_in_rail_dataset
LED-HEL,LED,HEL,St. Petersburg,Helsinki (Vantaa),RU,FI,299.6,2,no_country_pair_in_rail_dataset
LED-MSQ,LED,MSQ,St. Petersburg,Minsk,RU,BY,671.1,3,no_country_pair_in_rail_dataset
LED-DME,LED,DME,St. Petersburg,Moscow,RU,RU,666.9,5,no_country_pair_in_rail_dataset
LED-VKO,LED,VKO,St. Petersburg,Moscow,RU,RU,625.4,2,no_country_pair_in_rail_dataset
LED-MMK,LED,MMK,St. Petersburg,Murmansk,RU,RU,1005.7,2,no_country_pair_in_rail_dataset
LED-OSL,LED,OSL,St. Petersburg,Oslo (Gardermoen),RU,NO,1062.6,1,no_country_pair_in_rail_dataset
LED-PED,LED,PED,St. Petersburg,Pardubice,RU,CZ,1424.0,1,no_country_pair_in_rail_dataset
LED-PRG,LED,PRG,St. Petersburg,Prague,RU,CZ,1478.2,2,no_country_pair_in_rail_dataset
LED-RIX,LED,RIX,St. Petersburg,Riga,RU,LV,486.7,1,no_country_pair_in_rail_dataset
LED-ARN,LED,ARN,St. Petersburg,Stockholm,RU,SE,690.6,2,no_country_pair_in_rail_dataset
LED-SCW,LED,SCW,St. Petersburg,Syktyvkar,RU,RU,1132.9,2,no_country_pair_in_rail_dataset
LED-TLL,LED,TLL,St. Petersburg,Tallinn,RU,EE,308.4,1,no_country_pair_in_rail_dataset
LED-VNO,LED,VNO,St. Petersburg,Vilnius,RU,LT,647.5,1,no_country_pair_in_rail_dataset
LED-VOZ,LED,VOZ,St. Petersburg,Voronezh,RU,RU,1048.0,2,no_country_pair_in_rail_dataset
LED-WAW,LED,WAW,St. Petersburg,Warsaw,RU,PL,1025.1,1,no_country_pair_in_rail_dataset
STW-DME,STW,DME,Stavropol,Moscow,RU,RU,1183.1,2,no_country_pair_in_rail_dataset
SCW-SVO,SCW,SVO,Syktyvkar,Moscow,RU,RU,994.7,2,no_country_pair_in_rail_dataset
SCW-LED,SCW,LED,Syktyvkar,St. Petersburg,RU,RU,1132.9,2,no_country_pair_in_rail_dataset
UFA-DME,UFA,DME,Ufa,Moscow,RU,RU,1147.1,4,no_country_pair_in_rail_dataset
VOZ-DME,VOZ,DME,Voronezh,Moscow,RU,RU,409.1,2,no_country_pair_in_rail_dataset
VOZ-LED,VOZ,LED,Voronezh,St. Petersburg,RU,RU,1048.0,2,no_country_pair_in_rail_dataset
GOT-AMS,GOT,AMS,Göteborg,Amsterdam,SE,NL,763.5,1,no_country_pair_in_rail_dataset
GOT-BHX,GOT,BHX,Göteborg,"Birmingham, West Midlands",SE,GB,1061.6,1,no_country_pair_in_rail_dataset
GOT-LYS,GOT,LYS,Göteborg,"Colombier-Saugnieu, Rhône",SE,FR,1414.9,2,no_country_pair_in_rail_dataset
GOT-HEL,GOT,HEL,Göteborg,Helsinki (Vantaa),SE,FI,782.7,1,no_country_pair_in_rail_dataset
GOT-LGW,GOT,LGW,Göteborg,London,SE,GB,1081.2,1,no_country_pair_in_rail_dataset
GOT-LHR,GOT,LHR,Göteborg,London,SE,GB,1068.7,4,no_country_pair_in_rail_dataset
GOT-MAN,GOT,MAN,Göteborg,"Manchester, Greater Manchester",SE,GB,1031.8,1,no_country_pair_in_rail_dataset
GOT-OSL,GOT,OSL,Göteborg,Oslo (Gardermoen),SE,NO,289.5,2,no_distance_compatible_rail_candidate
GOT-CDG,GOT,CDG,Göteborg,"Paris (Roissy-en-France, Val-d'Oise)",SE,FR,1156.4,2,no_country_pair_in_rail_dataset
GOT-RIX,GOT,RIX,Göteborg,Riga,SE,LV,706.4,1,no_country_pair_in_rail_dataset
GOT-SVG,GOT,SVG,Göteborg,Stavanger,SE,NO,411.0,1,no_distance_compatible_rail_candidate
GOT-BRU,GOT,BRU,Göteborg,Zaventem,SE,BE,905.0,2,no_country_pair_in_rail_dataset
LPI-AMS,LPI,AMS,Linköping,Amsterdam,SE,NL,965.3,1,no_country_pair_in_rail_dataset
LPI-CPH,LPI,CPH,Linköping,Copenhagen,SE,DK,360.0,1,no_country_pair_in_rail_dataset
MMX-BEG,MMX,BEG,Malmö,Belgrade,SE,RS,1288.4,1,no_country_pair_in_rail_dataset
MMX-BUD,MMX,BUD,Malmö,Budapest,SE,HU,988.3,1,no_country_pair_in_rail_dataset
MMX-TZL,MMX,TZL,Malmö,Dubrave Gornje,SE,BA,1288.6,1,no_country_pair_in_rail_dataset
MMX-GDN,MMX,GDN,Malmö,Gdańsk,SE,PL,349.5,1,no_country_pair_in_rail_dataset
MMX-KTW,MMX,KTW,Malmö,Katowice,SE,PL,679.4,1,no_country_pair_in_rail_dataset
MMX-STN,MMX,STN,Malmö,"London, Essex",SE,GB,953.4,1,no_country_pair_in_rail_dataset
MMX-WAW,MMX,WAW,Malmö,Warsaw,SE,PL,622.6,1,no_country_pair_in_rail_dataset
NRK-HEL,NRK,HEL,Norrköping,Helsinki (Vantaa),SE,FI,528.2,2,no_country_pair_in_rail_dataset
NYO-KRK,NYO,KRK,Nyköping,Balice,SE,PL,986.2,1,no_country_pair_in_rail_dataset
NYO-BVA,NYO,BVA,Nyköping,Beauvais,SE,FR,1410.8,1,no_country_pair_in_rail_dataset
NYO-BUD,NYO,BUD,Nyköping,Budapest,SE,HU,1272.6,1,no_country_pair_in_rail_dataset
NYO-CRL,NYO,CRL,Nyköping,Charleroi,SE,BE,1220.8,1,no_country_pair_in_rail_dataset
NYO-GDN,NYO,GDN,Nyköping,Gdańsk,SE,PL,499.7,1,no_country_pair_in_rail_dataset
NYO-KTW,NYO,KTW,Nyköping,Katowice,SE,PL,934.8,1,no_country_pair_in_rail_dataset
NYO-STN,NYO,STN,Nyköping,"London, Essex",SE,GB,1298.7,1,no_country_pair_in_rail_dataset
NYO-WMI,NYO,WMI,Nyköping,Nowy Dwór Mazowiecki,SE,PL,742.6,1,no_country_pair_in_rail_dataset
NYO-POZ,NYO,POZ,Nyköping,Poznań,SE,PL,708.1,1,no_country_pair_in_rail_dataset
NYO-TSF,NYO,TSF,Nyköping,Treviso (TV),SE,IT,1495.2,1,no_country_pair_in_rail_dataset
NYO-WAW,NYO,WAW,Nyköping,Warsaw,SE,PL,779.3,1,no_country_pair_in_rail_dataset
ARN-AAL,ARN,AAL,Stockholm,Aalborg,SE,DK,549.5,1,no_country_pair_in_rail_dataset
BMA-AAR,BMA,AAR,Stockholm,Aarhus,SE,DK,550.0,1,no_country_pair_in_rail_dataset
ARN-AMS,ARN,AMS,Stockholm,Amsterdam,SE,NL,1152.4,4,no_country_pair_in_rail_dataset
ARN-KRK,ARN,KRK,Stockholm,Balice,SE,PL,1070.7,1,no_country_pair_in_rail_dataset
ARN-BGO,ARN,BGO,Stockholm,Bergen,SE,NO,709.8,2,no_distance_compatible_rail_candidate
ARN-BLL,ARN,BLL,Stockholm,Billund,SE,DK,677.7,1,no_country_pair_in_rail_dataset
ARN-BHX,ARN,BHX,Stockholm,"Birmingham, West Midlands",SE,GB,1451.9,1,no_country_pair_in_rail_dataset
ARN-BUD,ARN,BUD,Stockholm,Budapest,SE,HU,1361.4,1,no_country_pair_in_rail_dataset
ARN-CPH,ARN,CPH,Stockholm,Copenhagen,SE,DK,546.8,3,no_country_pair_in_rail_dataset
ARN-EDI,ARN,EDI,Stockholm,Edinburgh,SE,GB,1320.7,2,no_country_pair_in_rail_dataset
ARN-HEL,ARN,HEL,Stockholm,Helsinki (Vantaa),SE,FI,398.1,5,no_country_pair_in_rail_dataset
BMA-HEL,BMA,HEL,Stockholm,Helsinki (Vantaa),SE,FI,406.5,2,no_country_pair_in_rail_dataset
ARN-LCY,ARN,LCY,Stockholm,London,SE,GB,1435.1,1,no_country_pair_in_rail_dataset
ARN-LGW,ARN,LGW,Stockholm,London,SE,GB,1475.4,1,no_country_pair_in_rail_dataset
ARN-LHR,ARN,LHR,Stockholm,London,SE,GB,1462.7,6,no_country_pair_in_rail_dataset
ARN-LUX,ARN,LUX,Stockholm,Luxembourg,SE,LU,1341.2,1,no_country_pair_in_rail_dataset
ARN-MAN,ARN,MAN,Stockholm,"Manchester, Greater Manchester",SE,GB,1416.2,3,no_country_pair_in_rail_dataset
ARN-MSQ,ARN,MSQ,Stockholm,Minsk,SE,BY,886.9,1,no_country_pair_in_rail_dataset
ARN-SVO,ARN,SVO,Stockholm,Moscow,SE,RU,1218.7,2,no_country_pair_in_rail_dataset
ARN-OSL,ARN,OSL,Stockholm,Oslo (Gardermoen),SE,NO,385.2,3,no_distance_compatible_rail_candidate
ARN-OUL,ARN,OUL,Stockholm,Oulu / Oulunsalo,SE,FI,700.7,1,no_country_pair_in_rail_dataset
ARN-POR,ARN,POR,Stockholm,Pori,SE,FI,292.2,1,no_country_pair_in_rail_dataset
ARN-PRG,ARN,PRG,Stockholm,Prague,SE,CZ,1086.9,4,no_country_pair_in_rail_dataset
ARN-RIX,ARN,RIX,Stockholm,Riga,SE,LV,465.2,3,no_country_pair_in_rail_dataset
ARN-TRF,ARN,TRF,Stockholm,Sandefjord(Torp),SE,NO,436.7,1,no_distance_compatible_rail_candidate
ARN-LED,ARN,LED,Stockholm,St. Petersburg,SE,RU,690.6,2,no_country_pair_in_rail_dataset
ARN-SVG,ARN,SVG,Stockholm,Stavanger,SE,NO,702.7,1,no_distance_compatible_rail_candidate
ARN-TLL,ARN,TLL,Stockholm,Tallinn,SE,EE,390.0,2,no_country_pair_in_rail_dataset
ARN-TMP,ARN,TMP,Stockholm,Tampere / Pirkkala,SE,FI,367.1,3,no_country_pair_in_rail_dataset
ARN-TRD,ARN,TRD,Stockholm,Trondheim,SE,NO,562.5,1,no_distance_compatible_rail_candidate
ARN-TKU,ARN,TKU,Stockholm,Turku,SE,FI,258.9,2,no_country_pair_in_rail_dataset
ARN-VAA,ARN,VAA,Stockholm,Vaasa,SE,FI,429.8,4,no_country_pair_in_rail_dataset
ARN-VNO,ARN,VNO,Stockholm,Vilnius,SE,LT,711.8,2,no_country_pair_in_rail_dataset
ARN-WAW,ARN,WAW,Stockholm,Warsaw,SE,PL,853.1,1,no_country_pair_in_rail_dataset
ARN-BRU,ARN,BRU,Stockholm,Zaventem,SE,BE,1287.9,1,no_country_pair_in_rail_dataset
BMA-BRU,BMA,BRU,Stockholm,Zaventem,SE,BE,1266.3,2,no_country_pair_in_rail_dataset
ARN-ZRH,ARN,ZRH,Stockholm,Zurich,SE,CH,1487.1,2,no_country_pair_in_rail_dataset
VST-STN,VST,STN,Stockholm / Västerås,"London, Essex",SE,GB,1330.8,1,no_country_pair_in_rail_dataset
TYF-TLL,TYF,TLL,Torsby,Tallinn,SE,EE,666.8,1,no_country_pair_in_rail_dataset
VXO-AMS,VXO,AMS,Växjö,Amsterdam,SE,NL,820.5,1,no_country_pair_in_rail_dataset
VXO-OSL,VXO,OSL,Växjö,Oslo (Gardermoen),SE,NO,419.4,1,no_distance_compatible_rail_candidate
LJU-AMS,LJU,AMS,Zgornji Brnik,Amsterdam,SI,NL,974.4,1,no_country_pair_in_rail_dataset
LJU-BEG,LJU,BEG,Zgornji Brnik,Belgrade,SI,RS,481.8,1,no_country_pair_in_rail_dataset
LJU-CRL,LJU,CRL,Zgornji Brnik,Charleroi,SI,BE,875.3,1,no_country_pair_in_rail_dataset
LJU-CPH,LJU,CPH,Zgornji Brnik,Copenhagen,SI,DK,1052.1,2,no_country_pair_in_rail_dataset
LJU-FRA,LJU,FRA,Zgornji Brnik,Frankfurt am Main,SI,DE,608.4,2,no_country_pair_in_rail_dataset
LJU-SKP,LJU,SKP,Zgornji Brnik,Ilinden,SI,MK,742.7,1,no_country_pair_in_rail_dataset
LJU-IST,LJU,IST,Zgornji Brnik,Istanbul,SI,TR,1269.3,2,no_country_pair_in_rail_dataset
LJU-STN,LJU,STN,Zgornji Brnik,"London, Essex",SI,GB,1209.5,1,no_country_pair_in_rail_dataset
LJU-LTN,LJU,LTN,Zgornji Brnik,"Luton, Luton",SI,GB,1246.5,1,no_country_pair_in_rail_dataset
LJU-MUC,LJU,MUC,Zgornji Brnik,Munich,SI,DE,310.9,2,no_country_pair_in_rail_dataset
LJU-CDG,LJU,CDG,Zgornji Brnik,"Paris (Roissy-en-France, Val-d'Oise)",SI,FR,943.2,2,no_country_pair_in_rail_dataset
LJU-TGD,LJU,TGD,Zgornji Brnik,Podgorica,SI,ME,574.4,2,no_country_pair_in_rail_dataset
LJU-PRG,LJU,PRG,Zgornji Brnik,Prague,SI,CZ,431.4,1,no_country_pair_in_rail_dataset
LJU-PRN,LJU,PRN,Zgornji Brnik,Prishtina,SI,XK,661.4,1,no_country_pair_in_rail_dataset
LJU-TIA,LJU,TIA,Zgornji Brnik,Rinas,SI,AL,681.0,1,no_country_pair_in_rail_dataset
LJU-SJJ,LJU,SJJ,Zgornji Brnik,Sarajevo,SI,BA,404.7,1,no_country_pair_in_rail_dataset
LJU-VIE,LJU,VIE,Zgornji Brnik,Vienna,SI,AT,263.6,2,no_country_pair_in_rail_dataset
LJU-WAW,LJU,WAW,Zgornji Brnik,Warsaw,SI,PL,811.9,2,no_country_pair_in_rail_dataset
LJU-BRU,LJU,BRU,Zgornji Brnik,Zaventem,SI,BE,898.3,2,no_country_pair_in_rail_dataset
LJU-ZRH,LJU,ZRH,Zgornji Brnik,Zurich,SI,CH,469.8,2,no_country_pair_in_rail_dataset
BTS-AHO,BTS,AHO,Bratislava,Alghero,SK,IT,1096.2,1,no_country_pair_in_rail_dataset
BTS-BVA,BTS,BVA,Bratislava,Beauvais,SK,FR,1113.0,1,no_country_pair_in_rail_dataset
BTS-BHX,BTS,BHX,Bratislava,"Birmingham, West Midlands",SK,GB,1423.1,1,no_country_pair_in_rail_dataset
BTS-CRL,BTS,CRL,Bratislava,Charleroi,SK,BE,957.5,1,no_country_pair_in_rail_dataset
BTS-GRO,BTS,GRO,Bratislava,Girona,SK,ES,1329.0,1,no_country_pair_in_rail_dataset
BTS-STN,BTS,STN,Bratislava,"London, Essex",SK,GB,1277.7,1,no_country_pair_in_rail_dataset
BTS-LTN,BTS,LTN,Bratislava,"Luton, Luton",SK,GB,1318.0,1,no_country_pair_in_rail_dataset
BTS-BGY,BTS,BGY,Bratislava,Orio al Serio (BG),SK,IT,633.8,1,no_country_pair_in_rail_dataset
BTS-OSL,BTS,OSL,Bratislava,Oslo (Gardermoen),SK,NO,1393.4,1,no_country_pair_in_rail_dataset
BTS-PRG,BTS,PRG,Bratislava,Prague,SK,CZ,303.7,3,no_distance_compatible_rail_candidate
BTS-CIA,BTS,CIA,Bratislava,Rome,SK,IT,795.8,1,no_country_pair_in_rail_dataset
BTS-TPS,BTS,TPS,Bratislava,Trapani (TP),SK,IT,1203.0,1,no_country_pair_in_rail_dataset
KSC-VIE,KSC,VIE,Košice,Vienna,SK,AT,350.3,1,no_country_pair_in_rail_dataset
IST-BEG,IST,BEG,Istanbul,Belgrade,TR,RS,789.2,1,no_country_pair_in_rail_dataset
IST-BLQ,IST,BLQ,Istanbul,Bologna,TR,IT,1463.1,1,no_country_pair_in_rail_dataset
IST-BUD,IST,BUD,Istanbul,Budapest,TR,HU,1016.2,1,no_country_pair_in_rail_dataset
IST-CND,IST,CND,Istanbul,Constanța,TR,RO,343.9,1,no_distance_compatible_rail_candidate
IST-DNK,IST,DNK,Istanbul,Dnipro,TR,UA,933.3,3,no_country_pair_in_rail_dataset
IST-SKP,IST,SKP,Istanbul,Ilinden,TR,MK,595.7,1,no_country_pair_in_rail_dataset
IST-LWO,IST,LWO,Istanbul,Lviv,TR,UA,1019.1,1,no_country_pair_in_rail_dataset
IST-MSQ,IST,MSQ,Istanbul,Minsk,TR,BY,1403.5,2,no_country_pair_in_rail_dataset
IST-NAP,IST,NAP,Istanbul,Napoli,TR,IT,1209.8,1,no_country_pair_in_rail_dataset
IST-TGD,IST,TGD,Istanbul,Podgorica,TR,ME,794.4,1,no_country_pair_in_rail_dataset
IST-PRG,IST,PRG,Istanbul,Prague,TR,CZ,1487.6,1,no_country_pair_in_rail_dataset
IST-PRN,IST,PRN,Istanbul,Prishtina,TR,XK,652.6,1,no_country_pair_in_rail_dataset
IST-TIA,IST,TIA,Istanbul,Rinas,TR,AL,752.1,1,no_country_pair_in_rail_dataset
IST-FCO,IST,FCO,Istanbul,Rome,TR,IT,1370.8,2,no_country_pair_in_rail_dataset
IST-ROV,IST,ROV,Istanbul,Rostov-on-Don,TR,RU,1124.8,2,no_country_pair_in_rail_dataset
IST-SZG,IST,SZG,Istanbul,Salzburg,TR,AT,1438.1,1,no_country_pair_in_rail_dataset
IST-SJJ,IST,SJJ,Istanbul,Sarajevo,TR,BA,897.2,2,no_country_pair_in_rail_dataset
IST-AER,IST,AER,Istanbul,Sochi,TR,RU,952.6,2,no_country_pair_in_rail_dataset
IST-ATH,IST,ATH,Istanbul,Spata-Artemida,TR,GR,553.0,3,no_country_pair_in_rail_dataset
IST-SKG,IST,SKG,Istanbul,Thessaloniki,TR,GR,491.4,1,no_country_pair_in_rail_dataset
IST-MLA,IST,MLA,Istanbul,Valletta,TR,MT,1375.2,2,no_country_pair_in_rail_dataset
IST-ZAG,IST,ZAG,Istanbul,Velika Gorica,TR,HR,1133.9,2,no_country_pair_in_rail_dataset
IST-VCE,IST,VCE,Istanbul,Venezia (VE),TR,IT,1401.6,1,no_country_pair_in_rail_dataset
IST-VIE,IST,VIE,Istanbul,Vienna,TR,AT,1223.1,3,no_country_pair_in_rail_dataset
IST-WAW,IST,WAW,Istanbul,Warsaw,TR,PL,1346.1,2,no_country_pair_in_rail_dataset
IST-LJU,IST,LJU,Istanbul,Zgornji Brnik,TR,SI,1269.3,2,no_country_pair_in_rail_dataset
DNK-IST,DNK,IST,Dnipro,Istanbul,UA,TR,933.3,3,no_country_pair_in_rail_dataset
DNK-DME,DNK,DME,Dnipro,Moscow,UA,RU,807.2,2,no_country_pair_in_rail_dataset
DNK-SVO,DNK,SVO,Dnipro,Moscow,UA,RU,861.7,1,no_country_pair_in_rail_dataset
LWO-DTM,LWO,DTM,Lviv,Dortmund,UA,DE,1164.9,1,no_country_pair_in_rail_dataset
LWO-IST,LWO,IST,Lviv,Istanbul,UA,TR,1019.1,1,no_country_pair_in_rail_dataset
LWO-VKO,LWO,VKO,Lviv,Moscow,UA,RU,1100.1,1,no_country_pair_in_rail_dataset
LWO-MUC,LWO,MUC,Lviv,Munich,UA,DE,900.0,1,no_country_pair_in_rail_dataset
LWO-NAP,LWO,NAP,Lviv,Napoli,UA,IT,1245.1,1,no_country_pair_in_rail_dataset
LWO-BGY,LWO,BGY,Lviv,Orio al Serio (BG),UA,IT,1158.3,1,no_country_pair_in_rail_dataset
LWO-FCO,LWO,FCO,Lviv,Rome,UA,IT,1268.4,1,no_country_pair_in_rail_dataset
LWO-TSF,LWO,TSF,Lviv,Treviso (TV),UA,IT,992.6,1,no_country_pair_in_rail_dataset
LWO-VIE,LWO,VIE,Lviv,Vienna,UA,AT,571.2,2,no_distance_compatible_rail_candidate
SIP-DME,SIP,DME,Simferopol,Moscow,UA,RU,1184.6,3,no_country_pair_in_rail_dataset
SIP-SVO,SIP,SVO,Simferopol,Moscow,UA,RU,1238.4,1,no_country_pair_in_rail_dataset
SIP-ROV,SIP,ROV,Simferopol,Rostov-on-Don,UA,RU,531.6,1,no_country_pair_in_rail_dataset
PRN-BSL,PRN,BSL,Prishtina,Bâle / Mulhouse,XK,FR,1197.0,1,no_country_pair_in_rail_dataset
PRN-DUS,PRN,DUS,Prishtina,Düsseldorf,XK,DE,1449.2,1,no_country_pair_in_rail_dataset
PRN-FRA,PRN,FRA,Prishtina,Frankfurt am Main,XK,DE,1264.3,2,no_country_pair_in_rail_dataset
PRN-GVA,PRN,GVA,Prishtina,Geneva,XK,CH,1251.6,2,no_country_pair_in_rail_dataset
PRN-HAM,PRN,HAM,Prishtina,Hamburg,XK,DE,1474.4,1,no_country_pair_in_rail_dataset
PRN-HAJ,PRN,HAJ,Prishtina,Hannover,XK,DE,1387.8,1,no_country_pair_in_rail_dataset
PRN-IST,PRN,IST,Prishtina,Istanbul,XK,TR,652.6,1,no_country_pair_in_rail_dataset
PRN-MUC,PRN,MUC,Prishtina,Munich,XK,DE,965.0,2,no_country_pair_in_rail_dataset
PRN-STR,PRN,STR,Prishtina,Stuttgart,XK,DE,1140.9,1,no_country_pair_in_rail_dataset
PRN-ZAG,PRN,ZAG,Prishtina,Velika Gorica,XK,HR,530.1,1,no_country_pair_in_rail_dataset
PRN-VIE,PRN,VIE,Prishtina,Vienna,XK,AT,707.5,1,no_country_pair_in_rail_dataset
PRN-LJU,PRN,LJU,Prishtina,Zgornji Brnik,XK,SI,661.4,1,no_country_pair_in_rail_dataset
PRN-ZRH,PRN,ZRH,Prishtina,Zurich,XK,CH,1120.0,2,no_country_pair_in_rail_dataset
