route_pair,origin_iata,destination_iata,origin_city,destination_city,origin_country,destination_country,origin_latitude,origin_longitude,destination_latitude,destination_longitude,air_distance_km,airline_count,airlines,equipment
TIA-BRI,TIA,BRI,Rinas,Bari,AL,IT,41.4147,19.7206,41.138901,16.760599,249.2,1,AZ,32S 319
TIA-BLQ,TIA,BLQ,Rinas,Bologna,AL,IT,41.4147,19.7206,44.5354,11.2887,768.2,4,"AP,AZ,BV,JN","320,737"
TIA-VRN,TIA,VRN,Rinas,Caselle (VR),AL,IT,41.4147,19.7206,45.394955,10.887303,839.0,5,"AP,AZ,BV,IG,JN","320,737"
TIA-TRN,TIA,TRN,Rinas,Caselle Torinese (TO),AL,IT,41.4147,19.7206,45.200802,7.64963,1062.2,1,AZ,319 320 32S
TIA-MXP,TIA,MXP,Rinas,Ferno (VA),AL,IT,41.4147,19.7206,45.6306,8.72811,1001.4,5,"AP,AZ,BV,IG,JN","320,737"
TIA-FRA,TIA,FRA,Rinas,Frankfurt am Main,AL,DE,41.4147,19.7206,50.026706,8.55835,1288.7,1,JP,319
TIA-GOA,TIA,GOA,Rinas,Genova (GE),AL,IT,41.4147,19.7206,44.412039,8.840732,945.7,2,"AP,AZ",320
TIA-IST,TIA,IST,Rinas,Istanbul,AL,TR,41.4147,19.7206,41.274874,28.732136,752.1,1,TK,319
TIA-LGW,TIA,LGW,Rinas,London,AL,GB,41.4147,19.7206,51.148744,-0.185739,1864.2,1,BA,734
TIA-MUC,TIA,MUC,Rinas,Munich,AL,DE,41.4147,19.7206,48.353802,11.7861,991.9,1,LH,E95
TIA-BGY,TIA,BGY,Rinas,Orio al Serio (BG),AL,IT,41.4147,19.7206,45.669362,9.708851,934.4,1,BV,737
TIA-PSA,TIA,PSA,Rinas,Pisa (PI),AL,IT,41.4147,19.7206,43.683899,10.3927,804.2,3,"AP,AZ,BV","320,737"
TIA-FCO,TIA,FCO,Rinas,Rome,AL,IT,41.4147,19.7206,41.804532,12.251998,622.2,2,"AZ,BV","32S 319 E90 E75,737"
TIA-ATH,TIA,ATH,Rinas,Spata-Artemida,AL,GR,41.4147,19.7206,37.936401,23.9445,529.3,2,"A3,OA",DH4
TIA-VCE,TIA,VCE,Rinas,Venezia (VE),AL,IT,41.4147,19.7206,45.505299,12.3519,748.2,3,"AP,AZ,BV","320,737"
TIA-VIE,TIA,VIE,Rinas,Vienna,AL,AT,41.4147,19.7206,48.110298,16.5697,784.8,1,OS,100 320
TIA-LJU,TIA,LJU,Rinas,Zgornji Brnik,AL,SI,41.4147,19.7206,46.223701,14.4576,681.0,1,JP,CR9 CR2
GRZ-DUS,GRZ,DUS,Feldkirchen bei Graz,Düsseldorf,AT,DE,46.9911,15.4396,51.289501,6.76678,790.6,2,"LH,OS",DH4
GRZ-FRA,GRZ,FRA,Feldkirchen bei Graz,Frankfurt am Main,AT,DE,46.9911,15.4396,50.026706,8.55835,608.6,2,"LH,OS",E90 733
GRZ-HER,GRZ,HER,Feldkirchen bei Graz,Heraklion,AT,GR,46.9911,15.4396,35.339699,25.1803,1528.1,2,"AB,HG",320
GRZ-MUC,GRZ,MUC,Feldkirchen bei Graz,Munich,AT,DE,46.9911,15.4396,48.353802,11.7861,312.7,2,"LH,OS",CR9 CR7
GRZ-PMI,GRZ,PMI,Feldkirchen bei Graz,Palma de Mallorca,AT,ES,46.9911,15.4396,39.551701,2.73881,1316.9,2,"AB,HG",320
GRZ-STR,GRZ,STR,Feldkirchen bei Graz,Stuttgart,AT,DE,46.9911,15.4396,48.689899,9.22196,500.8,2,"LH,OS",DH4
GRZ-VIE,GRZ,VIE,Feldkirchen bei Graz,Vienna,AT,AT,46.9911,15.4396,48.110298,16.5697,150.6,1,OS,100 DH4 F70
GRZ-ZRH,GRZ,ZRH,Feldkirchen bei Graz,Zurich,AT,CH,46.9911,15.4396,47.458056,8.548056,522.8,1,3L,DH3
INN-AMS,INN,AMS,Innsbruck,Amsterdam,AT,NL,47.260201,11.344,52.308601,4.76389,733.1,1,HV,73H
INN-EIN,INN,EIN,Innsbruck,Eindhoven,AT,NL,47.260201,11.344,51.4500999451,5.37452983856,635.2,1,HV,73W
INN-FRA,INN,FRA,Innsbruck,Frankfurt am Main,AT,DE,47.260201,11.344,50.026706,8.55835,369.4,2,"LH,OS",DH4
INN-LGW,INN,LGW,Innsbruck,London,AT,GB,47.260201,11.344,51.148744,-0.185739,941.2,1,U2,319
INN-PMI,INN,PMI,Innsbruck,Palma de Mallorca,AT,ES,47.260201,11.344,39.551701,2.73881,1102.2,2,"AB,HG",320
INN-VIE,INN,VIE,Innsbruck,Vienna,AT,AT,47.260201,11.344,48.110298,16.5697,402.3,1,OS,F70 100 DH4 320
KLU-HAM,KLU,HAM,Klagenfurt am Wörthersee,Hamburg,AT,DE,46.642502,14.3377,53.630402,9.98823,836.2,2,"4U,OS",319 CRJ
KLU-CGN,KLU,CGN,Klagenfurt am Wörthersee,Köln (Cologne),AT,DE,46.642502,14.3377,50.865898,7.14274,705.6,2,"4U,OS",CRJ
KLU-VIE,KLU,VIE,Klagenfurt am Wörthersee,Vienna,AT,AT,46.642502,14.3377,48.110298,16.5697,234.3,1,OS,DH4
LNZ-DUS,LNZ,DUS,Linz,Düsseldorf,AT,DE,48.235362,14.188128,51.289501,6.76678,631.6,2,"LH,OS",DH4
LNZ-FRA,LNZ,FRA,Linz,Frankfurt am Main,AT,DE,48.235362,14.188128,50.026706,8.55835,455.3,2,"LH,OS","CR7 E90,E90 CR7"
LNZ-HER,LNZ,HER,Linz,Heraklion,AT,GR,48.235362,14.188128,35.339699,25.1803,1695.2,2,"AB,HG",321
LNZ-STN,LNZ,STN,Linz,"London, Essex",AT,GB,48.235362,14.188128,51.884998,0.235,1073.4,1,FR,738
LNZ-PMI,LNZ,PMI,Linz,Palma de Mallorca,AT,ES,48.235362,14.188128,39.551701,2.73881,1329.1,2,"AB,HG",320
LNZ-SZG,LNZ,SZG,Linz,Salzburg,AT,AT,48.235362,14.188128,47.793301,13.0043,100.8,1,XQ,738
LNZ-VIE,LNZ,VIE,Linz,Vienna,AT,AT,48.235362,14.188128,48.110298,16.5697,177.1,1,OS,DH4 D38
SZG-CLY,SZG,CLY,Salzburg,Calvi,AT,FR,47.793301,13.0043,42.530422,8.792984,671.7,2,"AB,HG",320
SZG-DUS,SZG,DUS,Salzburg,Düsseldorf,AT,DE,47.793301,13.0043,51.289501,6.76678,594.4,2,"AB,AY",DH4
SZG-FRA,SZG,FRA,Salzburg,Frankfurt am Main,AT,DE,47.793301,13.0043,50.026706,8.55835,408.8,2,"LH,OS",100
SZG-HAM,SZG,HAM,Salzburg,Hamburg,AT,DE,47.793301,13.0043,53.630402,9.98823,682.8,2,"AB,AY",320 319
SZG-HER,SZG,HER,Salzburg,Heraklion,AT,GR,47.793301,13.0043,35.339699,25.1803,1711.3,2,"AB,HG",321
SZG-IST,SZG,IST,Salzburg,Istanbul,AT,TR,47.793301,13.0043,41.274874,28.732136,1438.1,1,TK,320
SZG-CGN,SZG,CGN,Salzburg,Köln (Cologne),AT,DE,47.793301,13.0043,50.865898,7.14274,544.8,2,"4U,OS",319
SZG-LGW,SZG,LGW,Salzburg,London,AT,GB,47.793301,13.0043,51.148744,-0.185739,1021.7,2,"AB,BA",734
SZG-STN,SZG,STN,Salzburg,"London, Essex",AT,GB,47.793301,13.0043,51.884998,0.235,1020.6,1,FR,738
SZG-PMI,SZG,PMI,Salzburg,Palma de Mallorca,AT,ES,47.793301,13.0043,39.551701,2.73881,1231.4,2,"AB,HG",320
SZG-VIE,SZG,VIE,Salzburg,Vienna,AT,AT,47.793301,13.0043,48.110298,16.5697,267.8,3,"AB,HG,OS","320,DH4 100"
SZG-ZRH,SZG,ZRH,Salzburg,Zurich,AT,CH,47.793301,13.0043,47.458056,8.548056,336.0,1,3L,DH3
VIE-AMS,VIE,AMS,Vienna,Amsterdam,AT,NL,48.110298,16.5697,52.308601,4.76389,959.5,2,"KL,OS","319 F70 100 320,737 EMJ"
VIE-KRK,VIE,KRK,Vienna,Balice,AT,PL,48.110298,16.5697,50.077702,19.7848,320.4,2,"LO,OS","DH4 F70 100,F70 DH4"
VIE-BCN,VIE,BCN,Vienna,Barcelona,AT,ES,48.110298,16.5697,41.2971,2.07846,1369.7,6,"AB,CA,HG,IB,OS,VY","320,320 321,321 320,333"
VIE-BEG,VIE,BEG,Vienna,Belgrade,AT,RS,48.110298,16.5697,44.818401,20.309099,464.7,2,"JU,OS","AT7,F70 319 DH4 100 320"
VIE-BRN,VIE,BRN,Vienna,Bern,AT,CH,48.110298,16.5697,46.912736,7.498819,693.7,1,SX,D38
VIE-BLQ,VIE,BLQ,Vienna,Bologna,AT,IT,48.110298,16.5697,44.5354,11.2887,567.6,1,OS,F70 DH4 100
VIE-BRE,VIE,BRE,Vienna,Bremen,AT,DE,48.110298,16.5697,53.046786,8.78932,775.8,1,ST,319
VIE-BUD,VIE,BUD,Vienna,Budapest,AT,HU,48.110298,16.5697,47.43018,19.262393,215.0,1,OS,DH4 100 F70
VIE-BSL,VIE,BSL,Vienna,Bâle / Mulhouse,AT,FR,48.110298,16.5697,47.60068,7.521117,677.1,2,"LX,OS",DH4
VIE-CTA,VIE,CTA,Vienna,Catania,AT,IT,48.110298,16.5697,37.466801,15.0664,1189.8,3,"AP,AZ,OS","320,320 100"
VIE-CLJ,VIE,CLJ,Vienna,Cluj-Napoca,AT,RO,48.110298,16.5697,46.786042,23.685733,554.8,2,"OS,RO",AT5
VIE-LYS,VIE,LYS,Vienna,"Colombier-Saugnieu, Rhône",AT,FR,48.110298,16.5697,45.725996,5.090139,910.3,2,"AF,OS",DH4 F70
VIE-CPH,VIE,CPH,Vienna,Copenhagen,AT,DK,48.110298,16.5697,55.617900848389,12.656000137329,876.6,5,"AB,AY,HG,OS,RJ","320 100 319,E90"
VIE-DNK,VIE,DNK,Vienna,Dnipro,AT,UA,48.110298,16.5697,48.357201,35.100601,1369.4,2,"OS,Z6","ER4,F70 100"
VIE-DUB,VIE,DUB,Vienna,Dublin,AT,IE,48.110298,16.5697,53.428713,-6.262121,1702.1,1,EI,320
VIE-DBV,VIE,DBV,Vienna,Dubrovnik,AT,HR,48.110298,16.5697,42.562247,18.265543,631.0,2,"OS,OU",321 319 320
VIE-DUS,VIE,DUS,Vienna,Düsseldorf,AT,DE,48.110298,16.5697,51.289501,6.76678,787.8,3,"AB,LH,OS","320 319 321 100 CR9,320 319 CR9,321 738 E90 320 319"
VIE-GRZ,VIE,GRZ,Vienna,Feldkirchen bei Graz,AT,AT,48.110298,16.5697,46.9911,15.4396,150.6,1,OS,DH4 F70 100
VIE-MXP,VIE,MXP,Vienna,Ferno (VA),AT,IT,48.110298,16.5697,45.6306,8.72811,656.4,5,"AB,HG,IG,OS,RJ","319 320 100,320,E90"
VIE-FLR,VIE,FLR,Vienna,Firenze (FI),AT,IT,48.110298,16.5697,43.808558,11.202822,632.9,5,"AB,AY,HG,IG,OS","320,DH4,DH4 F70"
VIE-FRA,VIE,FRA,Vienna,Frankfurt am Main,AT,DE,48.110298,16.5697,50.026706,8.55835,620.9,5,"AB,ET,HG,LH,OS","321,321 320 319,E90 320"
VIE-FNC,VIE,FNC,Vienna,Funchal,AT,PT,48.110298,16.5697,32.697812,-16.774613,3264.9,4,"AB,HG,OS,TP",321
VIE-GVA,VIE,GVA,Vienna,Geneva,AT,CH,48.110298,16.5697,46.238098,6.10895,816.9,2,"LX,OS",319 100 F70
VIE-HAM,VIE,HAM,Vienna,Hamburg,AT,DE,48.110298,16.5697,53.630402,9.98823,767.5,4,"4U,AB,LH,OS","319 CRJ,320 319 321 CRJ,320 321,E90 320 321"
VIE-HAJ,VIE,HAJ,Vienna,Hannover,AT,DE,48.110298,16.5697,52.461102,9.68508,687.4,3,"4U,AB,OS","319,320 E90"
VIE-HEL,VIE,HEL,Vienna,Helsinki (Vantaa),AT,FI,48.110298,16.5697,60.318363,24.963341,1460.3,2,"AB,AY","320 319,320 319 E90"
VIE-HER,VIE,HER,Vienna,Heraklion,AT,GR,48.110298,16.5697,35.339699,25.1803,1587.3,4,"A3,AB,HG,OS","320,320 321"
VIE-IAS,VIE,IAS,Vienna,Iaşi,AT,RO,48.110298,16.5697,47.179633,27.621431,833.6,2,"OS,RO",DH4
VIE-SKP,VIE,SKP,Vienna,Ilinden,AT,MK,48.110298,16.5697,41.958087,21.622581,790.6,1,OS,320 100 319
VIE-INN,VIE,INN,Vienna,Innsbruck,AT,AT,48.110298,16.5697,47.260201,11.344,402.3,1,OS,100 DH4 320 F70
VIE-IST,VIE,IST,Vienna,Istanbul,AT,TR,48.110298,16.5697,41.274874,28.732136,1223.1,3,"OS,OZ,TK","320 100 319,321,738 321 330 320"
VIE-KLX,VIE,KLX,Vienna,Kalamata,AT,GR,48.110298,16.5697,37.06829833984375,22.02549934387207,1305.7,2,"AB,HG",320 E90
VIE-CFU,VIE,CFU,Vienna,Kerkyra (Corfu),AT,GR,48.110298,16.5697,39.60145,19.912179,983.1,2,"AB,HG",320
VIE-KLU,VIE,KLU,Vienna,Klagenfurt am Wörthersee,AT,AT,48.110298,16.5697,46.642502,14.3377,234.3,1,OS,DH4
VIE-KSC,VIE,KSC,Vienna,Košice,AT,SK,48.110298,16.5697,48.663101,21.2411,350.3,1,OS,DH4 100 F70
VIE-KRR,VIE,KRR,Vienna,Krasnodar,AT,RU,48.110298,16.5697,45.034465,39.174215,1754.7,1,OS,100 F70 319
VIE-CGN,VIE,CGN,Vienna,Köln (Cologne),AT,DE,48.110298,16.5697,50.865898,7.14274,746.0,3,"4U,LH,OS","100 319 F70 320,100 F70,319 320"
VIE-SUF,VIE,SUF,Vienna,Lamezia Terme (CZ),AT,IT,48.110298,16.5697,38.906214,16.246007,1023.8,1,OS,320
VIE-LNZ,VIE,LNZ,Vienna,Linz,AT,AT,48.110298,16.5697,48.235362,14.188128,177.1,1,OS,D38 DH4
VIE-LIS,VIE,LIS,Vienna,Lisbon,AT,PT,48.110298,16.5697,38.7813,-9.13592,2305.0,2,"OS,TP",320 319
VIE-LGW,VIE,LGW,Vienna,London,AT,GB,48.110298,16.5697,51.148744,-0.185739,1250.1,1,U2,319 320
VIE-LHR,VIE,LHR,Vienna,London,AT,GB,48.110298,16.5697,51.470748,-0.459909,1274.9,4,"AA,AB,BA,OS","320,320 319,320 321"
VIE-LUX,VIE,LUX,Vienna,Luxembourg,AT,LU,48.110298,16.5697,49.626845,6.212134,775.4,2,"LG,OS","DH4,DH4 ER4"
VIE-LWO,VIE,LWO,Vienna,Lviv,AT,UA,48.110298,16.5697,49.8125,23.9561,571.2,2,"OS,PS",DH4
VIE-MAD,VIE,MAD,Vienna,Madrid,AT,ES,48.110298,16.5697,40.493407,-3.572249,1805.3,3,"AB,HG,IB","320,320 321,320 321 319"
VIE-MAN,VIE,MAN,Vienna,"Manchester, Greater Manchester",AT,GB,48.110298,16.5697,53.349375,-2.279521,1443.3,1,LS,733
VIE-MSQ,VIE,MSQ,Vienna,Minsk,AT,BY,48.110298,16.5697,53.888071,28.039964,1026.0,2,"B2,OS","100 F70 320 319 321,F70"
VIE-DME,VIE,DME,Vienna,Moscow,AT,RU,48.110298,16.5697,55.408798,37.9063,1668.2,5,"HG,OS,S7,UA,UN","320,320 E90,32S"
VIE-SVO,VIE,SVO,Vienna,Moscow,AT,RU,48.110298,16.5697,55.976858,37.41121,1662.5,1,SU,320 321
VIE-VKO,VIE,VKO,Vienna,Moscow,AT,RU,48.110298,16.5697,55.591499,37.261501,1637.5,2,"OS,UN","735,738 73G"
VIE-MUC,VIE,MUC,Vienna,Munich,AT,DE,48.110298,16.5697,48.353802,11.7861,355.3,5,"AB,HG,LH,OS,RJ","320 E95 319 100 CR9 F70,E90,E95 319"
VIE-JMK,VIE,JMK,Vienna,Mykonos,AT,GR,48.110298,16.5697,37.435101,25.348101,1384.4,2,"AB,HG",320 321
VIE-AGP,VIE,AGP,Vienna,Málaga,AT,ES,48.110298,16.5697,36.6749,-4.49911,2135.5,2,"AB,HG",321 320
VIE-NAP,VIE,NAP,Vienna,Napoli,AT,IT,48.110298,16.5697,40.886002,14.2908,823.3,1,OS,321
VIE-VOL,VIE,VOL,Vienna,Nea Anchialos,AT,GR,48.110298,16.5697,39.219601,22.7943,1107.3,2,"AB,HG",320
VIE-NCE,VIE,NCE,Vienna,"Nice, Alpes-Maritimes",AT,FR,48.110298,16.5697,43.658401,7.21587,876.1,3,"AB,HG,OS","320 DH4 F70 100 321,E90"
VIE-NUE,VIE,NUE,Vienna,Nuremberg,AT,DE,48.110298,16.5697,49.498699,11.078056,430.7,1,AB,DH4
VIE-OLB,VIE,OLB,Vienna,Olbia (SS),AT,IT,48.110298,16.5697,40.898953,9.518457,976.7,4,"AB,HG,IG,OS",320
VIE-OSL,VIE,OSL,Vienna,Oslo (Gardermoen),AT,NO,48.110298,16.5697,60.193901,11.1004,1388.9,2,"DY,OS","100 F70,733"
VIE-OTP,VIE,OTP,Vienna,Otopeni,AT,RO,48.110298,16.5697,44.571792,26.103285,830.1,2,"OS,RO","318 73W 733,320 319 100 321"
VIE-PMO,VIE,PMO,Vienna,Palermo,AT,IT,48.110298,16.5697,38.175999,13.091,1139.8,1,OS,F70
VIE-PMI,VIE,PMI,Vienna,Palma de Mallorca,AT,ES,48.110298,16.5697,39.551701,2.73881,1457.7,3,"AB,HG,OS","319,321 320,321 320 E90"
VIE-CDG,VIE,CDG,Vienna,"Paris (Roissy-en-France, Val-d'Oise)",AT,FR,48.110298,16.5697,49.00896,2.554117,1034.8,4,"AB,AF,HG,OS","320,320 318 319 32A 321,321 320 318"
VIE-TGD,VIE,TGD,Vienna,Podgorica,AT,ME,48.110298,16.5697,42.359402,19.2519,673.0,2,"OS,YM","100,100 DH4"
VIE-PRG,VIE,PRG,Vienna,Prague,AT,CZ,48.110298,16.5697,50.100874,14.259911,277.9,1,OS,100 DH4 F70
VIE-PVK,VIE,PVK,Vienna,Preveza,AT,GR,48.110298,16.5697,38.925499,20.765301,1075.4,2,"AB,HG",E90
VIE-PRN,VIE,PRN,Vienna,Prishtina,AT,XK,48.110298,16.5697,42.5728,21.035801,707.5,1,OS,319 100
VIE-RIX,VIE,RIX,Vienna,Riga,AT,LV,48.110298,16.5697,56.920752,23.970711,1098.8,2,"BT,OS","73C 735 DH4,73C 735 DH4 733"
VIE-TIA,VIE,TIA,Vienna,Rinas,AT,AL,48.110298,16.5697,41.4147,19.7206,784.8,1,OS,320 100
VIE-FCO,VIE,FCO,Vienna,Rome,AT,IT,48.110298,16.5697,41.804532,12.251998,778.8,5,"AB,AZ,HG,IG,OS","319 E90 E75,320,320 100 319,320 E90 321,E90"
VIE-ROV,VIE,ROV,Vienna,Rostov-on-Don,AT,RU,48.110298,16.5697,47.493888,39.924722,1739.0,1,OS,F70 100
VIE-RTM,VIE,RTM,Vienna,Rotterdam,AT,NL,48.110298,16.5697,51.956902,4.43722,964.7,1,HV,73W
VIE-SZG,VIE,SZG,Vienna,Salzburg,AT,AT,48.110298,16.5697,47.793301,13.0043,267.8,3,"AB,HG,OS","320,DH4 100"
VIE-JTR,VIE,JTR,Vienna,Santorini Island,AT,GR,48.110298,16.5697,36.400045,25.478638,1492.0,3,"AB,HG,OS","321 320 E90,F70"
VIE-SJJ,VIE,SJJ,Vienna,Sarajevo,AT,BA,48.110298,16.5697,43.8246,18.331499,495.6,1,OS,320 100 319
VIE-LEJ,VIE,LEJ,Vienna,Schkeuditz,AT,DE,48.110298,16.5697,51.420657,12.232705,482.0,2,"LH,OS",DH4
VIE-LIN,VIE,LIN,Vienna,Segrate (MI),AT,IT,48.110298,16.5697,45.445099,9.27674,629.1,1,AZ,E75
VIE-SBZ,VIE,SBZ,Vienna,Sibiu,AT,RO,48.110298,16.5697,45.785841,24.086666,626.1,2,"OS,RO",DH4
VIE-SOF,VIE,SOF,Vienna,Sofia,AT,BG,48.110298,16.5697,42.696357,23.417671,804.5,2,"FB,OS","100 320 321 319 F70,E90 319"
VIE-ATH,VIE,ATH,Vienna,Spata-Artemida,AT,GR,48.110298,16.5697,37.936401,23.9445,1278.9,2,"A3,OS","320,321 320"
VIE-SPU,VIE,SPU,Vienna,Split,AT,HR,48.110298,16.5697,43.538898,16.298,508.8,2,"OS,OU","DH4,DH4 320 319"
VIE-ACH,VIE,ACH,Vienna,St. Gallen,AT,CH,48.110298,16.5697,47.485001,9.56077,527.9,1,PE,E70
VIE-LED,VIE,LED,Vienna,St. Petersburg,AT,RU,48.110298,16.5697,59.800301,30.262501,1572.0,3,"OS,SU,UA","100 F70,319"
VIE-ARN,VIE,ARN,Vienna,Stockholm,AT,SE,48.110298,16.5697,59.64849,17.928829,1286.0,4,"AB,AY,HG,OS","100 319 320,E90"
VIE-STR,VIE,STR,Vienna,Stuttgart,AT,DE,48.110298,16.5697,48.689899,9.22196,546.0,3,"4U,LH,OS","100 319 F70 320 DH4,100 319 F70 320 DH4 CRJ,319 320 CRJ"
VIE-SKG,VIE,SKG,Vienna,Thessaloniki,AT,GR,48.110298,16.5697,40.51928,22.970009,985.0,3,"AB,HG,OS","320 100,E90"
VIE-VLC,VIE,VLC,Vienna,Valencia,AT,ES,48.110298,16.5697,39.489162,-0.480961,1664.8,2,"AB,HG",320
VIE-MLA,VIE,MLA,Vienna,Valletta,AT,MT,48.110298,16.5697,35.845932,14.491546,1374.4,4,"AB,HG,KM,OS","319 320,E90"
VIE-VAR,VIE,VAR,Vienna,Varna,AT,BG,48.110298,16.5697,43.232101,27.8251,1027.6,1,OS,320 100 F70
VIE-ZAG,VIE,ZAG,Vienna,Velika Gorica,AT,HR,48.110298,16.5697,45.742901,16.0688,266.0,2,"OS,OU","DH4,DH4 F70 100"
VIE-VCE,VIE,VCE,Vienna,Venezia (VE),AT,IT,48.110298,16.5697,45.505299,12.3519,432.3,1,OS,DH4
VIE-VNO,VIE,VNO,Vienna,Vilnius,AT,LT,48.110298,16.5697,54.634102,25.285801,943.2,1,OS,100 F70
VIE-WAW,VIE,WAW,Vienna,Warsaw,AT,PL,48.110298,16.5697,52.165699,20.9671,548.9,2,"LO,OS","E95 E75,F70 E95 100 DH4 E75"
VIE-ZTH,VIE,ZTH,Vienna,Zakynthos,AT,GR,48.110298,16.5697,37.7509,20.8843,1203.8,2,"AB,HG",320 E90
VIE-BRU,VIE,BRU,Vienna,Zaventem,AT,BE,48.110298,16.5697,50.901402,4.48444,924.9,2,"OS,SN","319 F70 320,320 319 F70"
VIE-LJU,VIE,LJU,Vienna,Zgornji Brnik,AT,SI,48.110298,16.5697,46.223701,14.4576,263.6,2,"JP,OS",CR9 CR2
VIE-ZRH,VIE,ZRH,Vienna,Zurich,AT,CH,48.110298,16.5697,47.458056,8.548056,603.4,6,"AB,HG,KE,LX,OS,RJ","320,320 32A 319 321 AR1,321 E90 320,77W"
TZL-MMX,TZL,MMX,Dubrave Gornje,Malmö,BA,SE,44.459858,18.723627,55.535564,13.376327,1288.6,1,W6,320
BNX-BEG,BNX,BEG,Mahovljani,Belgrade,BA,RS,44.941399,17.297501,44.818401,20.309099,237.7,1,JU,AT7
BNX-SJJ,BNX,SJJ,Mahovljani,Sarajevo,BA,BA,44.941399,17.297501,43.8246,18.331499,148.9,1,JA,AT7
BNX-ZRH,BNX,ZRH,Mahovljani,Zurich,BA,CH,44.941399,17.297501,47.458056,8.548056,728.7,1,JA,AT7
OMO-BGY,OMO,BGY,Mostar,Orio al Serio (BG),BA,IT,43.282489,17.846101,45.669362,9.708851,697.6,1,IG,320
SJJ-BEG,SJJ,BEG,Sarajevo,Belgrade,BA,RS,43.8246,18.331499,44.818401,20.309099,192.2,2,"JA,JU",AT7
SJJ-CPH,SJJ,CPH,Sarajevo,Copenhagen,BA,DK,43.8246,18.331499,55.617900848389,12.656000137329,1372.2,1,JA,AT7
SJJ-IST,SJJ,IST,Sarajevo,Istanbul,BA,TR,43.8246,18.331499,41.274874,28.732136,897.2,2,"JA,TK","320 738 321,AT7"
SJJ-CGN,SJJ,CGN,Sarajevo,Köln (Cologne),BA,DE,43.8246,18.331499,50.865898,7.14274,1148.2,1,4U,319
SJJ-BNX,SJJ,BNX,Sarajevo,Mahovljani,BA,BA,43.8246,18.331499,44.941399,17.297501,148.9,1,JA,AT7
SJJ-MUC,SJJ,MUC,Sarajevo,Munich,BA,DE,43.8246,18.331499,48.353802,11.7861,712.5,1,LH,319 E95
SJJ-ARN,SJJ,ARN,Sarajevo,Stockholm,BA,SE,43.8246,18.331499,59.64849,17.928829,1759.7,1,DY,73H
SJJ-STR,SJJ,STR,Sarajevo,Stuttgart,BA,DE,43.8246,18.331499,48.689899,9.22196,884.0,1,4U,319
SJJ-ZAG,SJJ,ZAG,Sarajevo,Velika Gorica,BA,HR,43.8246,18.331499,45.742901,16.0688,278.2,1,OU,DH4
SJJ-VIE,SJJ,VIE,Sarajevo,Vienna,BA,AT,43.8246,18.331499,48.110298,16.5697,495.6,1,OS,100 320 319
SJJ-LJU,SJJ,LJU,Sarajevo,Zgornji Brnik,BA,SI,43.8246,18.331499,46.223701,14.4576,404.7,1,JP,CR2
ANR-LCY,ANR,LCY,Antwerp,London,BE,GB,51.190667,4.463153,51.505299,0.055278,308.1,2,"AF,WX",F50
CRL-AHO,CRL,AHO,Charleroi,Alghero,BE,IT,50.461963,4.459562,40.632099,8.29077,1132.6,1,FR,738
CRL-ALC,CRL,ALC,Charleroi,Alicante,BE,ES,50.461963,4.459562,38.2822,-0.558156,1411.0,1,FR,738
CRL-LEI,CRL,LEI,Charleroi,Almería,BE,ES,50.461963,4.459562,36.843899,-2.3701,1609.2,1,FR,738
CRL-KRK,CRL,KRK,Charleroi,Balice,BE,PL,50.461963,4.459562,50.077702,19.7848,1088.1,1,FR,738
CRL-BCN,CRL,BCN,Charleroi,Barcelona,BE,ES,50.461963,4.459562,41.2971,2.07846,1035.5,1,FR,738
CRL-BRI,CRL,BRI,Charleroi,Bari,BE,IT,50.461963,4.459562,41.138901,16.760599,1404.9,1,FR,738
CRL-BEG,CRL,BEG,Charleroi,Belgrade,BE,RS,50.461963,4.459562,44.818401,20.309099,1339.3,1,W6,320
CRL-EGC,CRL,EGC,Charleroi,Bergerac,BE,FR,50.461963,4.459562,44.825298,0.518611,692.6,1,FR,738
CRL-BIQ,CRL,BIQ,Charleroi,Biarritz,BE,FR,50.461963,4.459562,43.468372,-1.523223,899.8,1,FR,738
CRL-BLQ,CRL,BLQ,Charleroi,Bologna,BE,IT,50.461963,4.459562,44.5354,11.2887,834.4,1,FR,738
CRL-BOD,CRL,BOD,Charleroi,Bordeaux,BE,FR,50.461963,4.459562,44.82865,-0.715356,736.2,1,FR,738
CRL-BTS,CRL,BTS,Charleroi,Bratislava,BE,SK,50.461963,4.459562,48.1702,17.2127,957.5,1,FR,738
CRL-BDS,CRL,BDS,Charleroi,Brindisi,BE,IT,50.461963,4.459562,40.6576,17.947001,1509.1,1,FR,738
CRL-BUD,CRL,BUD,Charleroi,Budapest,BE,HU,50.461963,4.459562,47.43018,19.262393,1130.2,2,"FR,W6","320,738"
CRL-CAG,CRL,CAG,Charleroi,Cagliari,BE,IT,50.461963,4.459562,39.251499,9.05428,1297.4,1,FR,738
CRL-CCF,CRL,CCF,Charleroi,Carcassonne,BE,FR,50.461963,4.459562,43.216,2.30632,822.1,1,FR,738
CRL-TRN,CRL,TRN,Charleroi,Caselle Torinese (TO),BE,IT,50.461963,4.459562,45.200802,7.64963,631.5,1,FR,738
CRL-CLJ,CRL,CLJ,Charleroi,Cluj-Napoca,BE,RO,50.461963,4.459562,46.786042,23.685733,1466.3,1,W6,320
CRL-CIY,CRL,CIY,Charleroi,Comiso,BE,IT,50.461963,4.459562,36.99583,14.60889,1701.4,1,FR,738
CRL-DUB,CRL,DUB,Charleroi,Dublin,BE,IE,50.461963,4.459562,53.428713,-6.262121,804.5,1,FR,738
CRL-EDI,CRL,EDI,Charleroi,Edinburgh,BE,GB,50.461963,4.459562,55.950145,-3.372288,801.8,1,FR,738
CRL-AOI,CRL,AOI,Charleroi,Falconara Marittima (AN),BE,IT,50.461963,4.459562,43.616299,13.3623,1015.7,1,FR,738
CRL-FAO,CRL,FAO,Charleroi,Faro,BE,PT,50.461963,4.459562,37.015909,-7.970939,1792.7,1,FR,738
CRL-FSC,CRL,FSC,Charleroi,Figari,BE,FR,50.461963,4.459562,41.50185,9.097092,1058.3,1,FR,738
CRL-GOA,CRL,GOA,Charleroi,Genova (GE),BE,IT,50.461963,4.459562,44.412039,8.840732,748.8,1,FR,738
CRL-GRO,CRL,GRO,Charleroi,Girona,BE,ES,50.461963,4.459562,41.904639,2.761774,960.4,1,FR,738
CRL-IBZ,CRL,IBZ,Charleroi,Ibiza (Eivissa),BE,ES,50.461963,4.459562,38.872898,1.37312,1311.2,1,FR,738
CRL-SKP,CRL,SKP,Charleroi,Ilinden,BE,MK,50.461963,4.459562,41.958087,21.622581,1618.0,1,W6,320
CRL-CFU,CRL,CFU,Charleroi,Kerkyra (Corfu),BE,GR,50.461963,4.459562,39.60145,19.912179,1706.1,1,FR,738
CRL-LRH,CRL,LRH,Charleroi,La Rochelle,BE,FR,50.461963,4.459562,46.179199,-1.19528,633.4,1,FR,738
CRL-SUF,CRL,SUF,Charleroi,Lamezia Terme (CZ),BE,IT,50.461963,4.459562,38.906214,16.246007,1583.1,1,FR,738
CRL-MAD,CRL,MAD,Charleroi,Madrid,BE,ES,50.461963,4.459562,40.493407,-3.572249,1271.4,1,FR,738
CRL-MAN,CRL,MAN,Charleroi,"Manchester, Greater Manchester",BE,GB,50.461963,4.459562,53.349375,-2.279521,562.5,1,FR,738
CRL-MRS,CRL,MRS,Charleroi,"Marignane, Bouches-du-Rhône",BE,FR,50.461963,4.459562,43.438088,5.2125,783.1,1,FR,738
CRL-MPL,CRL,MPL,Charleroi,Montpellier/Méditerranée,BE,FR,50.461963,4.459562,43.576199,3.96301,766.6,1,FR,738
CRL-AGP,CRL,AGP,Charleroi,Málaga,BE,ES,50.461963,4.459562,36.6749,-4.49911,1691.5,1,FR,738
CRL-VOL,CRL,VOL,Charleroi,Nea Anchialos,BE,GR,50.461963,4.459562,39.219601,22.7943,1901.8,1,FR,738
CRL-WMI,CRL,WMI,Charleroi,Nowy Dwór Mazowiecki,BE,PL,50.461963,4.459562,52.451099,20.6518,1140.9,1,FR,738
CRL-NYO,CRL,NYO,Charleroi,Nyköping,BE,SE,50.461963,4.459562,58.789656,16.911479,1220.8,1,FR,738
CRL-FNI,CRL,FNI,Charleroi,Nîmes/Garons,BE,FR,50.461963,4.459562,43.757401,4.41635,745.5,1,FR,738
CRL-BGY,CRL,BGY,Charleroi,Orio al Serio (BG),BE,IT,50.461963,4.459562,45.669362,9.708851,660.1,1,FR,738
CRL-OTP,CRL,OTP,Charleroi,Otopeni,BE,RO,50.461963,4.459562,44.571792,26.103285,1744.5,1,W6,320
CRL-PMI,CRL,PMI,Charleroi,Palma de Mallorca,BE,ES,50.461963,4.459562,39.551701,2.73881,1220.6,1,FR,738
CRL-PGF,CRL,PGF,Charleroi,Perpignan/Rivesaltes,BE,FR,50.461963,4.459562,42.740398,2.87067,867.1,1,FR,738
CRL-PEG,CRL,PEG,Charleroi,Perugia (PG),BE,IT,50.461963,4.459562,43.095901,12.5132,1021.9,1,FR,738
CRL-PSR,CRL,PSR,Charleroi,Pescara,BE,IT,50.461963,4.459562,42.431079,14.182981,1160.9,1,FR,738
CRL-PSA,CRL,PSA,Charleroi,Pisa (PI),BE,IT,50.461963,4.459562,43.683899,10.3927,876.8,1,FR,738
CRL-TGD,CRL,TGD,Charleroi,Podgorica,BE,ME,50.461963,4.459562,42.359402,19.2519,1443.9,1,FR,738
CRL-OPO,CRL,OPO,Charleroi,Porto,BE,PT,50.461963,4.459562,41.2481002808,-8.68138980865,1440.0,1,FR,738
CRL-PUY,CRL,PUY,Charleroi,Pula,BE,HR,50.461963,4.459562,44.893501,13.9222,939.6,1,FR,738
CRL-REU,CRL,REU,Charleroi,Reus,BE,ES,50.461963,4.459562,41.147509,1.168354,1066.4,1,FR,738
CRL-RDZ,CRL,RDZ,Charleroi,Rodez/Marcillac,BE,FR,50.461963,4.459562,44.407902,2.48267,689.3,1,FR,738
CRL-CIA,CRL,CIA,Charleroi,Rome,BE,IT,50.461963,4.459562,41.798769,12.595331,1147.8,1,FR,738
CRL-TRS,CRL,TRS,Charleroi,Ronchi dei Legionari/Trieste,BE,IT,50.461963,4.459562,45.827862,13.466672,842.9,1,FR,738
CRL-SDR,CRL,SDR,Charleroi,Santander,BE,ES,50.461963,4.459562,43.427101,-3.82001,1002.2,1,FR,738
CRL-SVQ,CRL,SVQ,Charleroi,Seville,BE,ES,50.461963,4.459562,37.417999,-5.89311,1666.9,1,FR,738
CRL-SOF,CRL,SOF,Charleroi,Sofia,BE,BG,50.461963,4.459562,42.696357,23.417671,1679.6,1,W6,320
CRL-SKG,CRL,SKG,Charleroi,Thessaloniki,BE,GR,50.461963,4.459562,40.51928,22.970009,1809.3,1,FR,738
CRL-TPS,CRL,TPS,Charleroi,Trapani (TP),BE,IT,50.461963,4.459562,37.9114,12.488,1533.2,1,FR,738
CRL-TSF,CRL,TSF,Charleroi,Treviso (TV),BE,IT,50.461963,4.459562,45.648399,12.1944,784.7,1,FR,738
CRL-VLC,CRL,VLC,Charleroi,Valencia,BE,ES,50.461963,4.459562,39.489162,-0.480961,1279.8,1,FR,738
CRL-VNO,CRL,VNO,Charleroi,Vilnius,BE,LT,50.461963,4.459562,54.634102,25.285801,1476.2,1,FR,738
CRL-WAW,CRL,WAW,Charleroi,Warsaw,BE,PL,50.461963,4.459562,52.165699,20.9671,1160.2,1,W6,320
CRL-ZAD,CRL,ZAD,Charleroi,Zadar,BE,HR,50.461963,4.459562,44.096986,15.353565,1082.6,1,FR,738
CRL-ZTH,CRL,ZTH,Charleroi,Zakynthos,BE,GR,50.461963,4.459562,37.7509,20.8843,1919.6,1,FR,738
CRL-ZAZ,CRL,ZAZ,Charleroi,Zaragoza,BE,ES,50.461963,4.459562,41.666199,-1.04155,1065.4,1,FR,738
CRL-LJU,CRL,LJU,Charleroi,Zgornji Brnik,BE,SI,50.461963,4.459562,46.223701,14.4576,875.3,1,W6,320
LGG-AJA,LGG,AJA,Grâce-Hollogne,Ajaccio,BE,FR,50.638574,5.443897,41.923599,8.80292,1002.6,2,"AF,XK",320
LGG-BIA,LGG,BIA,Grâce-Hollogne,Bastia,BE,FR,50.638574,5.443897,42.5527,9.48373,950.2,2,"AF,XK",320
LGG-HER,LGG,HER,Grâce-Hollogne,Heraklion,BE,GR,50.638574,5.443897,35.339699,25.1803,2324.6,1,HQ,320
LGG-LIL,LGG,LIL,Grâce-Hollogne,Lesquin,BE,FR,50.638574,5.443897,50.566564,3.102429,165.4,1,HQ,320
LGG-PMI,LGG,PMI,Grâce-Hollogne,Palma de Mallorca,BE,ES,50.638574,5.443897,39.551701,2.73881,1250.7,1,HQ,320
OST-LGG,OST,LGG,Oostende,Grâce-Hollogne,BE,BE,51.1998,2.874673,50.638574,5.443897,190.6,1,HQ,320
BRU-ALC,BRU,ALC,Zaventem,Alicante,BE,ES,50.901402,4.48444,38.2822,-0.558156,1458.0,4,"FR,IB,SN,VY","319,320,738"
BRU-LEI,BRU,LEI,Zaventem,Almería,BE,ES,50.901402,4.48444,36.843899,-2.3701,1655.1,1,HQ,320
BRU-AMS,BRU,AMS,Zaventem,Amsterdam,BE,NL,50.901402,4.48444,52.308601,4.76389,157.7,1,KL,F70 EMJ
BRU-BCN,BRU,BCN,Zaventem,Barcelona,BE,ES,50.901402,4.48444,41.2971,2.07846,1083.8,5,"FR,HU,IB,SN,VY","319,320,320 319,738"
BRU-BIA,BRU,BIA,Zaventem,Bastia,BE,FR,50.901402,4.48444,42.5527,9.48373,1002.9,1,SN,319
BRU-BEG,BRU,BEG,Zaventem,Belgrade,BE,RS,50.901402,4.48444,44.818401,20.309099,1356.6,1,JU,319
BRU-BIO,BRU,BIO,Zaventem,Bilbao,BE,ES,50.901402,4.48444,43.301102,-2.91061,1012.5,2,"HU,SN",319
BRU-BLL,BRU,BLL,Zaventem,Billund,BE,DK,50.901402,4.48444,55.740335,9.157019,620.8,1,BA,FRJ J31
BRU-BHX,BRU,BHX,Zaventem,"Birmingham, West Midlands",BE,GB,50.901402,4.48444,52.453899,-1.74803,462.9,2,"SN,UA","AR1 DH4,DH4"
BRU-BLQ,BRU,BLQ,Zaventem,Bologna,BE,IT,50.901402,4.48444,44.5354,11.2887,871.1,1,SN,AR1 319
BRU-BOD,BRU,BOD,Zaventem,Bordeaux,BE,FR,50.901402,4.48444,44.82865,-0.715356,778.3,1,U2,320
BRU-BRS,BRU,BRS,Zaventem,Bristol,BE,GB,50.901402,4.48444,51.382326,-2.716453,505.0,1,SN,ER4
BRU-BUD,BRU,BUD,Zaventem,Budapest,BE,HU,50.901402,4.48444,47.43018,19.262393,1139.3,1,SN,AR1
BRU-BOJ,BRU,BOJ,Zaventem,Burgas,BE,BG,50.901402,4.48444,42.569917,27.515173,1973.0,1,HQ,320
BRU-BSL,BRU,BSL,Zaventem,Bâle / Mulhouse,BE,FR,50.901402,4.48444,47.60068,7.521117,428.0,3,"LX,SN,U2","319,319 AR1"
BRU-TRN,BRU,TRN,Zaventem,Caselle Torinese (TO),BE,IT,50.901402,4.48444,45.200802,7.64963,676.0,1,SN,DH4
BRU-CTA,BRU,CTA,Zaventem,Catania,BE,IT,50.901402,4.48444,37.466801,15.0664,1711.7,2,"KM,SN",319
BRU-LYS,BRU,LYS,Zaventem,"Colombier-Saugnieu, Rhône",BE,FR,50.901402,4.48444,45.725996,5.090139,577.2,4,"A5,AF,SN,U2","319,AR1 319 320,ER4"
BRU-CPH,BRU,CPH,Zaventem,Copenhagen,BE,DK,50.901402,4.48444,55.617900848389,12.656000137329,754.4,4,"HU,SK,SN,TF","319,319 320 CR9 321,319 AR1,AR1"
BRU-ORK,BRU,ORK,Zaventem,Cork,BE,IE,50.901402,4.48444,51.841301,-8.49111,905.5,1,EI,320
BRU-DUB,BRU,DUB,Zaventem,Dublin,BE,IE,50.901402,4.48444,53.428713,-6.262121,784.0,1,EI,320
BRU-DBV,BRU,DBV,Zaventem,Dubrovnik,BE,HR,50.901402,4.48444,42.562247,18.265543,1397.0,1,HQ,319 320
BRU-EDI,BRU,EDI,Zaventem,Edinburgh,BE,GB,50.901402,4.48444,55.950145,-3.372288,764.7,1,SN,319 AR1
BRU-FAO,BRU,FAO,Zaventem,Faro,BE,PT,50.901402,4.48444,37.015909,-7.970939,1832.3,2,"SN,TP",320 319
BRU-MXP,BRU,MXP,Zaventem,Ferno (VA),BE,IT,50.901402,4.48444,45.6306,8.72811,664.7,4,"HU,LH,SN,U2","319,319 AR1,AR1"
BRU-FLR,BRU,FLR,Zaventem,Firenze (FI),BE,IT,50.901402,4.48444,43.808558,11.202822,936.2,1,SN,AR1
BRU-FRA,BRU,FRA,Zaventem,Frankfurt am Main,BE,DE,50.901402,4.48444,50.026706,8.55835,304.3,3,"ET,LH,SN","319 320 733 32A,321 735 E90 733 CR7 319 320 32A"
BRU-FNC,BRU,FNC,Zaventem,Funchal,BE,PT,50.901402,4.48444,32.697812,-16.774613,2664.1,1,HQ,319 320
BRU-GDN,BRU,GDN,Zaventem,Gdańsk,BE,PL,50.901402,4.48444,54.377602,18.4662,1017.4,1,K2,DH4
BRU-GVA,BRU,GVA,Zaventem,Geneva,BE,CH,50.901402,4.48444,46.238098,6.10895,532.1,4,"HU,LX,SN,U2","319,320 319,320 319 AR1"
BRU-GOT,BRU,GOT,Zaventem,Göteborg,BE,SE,50.901402,4.48444,57.6628,12.2798,905.0,3,"SN,TF,UA","AR1,AR1 319 DH4,DH4"
BRU-HAM,BRU,HAM,Zaventem,Hamburg,BE,DE,50.901402,4.48444,53.630402,9.98823,481.8,2,"LH,SN",AR1 DH4 319
BRU-HAJ,BRU,HAJ,Zaventem,Hannover,BE,DE,50.901402,4.48444,52.461102,9.68508,398.2,3,"LH,SN,UA",DH4
BRU-HEL,BRU,HEL,Zaventem,Helsinki (Vantaa),BE,FI,50.901402,4.48444,60.318363,24.963341,1646.6,1,AY,319 320 343
BRU-HER,BRU,HER,Zaventem,Heraklion,BE,GR,50.901402,4.48444,35.339699,25.1803,2395.4,3,"A3,HQ,SN","320,320 319"
BRU-IBZ,BRU,IBZ,Zaventem,Ibiza (Eivissa),BE,ES,50.901402,4.48444,38.872898,1.37312,1359.5,3,"HQ,IB,VY","319 320,320"
BRU-IST,BRU,IST,Zaventem,Istanbul,BE,TR,50.901402,4.48444,41.274874,28.732136,2140.2,1,TK,738 321 343 320 330
BRU-CFU,BRU,CFU,Zaventem,Kerkyra (Corfu),BE,GR,50.901402,4.48444,39.60145,19.912179,1736.0,1,HQ,320
BRU-LIS,BRU,LIS,Zaventem,Lisbon,BE,PT,50.901402,4.48444,38.7813,-9.13592,1717.5,8,"AY,FR,IB,SN,TG,TP,US,VY","319 320,319 321 320 100,320,320 319,320 321,321 320 319 100,738"
BRU-LGW,BRU,LGW,Zaventem,London,BE,GB,50.901402,4.48444,51.148744,-0.185739,327.7,1,U2,319
BRU-LHR,BRU,LHR,Zaventem,London,BE,GB,50.901402,4.48444,51.470748,-0.459909,350.3,3,"AA,BA,SN","319 320 321,319 AR1"
BRU-MAD,BRU,MAD,Zaventem,Madrid,BE,ES,50.901402,4.48444,40.493407,-3.572249,1313.8,5,"AM,HU,IB,SN,UX","319,319 AR1,321 320,E90"
BRU-MAH,BRU,MAH,Zaventem,Mahón (Maó),BE,ES,50.901402,4.48444,39.862598,4.21865,1227.6,1,HQ,320
BRU-MAN,BRU,MAN,Zaventem,"Manchester, Greater Manchester",BE,GB,50.901402,4.48444,53.349375,-2.279521,535.7,2,"SN,UA","319 AR1 DH4,DH4"
BRU-MRS,BRU,MRS,Zaventem,"Marignane, Bouches-du-Rhône",BE,FR,50.901402,4.48444,43.438088,5.2125,831.7,1,SN,AR1
BRU-DME,BRU,DME,Zaventem,Moscow,BE,RU,50.901402,4.48444,55.408798,37.9063,2260.7,1,SN,320 319
BRU-SVO,BRU,SVO,Zaventem,Moscow,BE,RU,50.901402,4.48444,55.976858,37.41121,2229.4,1,SU,320 319
BRU-MUC,BRU,MUC,Zaventem,Munich,BE,DE,50.901402,4.48444,48.353802,11.7861,597.0,2,"LH,SN","E95 319 320,E95 319 CR9 320"
BRU-JMK,BRU,JMK,Zaventem,Mykonos,BE,GR,50.901402,4.48444,37.435101,25.348101,2224.3,1,HQ,320
BRU-AGP,BRU,AGP,Zaventem,Málaga,BE,ES,50.901402,4.48444,36.6749,-4.49911,1735.5,4,"FR,IB,SN,VY","320,320 319,738"
BRU-NTE,BRU,NTE,Zaventem,Nantes,BE,FR,50.901402,4.48444,47.153198,-1.61073,608.9,2,"A5,AF",ER4
BRU-NAP,BRU,NAP,Zaventem,Napoli,BE,IT,50.901402,4.48444,40.886002,14.2908,1345.1,2,"SN,U2","319,320 319"
BRU-NCL,BRU,NCL,Zaventem,"Newcastle upon Tyne, Tyne and Wear",BE,GB,50.901402,4.48444,55.037958,-1.689577,618.0,2,"BM,SN",ER4
BRU-NCE,BRU,NCE,Zaventem,"Nice, Alpes-Maritimes",BE,FR,50.901402,4.48444,43.658401,7.21587,831.2,2,"SN,U2","319 320,320 319"
BRU-EMA,BRU,EMA,Zaventem,"Nottingham, Leicestershire",BE,GB,50.901402,4.48444,52.8311,-1.32806,452.9,1,BM,ER3
BRU-OSL,BRU,OSL,Zaventem,Oslo (Gardermoen),BE,NO,50.901402,4.48444,60.193901,11.1004,1112.6,2,"SK,SN","738 73W 73G 73H 736,AR1 319"
BRU-OTP,BRU,OTP,Zaventem,Otopeni,BE,RO,50.901402,4.48444,44.571792,26.103285,1754.9,2,"RO,SN","318 733,73W 733 73H 318"
BRU-PMO,BRU,PMO,Zaventem,Palermo,BE,IT,50.901402,4.48444,38.175999,13.091,1568.3,1,SN,320 319
BRU-PMI,BRU,PMI,Zaventem,Palma de Mallorca,BE,ES,50.901402,4.48444,39.551701,2.73881,1269.3,4,"FR,HQ,IB,VY","320,320 319,738"
BRU-CDG,BRU,CDG,Zaventem,"Paris (Roissy-en-France, Val-d'Oise)",BE,FR,50.901402,4.48444,49.00896,2.554117,251.7,2,"ET,SN","320 319,763"
BRU-OPO,BRU,OPO,Zaventem,Porto,BE,PT,50.901402,4.48444,41.2481002808,-8.68138980865,1473.4,5,"FR,IB,SN,TP,VY","319,319 100 ER4,320,738"
BRU-PRG,BRU,PRG,Zaventem,Prague,BE,CZ,50.901402,4.48444,50.100874,14.259911,696.6,4,"OK,QS,SN,UA","319,319 DH4,DH4"
BRU-REU,BRU,REU,Zaventem,Reus,BE,ES,50.901402,4.48444,41.147509,1.168354,1114.1,1,HQ,319
BRU-KEF,BRU,KEF,Zaventem,Reykjavík,BE,IS,50.901402,4.48444,63.985001,-22.6056,2148.1,1,FI,75W
BRU-RIX,BRU,RIX,Zaventem,Riga,BE,LV,50.901402,4.48444,56.920752,23.970711,1434.1,2,"BT,SN",735 DH4
BRU-FCO,BRU,FCO,Zaventem,Rome,BE,IT,50.901402,4.48444,41.804532,12.251998,1172.6,6,"AZ,FR,HU,IB,SN,VY","320,320 319,32S 320 319,738"
BRU-SCQ,BRU,SCQ,Zaventem,Santiago de Compostela,BE,ES,50.901402,4.48444,42.896301,-8.41514,1320.5,2,"IB,VY",320
BRU-LIN,BRU,LIN,Zaventem,Segrate (MI),BE,IT,50.901402,4.48444,45.445099,9.27674,702.8,4,"AZ,LH,LX,SN","AR1 319,E75 E90"
BRU-SVQ,BRU,SVQ,Zaventem,Seville,BE,ES,50.901402,4.48444,37.417999,-5.89311,1708.8,1,SN,319
BRU-SOF,BRU,SOF,Zaventem,Sofia,BE,BG,50.901402,4.48444,42.696357,23.417671,1698.2,1,FB,E90 319
BRU-ATH,BRU,ATH,Zaventem,Spata-Artemida,BE,GR,50.901402,4.48444,37.936401,23.9445,2101.4,3,"A3,SN,US","319,321 320"
BRU-ARN,BRU,ARN,Zaventem,Stockholm,BE,SE,50.901402,4.48444,59.64849,17.928829,1287.9,1,SK,736 73W 717
BRU-BMA,BRU,BMA,Zaventem,Stockholm,BE,SE,50.901402,4.48444,59.354401,17.9417,1266.3,2,"SN,TF",AR1
BRU-SXB,BRU,SXB,Zaventem,Strasbourg,BE,FR,50.901402,4.48444,48.5383,7.62823,346.5,2,"SN,UA",DH4
BRU-STR,BRU,STR,Zaventem,Stuttgart,BE,DE,50.901402,4.48444,48.689899,9.22196,419.5,1,4U,319 CRJ
BRU-TLL,BRU,TLL,Zaventem,Tallinn,BE,EE,50.901402,4.48444,59.413246,24.83264,1591.5,2,"OV,SN",CR9
BRU-LDE,BRU,LDE,Zaventem,Tarbes/Lourdes/Pyrénées,BE,FR,50.901402,4.48444,43.178699,-0.006439,923.3,1,HQ,319
BRU-TIV,BRU,TIV,Zaventem,Tivat,BE,ME,50.901402,4.48444,42.404701,18.723301,1435.6,1,HQ,320
BRU-TLS,BRU,TLS,Zaventem,Toulouse/Blagnac,BE,FR,50.901402,4.48444,43.629101,1.36382,842.0,2,"SN,U2","319,AR1"
BRU-TSF,BRU,TSF,Zaventem,Treviso (TV),BE,IT,50.901402,4.48444,45.648399,12.1944,815.7,1,FR,738
BRU-VLC,BRU,VLC,Zaventem,Valencia,BE,ES,50.901402,4.48444,39.489162,-0.480961,1326.5,3,"FR,IB,VY","320,738"
BRU-MLA,BRU,MLA,Zaventem,Valletta,BE,MT,50.901402,4.48444,35.845932,14.491546,1855.3,2,"KM,SN",320 319
BRU-VAR,BRU,VAR,Zaventem,Varna,BE,BG,50.901402,4.48444,43.232101,27.8251,1951.5,1,HQ,320
BRU-ZAG,BRU,ZAG,Zaventem,Velika Gorica,BE,HR,50.901402,4.48444,45.742901,16.0688,1029.0,2,"OU,SN",DH4
BRU-VCE,BRU,VCE,Zaventem,Venezia (VE),BE,IT,50.901402,4.48444,45.505299,12.3519,835.8,3,"IB,SN,VY","319 AR1,320"
BRU-VIE,BRU,VIE,Zaventem,Vienna,BE,AT,50.901402,4.48444,48.110298,16.5697,924.9,2,"OS,SN","319 320 F70,319 F70 320"
BRU-VNO,BRU,VNO,Zaventem,Vilnius,BE,LT,50.901402,4.48444,54.634102,25.285801,1453.6,4,"BT,LH,LT,SN","AR1 319,CR2 E75"
BRU-WAW,BRU,WAW,Zaventem,Warsaw,BE,PL,50.901402,4.48444,52.165699,20.9671,1146.2,1,LO,E95 734 E75
BRU-WRO,BRU,WRO,Zaventem,Wrocław,BE,PL,50.901402,4.48444,51.103719,16.882096,866.8,1,K2,DH4
BRU-ZTH,BRU,ZTH,Zaventem,Zakynthos,BE,GR,50.901402,4.48444,37.7509,20.8843,1950.8,1,HQ,320
BRU-LJU,BRU,LJU,Zaventem,Zgornji Brnik,BE,SI,50.901402,4.48444,46.223701,14.4576,898.3,2,"JP,SN",319 CR9
BRU-ZRH,BRU,ZRH,Zaventem,Zurich,BE,CH,50.901402,4.48444,47.458056,8.548056,483.4,2,"LX,SN",AR1 320
BOJ-CPH,BOJ,CPH,Burgas,Copenhagen,BG,DK,42.569917,27.515173,55.617900848389,12.656000137329,1801.8,1,DY,73H
BOJ-DUB,BOJ,DUB,Burgas,Dublin,BG,IE,42.569917,27.515173,53.428713,-6.262121,2753.8,1,EI,320
BOJ-HEL,BOJ,HEL,Burgas,Helsinki (Vantaa),BG,FI,42.569917,27.515173,60.318363,24.963341,1981.1,1,DY,73H
BOJ-LTN,BOJ,LTN,Burgas,"Luton, Luton",BG,GB,42.569917,27.515173,51.874699,-0.368333,2326.6,1,W6,320
BOJ-DME,BOJ,DME,Burgas,Moscow,BG,RU,42.569917,27.515173,55.408798,37.9063,1612.5,1,S7,763 320
BOJ-SVO,BOJ,SVO,Burgas,Moscow,BG,RU,42.569917,27.515173,55.976858,37.41121,1650.8,1,FB,320
BOJ-OSL,BOJ,OSL,Burgas,Oslo (Gardermoen),BG,NO,42.569917,27.515173,60.193901,11.1004,2252.6,1,DY,73H
BOJ-SOF,BOJ,SOF,Burgas,Sofia,BG,BG,42.569917,27.515173,42.696357,23.417671,335.5,1,FB,320 E90
BOJ-LED,BOJ,LED,Burgas,St. Petersburg,BG,RU,42.569917,27.515173,59.800301,30.262501,1925.1,2,"FB,SU",320
BOJ-VAR,BOJ,VAR,Burgas,Varna,BG,BG,42.569917,27.515173,43.232101,27.8251,77.8,1,FB,E90
BOJ-BRU,BOJ,BRU,Burgas,Zaventem,BG,BE,42.569917,27.515173,50.901402,4.48444,1973.0,1,HQ,320
PDV-HHN,PDV,HHN,Plovdiv,Frankfurt am Main (Lautzenhausen),BG,DE,42.067799,24.8508,49.946353,7.261734,1610.3,1,FR,738
PDV-STN,PDV,STN,Plovdiv,"London, Essex",BG,GB,42.067799,24.8508,51.884998,0.235,2147.7,1,FR,738
SOF-AMS,SOF,AMS,Sofia,Amsterdam,BG,NL,42.696357,23.417671,52.308601,4.76389,1753.7,1,FB,320 E90 319
SOF-BCN,SOF,BCN,Sofia,Barcelona,BG,ES,42.696357,23.417671,41.2971,2.07846,1765.6,2,"FB,W6","320,320 319"
SOF-BVA,SOF,BVA,Sofia,Beauvais,BG,FR,42.696357,23.417671,49.454399,2.11278,1798.9,1,W6,320
SOF-BEG,SOF,BEG,Sofia,Belgrade,BG,RS,42.696357,23.417671,44.818401,20.309099,343.5,1,JU,AT7
SOF-BLQ,SOF,BLQ,Sofia,Bologna,BG,IT,42.696357,23.417671,44.5354,11.2887,996.6,1,W6,320
SOF-BOJ,SOF,BOJ,Sofia,Burgas,BG,BG,42.696357,23.417671,42.569917,27.515173,335.5,1,FB,E90 320
SOF-CRL,SOF,CRL,Sofia,Charleroi,BG,BE,42.696357,23.417671,50.461963,4.459562,1679.6,1,W6,320
SOF-DTM,SOF,DTM,Sofia,Dortmund,BG,DE,42.696357,23.417671,51.518299,7.61224,1541.3,1,W6,320
SOF-EIN,SOF,EIN,Sofia,Eindhoven,BG,NL,42.696357,23.417671,51.4500999451,5.37452983856,1670.3,1,W6,320
SOF-MXP,SOF,MXP,Sofia,Ferno (VA),BG,IT,42.696357,23.417671,45.6306,8.72811,1214.3,2,"AZ,FB","E90,E90 319"
SOF-FRA,SOF,FRA,Sofia,Frankfurt am Main,BG,DE,42.696357,23.417671,50.026706,8.55835,1397.5,3,"ET,FB,LH","320 32A 319,32A 320 319 321,E90 319"
SOF-HHN,SOF,HHN,Sofia,Frankfurt am Main (Lautzenhausen),BG,DE,42.696357,23.417671,49.946353,7.261734,1474.8,1,W6,320
SOF-IST,SOF,IST,Sofia,Istanbul,BG,TR,42.696357,23.417671,41.274874,28.732136,466.7,1,TK,738 320
SOF-LGW,SOF,LGW,Sofia,London,BG,GB,42.696357,23.417671,51.148744,-0.185739,2011.6,1,U2,319 320
SOF-LHR,SOF,LHR,Sofia,London,BG,GB,42.696357,23.417671,51.470748,-0.459909,2041.2,3,"AA,BA,FB","320,320 319 E90"
SOF-STN,SOF,STN,Sofia,"London, Essex",BG,GB,42.696357,23.417671,51.884998,0.235,2012.2,1,U2,319 320
SOF-LTN,SOF,LTN,Sofia,"Luton, Luton",BG,GB,42.696357,23.417671,51.874699,-0.368333,2050.5,1,W6,320
SOF-MAD,SOF,MAD,Sofia,Madrid,BG,ES,42.696357,23.417671,40.493407,-3.572249,2248.1,3,"FB,IB,W6","319 320 E90,320"
SOF-MAN,SOF,MAN,Sofia,"Manchester, Greater Manchester",BG,GB,42.696357,23.417671,53.349375,-2.279521,2229.8,1,U2,319
SOF-SVO,SOF,SVO,Sofia,Moscow,BG,RU,42.696357,23.417671,55.976858,37.41121,1783.9,2,"FB,SU",319
SOF-MUC,SOF,MUC,Sofia,Munich,BG,DE,42.696357,23.417671,48.353802,11.7861,1101.2,1,LH,320 321
SOF-AGP,SOF,AGP,Sofia,Málaga,BG,ES,42.696357,23.417671,36.6749,-4.49911,2468.3,1,FB,320 319
SOF-BGY,SOF,BGY,Sofia,Orio al Serio (BG),BG,IT,42.696357,23.417671,45.669362,9.708851,1140.4,1,W6,320
SOF-OTP,SOF,OTP,Sofia,Otopeni,BG,RO,42.696357,23.417671,44.571792,26.103285,300.3,3,"FB,QR,RO","320 321,AT5"
SOF-PMI,SOF,PMI,Sofia,Palma de Mallorca,BG,ES,42.696357,23.417671,39.551701,2.73881,1762.3,1,FB,320 E90
SOF-CDG,SOF,CDG,Sofia,"Paris (Roissy-en-France, Val-d'Oise)",BG,FR,42.696357,23.417671,49.00896,2.554117,1754.3,2,"AF,FB","319 E90,321 320"
SOF-PRG,SOF,PRG,Sofia,Prague,BG,CZ,42.696357,23.417671,50.100874,14.259911,1080.5,2,"FB,OK",319 E90
SOF-FCO,SOF,FCO,Sofia,Rome,BG,IT,42.696357,23.417671,41.804532,12.251998,923.7,3,"AZ,FB,W6","320,321 319,E90 319 320"
SOF-ATH,SOF,ATH,Sofia,Spata-Artemida,BG,GR,42.696357,23.417671,37.936401,23.9445,531.2,4,"A3,FB,KM,OA","320,DH4,E90"
SOF-VLC,SOF,VLC,Sofia,Valencia,BG,ES,42.696357,23.417671,39.489162,-0.480961,2027.2,1,W6,320
SOF-VAR,SOF,VAR,Sofia,Varna,BG,BG,42.696357,23.417671,43.232101,27.8251,363.5,1,FB,320 E90 319
SOF-VIE,SOF,VIE,Sofia,Vienna,BG,AT,42.696357,23.417671,48.110298,16.5697,804.5,2,"FB,OS","319 100 320 321 F70,E90 319"
SOF-WAW,SOF,WAW,Sofia,Warsaw,BG,PL,42.696357,23.417671,52.165699,20.9671,1068.8,2,"FB,LO","E75,E75 E70"
SOF-BRU,SOF,BRU,Sofia,Zaventem,BG,BE,42.696357,23.417671,50.901402,4.48444,1698.2,1,FB,E90 319
SOF-ZRH,SOF,ZRH,Sofia,Zurich,BG,CH,42.696357,23.417671,47.458056,8.548056,1279.3,1,FB,E90
VAR-BEG,VAR,BEG,Varna,Belgrade,BG,RS,43.232101,27.8251,44.818401,20.309099,626.0,1,JU,AT7
VAR-BOJ,VAR,BOJ,Varna,Burgas,BG,BG,43.232101,27.8251,42.569917,27.515173,77.8,1,FB,E90
VAR-LTN,VAR,LTN,Varna,"Luton, Luton",BG,GB,43.232101,27.8251,51.874699,-0.368333,2304.7,1,W6,320
VAR-LUX,VAR,LUX,Varna,Luxembourg,BG,LU,43.232101,27.8251,49.626845,6.212134,1794.4,1,LG,73H
VAR-DME,VAR,DME,Varna,Moscow,BG,RU,43.232101,27.8251,55.408798,37.9063,1535.0,1,S7,320 763
VAR-SVO,VAR,SVO,Varna,Moscow,BG,RU,43.232101,27.8251,55.976858,37.41121,1573.1,1,FB,320
VAR-SOF,VAR,SOF,Varna,Sofia,BG,BG,43.232101,27.8251,42.696357,23.417671,363.5,1,FB,E90 320 319
VAR-VIE,VAR,VIE,Varna,Vienna,BG,AT,43.232101,27.8251,48.110298,16.5697,1027.6,1,OS,320 100 F70
VAR-BRU,VAR,BRU,Varna,Zaventem,BG,BE,43.232101,27.8251,50.901402,4.48444,1951.5,1,HQ,320
MSQ-AMS,MSQ,AMS,Minsk,Amsterdam,BY,NL,53.888071,28.039964,52.308601,4.76389,1556.8,1,B2,735 733
MSQ-BCN,MSQ,BCN,Minsk,Barcelona,BY,ES,53.888071,28.039964,41.2971,2.07846,2375.9,1,B2,E75 733 735
MSQ-BUD,MSQ,BUD,Minsk,Budapest,BY,HU,53.888071,28.039964,47.43018,19.262393,946.5,1,B2,CRJ 735
MSQ-MXP,MSQ,MXP,Minsk,Ferno (VA),BY,IT,53.888071,28.039964,45.6306,8.72811,1655.1,1,B2,735
MSQ-FRA,MSQ,FRA,Minsk,Frankfurt am Main,BY,DE,53.888071,28.039964,50.026706,8.55835,1397.1,2,"B2,LH","735 E75,E90"
MSQ-GVA,MSQ,GVA,Minsk,Geneva,BY,CH,53.888071,28.039964,46.238098,6.10895,1771.3,1,B2,E75 E95
MSQ-HAJ,MSQ,HAJ,Minsk,Hannover,BY,DE,53.888071,28.039964,52.461102,9.68508,1230.0,1,B2,CRJ
MSQ-HEL,MSQ,HEL,Minsk,Helsinki (Vantaa),BY,FI,53.888071,28.039964,60.318363,24.963341,738.6,2,"AY,B2","CR2 733,CRJ 733"
MSQ-IST,MSQ,IST,Minsk,Istanbul,BY,TR,53.888071,28.039964,41.274874,28.732136,1403.5,2,"B2,TK","320,733 E75"
MSQ-KGD,MSQ,KGD,Minsk,Kaliningrad,BY,RU,53.888071,28.039964,54.89161,20.598559,494.3,1,B2,CRJ
MSQ-KRR,MSQ,KRR,Minsk,Krasnodar,BY,RU,53.888071,28.039964,45.034465,39.174215,1268.5,1,B2,735
MSQ-LGW,MSQ,LGW,Minsk,London,BY,GB,53.888071,28.039964,51.148744,-0.185739,1920.8,1,B2,735 E75
MSQ-DME,MSQ,DME,Minsk,Moscow,BY,RU,53.888071,28.039964,55.408798,37.9063,656.3,3,"B2,S7,UN","735,735 CRJ E95 733"
MSQ-SVO,MSQ,SVO,Minsk,Moscow,BY,RU,53.888071,28.039964,55.976858,37.41121,641.5,1,SU,320 319
MSQ-NCE,MSQ,NCE,Minsk,"Nice, Alpes-Maritimes",BY,FR,53.888071,28.039964,43.658401,7.21587,1891.5,1,B2,E75
MSQ-CDG,MSQ,CDG,Minsk,"Paris (Roissy-en-France, Val-d'Oise)",BY,FR,53.888071,28.039964,49.00896,2.554117,1836.1,1,B2,733
MSQ-PRG,MSQ,PRG,Minsk,Prague,BY,CZ,53.888071,28.039964,50.100874,14.259911,1031.0,2,"B2,OK",E75 E95 733
MSQ-RIX,MSQ,RIX,Minsk,Riga,BY,LV,53.888071,28.039964,56.920752,23.970711,423.8,2,"B2,BT","CRJ,DH4 73C"
MSQ-FCO,MSQ,FCO,Minsk,Rome,BY,IT,53.888071,28.039964,41.804532,12.251998,1778.9,1,B2,735
MSQ-KUF,MSQ,KUF,Minsk,Samara,BY,RU,53.888071,28.039964,53.504902,50.164299,1451.2,1,B2,CRJ
MSQ-AER,MSQ,AER,Minsk,Sochi,BY,RU,53.888071,28.039964,43.449902,39.9566,1449.5,1,B2,735 CRJ
MSQ-LED,MSQ,LED,Minsk,St. Petersburg,BY,RU,53.888071,28.039964,59.800301,30.262501,671.1,3,"B2,S7,UN","735,CRJ 735,CRJ E75 E95"
MSQ-ARN,MSQ,ARN,Minsk,Stockholm,BY,SE,53.888071,28.039964,59.64849,17.928829,886.9,1,B2,CRJ
MSQ-VIE,MSQ,VIE,Minsk,Vienna,BY,AT,53.888071,28.039964,48.110298,16.5697,1026.0,2,"B2,OS","F70,F70 100 320 319 321"
MSQ-VNO,MSQ,VNO,Minsk,Vilnius,BY,LT,53.888071,28.039964,54.634102,25.285801,197.2,1,B2,CRJ
MSQ-WAW,MSQ,WAW,Minsk,Warsaw,BY,PL,53.888071,28.039964,52.165699,20.9671,510.0,2,"B2,LO","735 CRJ E75,E75 E95 734"
LUG-GVA,LUG,GVA,Agno,Geneva,CH,CH,46.004299,8.91058,46.238098,6.10895,217.5,1,F7,S20
LUG-ZRH,LUG,ZRH,Agno,Zurich,CH,CH,46.004299,8.91058,47.458056,8.548056,164.0,1,LX,S20
BRN-AMS,BRN,AMS,Bern,Amsterdam,CH,NL,46.912736,7.498819,52.308601,4.76389,631.4,1,SX,D38
BRN-BCN,BRN,BCN,Bern,Barcelona,CH,ES,46.912736,7.498819,41.2971,2.07846,759.3,1,SX,D38
BRN-EBA,BRN,EBA,Bern,Campo nell'Elba (LI),CH,IT,46.912736,7.498819,42.760871,10.239811,509.7,1,SX,D38
BRN-HAM,BRN,HAM,Bern,Hamburg,CH,DE,46.912736,7.498819,53.630402,9.98823,767.5,1,SX,D38
BRN-IBZ,BRN,IBZ,Bern,Ibiza (Eivissa),CH,ES,46.912736,7.498819,38.872898,1.37312,1023.1,1,SX,D38
BRN-CGN,BRN,CGN,Bern,Köln (Cologne),CH,DE,46.912736,7.498819,50.865898,7.14274,440.3,1,SX,D38
BRN-LCY,BRN,LCY,Bern,London,CH,GB,46.912736,7.498819,51.505299,0.055278,743.1,1,SX,D38
BRN-MUC,BRN,MUC,Bern,Munich,CH,DE,46.912736,7.498819,48.353802,11.7861,358.9,1,SX,D38
BRN-OLB,BRN,OLB,Bern,Olbia (SS),CH,IT,46.912736,7.498819,40.898953,9.518457,687.9,1,SX,D38
BRN-PMI,BRN,PMI,Bern,Palma de Mallorca,CH,ES,46.912736,7.498819,39.551701,2.73881,904.4,1,SX,D38
BRN-VIE,BRN,VIE,Bern,Vienna,CH,AT,46.912736,7.498819,48.110298,16.5697,693.7,1,SX,D38
GVA-LUG,GVA,LUG,Geneva,Agno,CH,CH,46.238098,6.10895,46.004299,8.91058,217.5,1,F7,S20
GVA-AJA,GVA,AJA,Geneva,Ajaccio,CH,FR,46.238098,6.10895,41.923599,8.80292,525.7,1,U2,319
GVA-ALC,GVA,ALC,Geneva,Alicante,CH,ES,46.238098,6.10895,38.2822,-0.558156,1040.1,1,U2,319 320
GVA-AMS,GVA,AMS,Geneva,Amsterdam,CH,NL,46.238098,6.10895,52.308601,4.76389,682.0,2,"KL,U2","319 320,737 F70 EMJ"
GVA-BCN,GVA,BCN,Geneva,Barcelona,CH,ES,46.238098,6.10895,41.2971,2.07846,637.4,2,"LX,U2","319 320,320 319 AR1"
GVA-BIA,GVA,BIA,Geneva,Bastia,CH,FR,46.238098,6.10895,42.5527,9.48373,489.6,1,U2,320 319
GVA-BEG,GVA,BEG,Geneva,Belgrade,CH,RS,46.238098,6.10895,44.818401,20.309099,1115.8,3,"F7,LX,U2","319,320,S20"
GVA-BIQ,GVA,BIQ,Geneva,Biarritz,CH,FR,46.238098,6.10895,43.468372,-1.523223,675.5,2,"A5,AF",CR7
GVA-BIO,GVA,BIO,Geneva,Bilbao,CH,ES,46.238098,6.10895,43.301102,-2.91061,782.7,1,U2,319
GVA-BOD,GVA,BOD,Geneva,Bordeaux,CH,FR,46.238098,6.10895,44.82865,-0.715356,554.0,2,"F7,U2","319 320,AT7"
GVA-BDS,GVA,BDS,Geneva,Brindisi,CH,IT,46.238098,6.10895,40.6576,17.947001,1137.6,1,U2,319 320
GVA-BRS,GVA,BRS,Geneva,Bristol,CH,GB,46.238098,6.10895,51.382326,-2.716453,862.0,1,U2,320 319
GVA-BUD,GVA,BUD,Geneva,Budapest,CH,HU,46.238098,6.10895,47.43018,19.262393,1008.1,1,U2,319 320
GVA-CAG,GVA,CAG,Geneva,Cagliari,CH,IT,46.238098,6.10895,39.251499,9.05428,813.1,1,U2,319
GVA-CTA,GVA,CTA,Geneva,Catania,CH,IT,46.238098,6.10895,37.466801,15.0664,1223.7,2,"LX,U2","319,320"
GVA-CPH,GVA,CPH,Geneva,Copenhagen,CH,DK,46.238098,6.10895,55.617900848389,12.656000137329,1138.3,4,"CA,LX,SK,U2","319 320,319 CR9 717,CR9 717"
GVA-DUB,GVA,DUB,Geneva,Dublin,CH,IE,46.238098,6.10895,53.428713,-6.262121,1191.4,1,EI,320
GVA-DBV,GVA,DBV,Geneva,Dubrovnik,CH,HR,46.238098,6.10895,42.562247,18.265543,1047.3,1,U2,320
GVA-DUS,GVA,DUS,Geneva,Düsseldorf,CH,DE,46.238098,6.10895,51.289501,6.76678,563.7,1,4U,CRJ
GVA-EDI,GVA,EDI,Geneva,Edinburgh,CH,GB,46.238098,6.10895,55.950145,-3.372288,1264.2,1,U2,319 320
GVA-FAO,GVA,FAO,Geneva,Faro,CH,PT,46.238098,6.10895,37.015909,-7.970939,1551.8,1,U2,319 320
GVA-FLR,GVA,FLR,Geneva,Firenze (FI),CH,IT,46.238098,6.10895,43.808558,11.202822,482.8,2,"AZ,F7",S20
GVA-FRA,GVA,FRA,Geneva,Frankfurt am Main,CH,DE,46.238098,6.10895,50.026706,8.55835,458.8,4,"ET,KU,LH,LX","340,735,735 CR7,735 CR7 E90"
GVA-HAM,GVA,HAM,Geneva,Hamburg,CH,DE,46.238098,6.10895,53.630402,9.98823,867.3,1,4U,CRJ
GVA-HEL,GVA,HEL,Geneva,Helsinki (Vantaa),CH,FI,46.238098,6.10895,60.318363,24.963341,1990.7,1,AY,E90 E70
GVA-HER,GVA,HER,Geneva,Heraklion,CH,GR,46.238098,6.10895,35.339699,25.1803,2002.8,2,"LX,U2","320,320 319"
GVA-IBZ,GVA,IBZ,Geneva,Ibiza (Eivissa),CH,ES,46.238098,6.10895,38.872898,1.37312,905.8,1,U2,319
GVA-IST,GVA,IST,Geneva,Istanbul,CH,TR,46.238098,6.10895,41.274874,28.732136,1891.5,1,TK,320 738 321
GVA-LIL,GVA,LIL,Geneva,Lesquin,CH,FR,46.238098,6.10895,50.566564,3.102429,529.9,1,U2,320 319
GVA-LIS,GVA,LIS,Geneva,Lisbon,CH,PT,46.238098,6.10895,38.7813,-9.13592,1495.7,5,"AY,LX,TP,U2,US","319 320,320 319,320 319 321"
GVA-LPL,GVA,LPL,Geneva,Liverpool,CH,GB,46.238098,6.10895,53.334863,-2.849637,1016.4,1,U2,319 320
GVA-LCY,GVA,LCY,Geneva,London,CH,GB,46.238098,6.10895,51.505299,0.055278,733.7,1,LX,AR1
GVA-LGW,GVA,LGW,Geneva,London,CH,GB,46.238098,6.10895,51.148744,-0.185739,714.7,1,U2,320 319
GVA-LHR,GVA,LHR,Geneva,London,CH,GB,46.238098,6.10895,51.470748,-0.459909,754.0,3,"AA,BA,LX","320 319,320 319 321"
GVA-LTN,GVA,LTN,Geneva,"Luton, Luton",CH,GB,46.238098,6.10895,51.874699,-0.368333,783.9,1,U2,319 320
GVA-LUX,GVA,LUX,Geneva,Luxembourg,CH,LU,46.238098,6.10895,49.626845,6.212134,376.9,1,LG,ER4
GVA-MAD,GVA,MAD,Geneva,Madrid,CH,ES,46.238098,6.10895,40.493407,-3.572249,1008.9,4,"AB,IB,LX,U2","319 320,320 319"
GVA-MAN,GVA,MAN,Geneva,"Manchester, Greater Manchester",CH,GB,46.238098,6.10895,53.349375,-2.279521,992.5,1,U2,319 320
GVA-MRS,GVA,MRS,Geneva,"Marignane, Bouches-du-Rhône",CH,FR,46.238098,6.10895,43.438088,5.2125,319.3,1,T7,BEH
GVA-MSQ,GVA,MSQ,Geneva,Minsk,CH,BY,46.238098,6.10895,53.888071,28.039964,1771.3,1,B2,E75 E95
GVA-DME,GVA,DME,Geneva,Moscow,CH,RU,46.238098,6.10895,55.408798,37.9063,2427.5,1,LX,319 320
GVA-SVO,GVA,SVO,Geneva,Moscow,CH,RU,46.238098,6.10895,55.976858,37.41121,2410.8,1,SU,320 319
GVA-MUC,GVA,MUC,Geneva,Munich,CH,DE,46.238098,6.10895,48.353802,11.7861,488.3,2,"LH,LX",E95 CR9
GVA-JMK,GVA,JMK,Geneva,Mykonos,CH,GR,46.238098,6.10895,37.435101,25.348101,1863.0,1,U2,319
GVA-AGP,GVA,AGP,Geneva,Málaga,CH,ES,46.238098,6.10895,36.6749,-4.49911,1380.3,2,"LX,U2","319 320,320 AR1"
GVA-NTE,GVA,NTE,Geneva,Nantes,CH,FR,46.238098,6.10895,47.153198,-1.61073,597.2,1,U2,319 320
GVA-NAP,GVA,NAP,Geneva,Napoli,CH,IT,46.238098,6.10895,40.886002,14.2908,887.3,1,U2,320 319
GVA-NCE,GVA,NCE,Geneva,"Nice, Alpes-Maritimes",CH,FR,46.238098,6.10895,43.658401,7.21587,299.8,2,"LX,U2","320 319,320 319 AR1"
GVA-OLB,GVA,OLB,Geneva,Olbia (SS),CH,IT,46.238098,6.10895,40.898953,9.518457,654.0,2,"LX,U2","319 320,320"
GVA-OSL,GVA,OSL,Geneva,Oslo (Gardermoen),CH,NO,46.238098,6.10895,60.193901,11.1004,1585.9,1,DY,733
GVA-OTP,GVA,OTP,Geneva,Otopeni,CH,RO,46.238098,6.10895,44.571792,26.103285,1567.7,2,"RO,W6","320,733 318"
GVA-PMI,GVA,PMI,Geneva,Palma de Mallorca,CH,ES,46.238098,6.10895,39.551701,2.73881,792.4,2,"LX,U2","319 320,320"
GVA-ORY,GVA,ORY,Geneva,"Paris (Orly, Val-de-Marne)",CH,FR,46.238098,6.10895,48.729499,2.358963,395.1,1,U2,319 320
GVA-CDG,GVA,CDG,Geneva,"Paris (Roissy-en-France, Val-d'Oise)",CH,FR,46.238098,6.10895,49.00896,2.554117,407.2,2,"AF,LX",321 319 320 318
GVA-OPO,GVA,OPO,Geneva,Porto,CH,PT,46.238098,6.10895,41.2481002808,-8.68138980865,1308.6,5,"A3,AY,LX,TP,U2","319,319 320,320 319"
GVA-PRG,GVA,PRG,Geneva,Prague,CH,CZ,46.238098,6.10895,50.100874,14.259911,740.9,1,LX,320 319
GVA-PRN,GVA,PRN,Geneva,Prishtina,CH,XK,46.238098,6.10895,42.5728,21.035801,1251.6,2,"LX,U2","319,320"
GVA-FCO,GVA,FCO,Geneva,Rome,CH,IT,46.238098,6.10895,41.804532,12.251998,695.5,4,"AZ,F7,LX,U2","319 320,32S E75 319 E90,AT7"
GVA-SCQ,GVA,SCQ,Geneva,Santiago de Compostela,CH,ES,46.238098,6.10895,42.896301,-8.41514,1207.0,1,U2,319 320
GVA-SVQ,GVA,SVQ,Geneva,Seville,CH,ES,46.238098,6.10895,37.417999,-5.89311,1393.8,1,U2,319
GVA-SEN,GVA,SEN,Geneva,"Southend-on-Sea, Essex",CH,GB,46.238098,6.10895,51.570562,0.693627,712.5,1,U2,319
GVA-ATH,GVA,ATH,Geneva,Spata-Artemida,CH,GR,46.238098,6.10895,37.936401,23.9445,1731.3,3,"A3,LX,U2","319,320,320 319"
GVA-SPU,GVA,SPU,Geneva,Split,CH,HR,46.238098,6.10895,43.538898,16.298,856.2,1,U2,319
GVA-JER,GVA,JER,Geneva,St. Peter,CH,JE,46.238098,6.10895,49.207901,-2.19551,703.0,1,SI,AT5 AT4
GVA-LED,GVA,LED,Geneva,St. Petersburg,CH,RU,46.238098,6.10895,59.800301,30.262501,2187.0,1,LX,319
GVA-ARN,GVA,ARN,Geneva,Stockholm,CH,SE,46.238098,6.10895,59.64849,17.928829,1682.7,4,"CA,LX,SK,U2","319,320 319,736 73H 717"
GVA-STR,GVA,STR,Geneva,Stuttgart,CH,DE,46.238098,6.10895,48.689899,9.22196,359.2,1,F7,S20
GVA-TLS,GVA,TLS,Geneva,Toulouse/Blagnac,CH,FR,46.238098,6.10895,43.629101,1.36382,472.8,2,"F7,U2","319,AT7"
GVA-VLC,GVA,VLC,Geneva,Valencia,CH,ES,46.238098,6.10895,39.489162,-0.480961,922.1,1,F7,S20
GVA-MLA,GVA,MLA,Geneva,Valletta,CH,MT,46.238098,6.10895,35.845932,14.491546,1350.8,1,KM,320
GVA-VCE,GVA,VCE,Geneva,Venezia (VE),CH,IT,46.238098,6.10895,45.505299,12.3519,490.0,1,U2,319
GVA-VIE,GVA,VIE,Geneva,Vienna,CH,AT,46.238098,6.10895,48.110298,16.5697,816.9,2,"LX,OS",F70 319 100
GVA-WAW,GVA,WAW,Geneva,Warsaw,CH,PL,46.238098,6.10895,52.165699,20.9671,1261.3,2,"LO,LX",E75
GVA-BRU,GVA,BRU,Geneva,Zaventem,CH,BE,46.238098,6.10895,50.901402,4.48444,532.1,4,"HU,LX,SN,U2","319 320 AR1,320,320 319"
GVA-ZRH,GVA,ZRH,Geneva,Zurich,CH,CH,46.238098,6.10895,47.458056,8.548056,229.8,3,"F7,LX,RJ","320,AR1 320 319 321 32A,S20"
ACH-EBA,ACH,EBA,St. Gallen,Campo nell'Elba (LI),CH,IT,47.485001,9.56077,42.760871,10.239811,528.0,1,3L,DH3
ACH-VIE,ACH,VIE,St. Gallen,Vienna,CH,AT,47.485001,9.56077,48.110298,16.5697,527.9,1,PE,E70
ZRH-LUG,ZRH,LUG,Zurich,Agno,CH,CH,47.458056,8.548056,46.004299,8.91058,164.0,1,LX,S20
ZRH-ALC,ZRH,ALC,Zurich,Alicante,CH,ES,47.458056,8.548056,38.2822,-0.558156,1259.8,1,AB,320 321
ZRH-AMS,ZRH,AMS,Zurich,Amsterdam,CH,NL,47.458056,8.548056,52.308601,4.76389,603.5,2,"KL,LX","320 AR1,EMJ 737"
ZRH-KRK,ZRH,KRK,Zurich,Balice,CH,PL,47.458056,8.548056,50.077702,19.7848,872.5,1,K2,DH4
ZRH-BCN,ZRH,BCN,Zurich,Barcelona,CH,ES,47.458056,8.548056,41.2971,2.07846,855.9,3,"IB,LX,VY","319 320,320,321 320"
ZRH-BEG,ZRH,BEG,Zurich,Belgrade,CH,RS,47.458056,8.548056,44.818401,20.309099,951.4,2,"JU,LX","319,320 100"
ZRH-BLL,ZRH,BLL,Zurich,Billund,CH,DK,47.458056,8.548056,55.740335,9.157019,921.9,1,BA,FRJ
ZRH-BHX,ZRH,BHX,Zurich,"Birmingham, West Midlands",CH,GB,47.458056,8.548056,52.453899,-1.74803,921.1,1,LX,100 AR1
ZRH-BOD,ZRH,BOD,Zurich,Bordeaux,CH,FR,47.458056,8.548056,44.82865,-0.715356,770.6,1,2L,100
ZRH-BRE,ZRH,BRE,Zurich,Bremen,CH,DE,47.458056,8.548056,53.046786,8.78932,621.7,1,W2,J32
ZRH-BDS,ZRH,BDS,Zurich,Brindisi,CH,IT,47.458056,8.548056,40.6576,17.947001,1064.3,3,"2L,AB,IG","100,320"
ZRH-BRS,ZRH,BRS,Zurich,Bristol,CH,GB,47.458056,8.548056,51.382326,-2.716453,922.9,1,2L,100
ZRH-BUD,ZRH,BUD,Zurich,Budapest,CH,HU,47.458056,8.548056,47.43018,19.262393,805.1,1,LX,AR1 100 320 319
ZRH-EBA,ZRH,EBA,Zurich,Campo nell'Elba (LI),CH,IT,47.458056,8.548056,42.760871,10.239811,538.9,1,3L,DH3
ZRH-TRN,ZRH,TRN,Zurich,Caselle Torinese (TO),CH,IT,47.458056,8.548056,45.200802,7.64963,260.3,1,F7,S20
ZRH-CTA,ZRH,CTA,Zurich,Catania,CH,IT,47.458056,8.548056,37.466801,15.0664,1231.9,3,"AB,IG,LX","320,320 319"
ZRH-LYS,ZRH,LYS,Zurich,"Colombier-Saugnieu, Rhône",CH,FR,47.458056,8.548056,45.725996,5.090139,326.9,1,LX,AR1
ZRH-CPH,ZRH,CPH,Zurich,Copenhagen,CH,DK,47.458056,8.548056,55.617900848389,12.656000137329,950.4,2,"LX,SK","321 320,321 320 319 CR9"
ZRH-DRS,ZRH,DRS,Zurich,Dresden,CH,DE,47.458056,8.548056,51.134123,13.767831,556.8,1,3L,DH3
ZRH-DUB,ZRH,DUB,Zurich,Dublin,CH,IE,47.458056,8.548056,53.428713,-6.262121,1237.6,2,"EI,LX","320,321"
ZRH-DBV,ZRH,DBV,Zurich,Dubrovnik,CH,HR,47.458056,8.548056,42.562247,18.265543,936.9,2,"LX,OU",DH4
ZRH-DUS,ZRH,DUS,Zurich,Düsseldorf,CH,DE,47.458056,8.548056,51.289501,6.76678,445.1,3,"AB,LH,LX","319 738 320 73G,320 319 CR9,320 AR1 100 321"
ZRH-GRZ,ZRH,GRZ,Zurich,Feldkirchen bei Graz,CH,AT,47.458056,8.548056,46.9911,15.4396,522.8,1,3L,DH3
ZRH-MXP,ZRH,MXP,Zurich,Ferno (VA),CH,IT,47.458056,8.548056,45.6306,8.72811,203.7,1,LX,AR1 100 320
ZRH-FLR,ZRH,FLR,Zurich,Firenze (FI),CH,IT,47.458056,8.548056,43.808558,11.202822,455.2,2,"F7,LX","AR1,S20"
ZRH-FRA,ZRH,FRA,Zurich,Frankfurt am Main,CH,DE,47.458056,8.548056,50.026706,8.55835,285.6,3,"ET,LH,LX","319,320 AR1,733 E90 735 319 320 321"
ZRH-FNC,ZRH,FNC,Zurich,Funchal,CH,PT,47.458056,8.548056,32.697812,-16.774613,2687.7,2,"AB,LX",320
ZRH-GDN,ZRH,GDN,Zurich,Gdańsk,CH,PL,47.458056,8.548056,54.377602,18.4662,1035.1,1,K2,DH4
ZRH-GVA,ZRH,GVA,Zurich,Geneva,CH,CH,47.458056,8.548056,46.238098,6.10895,229.8,3,"F7,LX,RJ","319,319 320 AR1 321 32A,S20"
ZRH-FMO,ZRH,FMO,Zurich,Greven,CH,DE,47.458056,8.548056,52.133816,7.688482,523.6,1,W2,J32
ZRH-HAM,ZRH,HAM,Zurich,Hamburg,CH,DE,47.458056,8.548056,53.630402,9.98823,693.8,3,"4U,LH,LX","319 CRJ,321 319 320 CRJ,321 320"
ZRH-HAJ,ZRH,HAJ,Zurich,Hannover,CH,DE,47.458056,8.548056,52.461102,9.68508,562.2,2,"LH,LX",AR1 100 320
ZRH-HEL,ZRH,HEL,Zurich,Helsinki (Vantaa),CH,FI,47.458056,8.548056,60.318363,24.963341,1779.0,2,"AB,AY","319,319 320"
ZRH-HER,ZRH,HER,Zurich,Heraklion,CH,GR,47.458056,8.548056,35.339699,25.1803,1926.3,2,"AB,LX","320 319,320 333"
ZRH-IBZ,ZRH,IBZ,Zurich,Ibiza (Eivissa),CH,ES,47.458056,8.548056,38.872898,1.37312,1116.9,1,AB,320
ZRH-SKP,ZRH,SKP,Zurich,Ilinden,CH,MK,47.458056,8.548056,41.958087,21.622581,1198.4,2,"4T,LX",320
ZRH-IST,ZRH,IST,Zurich,Istanbul,CH,TR,47.458056,8.548056,41.274874,28.732136,1739.0,4,"LX,OZ,TK,US","320,320 321 738,320 32A"
ZRH-CGN,ZRH,CGN,Zurich,Köln (Cologne),CH,DE,47.458056,8.548056,50.865898,7.14274,392.5,2,"4U,LX",320 319
ZRH-SUF,ZRH,SUF,Zurich,Lamezia Terme (CZ),CH,IT,47.458056,8.548056,38.906214,16.246007,1136.2,2,"AB,IG",320
ZRH-LIS,ZRH,LIS,Zurich,Lisbon,CH,PT,47.458056,8.548056,38.7813,-9.13592,1723.1,6,"A3,AY,LX,S4,TP,US","319 321,320,320 319,320 321 319,32A 320"
ZRH-LCY,ZRH,LCY,Zurich,London,CH,GB,47.458056,8.548056,51.505299,0.055278,760.1,3,"AB,BA,LX","AR1,E90 E70"
ZRH-LGW,ZRH,LGW,Zurich,London,CH,GB,47.458056,8.548056,51.148744,-0.185739,753.8,1,U2,319 320
ZRH-LHR,ZRH,LHR,Zurich,London,CH,GB,47.458056,8.548056,51.470748,-0.459909,788.3,4,"AA,AB,BA,LX","320 319,320 319 321,320 321 32A"
ZRH-LTN,ZRH,LTN,Zurich,"Luton, Luton",CH,GB,47.458056,8.548056,51.874699,-0.368333,807.1,1,U2,319 320
ZRH-LUX,ZRH,LUX,Zurich,Luxembourg,CH,LU,47.458056,8.548056,49.626845,6.212134,296.2,1,LX,AR1 320
ZRH-MAD,ZRH,MAD,Zurich,Madrid,CH,ES,47.458056,8.548056,40.493407,-3.572249,1238.7,3,"AB,IB,LX","319,320 32A"
ZRH-BNX,ZRH,BNX,Zurich,Mahovljani,CH,BA,47.458056,8.548056,44.941399,17.297501,728.7,1,JA,AT7
ZRH-MAN,ZRH,MAN,Zurich,"Manchester, Greater Manchester",CH,GB,47.458056,8.548056,53.349375,-2.279521,1007.1,1,LX,100 320 AR1
ZRH-DME,ZRH,DME,Zurich,Moscow,CH,RU,47.458056,8.548056,55.408798,37.9063,2197.7,1,LX,321 320
ZRH-SVO,ZRH,SVO,Zurich,Moscow,CH,RU,47.458056,8.548056,55.976858,37.41121,2181.1,1,SU,320
ZRH-MUC,ZRH,MUC,Zurich,Munich,CH,DE,47.458056,8.548056,48.353802,11.7861,261.1,2,"LH,LX","AR1,E95 319 CR9"
ZRH-AGP,ZRH,AGP,Zurich,Málaga,CH,ES,47.458056,8.548056,36.6749,-4.49911,1607.3,1,LX,321 320
ZRH-NAP,ZRH,NAP,Zurich,Napoli,CH,IT,47.458056,8.548056,40.886002,14.2908,861.9,2,"AB,IG",320
ZRH-NCE,ZRH,NCE,Zurich,"Nice, Alpes-Maritimes",CH,FR,47.458056,8.548056,43.658401,7.21587,435.0,1,LX,320 319
ZRH-NUE,ZRH,NUE,Zurich,Nuremberg,CH,DE,47.458056,8.548056,49.498699,11.078056,293.7,2,"LH,LX",100 AR1
ZRH-OLB,ZRH,OLB,Zurich,Olbia (SS),CH,IT,47.458056,8.548056,40.898953,9.518457,733.4,2,"AB,IG","320,320 738"
ZRH-OSL,ZRH,OSL,Zurich,Oslo (Gardermoen),CH,NO,47.458056,8.548056,60.193901,11.1004,1425.8,2,"LX,SK","319 320,73G 738 736"
ZRH-OTP,ZRH,OTP,Zurich,Otopeni,CH,RO,47.458056,8.548056,44.571792,26.103285,1389.8,1,LX,320
ZRH-PMI,ZRH,PMI,Zurich,Palma de Mallorca,CH,ES,47.458056,8.548056,39.551701,2.73881,995.5,2,"AB,LX","321 320,738 320 332 321"
ZRH-CDG,ZRH,CDG,Zurich,"Paris (Roissy-en-France, Val-d'Oise)",CH,FR,47.458056,8.548056,49.00896,2.554117,476.1,2,"AF,LX","318,320 AR1 32A 319"
ZRH-TGD,ZRH,TGD,Zurich,Podgorica,CH,ME,47.458056,8.548056,42.359402,19.2519,1014.4,1,YM,100
ZRH-OPO,ZRH,OPO,Zurich,Porto,CH,PT,47.458056,8.548056,41.2481002808,-8.68138980865,1529.5,2,"LX,TP",320 319
ZRH-PRG,ZRH,PRG,Zurich,Prague,CH,CZ,47.458056,8.548056,50.100874,14.259911,511.2,3,"LX,OK,QS","AR1,AT7,AT7 AT4"
ZRH-PRN,ZRH,PRN,Zurich,Prishtina,CH,XK,47.458056,8.548056,42.5728,21.035801,1120.0,2,"4T,LX",320
ZRH-KEF,ZRH,KEF,Zurich,Reykjavík,CH,IS,47.458056,8.548056,63.985001,-22.6056,2631.3,1,FI,75W
ZRH-RIX,ZRH,RIX,Zurich,Riga,CH,LV,47.458056,8.548056,56.920752,23.970711,1481.0,1,BT,735
ZRH-FCO,ZRH,FCO,Zurich,Rome,CH,IT,47.458056,8.548056,41.804532,12.251998,693.4,3,"AZ,EY,LX","321 320 319 32A,E75 E90 32S,EMJ"
ZRH-SZG,ZRH,SZG,Zurich,Salzburg,CH,AT,47.458056,8.548056,47.793301,13.0043,336.0,1,3L,DH3
ZRH-LEJ,ZRH,LEJ,Zurich,Schkeuditz,CH,DE,47.458056,8.548056,51.420657,12.232705,514.7,1,F7,S20
ZRH-SOF,ZRH,SOF,Zurich,Sofia,CH,BG,47.458056,8.548056,42.696357,23.417671,1279.3,1,FB,E90
ZRH-ATH,ZRH,ATH,Zurich,Spata-Artemida,CH,GR,47.458056,8.548056,37.936401,23.9445,1639.1,1,LX,321
ZRH-SPU,ZRH,SPU,Zurich,Split,CH,HR,47.458056,8.548056,43.538898,16.298,744.2,2,"LX,OU",DH4
ZRH-JER,ZRH,JER,Zurich,St. Peter,CH,JE,47.458056,8.548056,49.207901,-2.19551,816.9,1,SI,AT5 AT4
ZRH-LED,ZRH,LED,Zurich,St. Petersburg,CH,RU,47.458056,8.548056,59.800301,30.262501,1966.2,1,LX,320 32A
ZRH-ARN,ZRH,ARN,Zurich,Stockholm,CH,SE,47.458056,8.548056,59.64849,17.928829,1487.1,2,"LX,SK","320 321,717 73G 736 73W 73H"
ZRH-STR,ZRH,STR,Zurich,Stuttgart,CH,DE,47.458056,8.548056,48.689899,9.22196,145.8,2,"LH,LX","AR1,AR1 100 319"
ZRH-GWT,ZRH,GWT,Zurich,Sylt,CH,DE,47.458056,8.548056,54.9132,8.34047,829.1,1,AB,73G DH4
ZRH-VLC,ZRH,VLC,Zurich,Valencia,CH,ES,47.458056,8.548056,39.489162,-0.480961,1145.6,1,LX,321 320
ZRH-MLA,ZRH,MLA,Zurich,Valletta,CH,MT,47.458056,8.548056,35.845932,14.491546,1381.4,2,"KM,LX",319
ZRH-ZAG,ZRH,ZAG,Zurich,Velika Gorica,CH,HR,47.458056,8.548056,45.742901,16.0688,605.1,2,"LX,OU",DH4
ZRH-VCE,ZRH,VCE,Zurich,Venezia (VE),CH,IT,47.458056,8.548056,45.505299,12.3519,363.2,1,LX,AR1 320
ZRH-VIE,ZRH,VIE,Zurich,Vienna,CH,AT,47.458056,8.548056,48.110298,16.5697,603.4,5,"AB,HG,LX,OS,RJ","321 E90,321 E90 320,32A 319 321 320 AR1,32A 320 319 321 AR1"
ZRH-WAW,ZRH,WAW,Zurich,Warsaw,CH,PL,47.458056,8.548056,52.165699,20.9671,1031.5,2,"LO,LX","100,E70 E75"
ZRH-WRO,ZRH,WRO,Zurich,Wrocław,CH,PL,47.458056,8.548056,51.103719,16.882096,727.2,1,K2,DH4
ZRH-BRU,ZRH,BRU,Zurich,Zaventem,CH,BE,47.458056,8.548056,50.901402,4.48444,483.4,2,"LX,SN",320 AR1
ZRH-LJU,ZRH,LJU,Zurich,Zgornji Brnik,CH,SI,47.458056,8.548056,46.223701,14.4576,469.8,2,"JP,LX",CR9 CR2 319
BRQ-STN,BRQ,STN,Brno,"London, Essex",CZ,GB,49.151276,16.693972,51.884998,0.235,1199.8,1,FR,738
KLV-SVO,KLV,SVO,Karlovy Vary,Moscow,CZ,RU,50.202999,12.915,55.976858,37.41121,1745.8,2,"OK,SU",320
KLV-LED,KLV,LED,Karlovy Vary,St. Petersburg,CZ,RU,50.202999,12.915,59.800301,30.262501,1528.5,2,"OK,SU",320
OSR-STN,OSR,STN,Mošnov,"London, Essex",CZ,GB,49.696301,18.111099,51.884998,0.235,1276.5,1,FR,738
OSR-CDG,OSR,CDG,Mošnov,"Paris (Roissy-en-France, Val-d'Oise)",CZ,FR,49.696301,18.111099,49.00896,2.554117,1127.4,1,QS,738
OSR-PRG,OSR,PRG,Mošnov,Prague,CZ,CZ,49.696301,18.111099,50.100874,14.259911,279.5,2,"OK,QS","AT4,AT4 AT7"
PED-DME,PED,DME,Pardubice,Moscow,CZ,RU,50.015049,15.73981,55.408798,37.9063,1600.5,1,UN,735
PED-LED,PED,LED,Pardubice,St. Petersburg,CZ,RU,50.015049,15.73981,59.800301,30.262501,1424.0,1,UN,733
PRG-AMS,PRG,AMS,Prague,Amsterdam,CZ,NL,50.100874,14.259911,52.308601,4.76389,705.0,4,"KL,OK,QS,U2","319,EMJ F70 737"
PRG-BCN,PRG,BCN,Prague,Barcelona,CZ,ES,50.100874,14.259911,41.2971,2.07846,1358.0,5,"IB,OK,QS,UX,VY","319 320 738,319 738,320,320 319,32S"
PRG-BRI,PRG,BRI,Prague,Bari,CZ,IT,50.100874,14.259911,41.138901,16.760599,1015.2,1,W6,320
PRG-BEG,PRG,BEG,Prague,Belgrade,CZ,RS,50.100874,14.259911,44.818401,20.309099,742.3,1,JU,AT7
PRG-BGO,PRG,BGO,Prague,Bergen,CZ,NO,50.100874,14.259911,60.2934,5.21814,1267.7,1,DY,73H
PRG-BTS,PRG,BTS,Prague,Bratislava,CZ,SK,50.100874,14.259911,48.1702,17.2127,303.7,2,"OK,QS",AT4 AT7
PRG-BRS,PRG,BRS,Prague,Bristol,CZ,GB,50.100874,14.259911,51.382326,-2.716453,1200.3,1,U2,319
PRG-BUD,PRG,BUD,Prague,Budapest,CZ,HU,50.100874,14.259911,47.43018,19.262393,471.6,2,"OK,QS",AT7
PRG-BSL,PRG,BSL,Prague,Bâle / Mulhouse,CZ,FR,50.100874,14.259911,47.60068,7.521117,565.7,1,LX,AR1
PRG-CLJ,PRG,CLJ,Prague,Cluj-Napoca,CZ,RO,50.100874,14.259911,46.786042,23.685733,786.1,2,"OK,RO",AT5
PRG-LYS,PRG,LYS,Prague,"Colombier-Saugnieu, Rhône",CZ,FR,50.100874,14.259911,45.725996,5.090139,837.9,2,"A5,AF",E90 CRK
PRG-CPH,PRG,CPH,Prague,Copenhagen,CZ,DK,50.100874,14.259911,55.617900848389,12.656000137329,622.8,4,"DY,OK,QS,SK","319,320 CR9,73H"
PRG-DUB,PRG,DUB,Prague,Dublin,CZ,IE,50.100874,14.259911,53.428713,-6.262121,1454.3,2,"EI,FR","320,738"
PRG-DUS,PRG,DUS,Prague,Düsseldorf,CZ,DE,50.100874,14.259911,51.289501,6.76678,543.8,3,"4U,OK,QS","319 AT7,CRJ"
PRG-EDI,PRG,EDI,Prague,Edinburgh,CZ,GB,50.100874,14.259911,55.950145,-3.372288,1341.3,2,"LS,U2","319 320,733"
PRG-MXP,PRG,MXP,Prague,Ferno (VA),CZ,IT,50.100874,14.259911,45.6306,8.72811,645.7,3,"OK,QS,U2",319
PRG-FRA,PRG,FRA,Prague,Frankfurt am Main,CZ,DE,50.100874,14.259911,50.026706,8.55835,407.0,4,"ET,LH,OK,QS","320 321,321 733 32A 320,AT7 319"
PRG-FNC,PRG,FNC,Prague,Funchal,CZ,PT,50.100874,14.259911,32.697812,-16.774613,3193.8,1,QS,738
PRG-GVA,PRG,GVA,Prague,Geneva,CZ,CH,50.100874,14.259911,46.238098,6.10895,740.9,1,LX,320 319
PRG-HAM,PRG,HAM,Prague,Hamburg,CZ,DE,50.100874,14.259911,53.630402,9.98823,489.8,3,"4U,OK,QS","319 AT7,319 AT7 AT4,CRJ"
PRG-HEL,PRG,HEL,Prague,Helsinki (Vantaa),CZ,FI,50.100874,14.259911,60.318363,24.963341,1319.9,3,"AY,DY,OK","319 320,319 321 320,73H"
PRG-HER,PRG,HER,Prague,Heraklion,CZ,GR,50.100874,14.259911,35.339699,25.1803,1863.6,2,"OK,QS",738
PRG-IST,PRG,IST,Prague,Istanbul,CZ,TR,50.100874,14.259911,41.274874,28.732136,1487.6,1,TK,738 321 320
PRG-KSC,PRG,KSC,Prague,Košice,CZ,SK,50.100874,14.259911,48.663101,21.2411,529.8,2,"OK,QS","AT4,AT4 AT7"
PRG-KRR,PRG,KRR,Prague,Krasnodar,CZ,RU,50.100874,14.259911,45.034465,39.174215,1941.8,1,R3,73W 73H
PRG-CGN,PRG,CGN,Prague,Köln (Cologne),CZ,DE,50.100874,14.259911,50.865898,7.14274,510.5,1,4U,319 320 CRJ
PRG-LBA,PRG,LBA,Prague,"Leeds, West Yorkshire",CZ,GB,50.100874,14.259911,53.865898,-1.66057,1164.8,1,LS,733
PRG-LIS,PRG,LIS,Prague,Lisbon,CZ,PT,50.100874,14.259911,38.7813,-9.13592,2228.7,1,TP,319 320
PRG-LGW,PRG,LGW,Prague,London,CZ,GB,50.100874,14.259911,51.148744,-0.185739,1024.0,1,U2,319 320
PRG-LHR,PRG,LHR,Prague,London,CZ,GB,50.100874,14.259911,51.470748,-0.459909,1044.1,2,"AA,BA",320
PRG-STN,PRG,STN,Prague,"London, Essex",CZ,GB,50.100874,14.259911,51.884998,0.235,999.8,2,"FR,U2","319,738"
PRG-LTN,PRG,LTN,Prague,"Luton, Luton",CZ,GB,50.100874,14.259911,51.874699,-0.368333,1040.9,1,W6,320
PRG-MAD,PRG,MAD,Prague,Madrid,CZ,ES,50.100874,14.259911,40.493407,-3.572249,1749.3,4,"IB,OK,QS,UX","319 321,320,321 320,32S"
PRG-MAN,PRG,MAN,Prague,"Manchester, Greater Manchester",CZ,GB,50.100874,14.259911,53.349375,-2.279521,1191.9,2,"LS,U2","319,733"
PRG-MRS,PRG,MRS,Prague,"Marignane, Bouches-du-Rhône",CZ,FR,50.100874,14.259911,43.438088,5.2125,1010.4,1,AF,320 319
PRG-MSQ,PRG,MSQ,Prague,Minsk,CZ,BY,50.100874,14.259911,53.888071,28.039964,1031.0,2,"B2,OK",E75 E95 733
PRG-SVO,PRG,SVO,Prague,Moscow,CZ,RU,50.100874,14.259911,55.976858,37.41121,1670.0,2,"OK,SU","320 319,320 321"
PRG-OSR,PRG,OSR,Prague,Mošnov,CZ,CZ,50.100874,14.259911,49.696301,18.111099,279.5,2,"OK,QS","AT4,AT7 AT4"
PRG-MUC,PRG,MUC,Prague,Munich,CZ,DE,50.100874,14.259911,48.353802,11.7861,264.6,1,LH,E95 CR9
PRG-AGP,PRG,AGP,Prague,Málaga,CZ,ES,50.100874,14.259911,36.6749,-4.49911,2116.1,1,OK,738
PRG-NTE,PRG,NTE,Prague,Nantes,CZ,FR,50.100874,14.259911,47.153198,-1.61073,1209.0,1,V7,717
PRG-NAP,PRG,NAP,Prague,Napoli,CZ,IT,50.100874,14.259911,40.886002,14.2908,1024.6,1,W6,320
PRG-NCL,PRG,NCL,Prague,"Newcastle upon Tyne, Tyne and Wear",CZ,GB,50.100874,14.259911,55.037958,-1.689577,1205.9,1,LS,73C 733
PRG-NCE,PRG,NCE,Prague,"Nice, Alpes-Maritimes",CZ,FR,50.100874,14.259911,43.658401,7.21587,893.5,2,"OK,QS",319
PRG-GOJ,PRG,GOJ,Prague,Nizhny Novgorod,CZ,RU,50.100874,14.259911,56.227351,43.785152,2063.9,2,"OK,U6",320
PRG-EMA,PRG,EMA,Prague,"Nottingham, Leicestershire",CZ,GB,50.100874,14.259911,52.8311,-1.32806,1119.1,1,LS,733
PRG-OVB,PRG,OVB,Prague,Novosibirsk,CZ,RU,50.100874,14.259911,55.019756,82.618675,4466.0,1,S7,320
PRG-BGY,PRG,BGY,Prague,Orio al Serio (BG),CZ,IT,50.100874,14.259911,45.669362,9.708851,598.1,1,W6,320
PRG-OSL,PRG,OSL,Prague,Oslo (Gardermoen),CZ,NO,50.100874,14.259911,60.193901,11.1004,1139.8,2,"DY,SK","73H 733,73H 738"
PRG-OTP,PRG,OTP,Prague,Otopeni,CZ,RO,50.100874,14.259911,44.571792,26.103285,1081.7,3,"OK,QS,RO","319,73W"
PRG-PMI,PRG,PMI,Prague,Palma de Mallorca,CZ,ES,50.100874,14.259911,39.551701,2.73881,1480.2,2,"OK,QS",738
PRG-ORY,PRG,ORY,Prague,"Paris (Orly, Val-de-Marne)",CZ,FR,50.100874,14.259911,48.729499,2.358963,873.3,1,TO,73H
PRG-CDG,PRG,CDG,Prague,"Paris (Roissy-en-France, Val-d'Oise)",CZ,FR,50.100874,14.259911,49.00896,2.554117,852.2,5,"AF,AZ,OK,QS,U2","319,319 73G 738,320 319,321 320 32A"
PRG-PSA,PRG,PSA,Prague,Pisa (PI),CZ,IT,50.100874,14.259911,43.683899,10.3927,771.4,2,"AP,AZ",320
PRG-RIX,PRG,RIX,Prague,Riga,CZ,LV,50.100874,14.259911,56.920752,23.970711,991.8,2,"BT,OK",DH4
PRG-FCO,PRG,FCO,Prague,Rome,CZ,IT,50.100874,14.259911,41.804532,12.251998,935.4,7,"AZ,IB,OK,QS,U2,VY,W6","319,320,32S,738 320 319,73G 319 738"
PRG-ROV,PRG,ROV,Prague,Rostov-on-Don,CZ,RU,50.100874,14.259911,47.493888,39.924722,1892.4,1,OK,319
PRG-RTM,PRG,RTM,Prague,Rotterdam,CZ,NL,50.100874,14.259911,51.956902,4.43722,716.6,1,HV,73W 73H
PRG-KUF,PRG,KUF,Prague,Samara,CZ,RU,50.100874,14.259911,53.504902,50.164299,2470.6,1,OK,319 320
PRG-LIN,PRG,LIN,Prague,Segrate (MI),CZ,IT,50.100874,14.259911,45.445099,9.27674,637.4,1,AZ,319 E75
PRG-SOF,PRG,SOF,Prague,Sofia,CZ,BG,50.100874,14.259911,42.696357,23.417671,1080.5,2,"FB,OK",319 E90
PRG-ATH,PRG,ATH,Prague,Spata-Artemida,CZ,GR,50.100874,14.259911,37.936401,23.9445,1555.6,1,A3,320
PRG-SPU,PRG,SPU,Prague,Split,CZ,HR,50.100874,14.259911,43.538898,16.298,745.9,1,QS,738
PRG-LED,PRG,LED,Prague,St. Petersburg,CZ,RU,50.100874,14.259911,59.800301,30.262501,1478.2,2,"OK,SU","319,320 319"
PRG-ARN,PRG,ARN,Prague,Stockholm,CZ,SE,50.100874,14.259911,59.64849,17.928829,1086.9,5,"DY,KE,OK,QS,SK","319,73H,73H 717"
PRG-SXB,PRG,SXB,Prague,Strasbourg,CZ,FR,50.100874,14.259911,48.5383,7.62823,510.9,2,"OK,QS",AT4
PRG-TSF,PRG,TSF,Prague,Treviso (TV),CZ,IT,50.100874,14.259911,45.648399,12.1944,518.5,1,W6,320
PRG-UFA,PRG,UFA,Prague,Ufa,CZ,RU,50.100874,14.259911,54.557498931885,55.874401092529,2827.8,1,OK,319 320
PRG-VLC,PRG,VLC,Prague,Valencia,CZ,ES,50.100874,14.259911,39.489162,-0.480961,1651.1,2,"OK,QS",738
PRG-MLA,PRG,MLA,Prague,Valletta,CZ,MT,50.100874,14.259911,35.845932,14.491546,1585.2,2,"KM,OK",320
PRG-VCE,PRG,VCE,Prague,Venezia (VE),CZ,IT,50.100874,14.259911,45.505299,12.3519,530.5,2,"AP,AZ",320
PRG-VIE,PRG,VIE,Prague,Vienna,CZ,AT,50.100874,14.259911,48.110298,16.5697,277.9,1,OS,100 DH4 F70
PRG-VNO,PRG,VNO,Prague,Vilnius,CZ,LT,50.100874,14.259911,54.634102,25.285801,900.9,1,LT,CR2
PRG-WAW,PRG,WAW,Prague,Warsaw,CZ,PL,50.100874,14.259911,52.165699,20.9671,521.0,3,"LO,OK,QS","AT7 AT4,E75 E70"
PRG-BRU,PRG,BRU,Prague,Zaventem,CZ,BE,50.100874,14.259911,50.901402,4.48444,696.6,4,"OK,QS,SN,UA","319,319 DH4,DH4"
PRG-LJU,PRG,LJU,Prague,Zgornji Brnik,CZ,SI,50.100874,14.259911,46.223701,14.4576,431.4,1,JP,CR2
PRG-ZRH,PRG,ZRH,Prague,Zurich,CZ,CH,50.100874,14.259911,47.458056,8.548056,511.2,3,"LX,OK,QS","AR1,AT7,AT7 AT4"
BRE-ALC,BRE,ALC,Bremen,Alicante,DE,ES,53.046786,8.78932,38.2822,-0.558156,1791.7,1,FR,738
BRE-AMS,BRE,AMS,Bremen,Amsterdam,DE,NL,53.046786,8.78932,52.308601,4.76389,283.5,2,"AZ,KL",F70
BRE-BZR,BRE,BZR,Bremen,Béziers,DE,FR,53.046786,8.78932,43.323502,3.3539,1153.0,1,FR,738
BRE-CPH,BRE,CPH,Bremen,Copenhagen,DE,DK,53.046786,8.78932,55.617900848389,12.656000137329,380.1,1,SK,AT7 CR2
BRE-DUB,BRE,DUB,Bremen,Dublin,DE,IE,53.046786,8.78932,53.428713,-6.262121,1000.7,1,FR,738
BRE-EDI,BRE,EDI,Bremen,Edinburgh,DE,GB,53.046786,8.78932,55.950145,-3.372288,847.6,1,FR,738
BRE-FAO,BRE,FAO,Bremen,Faro,DE,PT,53.046786,8.78932,37.015909,-7.970939,2204.6,1,FR,738
BRE-FRA,BRE,FRA,Bremen,Frankfurt am Main,DE,DE,53.046786,8.78932,50.026706,8.55835,336.2,1,LH,319 733 321 735 E90
BRE-FNC,BRE,FNC,Bremen,Funchal,DE,PT,53.046786,8.78932,32.697812,-16.774613,3043.3,1,ST,319
BRE-GRO,BRE,GRO,Bremen,Girona,DE,ES,53.046786,8.78932,41.904639,2.761774,1318.0,1,FR,738
BRE-FMO,BRE,FMO,Bremen,Greven,DE,DE,53.046786,8.78932,52.133816,7.688482,125.8,1,W2,J32
BRE-IBZ,BRE,IBZ,Bremen,Ibiza (Eivissa),DE,ES,53.046786,8.78932,38.872898,1.37312,1674.9,1,ST,319
BRE-IST,BRE,IST,Bremen,Istanbul,DE,TR,53.046786,8.78932,41.274874,28.732136,1984.6,1,TK,320
BRE-HAU,BRE,HAU,Bremen,Karmøy,DE,NO,53.046786,8.78932,59.345299,5.20836,734.3,1,FR,738
BRE-CFU,BRE,CFU,Bremen,Kerkyra (Corfu),DE,GR,53.046786,8.78932,39.60145,19.912179,1717.3,1,FR,738
BRE-STN,BRE,STN,Bremen,"London, Essex",DE,GB,53.046786,8.78932,51.884998,0.235,593.3,1,FR,738
BRE-MAN,BRE,MAN,Bremen,"Manchester, Greater Manchester",DE,GB,53.046786,8.78932,53.349375,-2.279521,737.3,1,FR,738
BRE-MUC,BRE,MUC,Bremen,Munich,DE,DE,53.046786,8.78932,48.353802,11.7861,562.8,1,LH,320 E95 319 321
BRE-AGP,BRE,AGP,Bremen,Málaga,DE,ES,53.046786,8.78932,36.6749,-4.49911,2092.6,1,FR,738
BRE-NYO,BRE,NYO,Bremen,Nyköping,DE,SE,53.046786,8.78932,58.789656,16.911479,813.6,1,FR,738
BRE-BGY,BRE,BGY,Bremen,Orio al Serio (BG),DE,IT,53.046786,8.78932,45.669362,9.708851,823.0,1,FR,738
BRE-PMI,BRE,PMI,Bremen,Palma de Mallorca,DE,ES,53.046786,8.78932,39.551701,2.73881,1569.5,3,"AB,FR,ST","320 738 319,321,738"
BRE-CDG,BRE,CDG,Bremen,"Paris (Roissy-en-France, Val-d'Oise)",DE,FR,53.046786,8.78932,49.00896,2.554117,625.4,2,"AF,AZ",E70
BRE-OPO,BRE,OPO,Bremen,Porto,DE,PT,53.046786,8.78932,41.2481002808,-8.68138980865,1852.5,1,FR,738
BRE-RIX,BRE,RIX,Bremen,Riga,DE,LV,53.046786,8.78932,56.920752,23.970711,1057.2,1,FR,738
BRE-LEJ,BRE,LEJ,Bremen,Schkeuditz,DE,DE,53.046786,8.78932,51.420657,12.232705,296.1,1,ST,319
BRE-STR,BRE,STR,Bremen,Stuttgart,DE,DE,53.046786,8.78932,48.689899,9.22196,485.4,1,4U,319 CRJ
BRE-TLL,BRE,TLL,Bremen,Tallinn,DE,EE,53.046786,8.78932,59.413246,24.83264,1213.4,1,FR,738
BRE-TMP,BRE,TMP,Bremen,Tampere / Pirkkala,DE,FI,53.046786,8.78932,61.414101,23.604401,1282.9,1,FR,738
BRE-SKG,BRE,SKG,Bremen,Thessaloniki,DE,GR,53.046786,8.78932,40.51928,22.970009,1755.7,1,FR,738
BRE-TLS,BRE,TLS,Bremen,Toulouse/Blagnac,DE,FR,53.046786,8.78932,43.629101,1.36382,1180.8,1,BM,ER4
BRE-TSF,BRE,TSF,Bremen,Treviso (TV),DE,IT,53.046786,8.78932,45.648399,12.1944,858.6,1,FR,738
BRE-VIE,BRE,VIE,Bremen,Vienna,DE,AT,53.046786,8.78932,48.110298,16.5697,775.8,1,ST,319
BRE-VNO,BRE,VNO,Bremen,Vilnius,DE,LT,53.046786,8.78932,54.634102,25.285801,1094.0,1,FR,738
BRE-ZRH,BRE,ZRH,Bremen,Zurich,DE,CH,53.046786,8.78932,47.458056,8.548056,621.7,1,W2,J32
PAD-IBZ,PAD,IBZ,Büren,Ibiza (Eivissa),DE,ES,51.612527,8.617459,38.872898,1.37312,1524.1,1,AB,738
PAD-MUC,PAD,MUC,Büren,Munich,DE,DE,51.612527,8.617459,48.353802,11.7861,427.3,1,LH,CR9 CR7
PAD-PMI,PAD,PMI,Büren,Palma de Mallorca,DE,ES,51.612527,8.617459,39.551701,2.73881,1415.8,2,"AB,DE","32S,738 320"
KSF-PMI,KSF,PMI,Calden,Palma de Mallorca,DE,ES,51.418395,9.391638,39.551701,2.73881,1416.3,1,ST,321
DTM-AHO,DTM,AHO,Dortmund,Alghero,DE,IT,51.518299,7.61224,40.632099,8.29077,1211.6,1,FR,738
DTM-KRK,DTM,KRK,Dortmund,Balice,DE,PL,51.518299,7.61224,50.077702,19.7848,869.3,1,FR,738
DTM-BCN,DTM,BCN,Dortmund,Barcelona,DE,ES,51.518299,7.61224,41.2971,2.07846,1212.3,2,"IB,VY","319,320"
DTM-BEG,DTM,BEG,Dortmund,Belgrade,DE,RS,51.518299,7.61224,44.818401,20.309099,1197.8,1,W6,320
DTM-BUD,DTM,BUD,Dortmund,Budapest,DE,HU,51.518299,7.61224,47.43018,19.262393,955.1,1,W6,320
DTM-CLJ,DTM,CLJ,Dortmund,Cluj-Napoca,DE,RO,51.518299,7.61224,46.786042,23.685733,1278.4,1,W6,320
DTM-FAO,DTM,FAO,Dortmund,Faro,DE,PT,51.518299,7.61224,37.015909,-7.970939,2025.8,1,FR,738
DTM-GDN,DTM,GDN,Dortmund,Gdańsk,DE,PL,51.518299,7.61224,54.377602,18.4662,792.6,1,W6,320
DTM-GRO,DTM,GRO,Dortmund,Girona,DE,ES,51.518299,7.61224,41.904639,2.761774,1130.5,1,FR,738
DTM-SKP,DTM,SKP,Dortmund,Ilinden,DE,MK,51.518299,7.61224,41.958087,21.622581,1501.8,1,W6,320
DTM-KTW,DTM,KTW,Dortmund,Katowice,DE,PL,51.518299,7.61224,50.476015,19.080705,810.0,1,W6,320
DTM-STN,DTM,STN,Dortmund,"London, Essex",DE,GB,51.518299,7.61224,51.884998,0.235,509.8,1,FR,738
DTM-LTN,DTM,LTN,Dortmund,"Luton, Luton",DE,GB,51.518299,7.61224,51.874699,-0.368333,551.2,1,U2,319
DTM-LWO,DTM,LWO,Dortmund,Lviv,DE,UA,51.518299,7.61224,49.8125,23.9561,1164.9,1,WU,320
DTM-MUC,DTM,MUC,Dortmund,Munich,DE,DE,51.518299,7.61224,48.353802,11.7861,461.4,2,"4U,LH",319
DTM-AGP,DTM,AGP,Dortmund,Málaga,DE,ES,51.518299,7.61224,36.6749,-4.49911,1907.3,1,FR,738
DTM-OTP,DTM,OTP,Dortmund,Otopeni,DE,RO,51.518299,7.61224,44.571792,26.103285,1570.4,1,W6,320
DTM-PMI,DTM,PMI,Dortmund,Palma de Mallorca,DE,ES,51.518299,7.61224,39.551701,2.73881,1382.9,3,"4U,AB,FR","319 320,738"
DTM-OPO,DTM,OPO,Dortmund,Porto,DE,PT,51.518299,7.61224,41.2481002808,-8.68138980865,1686.0,1,FR,738
DTM-SOF,DTM,SOF,Dortmund,Sofia,DE,BG,51.518299,7.61224,42.696357,23.417671,1541.3,1,W6,320
DTM-SPU,DTM,SPU,Dortmund,Split,DE,HR,51.518299,7.61224,43.538898,16.298,1099.5,1,4U,319
DTM-TSR,DTM,TSR,Dortmund,Timişoara,DE,RO,51.518299,7.61224,45.809898,21.3379,1188.4,1,W6,320
DTM-VNO,DTM,VNO,Dortmund,Vilnius,DE,LT,51.518299,7.61224,54.634102,25.285801,1226.6,1,W6,320
DTM-HDF,DTM,HDF,Dortmund,Zirchow,DE,DE,51.518299,7.61224,53.8787,14.1523,512.6,1,4U,319
DRS-BCN,DRS,BCN,Dresden,Barcelona,DE,ES,51.134123,13.767831,41.2971,2.07846,1412.6,2,"IB,VY","319 320,320"
DRS-BSL,DRS,BSL,Dresden,Bâle / Mulhouse,DE,FR,51.134123,13.767831,47.60068,7.521117,598.8,1,U2,319 320
DRS-DUS,DRS,DUS,Dresden,Düsseldorf,DE,DE,51.134123,13.767831,51.289501,6.76678,487.8,2,"4U,AB","319 CRJ,DH4 319 73G"
DRS-FRA,DRS,FRA,Dresden,Frankfurt am Main,DE,DE,51.134123,13.767831,50.026706,8.55835,387.8,1,LH,735 733 32A E90
DRS-HER,DRS,HER,Dresden,Heraklion,DE,GR,51.134123,13.767831,35.339699,25.1803,1979.4,1,AB,738
DRS-CFU,DRS,CFU,Dresden,Kerkyra (Corfu),DE,GR,51.134123,13.767831,39.60145,19.912179,1368.1,1,4U,319
DRS-CGN,DRS,CGN,Dresden,Köln (Cologne),DE,DE,51.134123,13.767831,50.865898,7.14274,464.4,1,4U,319 CRJ
DRS-LCY,DRS,LCY,Dresden,London,DE,GB,51.134123,13.767831,51.505299,0.055278,952.4,2,"AF,WX",AR8
DRS-SVO,DRS,SVO,Dresden,Moscow,DE,RU,51.134123,13.767831,55.976858,37.41121,1642.3,1,SU,SU9
DRS-MUC,DRS,MUC,Dresden,Munich,DE,DE,51.134123,13.767831,48.353802,11.7861,340.3,1,LH,E95
DRS-PMI,DRS,PMI,Dresden,Palma de Mallorca,DE,ES,51.134123,13.767831,39.551701,2.73881,1546.0,1,AB,738 321
DRS-STR,DRS,STR,Dresden,Stuttgart,DE,DE,51.134123,13.767831,48.689899,9.22196,423.9,1,4U,319 CRJ
DRS-ZRH,DRS,ZRH,Dresden,Zurich,DE,CH,51.134123,13.767831,47.458056,8.548056,556.8,1,3L,DH3
DUS-ALC,DUS,ALC,Düsseldorf,Alicante,DE,ES,51.289501,6.76678,38.2822,-0.558156,1555.7,1,AB,321 332
DUS-AMS,DUS,AMS,Düsseldorf,Amsterdam,DE,NL,51.289501,6.76678,52.308601,4.76389,178.3,2,"AZ,KL",F70
DUS-BCN,DUS,BCN,Düsseldorf,Barcelona,DE,ES,51.289501,6.76678,41.2971,2.07846,1167.4,4,"4U,AB,IB,VY","320,320 319,320 738 321,738 321"
DUS-BRI,DUS,BRI,Düsseldorf,Bari,DE,IT,51.289501,6.76678,41.138901,16.760599,1363.0,1,4U,CRJ
DUS-BIA,DUS,BIA,Düsseldorf,Bastia,DE,FR,51.289501,6.76678,42.5527,9.48373,993.0,1,4U,320
DUS-BEG,DUS,BEG,Düsseldorf,Belgrade,DE,RS,51.289501,6.76678,44.818401,20.309099,1234.2,2,"AB,JU",319
DUS-BIO,DUS,BIO,Düsseldorf,Bilbao,DE,ES,51.289501,6.76678,43.301102,-2.91061,1147.6,1,4U,CRJ
DUS-BLL,DUS,BLL,Düsseldorf,Billund,DE,DK,51.289501,6.76678,55.740335,9.157019,519.4,1,BA,J31
DUS-BHX,DUS,BHX,Düsseldorf,"Birmingham, West Midlands",DE,GB,51.289501,6.76678,52.453899,-1.74803,598.4,2,"BE,LH","CR9,E75 DH4 E95"
DUS-BUD,DUS,BUD,Düsseldorf,Budapest,DE,HU,51.289501,6.76678,47.43018,19.262393,999.8,1,LH,319
DUS-BSL,DUS,BSL,Düsseldorf,Bâle / Mulhouse,DE,FR,51.289501,6.76678,47.60068,7.521117,413.8,1,4U,CRJ
DUS-CAG,DUS,CAG,Düsseldorf,Cagliari,DE,IT,51.289501,6.76678,39.251499,9.05428,1350.3,3,"4U,AB,IG","320,738,CRJ"
DUS-CLY,DUS,CLY,Düsseldorf,Calvi,DE,FR,51.289501,6.76678,42.530422,8.792984,985.9,1,AB,73G
DUS-CWL,DUS,CWL,Düsseldorf,Cardiff,DE,GB,51.289501,6.76678,51.396702,-3.34333,701.8,1,4U,CRJ
DUS-TRN,DUS,TRN,Düsseldorf,Caselle Torinese (TO),DE,IT,51.289501,6.76678,45.200802,7.64963,680.2,1,4U,CRJ
DUS-CTA,DUS,CTA,Düsseldorf,Catania,DE,IT,51.289501,6.76678,37.466801,15.0664,1670.0,6,"4U,AB,AP,AY,AZ,IG","320,321 738 320,738,CRJ"
DUS-LYS,DUS,LYS,Düsseldorf,"Colombier-Saugnieu, Rhône",DE,FR,51.289501,6.76678,45.725996,5.090139,630.8,1,4U,CRJ
DUS-CPH,DUS,CPH,Düsseldorf,Copenhagen,DE,DK,51.289501,6.76678,55.617900848389,12.656000137329,619.0,4,"AB,AY,LH,SK","319 320 DH4 738,CR9 CR2"
DUS-DRS,DUS,DRS,Düsseldorf,Dresden,DE,DE,51.289501,6.76678,51.134123,13.767831,487.8,2,"4U,AB","319 CRJ,DH4 319 73G"
DUS-DUB,DUS,DUB,Düsseldorf,Dublin,DE,IE,51.289501,6.76678,53.428713,-6.262121,914.7,2,"4U,EI","320,CRJ"
DUS-DBV,DUS,DBV,Düsseldorf,Dubrovnik,DE,HR,51.289501,6.76678,42.562247,18.265543,1302.4,3,"4U,LH,OU","319,CRJ"
DUS-EXT,DUS,EXT,Düsseldorf,"Exeter, Devon",DE,GB,51.289501,6.76678,50.734261,-3.413984,714.3,1,BE,DH4
DUS-AOI,DUS,AOI,Düsseldorf,Falconara Marittima (AN),DE,IT,51.289501,6.76678,43.616299,13.3623,985.9,1,4U,CRJ
DUS-FAO,DUS,FAO,Düsseldorf,Faro,DE,PT,51.289501,6.76678,37.015909,-7.970939,1967.3,2,"AB,X3","321 320,73H"
DUS-GRZ,DUS,GRZ,Düsseldorf,Feldkirchen bei Graz,DE,AT,51.289501,6.76678,46.9911,15.4396,790.6,2,"LH,OS",DH4
DUS-MXP,DUS,MXP,Düsseldorf,Ferno (VA),DE,IT,51.289501,6.76678,45.6306,8.72811,645.6,3,"4U,AB,IG","320,73G 738 320,CRJ 320"
DUS-FLR,DUS,FLR,Düsseldorf,Firenze (FI),DE,IT,51.289501,6.76678,43.808558,11.202822,895.6,3,"AB,AY,IG","320,DH4"
DUS-FRA,DUS,FRA,Düsseldorf,Frankfurt am Main,DE,DE,51.289501,6.76678,50.026706,8.55835,188.8,2,"ET,LH","319 320 321,319 320 CR7 E90 321"
DUS-FDH,DUS,FDH,Düsseldorf,Friedrichshafen,DE,DE,51.289501,6.76678,47.671299,9.51149,448.5,1,3L,DH3
DUS-FNC,DUS,FNC,Düsseldorf,Funchal,DE,PT,51.289501,6.76678,32.697812,-16.774613,2814.3,2,"AB,DE","32S,738 321"
DUS-GVA,DUS,GVA,Düsseldorf,Geneva,DE,CH,51.289501,6.76678,46.238098,6.10895,563.7,1,4U,CRJ
DUS-GLA,DUS,GLA,Düsseldorf,Glasgow,DE,GB,51.289501,6.76678,55.871899,-4.43306,896.2,1,LH,CR9
DUS-GOT,DUS,GOT,Düsseldorf,Göteborg,DE,SE,51.289501,6.76678,57.6628,12.2798,792.5,1,LH,CR9
DUS-HAM,DUS,HAM,Düsseldorf,Hamburg,DE,DE,51.289501,6.76678,53.630402,9.98823,339.6,2,"AB,LH","320 319,320 319 DH4 738"
DUS-HEL,DUS,HEL,Düsseldorf,Helsinki (Vantaa),DE,FI,51.289501,6.76678,60.318363,24.963341,1507.9,2,"AB,AY",E90
DUS-HER,DUS,HER,Düsseldorf,Heraklion,DE,GR,51.289501,6.76678,35.339699,25.1803,2302.8,6,"4U,A3,AB,DE,ST,X3","319,320,738 321 320,738 757,73G,73H"
DUS-IBZ,DUS,IBZ,Düsseldorf,Ibiza (Eivissa),DE,ES,51.289501,6.76678,38.872898,1.37312,1443.1,3,"4U,AB,DE","320,321 738 332,32S 757"
DUS-IST,DUS,IST,Düsseldorf,Istanbul,DE,TR,51.289501,6.76678,41.274874,28.732136,2010.0,1,TK,738 330 321 332 343
DUS-XRY,DUS,XRY,Düsseldorf,Jerez de la Frontera,DE,ES,51.289501,6.76678,36.744598,-6.06011,1908.9,2,"DE,X3","32S 757,73H"
DUS-KLX,DUS,KLX,Düsseldorf,Kalamata,DE,GR,51.289501,6.76678,37.06829833984375,22.02549934387207,1986.9,1,A3,319
DUS-KTW,DUS,KTW,Düsseldorf,Katowice,DE,PL,51.289501,6.76678,50.476015,19.080705,867.6,1,4U,CRJ
DUS-KVA,DUS,KVA,Düsseldorf,Kavala,DE,GR,51.289501,6.76678,40.9133,24.6192,1787.7,1,AB,738
DUS-CFU,DUS,CFU,Düsseldorf,Kerkyra (Corfu),DE,GR,51.289501,6.76678,39.60145,19.912179,1650.3,3,"AB,DE,X3","321 738,32S,73H"
DUS-SUF,DUS,SUF,Düsseldorf,Lamezia Terme (CZ),DE,IT,51.289501,6.76678,38.906214,16.246007,1562.1,1,4U,CRJ
DUS-LBA,DUS,LBA,Düsseldorf,"Leeds, West Yorkshire",DE,GB,51.289501,6.76678,53.865898,-1.66057,636.9,1,LS,733
DUS-LNZ,DUS,LNZ,Düsseldorf,Linz,DE,AT,51.289501,6.76678,48.235362,14.188128,631.6,2,"LH,OS",DH4
DUS-LIS,DUS,LIS,Düsseldorf,Lisbon,DE,PT,51.289501,6.76678,38.7813,-9.13592,1861.7,1,TP,319 320
DUS-LCY,DUS,LCY,Düsseldorf,London,DE,GB,51.289501,6.76678,51.505299,0.055278,466.1,1,BA,AR8 E70
DUS-LGW,DUS,LGW,Düsseldorf,London,DE,GB,51.289501,6.76678,51.148744,-0.185739,484.3,1,U2,319
DUS-LHR,DUS,LHR,Düsseldorf,London,DE,GB,51.289501,6.76678,51.470748,-0.459909,501.8,3,"AA,BA,LH","319 320,320 CR9"
DUS-STN,DUS,STN,Düsseldorf,"London, Essex",DE,GB,51.289501,6.76678,51.884998,0.235,455.9,1,AB,DH4
DUS-LUX,DUS,LUX,Düsseldorf,Luxembourg,DE,LU,51.289501,6.76678,49.626845,6.212134,189.0,2,"HR,LG",CNJ
DUS-MAD,DUS,MAD,Düsseldorf,Madrid,DE,ES,51.289501,6.76678,40.493407,-3.572249,1439.6,3,"4U,AB,IB","32S,738 32A 321,CRJ"
DUS-MAH,DUS,MAH,Düsseldorf,Mahón (Maó),DE,ES,51.289501,6.76678,39.862598,4.21865,1285.8,1,AB,738
DUS-MAN,DUS,MAN,Düsseldorf,"Manchester, Greater Manchester",DE,GB,51.289501,6.76678,53.349375,-2.279521,655.6,2,"BE,LH","319 CR9,E75 DH4"
DUS-MPL,DUS,MPL,Düsseldorf,Montpellier/Méditerranée,DE,FR,51.289501,6.76678,43.576199,3.96301,883.1,1,4U,CRJ
DUS-DME,DUS,DME,Düsseldorf,Moscow,DE,RU,51.289501,6.76678,55.408798,37.9063,2098.2,2,"AB,S7",738
DUS-SVO,DUS,SVO,Düsseldorf,Moscow,DE,RU,51.289501,6.76678,55.976858,37.41121,2067.8,1,SU,320 319
DUS-VKO,DUS,VKO,Düsseldorf,Moscow,DE,RU,51.289501,6.76678,55.591499,37.261501,2057.6,1,LH,320
DUS-MUC,DUS,MUC,Düsseldorf,Munich,DE,DE,51.289501,6.76678,48.353802,11.7861,485.8,2,"AB,LH","320 738 319 321 DH4,321 320 319"
DUS-MJT,DUS,MJT,Düsseldorf,Mytilene,DE,GR,51.289501,6.76678,39.057406,26.598629,2053.6,1,AB,738
DUS-AGP,DUS,AGP,Düsseldorf,Málaga,DE,ES,51.289501,6.76678,36.6749,-4.49911,1853.5,2,"AB,LH","320,332 321"
DUS-NTE,DUS,NTE,Düsseldorf,Nantes,DE,FR,51.289501,6.76678,47.153198,-1.61073,761.9,2,"A5,AF",ER4
DUS-NAP,DUS,NAP,Düsseldorf,Napoli,DE,IT,51.289501,6.76678,40.886002,14.2908,1292.6,3,"AB,IG,LH","319 CR9,320,738 320"
DUS-NCL,DUS,NCL,Düsseldorf,"Newcastle upon Tyne, Tyne and Wear",DE,GB,51.289501,6.76678,55.037958,-1.689577,700.3,1,LH,CR9
DUS-NQY,DUS,NQY,Düsseldorf,Newquay,DE,GB,51.289501,6.76678,50.440601,-4.99541,829.9,1,4U,CRJ
DUS-NCE,DUS,NCE,Düsseldorf,"Nice, Alpes-Maritimes",DE,FR,51.289501,6.76678,43.658401,7.21587,849.2,2,"AB,LH","319 320 738,320 319 CR9"
DUS-NUE,DUS,NUE,Düsseldorf,Nuremberg,DE,DE,51.289501,6.76678,49.498699,11.078056,364.7,2,"4U,AB","CRJ,DH4"
DUS-OLB,DUS,OLB,Düsseldorf,Olbia (SS),DE,IT,51.289501,6.76678,40.898953,9.518457,1174.5,3,"4U,AB,IG","320,738 319,CRJ"
DUS-OSL,DUS,OSL,Düsseldorf,Oslo (Gardermoen),DE,NO,51.289501,6.76678,60.193901,11.1004,1026.1,2,"LH,SK",73G 73W 738 736
DUS-OTP,DUS,OTP,Düsseldorf,Otopeni,DE,RO,51.289501,6.76678,44.571792,26.103285,1616.0,1,LH,CR9
DUS-PMI,DUS,PMI,Düsseldorf,Palma de Mallorca,DE,ES,51.289501,6.76678,39.551701,2.73881,1342.0,5,"4U,AB,DE,HK,X3","320,332 738 321 320,73H,757"
DUS-CDG,DUS,CDG,Düsseldorf,"Paris (Roissy-en-France, Val-d'Oise)",DE,FR,51.289501,6.76678,49.00896,2.554117,392.8,3,"AF,AZ,LH","318 320,CR9 319 320"
DUS-GPA,DUS,GPA,Düsseldorf,Patras,DE,GR,51.289501,6.76678,38.1511,21.4256,1857.1,1,X3,73H
DUS-TGD,DUS,TGD,Düsseldorf,Podgorica,DE,ME,51.289501,6.76678,42.359402,19.2519,1370.5,1,YM,100
DUS-PDL,DUS,PDL,Düsseldorf,Ponta Delgada,DE,PT,51.289501,6.76678,37.7411994934,-25.6979007721,2947.3,1,AB,738
DUS-POZ,DUS,POZ,Düsseldorf,Poznań,DE,PL,51.289501,6.76678,52.421598,16.823359,701.5,1,4U,CRJ
DUS-PRG,DUS,PRG,Düsseldorf,Prague,DE,CZ,51.289501,6.76678,50.100874,14.259911,543.8,3,"4U,OK,QS","319 AT7,CRJ"
DUS-PVK,DUS,PVK,Düsseldorf,Preveza,DE,GR,51.289501,6.76678,38.925499,20.765301,1753.6,1,AB,321
DUS-PRN,DUS,PRN,Düsseldorf,Prishtina,DE,XK,51.289501,6.76678,42.5728,21.035801,1449.2,1,4U,319
DUS-RIX,DUS,RIX,Düsseldorf,Riga,DE,LV,51.289501,6.76678,56.920752,23.970711,1279.5,2,"AB,BT",DH4
DUS-FCO,DUS,FCO,Düsseldorf,Rome,DE,IT,51.289501,6.76678,41.804532,12.251998,1134.2,3,"AB,IG,LH","320,321"
DUS-GCI,DUS,GCI,Düsseldorf,Saint Peter Port,DE,GG,51.289501,6.76678,49.435001,-2.60197,695.3,1,AB,DH4
DUS-SZG,DUS,SZG,Düsseldorf,Salzburg,DE,AT,51.289501,6.76678,47.793301,13.0043,594.4,2,"AB,AY",DH4
DUS-SMI,DUS,SMI,Düsseldorf,Samos Island,DE,GR,51.289501,6.76678,37.689999,26.911699,2186.4,1,AB,320
DUS-LEJ,DUS,LEJ,Düsseldorf,Schkeuditz,DE,DE,51.289501,6.76678,51.420657,12.232705,379.7,1,4U,CRJ
DUS-ATH,DUS,ATH,Düsseldorf,Spata-Artemida,DE,GR,51.289501,6.76678,37.936401,23.9445,2003.4,2,"A3,LH",320
DUS-SPU,DUS,SPU,Düsseldorf,Split,DE,HR,51.289501,6.76678,43.538898,16.298,1119.3,3,"4U,LH,OU",319
DUS-JER,DUS,JER,Düsseldorf,St. Peter,DE,JE,51.289501,6.76678,49.207901,-2.19551,677.5,1,AB,73G
DUS-LED,DUS,LED,Düsseldorf,St. Petersburg,DE,RU,51.289501,6.76678,59.800301,30.262501,1740.7,3,"FV,LH,SU","319,319 320"
DUS-ARN,DUS,ARN,Düsseldorf,Stockholm,DE,SE,51.289501,6.76678,59.64849,17.928829,1162.5,3,"4U,LH,SK","736 717 73W 73H,CRJ"
DUS-STR,DUS,STR,Düsseldorf,Stuttgart,DE,DE,51.289501,6.76678,48.689899,9.22196,338.1,1,AB,DH4
DUS-GWT,DUS,GWT,Düsseldorf,Sylt,DE,DE,51.289501,6.76678,54.9132,8.34047,416.4,1,AB,DH4 319 738 320
DUS-SKG,DUS,SKG,Düsseldorf,Thessaloniki,DE,GR,51.289501,6.76678,40.51928,22.970009,1726.6,4,"4U,A3,AB,LH","319 320,321"
DUS-VLC,DUS,VLC,Düsseldorf,Valencia,DE,ES,51.289501,6.76678,39.489162,-0.480961,1427.3,1,LH,319 320
DUS-MLA,DUS,MLA,Düsseldorf,Valletta,DE,MT,51.289501,6.76678,35.845932,14.491546,1824.1,2,"KM,LH",319 320
DUS-VCE,DUS,VCE,Düsseldorf,Venezia (VE),DE,IT,51.289501,6.76678,45.505299,12.3519,763.5,3,"4U,AB,IG","320,320 319,738 320 321"
DUS-VIE,DUS,VIE,Düsseldorf,Vienna,DE,AT,51.289501,6.76678,48.110298,16.5697,787.8,3,"AB,LH,OS","320 319 321 100 CR9,320 319 CR9,738 321 E90 320 319"
DUS-WAW,DUS,WAW,Düsseldorf,Warsaw,DE,PL,51.289501,6.76678,52.165699,20.9671,981.3,3,"4U,LH,LO","CRJ,E75"
DUS-WRO,DUS,WRO,Düsseldorf,Wrocław,DE,PL,51.289501,6.76678,51.103719,16.882096,704.6,1,4U,CRJ
DUS-ZAD,DUS,ZAD,Düsseldorf,Zadar,DE,HR,51.289501,6.76678,44.096986,15.353565,1024.6,1,4U,CRJ
DUS-ZTH,DUS,ZTH,Düsseldorf,Zakynthos,DE,GR,51.289501,6.76678,37.7509,20.8843,1869.0,1,AB,738
DUS-HDF,DUS,HDF,Düsseldorf,Zirchow,DE,DE,51.289501,6.76678,53.8787,14.1523,575.7,1,4U,CRJ
DUS-ZRH,DUS,ZRH,Düsseldorf,Zurich,DE,CH,51.289501,6.76678,47.458056,8.548056,445.1,3,"AB,LH,LX","320 319 CR9,320 AR1 100 321,738 319 320 73G"
ERF-LGW,ERF,LGW,Erfurt,London,DE,GB,50.978281,10.960713,51.148744,-0.185739,778.4,1,ST,319
ERF-PMI,ERF,PMI,Erfurt,Palma de Mallorca,DE,ES,50.978281,10.960713,39.551701,2.73881,1422.1,1,ST,73G
FRA-ABZ,FRA,ABZ,Frankfurt am Main,Aberdeen,DE,GB,50.026706,8.55835,57.2019,-2.19778,1065.2,1,LH,735
FRA-ALC,FRA,ALC,Frankfurt am Main,Alicante,DE,ES,50.026706,8.55835,38.2822,-0.558156,1492.2,1,AB,320
FRA-AMS,FRA,AMS,Frankfurt am Main,Amsterdam,DE,NL,50.026706,8.55835,52.308601,4.76389,366.5,4,"ET,KL,LH,MU","733,735 320 319 733 32A 321,EMJ,EMJ F70"
FRA-KRK,FRA,KRK,Frankfurt am Main,Balice,DE,PL,50.026706,8.55835,50.077702,19.7848,800.8,2,"LH,LO","735 321 733 32A 319,735 733 321 32A 319"
FRA-BCN,FRA,BCN,Frankfurt am Main,Barcelona,DE,ES,50.026706,8.55835,41.2971,2.07846,1092.5,4,"ET,IB,LH,VY","320,321,321 320 319 32A"
FRA-BIA,FRA,BIA,Frankfurt am Main,Bastia,DE,FR,50.026706,8.55835,42.5527,9.48373,834.1,1,LH,E90
FRA-BEG,FRA,BEG,Frankfurt am Main,Belgrade,DE,RS,50.026706,8.55835,44.818401,20.309099,1055.0,5,"AB,EY,JU,LH,SK","319,320 32A 319 321"
FRA-BGO,FRA,BGO,Frankfurt am Main,Bergen,DE,NO,50.026706,8.55835,60.2934,5.21814,1160.8,2,"LH,SK",735 E90
FRA-BIO,FRA,BIO,Frankfurt am Main,Bilbao,DE,ES,50.026706,8.55835,43.301102,-2.91061,1148.9,1,LH,320 32A 319 321
FRA-BLL,FRA,BLL,Frankfurt am Main,Billund,DE,DK,50.026706,8.55835,55.740335,9.157019,636.6,2,"LH,SK",735 733
FRA-BHX,FRA,BHX,Frankfurt am Main,"Birmingham, West Midlands",DE,GB,50.026706,8.55835,52.453899,-1.74803,765.7,1,LH,733 319 32A 321 320
FRA-BLQ,FRA,BLQ,Frankfurt am Main,Bologna,DE,IT,50.026706,8.55835,44.5354,11.2887,644.3,1,LH,735 321 319 733 320
FRA-BRE,FRA,BRE,Frankfurt am Main,Bremen,DE,DE,50.026706,8.55835,53.046786,8.78932,336.2,1,LH,733 319 321 735 E90
FRA-BRS,FRA,BRS,Frankfurt am Main,Bristol,DE,GB,50.026706,8.55835,51.382326,-2.716453,807.3,1,BM,ER4
FRA-BUD,FRA,BUD,Frankfurt am Main,Budapest,DE,HU,50.026706,8.55835,47.43018,19.262393,835.6,2,"ET,LH","320 733 321 735 32A,733 735"
FRA-BSL,FRA,BSL,Frankfurt am Main,Bâle / Mulhouse,DE,FR,50.026706,8.55835,47.60068,7.521117,280.2,3,"LH,LX,SK",CR7
FRA-VRN,FRA,VRN,Frankfurt am Main,Caselle (VR),DE,IT,50.026706,8.55835,45.394955,10.887303,543.6,2,"EN,LH",E95
FRA-TRN,FRA,TRN,Frankfurt am Main,Caselle Torinese (TO),DE,IT,50.026706,8.55835,45.200802,7.64963,540.9,1,LH,735 E90 CR7
FRA-CTA,FRA,CTA,Frankfurt am Main,Catania,DE,IT,50.026706,8.55835,37.466801,15.0664,1489.8,2,"AB,IG",320
FRA-LYS,FRA,LYS,Frankfurt am Main,"Colombier-Saugnieu, Rhône",DE,FR,50.026706,8.55835,45.725996,5.090139,543.5,3,"ET,LH,SQ","319 321,32A 319 733 321 735,32A 733 735"
FRA-CPH,FRA,CPH,Frankfurt am Main,Copenhagen,DE,DK,50.026706,8.55835,55.617900848389,12.656000137329,679.7,4,"CA,ET,LH,SK","319 321 320,319 733 32A 321 320,320 319 321,320 32A 319 321 CR9"
FRA-DRS,FRA,DRS,Frankfurt am Main,Dresden,DE,DE,50.026706,8.55835,51.134123,13.767831,387.8,1,LH,735 733 32A E90
FRA-DUB,FRA,DUB,Frankfurt am Main,Dublin,DE,IE,50.026706,8.55835,53.428713,-6.262121,1086.1,2,"EI,LH","320,321"
FRA-DBV,FRA,DBV,Frankfurt am Main,Dubrovnik,DE,HR,50.026706,8.55835,42.562247,18.265543,1114.0,3,"DE,LH,OU","319 320,319 320 735,32S"
FRA-DUS,FRA,DUS,Frankfurt am Main,Düsseldorf,DE,DE,50.026706,8.55835,51.289501,6.76678,188.8,2,"ET,LH","319 320 321,319 320 CR7 E90 321"
FRA-EDI,FRA,EDI,Frankfurt am Main,Edinburgh,DE,GB,50.026706,8.55835,55.950145,-3.372288,1032.7,1,LH,321 32A 320 319
FRA-FAO,FRA,FAO,Frankfurt am Main,Faro,DE,PT,50.026706,8.55835,37.015909,-7.970939,1958.3,3,"LH,TP,X3","32A 321 320,73H"
FRA-GRZ,FRA,GRZ,Frankfurt am Main,Feldkirchen bei Graz,DE,AT,50.026706,8.55835,46.9911,15.4396,608.6,2,"LH,OS",E90 733
FRA-MXP,FRA,MXP,Frankfurt am Main,Ferno (VA),DE,IT,50.026706,8.55835,45.6306,8.72811,489.0,2,"ET,LH","320 319 321,320 319 321 32A 733"
FRA-FLR,FRA,FLR,Frankfurt am Main,Firenze (FI),DE,IT,50.026706,8.55835,43.808558,11.202822,719.9,1,LH,E90
FRA-FDH,FRA,FDH,Frankfurt am Main,Friedrichshafen,DE,DE,50.026706,8.55835,47.671299,9.51149,271.0,1,LH,CR7
FRA-FNC,FRA,FNC,Frankfurt am Main,Funchal,DE,PT,50.026706,8.55835,32.697812,-16.774613,2834.9,2,"DE,X3","73H,757"
FRA-GDN,FRA,GDN,Frankfurt am Main,Gdańsk,DE,PL,50.026706,8.55835,54.377602,18.4662,829.4,2,"LH,LO",319 321 32A 320
FRA-GVA,FRA,GVA,Frankfurt am Main,Geneva,DE,CH,50.026706,8.55835,46.238098,6.10895,458.8,4,"ET,KU,LH,LX","340,CR7 735 E90,E90 CR7"
FRA-FMO,FRA,FMO,Frankfurt am Main,Greven,DE,DE,50.026706,8.55835,52.133816,7.688482,242.0,1,LH,CR7
FRA-GOT,FRA,GOT,Frankfurt am Main,Göteborg,DE,SE,50.026706,8.55835,57.6628,12.2798,883.2,3,"ET,LH,SK","319 32A 733 321,32A 321"
FRA-HAM,FRA,HAM,Frankfurt am Main,Hamburg,DE,DE,50.026706,8.55835,53.630402,9.98823,412.6,1,LH,321 320 319 32A
FRA-HAJ,FRA,HAJ,Frankfurt am Main,Hannover,DE,DE,50.026706,8.55835,52.461102,9.68508,281.8,1,LH,319 735 733 32A
FRA-HEL,FRA,HEL,Frankfurt am Main,Helsinki (Vantaa),DE,FI,50.026706,8.55835,60.318363,24.963341,1539.1,5,"AB,AY,ET,LH,SK","321 32A 320,32A 321 320,E90"
FRA-HER,FRA,HER,Frankfurt am Main,Heraklion,DE,GR,50.026706,8.55835,35.339699,25.1803,2114.5,4,"A3,DE,LH,X3","320,738 757,73H"
FRA-IBZ,FRA,IBZ,Frankfurt am Main,Ibiza (Eivissa),DE,ES,50.026706,8.55835,38.872898,1.37312,1363.6,3,"AB,DE,LH","320,321 319,757 32S"
FRA-INN,FRA,INN,Frankfurt am Main,Innsbruck,DE,AT,50.026706,8.55835,47.260201,11.344,369.4,2,"LH,OS",DH4
FRA-IST,FRA,IST,Frankfurt am Main,Istanbul,DE,TR,50.026706,8.55835,41.274874,28.732136,1836.6,3,"LH,TK,US","320 330 321 343 332,321"
FRA-RZE,FRA,RZE,Frankfurt am Main,Jasionka,DE,PL,50.026706,8.55835,50.109791,22.024155,959.8,1,LH,CR7
FRA-XRY,FRA,XRY,Frankfurt am Main,Jerez de la Frontera,DE,ES,50.026706,8.55835,36.744598,-6.06011,1884.2,2,"DE,X3","73H,767 738 757"
FRA-KTW,FRA,KTW,Frankfurt am Main,Katowice,DE,PL,50.026706,8.55835,50.476015,19.080705,749.2,2,"LH,LO",735 CR7 733
FRA-CFU,FRA,CFU,Frankfurt am Main,Kerkyra (Corfu),DE,GR,50.026706,8.55835,39.60145,19.912179,1461.5,3,"AB,DE,X3","320,738,73H"
FRA-LNZ,FRA,LNZ,Frankfurt am Main,Linz,DE,AT,50.026706,8.55835,48.235362,14.188128,455.3,2,"LH,OS",CR7 E90
FRA-LIS,FRA,LIS,Frankfurt am Main,Lisbon,DE,PT,50.026706,8.55835,38.7813,-9.13592,1872.7,5,"ET,LH,S4,TP,US","319,319 320,320 319 321,321 32A"
FRA-LCY,FRA,LCY,Frankfurt am Main,London,DE,GB,50.026706,8.55835,51.505299,0.055278,619.8,3,"AB,BA,LH","E70 E90 AR8,E90"
FRA-LHR,FRA,LHR,Frankfurt am Main,London,DE,GB,50.026706,8.55835,51.470748,-0.459909,654.0,4,"AA,AB,BA,LH","320 767 319,32A 319 320 321 733"
FRA-LUX,FRA,LUX,Frankfurt am Main,Luxembourg,DE,LU,50.026706,8.55835,49.626845,6.212134,174.1,1,LG,ER4 DH4
FRA-MAD,FRA,MAD,Frankfurt am Main,Madrid,DE,ES,50.026706,8.55835,40.493407,-3.572249,1419.5,8,"AB,AY,ET,IB,LA,LH,UX,VN","321 319 32A,32A,32A 321 319 320,32S,738,787,E90"
FRA-MAH,FRA,MAH,Frankfurt am Main,Mahón (Maó),DE,ES,50.026706,8.55835,39.862598,4.21865,1180.1,1,X3,73H
FRA-MAN,FRA,MAN,Frankfurt am Main,"Manchester, Greater Manchester",DE,GB,50.026706,8.55835,53.349375,-2.279521,832.3,1,LH,319 321 32A 320 733
FRA-MRS,FRA,MRS,Frankfurt am Main,"Marignane, Bouches-du-Rhône",DE,FR,50.026706,8.55835,43.438088,5.2125,775.5,2,"ET,LH","320 32A 319,E90 320 32A 319"
FRA-MSQ,FRA,MSQ,Frankfurt am Main,Minsk,DE,BY,50.026706,8.55835,53.888071,28.039964,1397.1,2,"B2,LH","735 E75,E90"
FRA-MPL,FRA,MPL,Frankfurt am Main,Montpellier/Méditerranée,DE,FR,50.026706,8.55835,43.576199,3.96301,797.6,1,LH,735
FRA-DME,FRA,DME,Frankfurt am Main,Moscow,DE,RU,50.026706,8.55835,55.408798,37.9063,2047.9,3,"AB,LH,S7","319,32A 321 320"
FRA-SVO,FRA,SVO,Frankfurt am Main,Moscow,DE,RU,50.026706,8.55835,55.976858,37.41121,2023.4,1,SU,320 319
FRA-VKO,FRA,VKO,Frankfurt am Main,Moscow,DE,RU,50.026706,8.55835,55.591499,37.261501,2009.3,2,"LH,UN","32A 321,738 73G"
FRA-MUC,FRA,MUC,Frankfurt am Main,Munich,DE,DE,50.026706,8.55835,48.353802,11.7861,299.3,2,"ET,LH","320 319,320 321 32A 319"
FRA-AGP,FRA,AGP,Frankfurt am Main,Málaga,DE,ES,50.026706,8.55835,36.6749,-4.49911,1816.0,1,LH,321 320
FRA-NAP,FRA,NAP,Frankfurt am Main,Napoli,DE,IT,50.026706,8.55835,40.886002,14.2908,1109.6,2,"AC,LH","321,321 32A 320"
FRA-NCE,FRA,NCE,Frankfurt am Main,"Nice, Alpes-Maritimes",DE,FR,50.026706,8.55835,43.658401,7.21587,715.4,1,LH,32A 319 321 320
FRA-GOJ,FRA,GOJ,Frankfurt am Main,Nizhny Novgorod,DE,RU,50.026706,8.55835,56.227351,43.785152,2419.5,1,LH,319
FRA-OVB,FRA,OVB,Frankfurt am Main,Novosibirsk,DE,RU,50.026706,8.55835,55.019756,82.618675,4802.9,1,S7,738
FRA-NUE,FRA,NUE,Frankfurt am Main,Nuremberg,DE,DE,50.026706,8.55835,49.498699,11.078056,190.3,1,LH,319 735 CR7 321 733 E90 32A 320
FRA-OLB,FRA,OLB,Frankfurt am Main,Olbia (SS),DE,IT,50.026706,8.55835,40.898953,9.518457,1017.7,1,LH,E90
FRA-OSL,FRA,OSL,Frankfurt am Main,Oslo (Gardermoen),DE,NO,50.026706,8.55835,60.193901,11.1004,1141.8,3,"ET,LH,SK","319 32A 320,32A,738 73W 73H 73G 736"
FRA-OTP,FRA,OTP,Frankfurt am Main,Otopeni,DE,RO,50.026706,8.55835,44.571792,26.103285,1450.9,3,"ET,LH,RO","318,320 733 32A 319,32A 320 319"
FRA-PMO,FRA,PMO,Frankfurt am Main,Palermo,DE,IT,50.026706,8.55835,38.175999,13.091,1365.9,1,LH,E90
FRA-PMI,FRA,PMI,Frankfurt am Main,Palma de Mallorca,DE,ES,50.026706,8.55835,39.551701,2.73881,1251.1,4,"AB,DE,LH,X3","319 32A,320 321 332,73H,757"
FRA-CDG,FRA,CDG,Frankfurt am Main,"Paris (Roissy-en-France, Val-d'Oise)",DE,FR,50.026706,8.55835,49.00896,2.554117,447.8,2,"AF,LH","318,321 32A 735 319 320 733"
FRA-GPA,FRA,GPA,Frankfurt am Main,Patras,DE,GR,50.026706,8.55835,38.1511,21.4256,1668.3,1,X3,73H
FRA-TGD,FRA,TGD,Frankfurt am Main,Podgorica,DE,ME,50.026706,8.55835,42.359402,19.2519,1182.8,1,YM,100
FRA-PDL,FRA,PDL,Frankfurt am Main,Ponta Delgada,DE,PT,50.026706,8.55835,37.7411994934,-25.6979007721,3030.7,1,S4,320
FRA-OPO,FRA,OPO,Frankfurt am Main,Porto,DE,PT,50.026706,8.55835,41.2481002808,-8.68138980865,1651.6,2,"LH,TP",321
FRA-POZ,FRA,POZ,Frankfurt am Main,Poznań,DE,PL,50.026706,8.55835,52.421598,16.823359,633.7,2,"LH,LO",CR7
FRA-PRG,FRA,PRG,Frankfurt am Main,Prague,DE,CZ,50.026706,8.55835,50.100874,14.259911,407.0,4,"ET,LH,OK,QS","321,321 733 32A 320,AT7 319"
FRA-PRN,FRA,PRN,Frankfurt am Main,Prishtina,DE,XK,50.026706,8.55835,42.5728,21.035801,1264.3,2,"JP,LH",319
FRA-PUY,FRA,PUY,Frankfurt am Main,Pula,DE,HR,50.026706,8.55835,44.893501,13.9222,698.5,2,"LH,OU",319 320
FRA-KEF,FRA,KEF,Frankfurt am Main,Reykjavík,DE,IS,50.026706,8.55835,63.985001,-22.6056,2401.3,1,FI,75W
FRA-RIX,FRA,RIX,Frankfurt am Main,Riga,DE,LV,50.026706,8.55835,56.920752,23.970711,1271.2,3,"AB,BT,LH","321 320,735 DH4 73C"
FRA-TIA,FRA,TIA,Frankfurt am Main,Rinas,DE,AL,50.026706,8.55835,41.4147,19.7206,1288.7,1,JP,319
FRA-FCO,FRA,FCO,Frankfurt am Main,Rome,DE,IT,50.026706,8.55835,41.804532,12.251998,957.6,3,"AZ,BG,LH","319 E75 E90 32S,321 320,773"
FRA-GCI,FRA,GCI,Frankfurt am Main,Saint Peter Port,DE,GG,50.026706,8.55835,49.435001,-2.60197,804.1,1,AB,DH4
FRA-SZG,FRA,SZG,Frankfurt am Main,Salzburg,DE,AT,50.026706,8.55835,47.793301,13.0043,408.8,2,"LH,OS",100
FRA-KUF,FRA,KUF,Frankfurt am Main,Samara,DE,RU,50.026706,8.55835,53.504902,50.164299,2847.5,1,LH,319
FRA-LEJ,FRA,LEJ,Frankfurt am Main,Schkeuditz,DE,DE,50.026706,8.55835,51.420657,12.232705,301.5,1,LH,CR7 E90 735
FRA-LIN,FRA,LIN,Frankfurt am Main,Segrate (MI),DE,IT,50.026706,8.55835,45.445099,9.27674,512.3,4,"AZ,EN,LH,SN","320 319,321 E90 320 319 32A,E75"
FRA-SOF,FRA,SOF,Frankfurt am Main,Sofia,DE,BG,50.026706,8.55835,42.696357,23.417671,1397.5,2,"FB,LH","320 32A 319 321,E90 319"
FRA-ATH,FRA,ATH,Frankfurt am Main,Spata-Artemida,DE,GR,50.026706,8.55835,37.936401,23.9445,1815.8,2,"A3,LH",321
FRA-SPU,FRA,SPU,Frankfurt am Main,Split,DE,HR,50.026706,8.55835,43.538898,16.298,930.5,3,"DE,LH,OU","319,320 319,32S"
FRA-LED,FRA,LED,Frankfurt am Main,St. Petersburg,DE,RU,50.026706,8.55835,59.800301,30.262501,1748.5,2,"LH,SU","319,32A 321 320"
FRA-SVG,FRA,SVG,Frankfurt am Main,Stavanger,DE,NO,50.026706,8.55835,58.876701,5.63778,1001.8,2,"LH,SK","319 733,735 319 733"
FRA-ARN,FRA,ARN,Frankfurt am Main,Stockholm,DE,SE,50.026706,8.55835,59.64849,17.928829,1224.0,3,"ET,LH,SK","321 32A,32A 321,73W 73H 717 736 73G"
FRA-STR,FRA,STR,Frankfurt am Main,Stuttgart,DE,DE,50.026706,8.55835,48.689899,9.22196,156.2,1,LH,319 735 320 32A
FRA-GWT,FRA,GWT,Frankfurt am Main,Sylt,DE,DE,50.026706,8.55835,54.9132,8.34047,543.6,1,LH,E90
FRA-TLL,FRA,TLL,Frankfurt am Main,Tallinn,DE,EE,50.026706,8.55835,59.413246,24.83264,1469.6,1,LH,321 320 32A
FRA-SKG,FRA,SKG,Frankfurt am Main,Thessaloniki,DE,GR,50.026706,8.55835,40.51928,22.970009,1540.8,3,"A3,LH,US",321
FRA-TLS,FRA,TLS,Frankfurt am Main,Toulouse/Blagnac,DE,FR,50.026706,8.55835,43.629101,1.36382,896.7,2,"ET,LH","319 735 733,733"
FRA-VLC,FRA,VLC,Frankfurt am Main,Valencia,DE,ES,50.026706,8.55835,39.489162,-0.480961,1369.7,2,"AC,LH","319,32A 319"
FRA-MLA,FRA,MLA,Frankfurt am Main,Valletta,DE,MT,50.026706,8.55835,35.845932,14.491546,1647.8,2,"KM,LH","319 320,321 32A"
FRA-ZAG,FRA,ZAG,Frankfurt am Main,Velika Gorica,DE,HR,50.026706,8.55835,45.742901,16.0688,734.6,2,"LH,OU","320 319,733 32A"
FRA-VCE,FRA,VCE,Frankfurt am Main,Venezia (VE),DE,IT,50.026706,8.55835,45.505299,12.3519,577.0,1,LH,321 32A 319
FRA-VIE,FRA,VIE,Frankfurt am Main,Vienna,DE,AT,50.026706,8.55835,48.110298,16.5697,620.9,5,"AB,ET,HG,LH,OS","321,321 320 319,E90 320"
FRA-VNO,FRA,VNO,Frankfurt am Main,Vilnius,DE,LT,50.026706,8.55835,54.634102,25.285801,1242.8,2,"AC,LH","321,321 320"
FRA-WAW,FRA,WAW,Frankfurt am Main,Warsaw,DE,PL,50.026706,8.55835,52.165699,20.9671,897.3,3,"ET,LH,LO","321 320 32A 319,E75 E95 E70"
FRA-WRO,FRA,WRO,Frankfurt am Main,Wrocław,DE,PL,50.026706,8.55835,51.103719,16.882096,599.6,2,"LH,LO","CR7 32A,CR7 32A 321"
FRA-ZAD,FRA,ZAD,Frankfurt am Main,Zadar,DE,HR,50.026706,8.55835,44.096986,15.353565,835.7,2,"LH,OU",319
FRA-BRU,FRA,BRU,Frankfurt am Main,Zaventem,DE,BE,50.026706,8.55835,50.901402,4.48444,304.3,3,"ET,LH,SN","735 733,E90 733 735 CR7 319 321 320 32A,E90 735 733 CR7 319 321 320 32A"
FRA-LJU,FRA,LJU,Frankfurt am Main,Zgornji Brnik,DE,SI,50.026706,8.55835,46.223701,14.4576,608.4,2,"JP,LH",CR9 319
FRA-HDF,FRA,HDF,Frankfurt am Main,Zirchow,DE,DE,50.026706,8.55835,53.8787,14.1523,574.5,1,4U,CRJ
FRA-ZRH,FRA,ZRH,Frankfurt am Main,Zurich,DE,CH,50.026706,8.55835,47.458056,8.548056,285.6,3,"ET,LH,LX","319,320 AR1,733 E90 735 319 320 321"
HHN-AHO,HHN,AHO,Frankfurt am Main (Lautzenhausen),Alghero,DE,IT,49.946353,7.261734,40.632099,8.29077,1038.8,1,FR,738
HHN-ALC,HHN,ALC,Frankfurt am Main (Lautzenhausen),Alicante,DE,ES,49.946353,7.261734,38.2822,-0.558156,1437.5,1,FR,738
HHN-BRI,HHN,BRI,Frankfurt am Main (Lautzenhausen),Bari,DE,IT,49.946353,7.261734,41.138901,16.760599,1225.3,1,FR,738
HHN-BUD,HHN,BUD,Frankfurt am Main (Lautzenhausen),Budapest,DE,HU,49.946353,7.261734,47.43018,19.262393,923.1,1,W6,320
HHN-CAG,HHN,CAG,Frankfurt am Main (Lautzenhausen),Cagliari,DE,IT,49.946353,7.261734,39.251499,9.05428,1197.6,1,FR,738
HHN-CIY,HHN,CIY,Frankfurt am Main (Lautzenhausen),Comiso,DE,IT,49.946353,7.261734,36.99583,14.60889,1555.5,1,FR,738
HHN-DUB,HHN,DUB,Frankfurt am Main (Lautzenhausen),Dublin,DE,IE,49.946353,7.261734,53.428713,-6.262121,1007.5,1,FR,738
HHN-EDI,HHN,EDI,Frankfurt am Main (Lautzenhausen),Edinburgh,DE,GB,49.946353,7.261734,55.950145,-3.372288,974.4,1,FR,738
HHN-FAO,HHN,FAO,Frankfurt am Main (Lautzenhausen),Faro,DE,PT,49.946353,7.261734,37.015909,-7.970939,1884.1,1,FR,738
HHN-KIR,HHN,KIR,Frankfurt am Main (Lautzenhausen),Farranfore,DE,IE,49.946353,7.261734,52.180901,-9.52378,1196.1,1,FR,738
HHN-GRO,HHN,GRO,Frankfurt am Main (Lautzenhausen),Girona,DE,ES,49.946353,7.261734,41.904639,2.761774,959.1,1,FR,738
HHN-IBZ,HHN,IBZ,Frankfurt am Main (Lautzenhausen),Ibiza (Eivissa),DE,ES,49.946353,7.261734,38.872898,1.37312,1316.1,1,FR,738
HHN-SKP,HHN,SKP,Frankfurt am Main (Lautzenhausen),Ilinden,DE,MK,49.946353,7.261734,41.958087,21.622581,1417.7,1,W6,320
HHN-XRY,HHN,XRY,Frankfurt am Main (Lautzenhausen),Jerez de la Frontera,DE,ES,49.946353,7.261734,36.744598,-6.06011,1814.9,1,FR,738
HHN-KTW,HHN,KTW,Frankfurt am Main (Lautzenhausen),Katowice,DE,PL,49.946353,7.261734,50.476015,19.080705,842.2,1,W6,320
HHN-KUN,HHN,KUN,Frankfurt am Main (Lautzenhausen),Kaunas,DE,LT,49.946353,7.261734,54.963965,24.08582,1264.9,1,FR,738
HHN-SUF,HHN,SUF,Frankfurt am Main (Lautzenhausen),Lamezia Terme (CZ),DE,IT,49.946353,7.261734,38.906214,16.246007,1417.5,1,FR,738
HHN-LIS,HHN,LIS,Frankfurt am Main (Lautzenhausen),Lisbon,DE,PT,49.946353,7.261734,38.7813,-9.13592,1792.8,1,FR,738
HHN-STN,HHN,STN,Frankfurt am Main (Lautzenhausen),"London, Essex",DE,GB,49.946353,7.261734,51.884998,0.235,537.4,1,FR,738
HHN-MPL,HHN,MPL,Frankfurt am Main (Lautzenhausen),Montpellier/Méditerranée,DE,FR,49.946353,7.261734,43.576199,3.96301,751.4,1,FR,738
HHN-AGP,HHN,AGP,Frankfurt am Main (Lautzenhausen),Málaga,DE,ES,49.946353,7.261734,36.6749,-4.49911,1751.2,1,FR,738
HHN-VOL,HHN,VOL,Frankfurt am Main (Lautzenhausen),Nea Anchialos,DE,GR,49.946353,7.261734,39.219601,22.7943,1707.0,1,FR,738
HHN-BGY,HHN,BGY,Frankfurt am Main (Lautzenhausen),Orio al Serio (BG),DE,IT,49.946353,7.261734,45.669362,9.708851,509.4,1,FR,738
HHN-PMI,HHN,PMI,Frankfurt am Main (Lautzenhausen),Palma de Mallorca,DE,ES,49.946353,7.261734,39.551701,2.73881,1209.2,1,FR,738
HHN-PSR,HHN,PSR,Frankfurt am Main (Lautzenhausen),Pescara,DE,IT,49.946353,7.261734,42.431079,14.182981,990.1,1,FR,738
HHN-PSA,HHN,PSA,Frankfurt am Main (Lautzenhausen),Pisa (PI),DE,IT,49.946353,7.261734,43.683899,10.3927,735.8,1,FR,738
HHN-PDV,HHN,PDV,Frankfurt am Main (Lautzenhausen),Plovdiv,DE,BG,49.946353,7.261734,42.067799,24.8508,1610.3,1,FR,738
HHN-OPO,HHN,OPO,Frankfurt am Main (Lautzenhausen),Porto,DE,PT,49.946353,7.261734,41.2481002808,-8.68138980865,1567.4,1,FR,738
HHN-PUY,HHN,PUY,Frankfurt am Main (Lautzenhausen),Pula,DE,HR,49.946353,7.261734,44.893501,13.9222,752.3,1,FR,738
HHN-REU,HHN,REU,Frankfurt am Main (Lautzenhausen),Reus,DE,ES,49.946353,7.261734,41.147509,1.168354,1086.5,1,FR,738
HHN-RIX,HHN,RIX,Frankfurt am Main (Lautzenhausen),Riga,DE,LV,49.946353,7.261734,56.920752,23.970711,1345.8,1,FR,738
HHN-CIA,HHN,CIA,Frankfurt am Main (Lautzenhausen),Rome,DE,IT,49.946353,7.261734,41.798769,12.595331,995.0,1,FR,738
HHN-SDR,HHN,SDR,Frankfurt am Main (Lautzenhausen),Santander,DE,ES,49.946353,7.261734,43.427101,-3.82001,1111.5,1,FR,738
HHN-SCQ,HHN,SCQ,Frankfurt am Main (Lautzenhausen),Santiago de Compostela,DE,ES,49.946353,7.261734,42.896301,-8.41514,1430.4,1,FR,738
HHN-SOF,HHN,SOF,Frankfurt am Main (Lautzenhausen),Sofia,DE,BG,49.946353,7.261734,42.696357,23.417671,1474.8,1,W6,320
HHN-TMP,HHN,TMP,Frankfurt am Main (Lautzenhausen),Tampere / Pirkkala,DE,FI,49.946353,7.261734,61.414101,23.604401,1626.3,1,FR,738
HHN-SKG,HHN,SKG,Frankfurt am Main (Lautzenhausen),Thessaloniki,DE,GR,49.946353,7.261734,40.51928,22.970009,1610.4,1,FR,738
HHN-TPS,HHN,TPS,Frankfurt am Main (Lautzenhausen),Trapani (TP),DE,IT,49.946353,7.261734,37.9114,12.488,1401.3,1,FR,738
HHN-TSF,HHN,TSF,Frankfurt am Main (Lautzenhausen),Treviso (TV),DE,IT,49.946353,7.261734,45.648399,12.1944,603.2,1,FR,738
HHN-VLC,HHN,VLC,Frankfurt am Main (Lautzenhausen),Valencia,DE,ES,49.946353,7.261734,39.489162,-0.480961,1312.2,1,FR,738
HHN-ZAD,HHN,ZAD,Frankfurt am Main (Lautzenhausen),Zadar,DE,HR,49.946353,7.261734,44.096986,15.353565,893.0,1,FR,738
FDH-EBA,FDH,EBA,Friedrichshafen,Campo nell'Elba (LI),DE,IT,47.671299,9.51149,42.760871,10.239811,549.0,1,3L,DH3
FDH-DUS,FDH,DUS,Friedrichshafen,Düsseldorf,DE,DE,47.671299,9.51149,51.289501,6.76678,448.5,1,3L,DH3
FDH-FRA,FDH,FRA,Friedrichshafen,Frankfurt am Main,DE,DE,47.671299,9.51149,50.026706,8.55835,271.0,1,LH,CR7
FDH-HAM,FDH,HAM,Friedrichshafen,Hamburg,DE,DE,47.671299,9.51149,53.630402,9.98823,663.5,1,3L,AT7
FDH-IBZ,FDH,IBZ,Friedrichshafen,Ibiza (Eivissa),DE,ES,47.671299,9.51149,38.872898,1.37312,1178.1,1,AB,320
FDH-IST,FDH,IST,Friedrichshafen,Istanbul,DE,TR,47.671299,9.51149,41.274874,28.732136,1676.8,1,TK,738
FDH-CGN,FDH,CGN,Friedrichshafen,Köln (Cologne),DE,DE,47.671299,9.51149,50.865898,7.14274,394.6,1,4U,319 CRJ
FDH-OLB,FDH,OLB,Friedrichshafen,Olbia (SS),DE,IT,47.671299,9.51149,40.898953,9.518457,753.1,1,3L,AT7
FDH-PMI,FDH,PMI,Friedrichshafen,Palma de Mallorca,DE,ES,47.671299,9.51149,39.551701,2.73881,1053.8,2,"AB,ST","320,73G"
FDH-ZAD,FDH,ZAD,Friedrichshafen,Zadar,DE,HR,47.671299,9.51149,44.096986,15.353565,601.7,1,3L,AT7
FMO-BRE,FMO,BRE,Greven,Bremen,DE,DE,52.133816,7.688482,53.046786,8.78932,125.8,1,W2,J32
FMO-FRA,FMO,FRA,Greven,Frankfurt am Main,DE,DE,52.133816,7.688482,50.026706,8.55835,242.0,1,LH,CR7
FMO-GRO,FMO,GRO,Greven,Girona,DE,ES,52.133816,7.688482,41.904639,2.761774,1196.5,1,FR,738
FMO-IBZ,FMO,IBZ,Greven,Ibiza (Eivissa),DE,ES,52.133816,7.688482,38.872898,1.37312,1553.0,1,AB,738
FMO-CFU,FMO,CFU,Greven,Kerkyra (Corfu),DE,GR,52.133816,7.688482,39.60145,19.912179,1679.6,1,AB,738
FMO-MUC,FMO,MUC,Greven,Munich,DE,DE,52.133816,7.688482,48.353802,11.7861,511.3,1,LH,E95 CR9
FMO-AGP,FMO,AGP,Greven,Málaga,DE,ES,52.133816,7.688482,36.6749,-4.49911,1966.8,1,FR,738
FMO-PMI,FMO,PMI,Greven,Palma de Mallorca,DE,ES,52.133816,7.688482,39.551701,2.73881,1449.8,1,AB,738 320
FMO-STR,FMO,STR,Greven,Stuttgart,DE,DE,52.133816,7.688482,48.689899,9.22196,398.0,1,W2,J32
FMO-ZRH,FMO,ZRH,Greven,Zurich,DE,CH,52.133816,7.688482,47.458056,8.548056,523.6,1,W2,J32
HAM-ALC,HAM,ALC,Hamburg,Alicante,DE,ES,53.630402,9.98823,38.2822,-0.558156,1886.7,2,"AB,DY","320,73H"
HAM-AMS,HAM,AMS,Hamburg,Amsterdam,DE,NL,53.630402,9.98823,52.308601,4.76389,379.4,5,"4U,AZ,DL,EW,KL","737 E90 F70 EMJ,737 EMJ,737 EMJ F70,CRJ"
HAM-BCN,HAM,BCN,Hamburg,Barcelona,DE,ES,53.630402,9.98823,41.2971,2.07846,1492.6,4,"4U,DY,IB,VY","319,320,73H"
HAM-BIA,HAM,BIA,Hamburg,Bastia,DE,FR,53.630402,9.98823,42.5527,9.48373,1232.3,1,4U,CRJ
HAM-BGO,HAM,BGO,Hamburg,Bergen,DE,NO,53.630402,9.98823,60.2934,5.21814,794.8,1,4U,CRJ
HAM-BRN,HAM,BRN,Hamburg,Bern,DE,CH,53.630402,9.98823,46.912736,7.498819,767.5,1,SX,D38
HAM-BHX,HAM,BHX,Hamburg,"Birmingham, West Midlands",DE,GB,53.630402,9.98823,52.453899,-1.74803,794.5,1,4U,CRJ
HAM-BRS,HAM,BRS,Hamburg,Bristol,DE,GB,53.630402,9.98823,51.382326,-2.716453,894.1,1,BM,ER3
HAM-BUD,HAM,BUD,Hamburg,Budapest,DE,HU,53.630402,9.98823,47.43018,19.262393,949.8,1,4U,CRJ
HAM-BSL,HAM,BSL,Hamburg,Bâle / Mulhouse,DE,FR,53.630402,9.98823,47.60068,7.521117,692.6,3,"LH,LX,U2","320 319,AR1"
HAM-VRN,HAM,VRN,Hamburg,Caselle (VR),DE,IT,53.630402,9.98823,45.394955,10.887303,918.0,1,4U,CRJ
HAM-CTA,HAM,CTA,Hamburg,Catania,DE,IT,53.630402,9.98823,37.466801,15.0664,1839.1,2,"4U,U2",319
HAM-CPH,HAM,CPH,Hamburg,Copenhagen,DE,DK,53.630402,9.98823,55.617900848389,12.656000137329,279.8,2,"SK,U2","319,CR9 CR2"
HAM-DUB,HAM,DUB,Hamburg,Dublin,DE,IE,53.630402,9.98823,53.428713,-6.262121,1072.0,1,EI,320
HAM-DBV,HAM,DBV,Hamburg,Dubrovnik,DE,HR,53.630402,9.98823,42.562247,18.265543,1373.5,1,4U,319
HAM-DUS,HAM,DUS,Hamburg,Düsseldorf,DE,DE,53.630402,9.98823,51.289501,6.76678,339.6,2,"AB,LH","319 320 DH4 738,320 319"
HAM-EDI,HAM,EDI,Hamburg,Edinburgh,DE,GB,53.630402,9.98823,55.950145,-3.372288,892.9,1,U2,319
HAM-FAO,HAM,FAO,Hamburg,Faro,DE,PT,53.630402,9.98823,37.015909,-7.970939,2306.5,2,"4U,AB","319,320"
HAM-MXP,HAM,MXP,Hamburg,Ferno (VA),DE,IT,53.630402,9.98823,45.6306,8.72811,894.1,2,"4U,U2","319,319 CRJ"
HAM-FRA,HAM,FRA,Hamburg,Frankfurt am Main,DE,DE,53.630402,9.98823,50.026706,8.55835,412.6,2,"LH,X3","319 321 320 32A,73H"
HAM-FDH,HAM,FDH,Hamburg,Friedrichshafen,DE,DE,53.630402,9.98823,47.671299,9.51149,663.5,1,3L,AT7
HAM-FNC,HAM,FNC,Hamburg,Funchal,DE,PT,53.630402,9.98823,32.697812,-16.774613,3145.9,1,DE,32S
HAM-GVA,HAM,GVA,Hamburg,Geneva,DE,CH,53.630402,9.98823,46.238098,6.10895,867.3,1,4U,CRJ
HAM-HEL,HAM,HEL,Hamburg,Helsinki (Vantaa),DE,FI,53.630402,9.98823,60.318363,24.963341,1168.7,2,"AB,AY","319,E90 319 E70"
HAM-HER,HAM,HER,Hamburg,Heraklion,DE,GR,53.630402,9.98823,35.339699,25.1803,2353.0,4,"4U,AB,DE,X3","319,320,32S,73H"
HAM-IBZ,HAM,IBZ,Hamburg,Ibiza (Eivissa),DE,ES,53.630402,9.98823,38.872898,1.37312,1766.6,1,AB,320 738
HAM-IST,HAM,IST,Hamburg,Istanbul,DE,TR,53.630402,9.98823,41.274874,28.732136,1956.8,1,TK,320 321 738
HAM-XRY,HAM,XRY,Hamburg,Jerez de la Frontera,DE,ES,53.630402,9.98823,36.744598,-6.06011,2248.5,1,DE,32S
HAM-CFU,HAM,CFU,Hamburg,Kerkyra (Corfu),DE,GR,53.630402,9.98823,39.60145,19.912179,1730.5,2,"AB,DE","320,32S"
HAM-KLU,HAM,KLU,Hamburg,Klagenfurt am Wörthersee,DE,AT,53.630402,9.98823,46.642502,14.3377,836.2,2,"4U,OS",319 CRJ
HAM-CGN,HAM,CGN,Hamburg,Köln (Cologne),DE,DE,53.630402,9.98823,50.865898,7.14274,363.3,1,4U,319 CRJ
HAM-LIS,HAM,LIS,Hamburg,Lisbon,DE,PT,53.630402,9.98823,38.7813,-9.13592,2197.7,2,"LH,TP",320 319 321
HAM-LGW,HAM,LGW,Hamburg,London,DE,GB,53.630402,9.98823,51.148744,-0.185739,742.7,1,U2,319
HAM-LHR,HAM,LHR,Hamburg,London,DE,GB,53.630402,9.98823,51.470748,-0.459909,745.3,4,"4U,AA,AB,BA","319 CRJ,320 319 321"
HAM-LTN,HAM,LTN,Hamburg,"Luton, Luton",DE,GB,53.630402,9.98823,51.874699,-0.368333,723.1,1,U2,319 320
HAM-MAD,HAM,MAD,Hamburg,Madrid,DE,ES,53.630402,9.98823,40.493407,-3.572249,1779.2,1,4U,CRJ
HAM-MAH,HAM,MAH,Hamburg,Mahón (Maó),DE,ES,53.630402,9.98823,39.862598,4.21865,1591.5,1,X3,73H
HAM-MAN,HAM,MAN,Hamburg,"Manchester, Greater Manchester",DE,GB,53.630402,9.98823,53.349375,-2.279521,811.2,2,"4U,U2","320 319,CRJ"
HAM-FMM,HAM,FMM,Hamburg,Memmingen,DE,DE,53.630402,9.98823,47.988092,10.238248,627.6,1,4U,CRJ
HAM-SVO,HAM,SVO,Hamburg,Moscow,DE,RU,53.630402,9.98823,55.976858,37.41121,1764.8,1,SU,738 321
HAM-MUC,HAM,MUC,Hamburg,Munich,DE,DE,53.630402,9.98823,48.353802,11.7861,600.0,2,"AB,LH","320 738 73G,321 320 319"
HAM-AGP,HAM,AGP,Hamburg,Málaga,DE,ES,53.630402,9.98823,36.6749,-4.49911,2191.7,4,"AB,DY,IB,VY","320,320 738 321,73H"
HAM-NAP,HAM,NAP,Hamburg,Napoli,DE,IT,53.630402,9.98823,40.886002,14.2908,1453.2,2,"4U,U2",319
HAM-NCE,HAM,NCE,Hamburg,"Nice, Alpes-Maritimes",DE,FR,53.630402,9.98823,43.658401,7.21587,1127.2,2,"4U,U2",319
HAM-NUE,HAM,NUE,Hamburg,Nuremberg,DE,DE,53.630402,9.98823,49.498699,11.078056,465.5,2,"4U,AB","CRJ,DH4"
HAM-OLB,HAM,OLB,Hamburg,Olbia (SS),DE,IT,53.630402,9.98823,40.898953,9.518457,1416.1,3,"4U,AB,IG","319,320"
HAM-OSL,HAM,OSL,Hamburg,Oslo (Gardermoen),DE,NO,53.630402,9.98823,60.193901,11.1004,732.9,2,"4U,DY","73H,CRJ"
HAM-PMI,HAM,PMI,Hamburg,Palma de Mallorca,DE,ES,53.630402,9.98823,39.551701,2.73881,1658.5,4,"4U,AB,DE,U2","319,320 738 332 319,757"
HAM-CDG,HAM,CDG,Hamburg,"Paris (Roissy-en-France, Val-d'Oise)",DE,FR,53.630402,9.98823,49.00896,2.554117,728.0,3,"4U,AF,AZ","319 CRJ,321 318 320 32A"
HAM-PRG,HAM,PRG,Hamburg,Prague,DE,CZ,53.630402,9.98823,50.100874,14.259911,489.8,3,"4U,OK,QS","319 AT7,319 AT7 AT4,CRJ"
HAM-PRN,HAM,PRN,Hamburg,Prishtina,DE,XK,53.630402,9.98823,42.5728,21.035801,1474.4,1,4U,319
HAM-FKB,HAM,FKB,Hamburg,Rheinmünster,DE,DE,53.630402,9.98823,48.7794,8.0805,555.5,1,4U,CRJ
HAM-RIX,HAM,RIX,Hamburg,Riga,DE,LV,53.630402,9.98823,56.920752,23.970711,956.1,2,"AB,BT","DH4 735,DH4 735 73C"
HAM-RJK,HAM,RJK,Hamburg,Rijeka(Omišalj),DE,HR,53.630402,9.98823,45.216376,14.57085,992.0,1,4U,319
HAM-FCO,HAM,FCO,Hamburg,Rome,DE,IT,53.630402,9.98823,41.804532,12.251998,1325.7,2,"4U,U2",319
HAM-SCN,HAM,SCN,Hamburg,Saarbrücken,DE,DE,53.630402,9.98823,49.214545,7.109735,529.9,2,"LG,LH",DH4
HAM-SZG,HAM,SZG,Hamburg,Salzburg,DE,AT,53.630402,9.98823,47.793301,13.0043,682.8,2,"AB,AY",320 319
HAM-ATH,HAM,ATH,Hamburg,Spata-Artemida,DE,GR,53.630402,9.98823,37.936401,23.9445,2045.2,1,U2,319
HAM-SPU,HAM,SPU,Hamburg,Split,DE,HR,53.630402,9.98823,43.538898,16.298,1213.2,1,4U,319
HAM-LED,HAM,LED,Hamburg,St. Petersburg,DE,RU,53.630402,9.98823,59.800301,30.262501,1406.6,1,SU,319
HAM-ARN,HAM,ARN,Hamburg,Stockholm,DE,SE,53.630402,9.98823,59.64849,17.928829,825.6,2,"4U,SK","73G 73H 73W 736 717,CRJ"
HAM-STR,HAM,STR,Hamburg,Stuttgart,DE,DE,53.630402,9.98823,48.689899,9.22196,551.9,2,"4U,AB","319 CRJ,320 738"
HAM-GWT,HAM,GWT,Hamburg,Sylt,DE,DE,53.630402,9.98823,54.9132,8.34047,178.3,1,7E,CNA
HAM-SKG,HAM,SKG,Hamburg,Thessaloniki,DE,GR,53.630402,9.98823,40.51928,22.970009,1752.4,2,"4U,AB","319,320"
HAM-TLS,HAM,TLS,Hamburg,Toulouse/Blagnac,DE,FR,53.630402,9.98823,43.629101,1.36382,1277.9,2,"4U,AF","319,CRJ"
HAM-MLA,HAM,MLA,Hamburg,Valletta,DE,MT,53.630402,9.98823,35.845932,14.491546,2008.3,1,KM,320
HAM-VCE,HAM,VCE,Hamburg,Venezia (VE),DE,IT,53.630402,9.98823,45.505299,12.3519,919.3,2,"4U,U2","319,319 CRJ"
HAM-VIE,HAM,VIE,Hamburg,Vienna,DE,AT,53.630402,9.98823,48.110298,16.5697,767.5,4,"4U,AB,LH,OS","319 320 321 CRJ,319 CRJ,320 321,320 E90 321"
HAM-WAW,HAM,WAW,Hamburg,Warsaw,DE,PL,53.630402,9.98823,52.165699,20.9671,753.4,2,"LH,LO",E75 E70
HAM-BRU,HAM,BRU,Hamburg,Zaventem,DE,BE,53.630402,9.98823,50.901402,4.48444,481.8,2,"LH,SN",319 AR1 DH4
HAM-ZRH,HAM,ZRH,Hamburg,Zurich,DE,CH,53.630402,9.98823,47.458056,8.548056,693.8,3,"4U,LH,LX","319 321 320 CRJ,319 CRJ,321 320"
HAJ-AMS,HAJ,AMS,Hannover,Amsterdam,DE,NL,52.461102,9.68508,52.308601,4.76389,334.4,2,"AZ,KL","E90 F70,EMJ F70"
HAJ-BCN,HAJ,BCN,Hannover,Barcelona,DE,ES,52.461102,9.68508,41.2971,2.07846,1367.6,3,"4U,IB,VY","319,320"
HAJ-BHX,HAJ,BHX,Hannover,"Birmingham, West Midlands",DE,GB,52.461102,9.68508,52.453899,-1.74803,773.9,1,BE,E75
HAJ-CTA,HAJ,CTA,Hannover,Catania,DE,IT,52.461102,9.68508,37.466801,15.0664,1719.0,1,4U,319
HAJ-CPH,HAJ,CPH,Hannover,Copenhagen,DE,DK,52.461102,9.68508,55.617900848389,12.656000137329,401.0,1,SK,CR2 AT7
HAJ-DUB,HAJ,DUB,Hannover,Dublin,DE,IE,52.461102,9.68508,53.428713,-6.262121,1071.7,1,EI,320
HAJ-DBV,HAJ,DBV,Hannover,Dubrovnik,DE,HR,52.461102,9.68508,42.562247,18.265543,1273.5,1,4U,319
HAJ-FAO,HAJ,FAO,Hannover,Faro,DE,PT,52.461102,9.68508,37.015909,-7.970939,2200.0,1,X3,73H
HAJ-MXP,HAJ,MXP,Hannover,Ferno (VA),DE,IT,52.461102,9.68508,45.6306,8.72811,762.7,1,4U,319
HAJ-FRA,HAJ,FRA,Hannover,Frankfurt am Main,DE,DE,52.461102,9.68508,50.026706,8.55835,281.8,1,LH,735 319 733 32A
HAJ-FNC,HAJ,FNC,Hannover,Funchal,DE,PT,52.461102,9.68508,32.697812,-16.774613,3052.7,1,X3,73H
HAJ-HER,HAJ,HER,Hannover,Heraklion,DE,GR,52.461102,9.68508,35.339699,25.1803,2262.2,3,"4U,DE,X3","319,32S,73H"
HAJ-IBZ,HAJ,IBZ,Hannover,Ibiza (Eivissa),DE,ES,52.461102,9.68508,38.872898,1.37312,1640.6,1,AB,738
HAJ-IST,HAJ,IST,Hannover,Istanbul,DE,TR,52.461102,9.68508,41.274874,28.732136,1898.4,1,TK,321 739 738
HAJ-XRY,HAJ,XRY,Hannover,Jerez de la Frontera,DE,ES,52.461102,9.68508,36.744598,-6.06011,2136.5,1,X3,73H
HAJ-CFU,HAJ,CFU,Hannover,Kerkyra (Corfu),DE,GR,52.461102,9.68508,39.60145,19.912179,1629.8,1,X3,73H
HAJ-SUF,HAJ,SUF,Hannover,Lamezia Terme (CZ),DE,IT,52.461102,9.68508,38.906214,16.246007,1589.4,1,4U,319
HAJ-LHR,HAJ,LHR,Hannover,London,DE,GB,52.461102,9.68508,51.470748,-0.459909,703.1,3,"AA,AB,BA",319
HAJ-STN,HAJ,STN,Hannover,"London, Essex",DE,GB,52.461102,9.68508,51.884998,0.235,647.1,1,4U,319
HAJ-MAH,HAJ,MAH,Hannover,Mahón (Maó),DE,ES,52.461102,9.68508,39.862598,4.21865,1461.7,1,X3,73H
HAJ-MAN,HAJ,MAN,Hannover,"Manchester, Greater Manchester",DE,GB,52.461102,9.68508,53.349375,-2.279521,807.5,1,BE,E75
HAJ-MSQ,HAJ,MSQ,Hannover,Minsk,DE,BY,52.461102,9.68508,53.888071,28.039964,1230.0,1,B2,CRJ
HAJ-SVO,HAJ,SVO,Hannover,Moscow,DE,RU,52.461102,9.68508,55.976858,37.41121,1831.3,1,SU,320
HAJ-MUC,HAJ,MUC,Hannover,Munich,DE,DE,52.461102,9.68508,48.353802,11.7861,480.3,1,LH,319 320 321 E95
HAJ-AGP,HAJ,AGP,Hannover,Málaga,DE,ES,52.461102,9.68508,36.6749,-4.49911,2075.9,2,"IB,VY",320
HAJ-NAP,HAJ,NAP,Hannover,Napoli,DE,IT,52.461102,9.68508,40.886002,14.2908,1333.5,1,4U,319
HAJ-PMI,HAJ,PMI,Hannover,Palma de Mallorca,DE,ES,52.461102,9.68508,39.551701,2.73881,1530.7,4,"4U,AB,DE,X3","319,321 32S,738 321,73H"
HAJ-CDG,HAJ,CDG,Hannover,"Paris (Roissy-en-France, Val-d'Oise)",DE,FR,52.461102,9.68508,49.00896,2.554117,631.3,2,"AF,AZ","E70,E70 AR8"
HAJ-PRN,HAJ,PRN,Hannover,Prishtina,DE,XK,52.461102,9.68508,42.5728,21.035801,1387.8,1,4U,319
HAJ-FCO,HAJ,FCO,Hannover,Rome,DE,IT,52.461102,9.68508,41.804532,12.251998,1200.6,1,4U,319
HAJ-SPU,HAJ,SPU,Hannover,Split,DE,HR,52.461102,9.68508,43.538898,16.298,1106.3,1,4U,319
HAJ-JER,HAJ,JER,Hannover,St. Peter,DE,JE,52.461102,9.68508,49.207901,-2.19551,908.0,1,AB,DH4
HAJ-STR,HAJ,STR,Hannover,Stuttgart,DE,DE,52.461102,9.68508,48.689899,9.22196,420.6,2,"4U,AB","319,DH4"
HAJ-SKG,HAJ,SKG,Hannover,Thessaloniki,DE,GR,52.461102,9.68508,40.51928,22.970009,1667.0,2,"4U,A3","319,320"
HAJ-VCE,HAJ,VCE,Hannover,Venezia (VE),DE,IT,52.461102,9.68508,45.505299,12.3519,797.4,1,4U,319
HAJ-VIE,HAJ,VIE,Hannover,Vienna,DE,AT,52.461102,9.68508,48.110298,16.5697,687.4,3,"4U,AB,OS","319,320 E90"
HAJ-BRU,HAJ,BRU,Hannover,Zaventem,DE,BE,52.461102,9.68508,50.901402,4.48444,398.2,3,"LH,SN,UA",DH4
HAJ-ZRH,HAJ,ZRH,Hannover,Zurich,DE,CH,52.461102,9.68508,47.458056,8.548056,562.2,2,"LH,LX",100 AR1 320
CGN-ALC,CGN,ALC,Köln (Cologne),Alicante,DE,ES,50.865898,7.14274,38.2822,-0.558156,1524.4,1,DY,73H
CGN-AMS,CGN,AMS,Köln (Cologne),Amsterdam,DE,NL,50.865898,7.14274,52.308601,4.76389,229.6,2,"AZ,KL",F70
CGN-BCN,CGN,BCN,Köln (Cologne),Barcelona,DE,ES,50.865898,7.14274,41.2971,2.07846,1132.7,1,4U,320 319
CGN-BRI,CGN,BRI,Köln (Cologne),Bari,DE,IT,50.865898,7.14274,41.138901,16.760599,1309.7,1,4U,319
CGN-BIA,CGN,BIA,Köln (Cologne),Bastia,DE,FR,50.865898,7.14274,42.5527,9.48373,941.3,1,4U,319
CGN-BRN,CGN,BRN,Köln (Cologne),Bern,DE,CH,50.865898,7.14274,46.912736,7.498819,440.3,1,SX,D38
CGN-BHX,CGN,BHX,Köln (Cologne),"Birmingham, West Midlands",DE,GB,50.865898,7.14274,52.453899,-1.74803,637.7,1,BE,DH4 E75
CGN-BLQ,CGN,BLQ,Köln (Cologne),Bologna,DE,IT,50.865898,7.14274,44.5354,11.2887,769.0,1,4U,319
CGN-BUD,CGN,BUD,Köln (Cologne),Budapest,DE,HU,50.865898,7.14274,47.43018,19.262393,959.3,1,4U,319 320 CRJ
CGN-CAG,CGN,CAG,Köln (Cologne),Cagliari,DE,IT,50.865898,7.14274,39.251499,9.05428,1300.0,1,4U,319
CGN-CLY,CGN,CLY,Köln (Cologne),Calvi,DE,FR,50.865898,7.14274,42.530422,8.792984,935.3,2,"4U,AB","319,73G"
CGN-VRN,CGN,VRN,Köln (Cologne),Caselle (VR),DE,IT,50.865898,7.14274,45.394955,10.887303,668.6,1,4U,319
CGN-CTA,CGN,CTA,Köln (Cologne),Catania,DE,IT,50.865898,7.14274,37.466801,15.0664,1616.2,1,4U,319
CGN-DRS,CGN,DRS,Köln (Cologne),Dresden,DE,DE,50.865898,7.14274,51.134123,13.767831,464.4,1,4U,319 CRJ
CGN-DUB,CGN,DUB,Köln (Cologne),Dublin,DE,IE,50.865898,7.14274,53.428713,-6.262121,956.3,1,4U,319
CGN-DBV,CGN,DBV,Köln (Cologne),Dubrovnik,DE,HR,50.865898,7.14274,42.562247,18.265543,1251.0,1,4U,319
CGN-EDI,CGN,EDI,Köln (Cologne),Edinburgh,DE,GB,50.865898,7.14274,55.950145,-3.372288,895.8,1,4U,319
CGN-FAO,CGN,FAO,Köln (Cologne),Faro,DE,PT,50.865898,7.14274,37.015909,-7.970939,1950.6,2,"4U,FR","319 320,738"
CGN-MXP,CGN,MXP,Köln (Cologne),Ferno (VA),DE,IT,50.865898,7.14274,45.6306,8.72811,593.8,1,4U,319 CRJ
CGN-FDH,CGN,FDH,Köln (Cologne),Friedrichshafen,DE,DE,50.865898,7.14274,47.671299,9.51149,394.6,1,4U,319 CRJ
CGN-FNC,CGN,FNC,Köln (Cologne),Funchal,DE,PT,50.865898,7.14274,32.697812,-16.774613,2806.4,1,X3,73H
CGN-GDN,CGN,GDN,Köln (Cologne),Gdańsk,DE,PL,50.865898,7.14274,54.377602,18.4662,857.0,1,W6,320
CGN-GRO,CGN,GRO,Köln (Cologne),Girona,DE,ES,50.865898,7.14274,41.904639,2.761774,1051.1,1,FR,738
CGN-HAM,CGN,HAM,Köln (Cologne),Hamburg,DE,DE,50.865898,7.14274,53.630402,9.98823,363.3,1,4U,319 CRJ
CGN-HER,CGN,HER,Köln (Cologne),Heraklion,DE,GR,50.865898,7.14274,35.339699,25.1803,2251.4,2,"4U,X3","320 319,73H"
CGN-IBZ,CGN,IBZ,Köln (Cologne),Ibiza (Eivissa),DE,ES,50.865898,7.14274,38.872898,1.37312,1407.8,2,"4U,AB","320 319,738"
CGN-SKP,CGN,SKP,Köln (Cologne),Ilinden,DE,MK,50.865898,7.14274,41.958087,21.622581,1483.0,1,W6,320
CGN-IST,CGN,IST,Köln (Cologne),Istanbul,DE,TR,50.865898,7.14274,41.274874,28.732136,1966.4,1,TK,320 321
CGN-XRY,CGN,XRY,Köln (Cologne),Jerez de la Frontera,DE,ES,50.865898,7.14274,36.744598,-6.06011,1887.9,1,4U,319
CGN-KTW,CGN,KTW,Köln (Cologne),Katowice,DE,PL,50.865898,7.14274,50.476015,19.080705,841.5,1,W6,320
CGN-KVA,CGN,KVA,Köln (Cologne),Kavala,DE,GR,50.865898,7.14274,40.9133,24.6192,1740.0,1,4U,319 320
CGN-CFU,CGN,CFU,Köln (Cologne),Kerkyra (Corfu),DE,GR,50.865898,7.14274,39.60145,19.912179,1598.0,2,"4U,AB","320 319,738"
CGN-KLU,CGN,KLU,Köln (Cologne),Klagenfurt am Wörthersee,DE,AT,50.865898,7.14274,46.642502,14.3377,705.6,2,"4U,OS",CRJ
CGN-RLG,CGN,RLG,Köln (Cologne),Laage,DE,DE,50.865898,7.14274,53.918201,12.2783,486.2,1,4U,319
CGN-SUF,CGN,SUF,Köln (Cologne),Lamezia Terme (CZ),DE,IT,50.865898,7.14274,38.906214,16.246007,1508.3,1,4U,319
CGN-LIS,CGN,LIS,Köln (Cologne),Lisbon,DE,PT,50.865898,7.14274,38.7813,-9.13592,1850.5,1,4U,319 320
CGN-LGW,CGN,LGW,Köln (Cologne),London,DE,GB,50.865898,7.14274,51.148744,-0.185739,513.5,1,U2,319
CGN-LHR,CGN,LHR,Köln (Cologne),London,DE,GB,50.865898,7.14274,51.470748,-0.459909,534.1,1,4U,319 320
CGN-STN,CGN,STN,Köln (Cologne),"London, Essex",DE,GB,50.865898,7.14274,51.884998,0.235,492.5,1,4U,319
CGN-MAH,CGN,MAH,Köln (Cologne),Mahón (Maó),DE,ES,50.865898,7.14274,39.862598,4.21865,1244.4,1,AB,738
CGN-MAN,CGN,MAN,Köln (Cologne),"Manchester, Greater Manchester",DE,GB,50.865898,7.14274,53.349375,-2.279521,699.5,1,4U,319
CGN-DME,CGN,DME,Köln (Cologne),Moscow,DE,RU,50.865898,7.14274,55.408798,37.9063,2094.6,1,U6,320
CGN-MUC,CGN,MUC,Köln (Cologne),Munich,DE,DE,50.865898,7.14274,48.353802,11.7861,435.7,3,"AB,LH,X3","321 319 320 E95,73G,73H"
CGN-JMK,CGN,JMK,Köln (Cologne),Mykonos,DE,GR,50.865898,7.14274,37.435101,25.348101,2072.3,1,4U,319
CGN-AGP,CGN,AGP,Köln (Cologne),Málaga,DE,ES,50.865898,7.14274,36.6749,-4.49911,1829.1,3,"AB,DY,FR","738,73H"
CGN-NAP,CGN,NAP,Köln (Cologne),Napoli,DE,IT,50.865898,7.14274,40.886002,14.2908,1238.6,1,4U,319 320
CGN-NCE,CGN,NCE,Köln (Cologne),"Nice, Alpes-Maritimes",DE,FR,50.865898,7.14274,43.658401,7.21587,801.5,1,4U,319 320
CGN-OLB,CGN,OLB,Köln (Cologne),Olbia (SS),DE,IT,50.865898,7.14274,40.898953,9.518457,1123.3,3,"4U,AB,IG","319,320,738"
CGN-OSL,CGN,OSL,Köln (Cologne),Oslo (Gardermoen),DE,NO,50.865898,7.14274,60.193901,11.1004,1066.2,1,DY,73H
CGN-PMO,CGN,PMO,Köln (Cologne),Palermo,DE,IT,50.865898,7.14274,38.175999,13.091,1486.5,1,4U,319 CRJ
CGN-PMI,CGN,PMI,Köln (Cologne),Palma de Mallorca,DE,ES,50.865898,7.14274,39.551701,2.73881,1303.9,5,"4U,AB,DE,FR,X3","320 319,332 738 320,738,73H,757"
CGN-PSA,CGN,PSA,Köln (Cologne),Pisa (PI),DE,IT,50.865898,7.14274,43.683899,10.3927,835.2,1,4U,319
CGN-PRG,CGN,PRG,Köln (Cologne),Prague,DE,CZ,50.865898,7.14274,50.100874,14.259911,510.5,1,4U,319 320 CRJ
CGN-PUY,CGN,PUY,Köln (Cologne),Pula,DE,HR,50.865898,7.14274,44.893501,13.9222,833.9,1,4U,319 CRJ
CGN-RJK,CGN,RJK,Köln (Cologne),Rijeka(Omišalj),DE,HR,50.865898,7.14274,45.216376,14.57085,835.6,1,4U,319
CGN-FCO,CGN,FCO,Köln (Cologne),Rome,DE,IT,50.865898,7.14274,41.804532,12.251998,1080.6,1,4U,319 320
CGN-SZG,CGN,SZG,Köln (Cologne),Salzburg,DE,AT,50.865898,7.14274,47.793301,13.0043,544.8,2,"4U,OS",319
CGN-JTR,CGN,JTR,Köln (Cologne),Santorini Island,DE,GR,50.865898,7.14274,36.400045,25.478638,2170.9,1,4U,319
CGN-SJJ,CGN,SJJ,Köln (Cologne),Sarajevo,DE,BA,50.865898,7.14274,43.8246,18.331499,1148.2,1,4U,319
CGN-LEJ,CGN,LEJ,Köln (Cologne),Schkeuditz,DE,DE,50.865898,7.14274,51.420657,12.232705,360.3,1,4U,CRJ 319 320
CGN-ATH,CGN,ATH,Köln (Cologne),Spata-Artemida,DE,GR,50.865898,7.14274,37.936401,23.9445,1952.7,1,4U,319
CGN-SPU,CGN,SPU,Köln (Cologne),Split,DE,HR,50.865898,7.14274,43.538898,16.298,1067.1,1,4U,319
CGN-ARN,CGN,ARN,Köln (Cologne),Stockholm,DE,SE,50.865898,7.14274,59.64849,17.928829,1188.8,1,4U,CRJ
CGN-SKG,CGN,SKG,Köln (Cologne),Thessaloniki,DE,GR,50.865898,7.14274,40.51928,22.970009,1677.2,1,4U,319 320
CGN-ZAG,CGN,ZAG,Köln (Cologne),Velika Gorica,DE,HR,50.865898,7.14274,45.742901,16.0688,870.9,1,4U,CRJ 319
CGN-VCE,CGN,VCE,Köln (Cologne),Venezia (VE),DE,IT,50.865898,7.14274,45.505299,12.3519,709.8,1,4U,320 319
CGN-VIE,CGN,VIE,Köln (Cologne),Vienna,DE,AT,50.865898,7.14274,48.110298,16.5697,746.0,3,"4U,LH,OS","100 F70,319 100 F70 320,319 320"
CGN-WAW,CGN,WAW,Köln (Cologne),Warsaw,DE,PL,50.865898,7.14274,52.165699,20.9671,965.9,1,4U,CRJ
CGN-ZAD,CGN,ZAD,Köln (Cologne),Zadar,DE,HR,50.865898,7.14274,44.096986,15.353565,972.0,1,4U,319
CGN-HDF,CGN,HDF,Köln (Cologne),Zirchow,DE,DE,50.865898,7.14274,53.8787,14.1523,581.5,1,4U,CRJ
CGN-ZRH,CGN,ZRH,Köln (Cologne),Zurich,DE,CH,50.865898,7.14274,47.458056,8.548056,392.5,2,"4U,LX",320 319
RLG-CGN,RLG,CGN,Laage,Köln (Cologne),DE,DE,53.918201,12.2783,50.865898,7.14274,486.2,1,4U,319
RLG-MUC,RLG,MUC,Laage,Munich,DE,DE,53.918201,12.2783,48.353802,11.7861,619.7,1,LH,CR9 E95
RLG-PMI,RLG,PMI,Laage,Palma de Mallorca,DE,ES,53.918201,12.2783,39.551701,2.73881,1751.5,1,ST,73G
RLG-STR,RLG,STR,Laage,Stuttgart,DE,DE,53.918201,12.2783,48.689899,9.22196,618.8,1,4U,319
LBC-GDN,LBC,GDN,Lübeck,Gdańsk,DE,PL,53.805401,10.7192,54.377602,18.4662,508.9,1,W6,320
LBC-BGY,LBC,BGY,Lübeck,Orio al Serio (BG),DE,IT,53.805401,10.7192,45.669362,9.708851,907.6,1,FR,738
LBC-PMI,LBC,PMI,Lübeck,Palma de Mallorca,DE,ES,53.805401,10.7192,39.551701,2.73881,1695.3,1,FR,738
LBC-PSA,LBC,PSA,Lübeck,Pisa (PI),DE,IT,53.805401,10.7192,43.683899,10.3927,1125.7,1,FR,738
FMM-AHO,FMM,AHO,Memmingen,Alghero,DE,IT,47.988092,10.238248,40.632099,8.29077,832.4,1,FR,738
FMM-ALC,FMM,ALC,Memmingen,Alicante,DE,ES,47.988092,10.238248,38.2822,-0.558156,1387.3,1,FR,738
FMM-BEG,FMM,BEG,Memmingen,Belgrade,DE,RS,47.988092,10.238248,44.818401,20.309099,848.0,1,W6,320
FMM-CLY,FMM,CLY,Memmingen,Calvi,DE,FR,47.988092,10.238248,42.530422,8.792984,617.3,2,"AB,HG",320
FMM-DUB,FMM,DUB,Memmingen,Dublin,DE,IE,47.988092,10.238248,53.428713,-6.262121,1305.7,1,FR,738
FMM-FAO,FMM,FAO,Memmingen,Faro,DE,PT,47.988092,10.238248,37.015909,-7.970939,1919.4,1,FR,738
FMM-GRO,FMM,GRO,Memmingen,Girona,DE,ES,47.988092,10.238248,41.904639,2.761774,895.7,1,FR,738
FMM-HAM,FMM,HAM,Memmingen,Hamburg,DE,DE,47.988092,10.238248,53.630402,9.98823,627.6,1,4U,CRJ
FMM-SKP,FMM,SKP,Memmingen,Ilinden,DE,MK,47.988092,10.238248,41.958087,21.622581,1116.8,1,W6,320
FMM-STN,FMM,STN,Memmingen,"London, Essex",DE,GB,47.988092,10.238248,51.884998,0.235,835.8,1,FR,738
FMM-AGP,FMM,AGP,Memmingen,Málaga,DE,ES,47.988092,10.238248,36.6749,-4.49911,1740.6,1,FR,738
FMM-NAP,FMM,NAP,Memmingen,Napoli,DE,IT,47.988092,10.238248,40.886002,14.2908,852.4,1,3L,AT7
FMM-PMI,FMM,PMI,Memmingen,Palma de Mallorca,DE,ES,47.988092,10.238248,39.551701,2.73881,1113.5,2,"FR,X3","738,73H"
FMM-OPO,FMM,OPO,Memmingen,Porto,DE,PT,47.988092,10.238248,41.2481002808,-8.68138980865,1668.5,1,FR,738
FMM-CIA,FMM,CIA,Memmingen,Rome,DE,IT,47.988092,10.238248,41.798769,12.595331,712.7,1,FR,738
FMM-SNN,FMM,SNN,Memmingen,Shannon,DE,IE,47.988092,10.238248,52.702,-8.92482,1451.9,1,FR,738
FMM-TPS,FMM,TPS,Memmingen,Trapani (TP),DE,IT,47.988092,10.238248,37.9114,12.488,1135.2,1,FR,738
MUC-ALC,MUC,ALC,Munich,Alicante,DE,ES,48.353802,11.7861,38.2822,-0.558156,1496.8,2,"AB,DY","320 738,73H"
MUC-AMS,MUC,AMS,Munich,Amsterdam,DE,NL,48.353802,11.7861,52.308601,4.76389,664.2,2,"KL,LH","737,E95 CR9"
MUC-KRK,MUC,KRK,Munich,Balice,DE,PL,48.353802,11.7861,50.077702,19.7848,611.4,2,"LH,LO",319 320 E95
MUC-BCN,MUC,BCN,Munich,Barcelona,DE,ES,48.353802,11.7861,41.2971,2.07846,1094.6,3,"IB,LH,VY","319 321 320 E95,320"
MUC-BRI,MUC,BRI,Munich,Bari,DE,IT,48.353802,11.7861,41.138901,16.760599,892.8,2,"EN,LH",E95
MUC-BEG,MUC,BEG,Munich,Belgrade,DE,RS,48.353802,11.7861,44.818401,20.309099,760.1,2,"LH,SK",E95
MUC-BRN,MUC,BRN,Munich,Bern,DE,CH,48.353802,11.7861,46.912736,7.498819,358.9,1,SX,D38
MUC-BIO,MUC,BIO,Munich,Bilbao,DE,ES,48.353802,11.7861,43.301102,-2.91061,1267.0,1,LH,E95 319 320
MUC-BLL,MUC,BLL,Munich,Billund,DE,DK,48.353802,11.7861,55.740335,9.157019,840.6,1,BA,FRJ
MUC-BHX,MUC,BHX,Munich,"Birmingham, West Midlands",DE,GB,48.353802,11.7861,52.453899,-1.74803,1059.8,1,LH,E95
MUC-BLQ,MUC,BLQ,Munich,Bologna,DE,IT,48.353802,11.7861,44.5354,11.2887,426.3,1,LH,E95
MUC-BOD,MUC,BOD,Munich,Bordeaux,DE,FR,48.353802,11.7861,44.82865,-0.715356,1031.0,1,V7,717
MUC-BRE,MUC,BRE,Munich,Bremen,DE,DE,48.353802,11.7861,53.046786,8.78932,562.8,1,LH,E95 319 321 320
MUC-BDS,MUC,BDS,Munich,Brindisi,DE,IT,48.353802,11.7861,40.6576,17.947001,984.7,2,"AB,IG","320,73G 738"
MUC-BRS,MUC,BRS,Munich,Bristol,DE,GB,48.353802,11.7861,51.382326,-2.716453,1090.5,1,BM,ER4
MUC-BUD,MUC,BUD,Munich,Budapest,DE,HU,48.353802,11.7861,47.43018,19.262393,566.6,1,LH,320 E95 CR9 319 321
MUC-BSL,MUC,BSL,Munich,Bâle / Mulhouse,DE,FR,48.353802,11.7861,47.60068,7.521117,328.3,3,"LH,LX,SK",CR9 CR7
MUC-PAD,MUC,PAD,Munich,Büren,DE,DE,48.353802,11.7861,51.612527,8.617459,427.3,1,LH,CR9 CR7
MUC-CAG,MUC,CAG,Munich,Cagliari,DE,IT,48.353802,11.7861,39.251499,9.05428,1035.4,3,"AB,IG,LH","320,320 738,E95"
MUC-EBA,MUC,EBA,Munich,Campo nell'Elba (LI),DE,IT,48.353802,11.7861,42.760871,10.239811,633.4,1,3L,DH3
MUC-VRN,MUC,VRN,Munich,Caselle (VR),DE,IT,48.353802,11.7861,45.394955,10.887303,336.0,2,"EN,LH",E95
MUC-TRN,MUC,TRN,Munich,Caselle Torinese (TO),DE,IT,48.353802,11.7861,45.200802,7.64963,471.2,1,LH,E95
MUC-CTA,MUC,CTA,Munich,Catania,DE,IT,48.353802,11.7861,37.466801,15.0664,1239.4,5,"AB,AY,IG,KM,LH","319,320,320 321 738,321 320,E95 321"
MUC-CLJ,MUC,CLJ,Munich,Cluj-Napoca,DE,RO,48.353802,11.7861,46.786042,23.685733,908.6,1,LH,E95
MUC-LYS,MUC,LYS,Munich,"Colombier-Saugnieu, Rhône",DE,FR,48.353802,11.7861,45.725996,5.090139,585.2,1,LH,E95 CR9
MUC-CPH,MUC,CPH,Munich,Copenhagen,DE,DK,48.353802,11.7861,55.617900848389,12.656000137329,809.9,2,"LH,SK","CR9 320 321 319,CR9 E95 320 321 319"
MUC-ORK,MUC,ORK,Munich,Cork,DE,IE,48.353802,11.7861,51.841301,-8.49111,1492.0,1,EI,320
MUC-DTM,MUC,DTM,Munich,Dortmund,DE,DE,48.353802,11.7861,51.518299,7.61224,461.4,2,"4U,LH",319
MUC-DRS,MUC,DRS,Munich,Dresden,DE,DE,48.353802,11.7861,51.134123,13.767831,340.3,1,LH,E95
MUC-DUB,MUC,DUB,Munich,Dublin,DE,IE,48.353802,11.7861,53.428713,-6.262121,1381.0,2,"EI,LH","320,320 319"
MUC-DBV,MUC,DBV,Munich,Dubrovnik,DE,HR,48.353802,11.7861,42.562247,18.265543,818.0,2,"LH,OU",319 E95 320
MUC-DUS,MUC,DUS,Munich,Düsseldorf,DE,DE,48.353802,11.7861,51.289501,6.76678,485.8,3,"AB,LH,X3","320 321 319,738 320 319 321 DH4,73H"
MUC-EDI,MUC,EDI,Munich,Edinburgh,DE,GB,48.353802,11.7861,55.950145,-3.372288,1330.3,1,U2,319
MUC-AOI,MUC,AOI,Munich,Falconara Marittima (AN),DE,IT,48.353802,11.7861,43.616299,13.3623,540.6,1,LH,CR9 E95
MUC-FAO,MUC,FAO,Munich,Faro,DE,PT,48.353802,11.7861,37.015909,-7.970939,2038.4,4,"AB,LH,TP,X3","321,738,73H"
MUC-GRZ,MUC,GRZ,Munich,Feldkirchen bei Graz,DE,AT,48.353802,11.7861,46.9911,15.4396,312.7,2,"LH,OS",CR9 CR7
MUC-MXP,MUC,MXP,Munich,Ferno (VA),DE,IT,48.353802,11.7861,45.6306,8.72811,381.4,1,LH,E95
MUC-FLR,MUC,FLR,Munich,Firenze (FI),DE,IT,48.353802,11.7861,43.808558,11.202822,507.4,2,"EN,LH",E95
MUC-FRA,MUC,FRA,Munich,Frankfurt am Main,DE,DE,48.353802,11.7861,50.026706,8.55835,299.3,3,"CY,ET,LH","320,320 319,321 320 32A 319"
MUC-FNC,MUC,FNC,Munich,Funchal,DE,PT,48.353802,11.7861,32.697812,-16.774613,2947.9,2,"AB,DE","32S,738"
MUC-GDN,MUC,GDN,Munich,Gdańsk,DE,PL,48.353802,11.7861,54.377602,18.4662,813.9,2,"LH,LO",E95
MUC-GVA,MUC,GVA,Munich,Geneva,DE,CH,48.353802,11.7861,46.238098,6.10895,488.3,2,"LH,LX",E95 CR9
MUC-GOA,MUC,GOA,Munich,Genova (GE),DE,IT,48.353802,11.7861,44.412039,8.840732,493.0,1,LH,CR9 CR7
MUC-FMO,MUC,FMO,Munich,Greven,DE,DE,48.353802,11.7861,52.133816,7.688482,511.3,1,LH,E95 CR9
MUC-GOT,MUC,GOT,Munich,Göteborg,DE,SE,48.353802,11.7861,57.6628,12.2798,1035.6,2,"LH,SK",E95 CR9
MUC-HAM,MUC,HAM,Munich,Hamburg,DE,DE,48.353802,11.7861,53.630402,9.98823,600.0,2,"AB,LH","320 321 319,320 738 73G"
MUC-HAJ,MUC,HAJ,Munich,Hannover,DE,DE,48.353802,11.7861,52.461102,9.68508,480.3,1,LH,320 321 319 E95
MUC-HEL,MUC,HEL,Munich,Helsinki (Vantaa),DE,FI,48.353802,11.7861,60.318363,24.963341,1574.6,4,"AB,AY,LH,SK","319 320,319 320 E90"
MUC-HER,MUC,HER,Munich,Heraklion,DE,GR,48.353802,11.7861,35.339699,25.1803,1817.8,5,"A3,AB,DE,LH,X3","320,32S,738 320,73H"
MUC-IBZ,MUC,IBZ,Munich,Ibiza (Eivissa),DE,ES,48.353802,11.7861,38.872898,1.37312,1344.3,2,"AB,DE","32S,738 320"
MUC-IST,MUC,IST,Munich,Istanbul,DE,TR,48.353802,11.7861,41.274874,28.732136,1546.3,4,"LH,OZ,TK,US","320 321 738,321,321 320"
MUC-XRY,MUC,XRY,Munich,Jerez de la Frontera,DE,ES,48.353802,11.7861,36.744598,-6.06011,1941.6,2,"DE,X3","32S,73H"
MUC-KLX,MUC,KLX,Munich,Kalamata,DE,GR,48.353802,11.7861,37.06829833984375,22.02549934387207,1505.2,2,"A3,LH",319
MUC-AOK,MUC,AOK,Munich,Karpathos Island,DE,GR,48.353802,11.7861,35.421398,27.146,1912.3,1,AB,320
MUC-KVA,MUC,KVA,Munich,Kavala,DE,GR,48.353802,11.7861,40.9133,24.6192,1306.8,1,AB,738
MUC-CFU,MUC,CFU,Munich,Kerkyra (Corfu),DE,GR,48.353802,11.7861,39.60145,19.912179,1169.0,3,"AB,DE,X3","321 320,32S,73H"
MUC-KRR,MUC,KRR,Munich,Krasnodar,DE,RU,48.353802,11.7861,45.034465,39.174215,2109.5,1,U6,320
MUC-CGN,MUC,CGN,Munich,Köln (Cologne),DE,DE,48.353802,11.7861,50.865898,7.14274,435.7,2,"AB,LH","319 321 320 E95,73G"
MUC-RLG,MUC,RLG,Munich,Laage,DE,DE,48.353802,11.7861,53.918201,12.2783,619.7,1,LH,CR9 E95
MUC-SUF,MUC,SUF,Munich,Lamezia Terme (CZ),DE,IT,48.353802,11.7861,38.906214,16.246007,1109.7,1,LH,319
MUC-LIS,MUC,LIS,Munich,Lisbon,DE,PT,48.353802,11.7861,38.7813,-9.13592,1983.6,3,"LH,TP,US","319 320,320,321"
MUC-LGW,MUC,LGW,Munich,London,DE,GB,48.353802,11.7861,51.148744,-0.185739,913.3,1,U2,319 320
MUC-LHR,MUC,LHR,Munich,London,DE,GB,48.353802,11.7861,51.470748,-0.459909,941.5,4,"AA,AB,BA,LH","320 321 319,321 320 319"
MUC-STN,MUC,STN,Munich,"London, Essex",DE,GB,48.353802,11.7861,51.884998,0.235,911.0,1,U2,319
MUC-LUX,MUC,LUX,Munich,Luxembourg,DE,LU,48.353802,11.7861,49.626845,6.212134,430.5,2,"LG,LH","CR9 CR7,DH4 ER4"
MUC-LWO,MUC,LWO,Munich,Lviv,DE,UA,48.353802,11.7861,49.8125,23.9561,900.0,1,LH,CR7 CR9
MUC-MAD,MUC,MAD,Munich,Madrid,DE,ES,48.353802,11.7861,40.493407,-3.572249,1496.0,6,"AB,IB,LH,LY,SK,UX","319 320 321,321,321 320 319,738,E90"
MUC-MAH,MUC,MAH,Munich,Mahón (Maó),DE,ES,48.353802,11.7861,39.862598,4.21865,1119.7,1,AB,738
MUC-MAN,MUC,MAN,Munich,"Manchester, Greater Manchester",DE,GB,48.353802,11.7861,53.349375,-2.279521,1130.1,6,"LH,SA,SQ,U2,VA,VS","319,319 320,77W"
MUC-MRS,MUC,MRS,Munich,"Marignane, Bouches-du-Rhône",DE,FR,48.353802,11.7861,43.438088,5.2125,746.2,1,LH,CR9 E95
MUC-DME,MUC,DME,Munich,Moscow,DE,RU,48.353802,11.7861,55.408798,37.9063,1942.0,3,"AB,LH,S7","320 321 319,320 321 763,738"
MUC-SVO,MUC,SVO,Munich,Moscow,DE,RU,48.353802,11.7861,55.976858,37.41121,1927.3,1,SU,320
MUC-MJT,MUC,MJT,Munich,Mytilene,DE,GR,48.353802,11.7861,39.057406,26.598629,1571.9,1,AB,320
MUC-AGP,MUC,AGP,Munich,Málaga,DE,ES,48.353802,11.7861,36.6749,-4.49911,1854.9,5,"AB,DY,IB,LH,VY","320,320 321,738 320,73H"
MUC-NTE,MUC,NTE,Munich,Nantes,DE,FR,48.353802,11.7861,47.153198,-1.61073,1009.1,1,V7,717
MUC-NAP,MUC,NAP,Munich,Napoli,DE,IT,48.353802,11.7861,40.886002,14.2908,853.6,3,"AB,IG,LH","320,320 738,321"
MUC-NCE,MUC,NCE,Munich,"Nice, Alpes-Maritimes",DE,FR,48.353802,11.7861,43.658401,7.21587,630.0,1,LH,E95
MUC-OVB,MUC,OVB,Munich,Novosibirsk,DE,RU,48.353802,11.7861,55.019756,82.618675,4725.1,1,S7,738
MUC-NUE,MUC,NUE,Munich,Nuremberg,DE,DE,48.353802,11.7861,49.498699,11.078056,137.4,1,LH,CR7 CR9
MUC-OLB,MUC,OLB,Munich,Olbia (SS),DE,IT,48.353802,11.7861,40.898953,9.518457,848.0,3,"AB,IG,LH","320,73G 738 320,E95"
MUC-OSL,MUC,OSL,Munich,Oslo (Gardermoen),DE,NO,48.353802,11.7861,60.193901,11.1004,1317.3,3,"DY,LH,SK","319 E95 320 321,73H,73H 73G 73W"
MUC-OTP,MUC,OTP,Munich,Otopeni,DE,RO,48.353802,11.7861,44.571792,26.103285,1172.3,2,"LH,RO","320 321,733"
MUC-PMO,MUC,PMO,Munich,Palermo,DE,IT,48.353802,11.7861,38.175999,13.091,1136.6,1,LH,E95 319
MUC-PMI,MUC,PMI,Munich,Palma de Mallorca,DE,ES,48.353802,11.7861,39.551701,2.73881,1215.7,4,"AB,DE,LH,X3","320 319 321,32S 757,738 321 320,73H"
MUC-CDG,MUC,CDG,Munich,"Paris (Roissy-en-France, Val-d'Oise)",DE,FR,48.353802,11.7861,49.00896,2.554117,681.2,2,"AF,LH","320 319 318 32A 321,E95 320 321 319"
MUC-PSA,MUC,PSA,Munich,Pisa (PI),DE,IT,48.353802,11.7861,43.683899,10.3927,530.3,1,LH,CR9 E95
MUC-OPO,MUC,OPO,Munich,Porto,DE,PT,48.353802,11.7861,41.2481002808,-8.68138980865,1790.3,1,S4,320
MUC-POZ,MUC,POZ,Munich,Poznań,DE,PL,48.353802,11.7861,52.421598,16.823359,576.0,2,"LH,LO","CR7 CR9,CR9 CR7"
MUC-PRG,MUC,PRG,Munich,Prague,DE,CZ,48.353802,11.7861,50.100874,14.259911,264.6,1,LH,E95 CR9
MUC-PVK,MUC,PVK,Munich,Preveza,DE,GR,48.353802,11.7861,38.925499,20.765301,1271.3,1,AB,320
MUC-PRN,MUC,PRN,Munich,Prishtina,DE,XK,48.353802,11.7861,42.5728,21.035801,965.0,2,"JP,LH",319
MUC-KEF,MUC,KEF,Munich,Reykjavík,DE,IS,48.353802,11.7861,63.985001,-22.6056,2691.8,1,FI,75W
MUC-RIX,MUC,RIX,Munich,Riga,DE,LV,48.353802,11.7861,56.920752,23.970711,1254.6,2,"AB,BT","73C DH4 735,73C DH4 735 733"
MUC-TIA,MUC,TIA,Munich,Rinas,DE,AL,48.353802,11.7861,41.4147,19.7206,991.9,1,LH,E95
MUC-FCO,MUC,FCO,Munich,Rome,DE,IT,48.353802,11.7861,41.804532,12.251998,729.2,2,"AZ,LH","319 32S,320 321 319"
MUC-TRS,MUC,TRS,Munich,Ronchi dei Legionari/Trieste,DE,IT,48.353802,11.7861,45.827862,13.466672,308.3,1,LH,CR9 CR7
MUC-RTM,MUC,RTM,Munich,Rotterdam,DE,NL,48.353802,11.7861,51.956902,4.43722,658.7,1,LH,CR7 CR9
MUC-SMI,MUC,SMI,Munich,Samos Island,DE,GR,48.353802,11.7861,37.689999,26.911699,1702.4,1,AB,320
MUC-SJJ,MUC,SJJ,Munich,Sarajevo,DE,BA,48.353802,11.7861,43.8246,18.331499,712.5,1,LH,319 E95
MUC-LEJ,MUC,LEJ,Munich,Schkeuditz,DE,DE,48.353802,11.7861,51.420657,12.232705,342.5,1,LH,CR9 E95 CR7
MUC-SBZ,MUC,SBZ,Munich,Sibiu,DE,RO,48.353802,11.7861,45.785841,24.086666,973.1,2,"LH,RO","73W,CR9"
MUC-SOF,MUC,SOF,Munich,Sofia,DE,BG,48.353802,11.7861,42.696357,23.417671,1101.2,2,"AC,LH","321 320,E95"
MUC-ATH,MUC,ATH,Munich,Spata-Artemida,DE,GR,48.353802,11.7861,37.936401,23.9445,1517.7,4,"A3,CA,LH,US","320,321,330"
MUC-SPU,MUC,SPU,Munich,Split,DE,HR,48.353802,11.7861,43.538898,16.298,638.8,2,"LH,OU","DH4,DH4 CR9"
MUC-LED,MUC,LED,Munich,St. Petersburg,DE,RU,48.353802,11.7861,59.800301,30.262501,1741.3,2,"LH,SU","319,321 320"
MUC-ARN,MUC,ARN,Munich,Stockholm,DE,SE,48.353802,11.7861,59.64849,17.928829,1317.2,3,"DY,LH,SK","73H,CR9 320 321 319"
MUC-STR,MUC,STR,Munich,Stuttgart,DE,DE,48.353802,11.7861,48.689899,9.22196,192.5,1,LH,CR9 CR7 E95
MUC-GWT,MUC,GWT,Munich,Sylt,DE,DE,48.353802,11.7861,54.9132,8.34047,766.9,2,"AB,LH","DH4 73G,E95"
MUC-SKG,MUC,SKG,Munich,Thessaloniki,DE,GR,48.353802,11.7861,40.51928,22.970009,1241.5,4,"A3,AB,LH,US","320,738"
MUC-TSR,MUC,TSR,Munich,Timişoara,DE,RO,48.353802,11.7861,45.809898,21.3379,775.9,1,LH,CR9 E95
MUC-TLS,MUC,TLS,Munich,Toulouse/Blagnac,DE,FR,48.353802,11.7861,43.629101,1.36382,960.1,1,LH,E95 319 CR9
MUC-VLC,MUC,VLC,Munich,Valencia,DE,ES,48.353802,11.7861,39.489162,-0.480961,1388.5,1,LH,319
MUC-MLA,MUC,MLA,Munich,Valletta,DE,MT,48.353802,11.7861,35.845932,14.491546,1408.4,2,"KM,LH",319 320
MUC-ZAG,MUC,ZAG,Munich,Velika Gorica,DE,HR,48.353802,11.7861,45.742901,16.0688,435.3,2,"LH,OU","DH4,E95 CR9"
MUC-VCE,MUC,VCE,Munich,Venezia (VE),DE,IT,48.353802,11.7861,45.505299,12.3519,319.6,2,"EN,LH",E95
MUC-VIE,MUC,VIE,Munich,Vienna,DE,AT,48.353802,11.7861,48.110298,16.5697,355.3,5,"AB,HG,LH,OS,RJ","E90,E95 319 CR9,E95 320 319 100 CR9 F70"
MUC-VNO,MUC,VNO,Munich,Vilnius,DE,LT,48.353802,11.7861,54.634102,25.285801,1163.5,1,LT,E75 CR2
MUC-VOZ,MUC,VOZ,Munich,Voronezh,DE,RU,48.353802,11.7861,51.814324,39.230948,1983.2,1,YQ,S20
MUC-WAW,MUC,WAW,Munich,Warsaw,DE,PL,48.353802,11.7861,52.165699,20.9671,777.3,2,"LH,LO","E75,E95"
MUC-WRO,MUC,WRO,Munich,Wrocław,DE,PL,48.353802,11.7861,51.103719,16.882096,476.9,2,"LH,LO",CR9 E95 CR7
MUC-ZAD,MUC,ZAD,Munich,Zadar,DE,HR,48.353802,11.7861,44.096986,15.353565,547.0,2,"LH,OU",DH4
MUC-ZTH,MUC,ZTH,Munich,Zakynthos,DE,GR,48.353802,11.7861,37.7509,20.8843,1389.4,1,AB,738
MUC-BRU,MUC,BRU,Munich,Zaventem,DE,BE,48.353802,11.7861,50.901402,4.48444,597.0,2,"LH,SN","319 E95 320,E95 319 CR9 320"
MUC-LJU,MUC,LJU,Munich,Zgornji Brnik,DE,SI,48.353802,11.7861,46.223701,14.4576,310.9,2,"JP,LH",CR9 CR2
MUC-ZRH,MUC,ZRH,Munich,Zurich,DE,CH,48.353802,11.7861,47.458056,8.548056,261.1,2,"LH,LX","AR1,E95 319 CR9"
NUE-ALC,NUE,ALC,Nuremberg,Alicante,DE,ES,49.498699,11.078056,38.2822,-0.558156,1553.4,1,FR,738
NUE-AMS,NUE,AMS,Nuremberg,Amsterdam,DE,NL,49.498699,11.078056,52.308601,4.76389,541.6,1,KL,F70 EMJ
NUE-BCN,NUE,BCN,Nuremberg,Barcelona,DE,ES,49.498699,11.078056,41.2971,2.07846,1149.6,2,"IB,VY",320
NUE-DUS,NUE,DUS,Nuremberg,Düsseldorf,DE,DE,49.498699,11.078056,51.289501,6.76678,364.7,2,"4U,AB","CRJ,DH4"
NUE-FRA,NUE,FRA,Nuremberg,Frankfurt am Main,DE,DE,49.498699,11.078056,50.026706,8.55835,190.3,1,LH,319 735 CR7 321 733 E90 32A 320
NUE-HAM,NUE,HAM,Nuremberg,Hamburg,DE,DE,49.498699,11.078056,53.630402,9.98823,465.5,2,"4U,AB","CRJ,DH4"
NUE-HER,NUE,HER,Nuremberg,Heraklion,DE,GR,49.498699,11.078056,35.339699,25.1803,1947.2,2,"AB,X3","738,73H"
NUE-IBZ,NUE,IBZ,Nuremberg,Ibiza (Eivissa),DE,ES,49.498699,11.078056,38.872898,1.37312,1409.8,1,AB,738
NUE-IST,NUE,IST,Nuremberg,Istanbul,DE,TR,49.498699,11.078056,41.274874,28.732136,1648.0,1,TK,320 738
NUE-STN,NUE,STN,Nuremberg,"London, Essex",DE,GB,49.498699,11.078056,51.884998,0.235,807.6,1,FR,738
NUE-MUC,NUE,MUC,Nuremberg,Munich,DE,DE,49.498699,11.078056,48.353802,11.7861,137.4,1,LH,CR7 CR9
NUE-AGP,NUE,AGP,Nuremberg,Málaga,DE,ES,49.498699,11.078056,36.6749,-4.49911,1898.6,1,FR,738
NUE-OLB,NUE,OLB,Nuremberg,Olbia (SS),DE,IT,49.498699,11.078056,40.898953,9.518457,964.0,2,"AB,IG","320,738"
NUE-PMI,NUE,PMI,Nuremberg,Palma de Mallorca,DE,ES,49.498699,11.078056,39.551701,2.73881,1286.8,2,"AB,X3","738,73H"
NUE-CDG,NUE,CDG,Nuremberg,"Paris (Roissy-en-France, Val-d'Oise)",DE,FR,49.498699,11.078056,49.00896,2.554117,620.7,2,"AF,AZ",E70
NUE-SMI,NUE,SMI,Nuremberg,Samos Island,DE,GR,49.498699,11.078056,37.689999,26.911699,1823.1,1,AB,738
NUE-SPU,NUE,SPU,Nuremberg,Split,DE,HR,49.498699,11.078056,43.538898,16.298,773.3,1,AB,DH4
NUE-SKG,NUE,SKG,Nuremberg,Thessaloniki,DE,GR,49.498699,11.078056,40.51928,22.970009,1364.6,2,"A3,AB","320,738"
NUE-VIE,NUE,VIE,Nuremberg,Vienna,DE,AT,49.498699,11.078056,48.110298,16.5697,430.7,1,AB,DH4
NUE-ZRH,NUE,ZRH,Nuremberg,Zurich,DE,CH,49.498699,11.078056,47.458056,8.548056,293.7,2,"LH,LX",AR1 100
FKB-ALC,FKB,ALC,Rheinmünster,Alicante,DE,ES,48.7794,8.0805,38.2822,-0.558156,1357.2,1,FR,738
FKB-BRI,FKB,BRI,Rheinmünster,Bari,DE,IT,48.7794,8.0805,41.138901,16.760599,1088.6,1,FR,738
FKB-CAG,FKB,CAG,Rheinmünster,Cagliari,DE,IT,48.7794,8.0805,39.251499,9.05428,1062.3,1,FR,738
FKB-GRO,FKB,GRO,Rheinmünster,Girona,DE,ES,48.7794,8.0805,41.904639,2.761774,869.6,1,FR,738
FKB-HAM,FKB,HAM,Rheinmünster,Hamburg,DE,DE,48.7794,8.0805,53.630402,9.98823,555.5,1,4U,CRJ
FKB-STN,FKB,STN,Rheinmünster,"London, Essex",DE,GB,48.7794,8.0805,51.884998,0.235,654.7,1,FR,738
FKB-DME,FKB,DME,Rheinmünster,Moscow,DE,RU,48.7794,8.0805,55.408798,37.9063,2146.8,1,ST,73G
FKB-AGP,FKB,AGP,Rheinmünster,Málaga,DE,ES,48.7794,8.0805,36.6749,-4.49911,1688.6,1,FR,738
FKB-PMI,FKB,PMI,Rheinmünster,Palma de Mallorca,DE,ES,48.7794,8.0805,39.551701,2.73881,1110.3,2,"AB,FR","320 321 73G,738"
FKB-OPO,FKB,OPO,Rheinmünster,Porto,DE,PT,48.7794,8.0805,41.2481002808,-8.68138980865,1556.0,1,FR,738
FKB-CIA,FKB,CIA,Rheinmünster,Rome,DE,IT,48.7794,8.0805,41.798769,12.595331,852.4,1,FR,738
FKB-SKG,FKB,SKG,Rheinmünster,Thessaloniki,DE,GR,48.7794,8.0805,40.51928,22.970009,1489.2,1,FR,738
FKB-TPS,FKB,TPS,Rheinmünster,Trapani (TP),DE,IT,48.7794,8.0805,37.9114,12.488,1259.4,1,FR,738
FKB-ZAD,FKB,ZAD,Rheinmünster,Zadar,DE,HR,48.7794,8.0805,44.096986,15.353565,762.1,1,FR,738
SCN-HAM,SCN,HAM,Saarbrücken,Hamburg,DE,DE,49.214545,7.109735,53.630402,9.98823,529.9,2,"LG,LH",DH4
SCN-LUX,SCN,LUX,Saarbrücken,Luxembourg,DE,LU,49.214545,7.109735,49.626845,6.212134,79.5,2,"LG,LH","DH4,DH4 ER4"
SCN-PMI,SCN,PMI,Saarbrücken,Palma de Mallorca,DE,ES,49.214545,7.109735,39.551701,2.73881,1128.7,1,AB,73G 738 320
LEJ-AMS,LEJ,AMS,Schkeuditz,Amsterdam,DE,NL,51.420657,12.232705,52.308601,4.76389,522.0,1,F7,S20
LEJ-BCN,LEJ,BCN,Schkeuditz,Barcelona,DE,ES,51.420657,12.232705,41.2971,2.07846,1366.3,2,"IB,VY","319 320,320"
LEJ-BRE,LEJ,BRE,Schkeuditz,Bremen,DE,DE,51.420657,12.232705,53.046786,8.78932,296.1,1,ST,319
LEJ-DUS,LEJ,DUS,Schkeuditz,Düsseldorf,DE,DE,51.420657,12.232705,51.289501,6.76678,379.7,1,4U,CRJ
LEJ-FRA,LEJ,FRA,Schkeuditz,Frankfurt am Main,DE,DE,51.420657,12.232705,50.026706,8.55835,301.5,1,LH,E90 CR7 735
LEJ-FNC,LEJ,FNC,Schkeuditz,Funchal,DE,PT,51.420657,12.232705,32.697812,-16.774613,3136.4,2,"AB,DE","321,738"
LEJ-HER,LEJ,HER,Schkeuditz,Heraklion,DE,GR,51.420657,12.232705,35.339699,25.1803,2064.8,2,"AB,DE","32S,738"
LEJ-IST,LEJ,IST,Schkeuditz,Istanbul,DE,TR,51.420657,12.232705,41.274874,28.732136,1689.0,1,TK,320
LEJ-CFU,LEJ,CFU,Schkeuditz,Kerkyra (Corfu),DE,GR,51.420657,12.232705,39.60145,19.912179,1442.1,1,DE,32S
LEJ-CGN,LEJ,CGN,Schkeuditz,Köln (Cologne),DE,DE,51.420657,12.232705,50.865898,7.14274,360.3,1,4U,CRJ 319 320
LEJ-STN,LEJ,STN,Schkeuditz,"London, Essex",DE,GB,51.420657,12.232705,51.884998,0.235,828.4,1,FR,738
LEJ-DME,LEJ,DME,Schkeuditz,Moscow,DE,RU,51.420657,12.232705,55.408798,37.9063,1747.3,1,ST,319
LEJ-MUC,LEJ,MUC,Schkeuditz,Munich,DE,DE,51.420657,12.232705,48.353802,11.7861,342.5,1,LH,CR9 E95 CR7
LEJ-PMI,LEJ,PMI,Schkeuditz,Palma de Mallorca,DE,ES,51.420657,12.232705,39.551701,2.73881,1510.3,2,"AB,DE","321,738 320"
LEJ-CDG,LEJ,CDG,Schkeuditz,"Paris (Roissy-en-France, Val-d'Oise)",DE,FR,51.420657,12.232705,49.00896,2.554117,738.3,1,F7,S20
LEJ-STR,LEJ,STR,Schkeuditz,Stuttgart,DE,DE,51.420657,12.232705,48.689899,9.22196,372.0,1,4U,319 CRJ
LEJ-VIE,LEJ,VIE,Schkeuditz,Vienna,DE,AT,51.420657,12.232705,48.110298,16.5697,482.0,2,"LH,OS",DH4
LEJ-ZRH,LEJ,ZRH,Schkeuditz,Zurich,DE,CH,51.420657,12.232705,47.458056,8.548056,514.7,1,F7,S20
STR-ALC,STR,ALC,Stuttgart,Alicante,DE,ES,48.689899,9.22196,38.2822,-0.558156,1398.1,1,AB,320 738
STR-AMS,STR,AMS,Stuttgart,Amsterdam,DE,NL,48.689899,9.22196,52.308601,4.76389,511.0,1,KL,EMJ F70
STR-KRK,STR,KRK,Stuttgart,Balice,DE,PL,48.689899,9.22196,50.077702,19.7848,779.3,1,4U,CRJ
STR-BCN,STR,BCN,Stuttgart,Barcelona,DE,ES,48.689899,9.22196,41.2971,2.07846,994.7,3,"4U,IB,VY","319 320,320"
STR-BRI,STR,BRI,Stuttgart,Bari,DE,IT,48.689899,9.22196,41.138901,16.760599,1027.2,1,4U,319
STR-BIA,STR,BIA,Stuttgart,Bastia,DE,FR,48.689899,9.22196,42.5527,9.48373,682.7,1,4U,319
STR-BEG,STR,BEG,Stuttgart,Belgrade,DE,RS,48.689899,9.22196,44.818401,20.309099,946.8,3,"4U,AB,JU","319,733 319"
STR-BIO,STR,BIO,Stuttgart,Bilbao,DE,ES,48.689899,9.22196,43.301102,-2.91061,1110.4,1,4U,CRJ 319
STR-BHX,STR,BHX,Stuttgart,"Birmingham, West Midlands",DE,GB,48.689899,9.22196,52.453899,-1.74803,879.3,1,BE,E75 DH4
STR-BRE,STR,BRE,Stuttgart,Bremen,DE,DE,48.689899,9.22196,53.046786,8.78932,485.4,1,4U,319 CRJ
STR-BDS,STR,BDS,Stuttgart,Brindisi,DE,IT,48.689899,9.22196,40.6576,17.947001,1127.0,1,4U,319
STR-BUD,STR,BUD,Stuttgart,Budapest,DE,HU,48.689899,9.22196,47.43018,19.262393,758.6,1,4U,319 CRJ
STR-CAG,STR,CAG,Stuttgart,Cagliari,DE,IT,48.689899,9.22196,39.251499,9.05428,1049.6,1,4U,319
STR-CTA,STR,CTA,Stuttgart,Catania,DE,IT,48.689899,9.22196,37.466801,15.0664,1334.2,5,"4U,AB,AP,AZ,IG","319,320,738 320"
STR-CPH,STR,CPH,Stuttgart,Copenhagen,DE,DK,48.689899,9.22196,55.617900848389,12.656000137329,804.9,1,SK,CR9 CR2
STR-DRS,STR,DRS,Stuttgart,Dresden,DE,DE,48.689899,9.22196,51.134123,13.767831,423.9,1,4U,319 CRJ
STR-DUB,STR,DUB,Stuttgart,Dublin,DE,IE,48.689899,9.22196,53.428713,-6.262121,1200.3,1,EI,320
STR-DBV,STR,DBV,Stuttgart,Dubrovnik,DE,HR,48.689899,9.22196,42.562247,18.265543,977.9,1,4U,319
STR-DUS,STR,DUS,Stuttgart,Düsseldorf,DE,DE,48.689899,9.22196,51.289501,6.76678,338.1,1,AB,DH4
STR-FAO,STR,FAO,Stuttgart,Faro,DE,PT,48.689899,9.22196,37.015909,-7.970939,1902.1,2,"4U,X3","319 320,73H"
STR-GRZ,STR,GRZ,Stuttgart,Feldkirchen bei Graz,DE,AT,48.689899,9.22196,46.9911,15.4396,500.8,2,"LH,OS",DH4
STR-MXP,STR,MXP,Stuttgart,Ferno (VA),DE,IT,48.689899,9.22196,45.6306,8.72811,342.2,1,4U,CRJ 319
STR-FLR,STR,FLR,Stuttgart,Firenze (FI),DE,IT,48.689899,9.22196,43.808558,11.202822,563.7,2,"AB,IG","320,DH4"
STR-FRA,STR,FRA,Stuttgart,Frankfurt am Main,DE,DE,48.689899,9.22196,50.026706,8.55835,156.2,1,LH,733 319 735 320 32A
STR-FNC,STR,FNC,Stuttgart,Funchal,DE,PT,48.689899,9.22196,32.697812,-16.774613,2798.1,2,"DE,X3","32S,73H"
STR-GVA,STR,GVA,Stuttgart,Geneva,DE,CH,48.689899,9.22196,46.238098,6.10895,359.2,1,F7,S20
STR-FMO,STR,FMO,Stuttgart,Greven,DE,DE,48.689899,9.22196,52.133816,7.688482,398.0,1,W2,J32
STR-HAM,STR,HAM,Stuttgart,Hamburg,DE,DE,48.689899,9.22196,53.630402,9.98823,551.9,2,"4U,AB","319 CRJ,320 738"
STR-HAJ,STR,HAJ,Stuttgart,Hannover,DE,DE,48.689899,9.22196,52.461102,9.68508,420.6,2,"4U,AB","319,DH4"
STR-HER,STR,HER,Stuttgart,Heraklion,DE,GR,48.689899,9.22196,35.339699,25.1803,1977.3,3,"4U,DE,X3","319,32S,73H"
STR-IBZ,STR,IBZ,Stuttgart,Ibiza (Eivissa),DE,ES,48.689899,9.22196,38.872898,1.37312,1258.8,2,"4U,AB","319,738 320"
STR-IST,STR,IST,Stuttgart,Istanbul,DE,TR,48.689899,9.22196,41.274874,28.732136,1734.9,1,TK,320 321
STR-XRY,STR,XRY,Stuttgart,Jerez de la Frontera,DE,ES,48.689899,9.22196,36.744598,-6.06011,1816.2,2,"DE,X3","32S,73H"
STR-KVA,STR,KVA,Stuttgart,Kavala,DE,GR,48.689899,9.22196,40.9133,24.6192,1486.6,1,4U,319
STR-CFU,STR,CFU,Stuttgart,Kerkyra (Corfu),DE,GR,48.689899,9.22196,39.60145,19.912179,1319.8,2,"4U,X3","319,73H"
STR-RLG,STR,RLG,Stuttgart,Laage,DE,DE,48.689899,9.22196,53.918201,12.2783,618.8,1,4U,319
STR-SUF,STR,SUF,Stuttgart,Lamezia Terme (CZ),DE,IT,48.689899,9.22196,38.906214,16.246007,1224.0,1,4U,319
STR-LIS,STR,LIS,Stuttgart,Lisbon,DE,PT,48.689899,9.22196,38.7813,-9.13592,1833.0,1,4U,319
STR-LHR,STR,LHR,Stuttgart,London,DE,GB,48.689899,9.22196,51.470748,-0.459909,756.1,4,"4U,AA,AB,BA","319 320,319 321 320"
STR-STN,STR,STN,Stuttgart,"London, Essex",DE,GB,48.689899,9.22196,51.884998,0.235,730.0,1,4U,319
STR-MAH,STR,MAH,Stuttgart,Mahón (Maó),DE,ES,48.689899,9.22196,39.862598,4.21865,1058.7,1,X3,73H
STR-SVO,STR,SVO,Stuttgart,Moscow,DE,RU,48.689899,9.22196,55.976858,37.41121,2061.3,1,SU,320
STR-MUC,STR,MUC,Stuttgart,Munich,DE,DE,48.689899,9.22196,48.353802,11.7861,192.5,2,"LH,X3","73H,CR9 CR7 E95"
STR-AGP,STR,AGP,Stuttgart,Málaga,DE,ES,48.689899,9.22196,36.6749,-4.49911,1738.9,2,"4U,AB","320 319,320 738"
STR-NAP,STR,NAP,Stuttgart,Napoli,DE,IT,48.689899,9.22196,40.886002,14.2908,955.0,3,"4U,AB,IG","319,320,320 738"
STR-OLB,STR,OLB,Stuttgart,Olbia (SS),DE,IT,48.689899,9.22196,40.898953,9.518457,866.6,3,"4U,AB,IG","319,320,320 738 73G"
STR-PMI,STR,PMI,Stuttgart,Palma de Mallorca,DE,ES,48.689899,9.22196,39.551701,2.73881,1139.3,4,"4U,AB,DE,X3","319 320,321 332 738 320,32S,73H"
STR-CDG,STR,CDG,Stuttgart,"Paris (Roissy-en-France, Val-d'Oise)",DE,FR,48.689899,9.22196,49.00896,2.554117,489.0,2,"AF,AZ",AR8
STR-PRN,STR,PRN,Stuttgart,Prishtina,DE,XK,48.689899,9.22196,42.5728,21.035801,1140.9,1,4U,319
STR-RJK,STR,RJK,Stuttgart,Rijeka(Omišalj),DE,HR,48.689899,9.22196,45.216376,14.57085,560.1,1,4U,319
STR-FCO,STR,FCO,Stuttgart,Rome,DE,IT,48.689899,9.22196,41.804532,12.251998,801.3,1,4U,319
STR-SJJ,STR,SJJ,Stuttgart,Sarajevo,DE,BA,48.689899,9.22196,43.8246,18.331499,884.0,1,4U,319
STR-LEJ,STR,LEJ,Stuttgart,Schkeuditz,DE,DE,48.689899,9.22196,51.420657,12.232705,372.0,1,4U,319 CRJ
STR-ATH,STR,ATH,Stuttgart,Spata-Artemida,DE,GR,48.689899,9.22196,37.936401,23.9445,1682.2,1,4U,319
STR-SPU,STR,SPU,Stuttgart,Split,DE,HR,48.689899,9.22196,43.538898,16.298,790.3,1,4U,319 320
STR-JER,STR,JER,Stuttgart,St. Peter,DE,JE,48.689899,9.22196,49.207901,-2.19551,835.0,1,AB,DH4
STR-GWT,STR,GWT,Stuttgart,Sylt,DE,DE,48.689899,9.22196,54.9132,8.34047,694.6,1,AB,DH4 73G
STR-SKG,STR,SKG,Stuttgart,Thessaloniki,DE,GR,48.689899,9.22196,40.51928,22.970009,1414.0,4,"4U,A3,AB,LH","319 320,320,738"
STR-ZAG,STR,ZAG,Stuttgart,Velika Gorica,DE,HR,48.689899,9.22196,45.742901,16.0688,611.8,1,4U,319
STR-VCE,STR,VCE,Stuttgart,Venezia (VE),DE,IT,48.689899,9.22196,45.505299,12.3519,426.0,2,"AB,IG","320,320 73G"
STR-VIE,STR,VIE,Stuttgart,Vienna,DE,AT,48.689899,9.22196,48.110298,16.5697,546.0,3,"4U,LH,OS","319 100 F70 320 DH4,319 100 F70 320 DH4 CRJ,319 320 CRJ"
STR-ZAD,STR,ZAD,Stuttgart,Zadar,DE,HR,48.689899,9.22196,44.096986,15.353565,693.8,1,4U,319
STR-BRU,STR,BRU,Stuttgart,Zaventem,DE,BE,48.689899,9.22196,50.901402,4.48444,419.5,1,4U,319 CRJ
STR-HDF,STR,HDF,Stuttgart,Zirchow,DE,DE,48.689899,9.22196,53.8787,14.1523,670.8,1,4U,CRJ
STR-ZRH,STR,ZRH,Stuttgart,Zurich,DE,CH,48.689899,9.22196,47.458056,8.548056,145.8,2,"LH,LX","100 AR1 319,AR1"
GWT-DUS,GWT,DUS,Sylt,Düsseldorf,DE,DE,54.9132,8.34047,51.289501,6.76678,416.4,1,AB,DH4 319 738 320
GWT-FRA,GWT,FRA,Sylt,Frankfurt am Main,DE,DE,54.9132,8.34047,50.026706,8.55835,543.6,1,LH,E90
GWT-HAM,GWT,HAM,Sylt,Hamburg,DE,DE,54.9132,8.34047,53.630402,9.98823,178.3,1,7E,CNA
GWT-MUC,GWT,MUC,Sylt,Munich,DE,DE,54.9132,8.34047,48.353802,11.7861,766.9,2,"AB,LH","DH4 73G,E95"
GWT-STR,GWT,STR,Sylt,Stuttgart,DE,DE,54.9132,8.34047,48.689899,9.22196,694.6,1,AB,DH4 73G
GWT-ZRH,GWT,ZRH,Sylt,Zurich,DE,CH,54.9132,8.34047,47.458056,8.548056,829.1,1,AB,73G DH4
NRN-AHO,NRN,AHO,Weeze,Alghero,DE,IT,51.601362,6.141228,40.632099,8.29077,1230.8,1,FR,738
NRN-ALC,NRN,ALC,Weeze,Alicante,DE,ES,51.601362,6.141228,38.2822,-0.558156,1570.4,1,FR,738
NRN-LEI,NRN,LEI,Weeze,Almería,DE,ES,51.601362,6.141228,36.843899,-2.3701,1772.7,1,FR,738
NRN-BRI,NRN,BRI,Weeze,Bari,DE,IT,51.601362,6.141228,41.138901,16.760599,1417.2,1,FR,738
NRN-BLQ,NRN,BLQ,Weeze,Bologna,DE,IT,51.601362,6.141228,44.5354,11.2887,873.3,1,FR,738
NRN-BZR,NRN,BZR,Weeze,Béziers,DE,FR,51.601362,6.141228,43.323502,3.3539,943.8,1,FR,738
NRN-CAG,NRN,CAG,Weeze,Cagliari,DE,IT,51.601362,6.141228,39.251499,9.05428,1391.6,1,FR,738
NRN-EDI,NRN,EDI,Weeze,Edinburgh,DE,GB,51.601362,6.141228,55.950145,-3.372288,789.2,1,FR,738
NRN-AOI,NRN,AOI,Weeze,Falconara Marittima (AN),DE,IT,51.601362,6.141228,43.616299,13.3623,1038.8,1,FR,738
NRN-FAO,NRN,FAO,Weeze,Faro,DE,PT,51.601362,6.141228,37.015909,-7.970939,1965.1,1,FR,738
NRN-GRO,NRN,GRO,Weeze,Girona,DE,ES,51.601362,6.141228,41.904639,2.761774,1108.2,1,FR,738
NRN-IBZ,NRN,IBZ,Weeze,Ibiza (Eivissa),DE,ES,51.601362,6.141228,38.872898,1.37312,1462.9,1,FR,738
NRN-CFU,NRN,CFU,Weeze,Kerkyra (Corfu),DE,GR,51.601362,6.141228,39.60145,19.912179,1705.3,1,FR,738
NRN-SUF,NRN,SUF,Weeze,Lamezia Terme (CZ),DE,IT,51.601362,6.141228,38.906214,16.246007,1614.7,1,FR,738
NRN-LPP,NRN,LPP,Weeze,Lappeenranta,DE,FI,51.601362,6.141228,61.044601,28.144743,1701.6,1,FR,738
NRN-STN,NRN,STN,Weeze,"London, Essex",DE,GB,51.601362,6.141228,51.884998,0.235,407.8,1,FR,738
NRN-AGP,NRN,AGP,Weeze,Málaga,DE,ES,51.601362,6.141228,36.6749,-4.49911,1859.9,1,FR,738
NRN-BGY,NRN,BGY,Weeze,Orio al Serio (BG),DE,IT,51.601362,6.141228,45.669362,9.708851,709.6,1,FR,738
NRN-PMO,NRN,PMO,Weeze,Palermo,DE,IT,51.601362,6.141228,38.175999,13.091,1588.3,1,FR,738
NRN-PMI,NRN,PMI,Weeze,Palma de Mallorca,DE,ES,51.601362,6.141228,39.551701,2.73881,1365.4,1,FR,738
NRN-PSR,NRN,PSR,Weeze,Pescara,DE,IT,51.601362,6.141228,42.431079,14.182981,1186.4,1,FR,738
NRN-PSA,NRN,PSA,Weeze,Pisa (PI),DE,IT,51.601362,6.141228,43.683899,10.3927,935.8,1,FR,738
NRN-OPO,NRN,OPO,Weeze,Porto,DE,PT,51.601362,6.141228,41.2481002808,-8.68138980865,1611.6,1,FR,738
NRN-RIX,NRN,RIX,Weeze,Riga,DE,LV,51.601362,6.141228,56.920752,23.970711,1295.0,1,FR,738
NRN-CIA,NRN,CIA,Weeze,Rome,DE,IT,51.601362,6.141228,41.798769,12.595331,1194.8,1,FR,738
NRN-SDR,NRN,SDR,Weeze,Santander,DE,ES,51.601362,6.141228,43.427101,-3.82001,1175.0,1,FR,738
NRN-SKG,NRN,SKG,Weeze,Thessaloniki,DE,GR,51.601362,6.141228,40.51928,22.970009,1782.1,1,FR,738
NRN-TSF,NRN,TSF,Weeze,Treviso (TV),DE,IT,51.601362,6.141228,45.648399,12.1944,796.9,1,FR,738
NRN-VLC,NRN,VLC,Weeze,Valencia,DE,ES,51.601362,6.141228,39.489162,-0.480961,1440.7,1,FR,738
NRN-ZAD,NRN,ZAD,Weeze,Zadar,DE,HR,51.601362,6.141228,44.096986,15.353565,1079.4,1,FR,738
HDF-DTM,HDF,DTM,Zirchow,Dortmund,DE,DE,53.8787,14.1523,51.518299,7.61224,512.6,1,4U,319
HDF-DUS,HDF,DUS,Zirchow,Düsseldorf,DE,DE,53.8787,14.1523,51.289501,6.76678,575.7,1,4U,CRJ
HDF-FRA,HDF,FRA,Zirchow,Frankfurt am Main,DE,DE,53.8787,14.1523,50.026706,8.55835,574.5,1,4U,CRJ
HDF-CGN,HDF,CGN,Zirchow,Köln (Cologne),DE,DE,53.8787,14.1523,50.865898,7.14274,581.5,1,4U,CRJ
HDF-STR,HDF,STR,Zirchow,Stuttgart,DE,DE,53.8787,14.1523,48.689899,9.22196,670.8,1,4U,CRJ
AAL-AAR,AAL,AAR,Aalborg,Aarhus,DK,DK,57.094763,9.84993,56.303331,10.618286,99.7,1,BA,FRJ
AAL-ALC,AAL,ALC,Aalborg,Alicante,DK,ES,57.094763,9.84993,38.2822,-0.558156,2226.3,1,DY,73H
AAL-AMS,AAL,AMS,Aalborg,Amsterdam,DK,NL,57.094763,9.84993,52.308601,4.76389,624.1,2,"AZ,KL","E90,EMJ F70"
AAL-BCN,AAL,BCN,Aalborg,Barcelona,DK,ES,57.094763,9.84993,41.2971,2.07846,1842.3,2,"IB,VY",320
AAL-BLL,AAL,BLL,Aalborg,Billund,DK,DK,57.094763,9.84993,55.740335,9.157019,156.5,3,"DX,SK,TK","319,SF3"
AAL-CPH,AAL,CPH,Aalborg,Copenhagen,DK,DK,57.094763,9.84993,55.617900848389,12.656000137329,238.4,2,"DY,SK","320 319 CR2 CR9 321,73H AT7"
AAL-IST,AAL,IST,Aalborg,Istanbul,DK,TR,57.094763,9.84993,41.274874,28.732136,2215.3,1,TK,319 738
AAL-LGW,AAL,LGW,Aalborg,London,DK,GB,57.094763,9.84993,51.148744,-0.185739,928.2,1,DY,73H
AAL-AGP,AAL,AGP,Aalborg,Málaga,DK,ES,57.094763,9.84993,36.6749,-4.49911,2507.1,1,DY,73H
AAL-OSL,AAL,OSL,Aalborg,Oslo (Gardermoen),DK,NO,57.094763,9.84993,60.193901,11.1004,352.1,3,"BA,M3,SK","73H 73G,J31 FRJ,SWM"
AAL-PMI,AAL,PMI,Aalborg,Palma de Mallorca,DK,ES,57.094763,9.84993,39.551701,2.73881,2017.7,1,DY,73H
AAL-SVG,AAL,SVG,Aalborg,Stavanger,DK,NO,57.094763,9.84993,58.876701,5.63778,317.6,1,DX,SF3
AAL-ARN,AAL,ARN,Aalborg,Stockholm,DK,SE,57.094763,9.84993,59.64849,17.928829,549.5,1,SK,S20
AAR-AAL,AAR,AAL,Aarhus,Aalborg,DK,DK,56.303331,10.618286,57.094763,9.84993,99.7,1,BA,FRJ
AAR-CPH,AAR,CPH,Aarhus,Copenhagen,DK,DK,56.303331,10.618286,55.617900848389,12.656000137329,148.0,1,SK,AT7 320 CR2
AAR-GOT,AAR,GOT,Aarhus,Göteborg,DK,SE,56.303331,10.618286,57.6628,12.2798,181.6,1,BA,FRJ
AAR-STN,AAR,STN,Aarhus,"London, Essex",DK,GB,56.303331,10.618286,51.884998,0.235,835.2,1,FR,738
AAR-AGP,AAR,AGP,Aarhus,Málaga,DK,ES,56.303331,10.618286,36.6749,-4.49911,2458.0,1,FR,738
AAR-OSL,AAR,OSL,Aarhus,Oslo (Gardermoen),DK,NO,56.303331,10.618286,60.193901,11.1004,433.5,1,BA,FRJ
AAR-PMI,AAR,PMI,Aarhus,Palma de Mallorca,DK,ES,56.303331,10.618286,39.551701,2.73881,1950.0,1,FR,738
AAR-BMA,AAR,BMA,Aarhus,Stockholm,DK,SE,56.303331,10.618286,59.354401,17.9417,550.0,1,BA,FRJ
BLL-AAL,BLL,AAL,Billund,Aalborg,DK,DK,55.740335,9.157019,57.094763,9.84993,156.5,2,"DX,TK","319 738,SF3"
BLL-AHO,BLL,AHO,Billund,Alghero,DK,IT,55.740335,9.157019,40.632099,8.29077,1681.2,1,FR,738
BLL-ALC,BLL,ALC,Billund,Alicante,DK,ES,55.740335,9.157019,38.2822,-0.558156,2071.6,2,"DY,FR","738,73H"
BLL-AMS,BLL,AMS,Billund,Amsterdam,DK,NL,55.740335,9.157019,52.308601,4.76389,477.2,2,"AZ,KL","737 EMJ,737 F70 E90"
BLL-BGO,BLL,BGO,Billund,Bergen,DK,NO,55.740335,9.157019,60.2934,5.21814,556.7,1,BA,J31
BLL-BUD,BLL,BUD,Billund,Budapest,DK,HU,55.740335,9.157019,47.43018,19.262393,1155.7,1,FR,738
BLL-CCF,BLL,CCF,Billund,Carcassonne,DK,FR,55.740335,9.157019,43.216,2.30632,1476.2,1,FR,738
BLL-CPH,BLL,CPH,Billund,Copenhagen,DK,DK,55.740335,9.157019,55.617900848389,12.656000137329,219.8,1,SK,AT7
BLL-DUS,BLL,DUS,Billund,Düsseldorf,DK,DE,55.740335,9.157019,51.289501,6.76678,519.4,1,BA,J31
BLL-EBJ,BLL,EBJ,Billund,Esbjerg,DK,DK,55.740335,9.157019,55.525902,8.5534,44.8,1,DX,AT5 SF3
BLL-FAO,BLL,FAO,Billund,Faro,DK,PT,55.740335,9.157019,37.015909,-7.970939,2447.1,1,FR,738
BLL-FRA,BLL,FRA,Billund,Frankfurt am Main,DK,DE,55.740335,9.157019,50.026706,8.55835,636.6,2,"LH,SK",733 735
BLL-GRO,BLL,GRO,Billund,Girona,DK,ES,55.740335,9.157019,41.904639,2.761774,1606.4,1,FR,738
BLL-IST,BLL,IST,Billund,Istanbul,DK,TR,55.740335,9.157019,41.274874,28.732136,2145.2,2,"SK,TK",319 738
BLL-CFU,BLL,CFU,Billund,Kerkyra (Corfu),DK,GR,55.740335,9.157019,39.60145,19.912179,1961.6,1,FR,738
BLL-LCY,BLL,LCY,Billund,London,DK,GB,55.740335,9.157019,51.505299,0.055278,761.9,1,BA,D38
BLL-STN,BLL,STN,Billund,"London, Essex",DK,GB,55.740335,9.157019,51.884998,0.235,725.0,1,FR,738
BLL-MAN,BLL,MAN,Billund,"Manchester, Greater Manchester",DK,GB,55.740335,9.157019,53.349375,-2.279521,783.0,1,BA,FRJ
BLL-MUC,BLL,MUC,Billund,Munich,DK,DE,55.740335,9.157019,48.353802,11.7861,840.6,1,BA,FRJ
BLL-AGP,BLL,AGP,Billund,Málaga,DK,ES,55.740335,9.157019,36.6749,-4.49911,2356.3,1,FR,738
BLL-BGY,BLL,BGY,Billund,Orio al Serio (BG),DK,IT,55.740335,9.157019,45.669362,9.708851,1120.5,1,FR,738
BLL-OSL,BLL,OSL,Billund,Oslo (Gardermoen),DK,NO,55.740335,9.157019,60.193901,11.1004,508.2,3,"BA,DY,SK","733 73H,AT7,FRJ"
BLL-PMI,BLL,PMI,Billund,Palma de Mallorca,DK,ES,55.740335,9.157019,39.551701,2.73881,1861.3,1,FR,738
BLL-CDG,BLL,CDG,Billund,"Paris (Roissy-en-France, Val-d'Oise)",DK,FR,55.740335,9.157019,49.00896,2.554117,871.6,2,"AF,AZ",E90
BLL-PSA,BLL,PSA,Billund,Pisa (PI),DK,IT,55.740335,9.157019,43.683899,10.3927,1343.5,1,FR,738
BLL-KEF,BLL,KEF,Billund,Reykjavík,DK,IS,55.740335,9.157019,63.985001,-22.6056,1967.6,1,FI,75W
BLL-RIX,BLL,RIX,Billund,Riga,DK,LV,55.740335,9.157019,56.920752,23.970711,920.7,1,BT,DH4
BLL-CIA,BLL,CIA,Billund,Rome,DK,IT,55.740335,9.157019,41.798769,12.595331,1570.1,1,FR,738
BLL-SVG,BLL,SVG,Billund,Stavanger,DK,NO,55.740335,9.157019,58.876701,5.63778,407.7,1,DX,AT5 SF3
BLL-ARN,BLL,ARN,Billund,Stockholm,DK,SE,55.740335,9.157019,59.64849,17.928829,677.7,1,SK,S20
BLL-TSF,BLL,TSF,Billund,Treviso (TV),DK,IT,55.740335,9.157019,45.648399,12.1944,1142.1,1,FR,738
BLL-MLA,BLL,MLA,Billund,Valletta,DK,MT,55.740335,9.157019,35.845932,14.491546,2248.9,1,FR,738
BLL-FAE,BLL,FAE,Billund,Vágar,DK,FO,55.740335,9.157019,62.063256,-7.275782,1171.4,1,RC,319
BLL-ZAD,BLL,ZAD,Billund,Zadar,DK,HR,55.740335,9.157019,44.096986,15.353565,1367.2,1,FR,738
BLL-BRU,BLL,BRU,Billund,Zaventem,DK,BE,55.740335,9.157019,50.901402,4.48444,620.8,1,BA,FRJ J31
BLL-ZRH,BLL,ZRH,Billund,Zurich,DK,CH,55.740335,9.157019,47.458056,8.548056,921.9,1,BA,FRJ
CPH-AAL,CPH,AAL,Copenhagen,Aalborg,DK,DK,55.617900848389,12.656000137329,57.094763,9.84993,238.4,2,"DY,SK","320 CR2 319 CR9 321,73H AT7"
CPH-AAR,CPH,AAR,Copenhagen,Aarhus,DK,DK,55.617900848389,12.656000137329,56.303331,10.618286,148.0,1,SK,AT7 320 CR2
CPH-ABZ,CPH,ABZ,Copenhagen,Aberdeen,DK,GB,55.617900848389,12.656000137329,57.2019,-2.19778,928.6,1,SK,CR9 CR2
CPH-ALC,CPH,ALC,Copenhagen,Alicante,DK,ES,55.617900848389,12.656000137329,38.2822,-0.558156,2164.5,3,"DY,IB,VY","320,73H"
CPH-AMS,CPH,AMS,Copenhagen,Amsterdam,DK,NL,55.617900848389,12.656000137329,52.308601,4.76389,633.4,6,"AC,AZ,DY,KL,MU,SK","319,320 319 321 CR9,737,737 EMJ,737 EMJ F70,73H"
CPH-KRK,CPH,KRK,Copenhagen,Balice,DK,PL,55.617900848389,12.656000137329,50.077702,19.7848,779.4,1,DY,73H
CPH-BCN,CPH,BCN,Copenhagen,Barcelona,DK,ES,55.617900848389,12.656000137329,41.2971,2.07846,1768.6,4,"DY,IB,SK,VY","320,321,73H"
CPH-BEG,CPH,BEG,Copenhagen,Belgrade,DK,RS,55.617900848389,12.656000137329,44.818401,20.309099,1316.7,1,JU,319
CPH-BGO,CPH,BGO,Copenhagen,Bergen,DK,NO,55.617900848389,12.656000137329,60.2934,5.21814,679.5,2,"DY,SK","319 320 CR9 321 717 73G 73W 738 736,73H"
CPH-BIQ,CPH,BIQ,Copenhagen,Biarritz,DK,FR,55.617900848389,12.656000137329,43.468372,-1.523223,1687.8,1,SK,CR9
CPH-BLL,CPH,BLL,Copenhagen,Billund,DK,DK,55.617900848389,12.656000137329,55.740335,9.157019,219.8,1,SK,AT7
CPH-BHX,CPH,BHX,Copenhagen,"Birmingham, West Midlands",DK,GB,55.617900848389,12.656000137329,52.453899,-1.74803,1002.0,1,SK,CR9 319 320
CPH-BLQ,CPH,BLQ,Copenhagen,Bologna,DK,IT,55.617900848389,12.656000137329,44.5354,11.2887,1236.1,1,SK,CR9 319
CPH-BRE,CPH,BRE,Copenhagen,Bremen,DK,DE,55.617900848389,12.656000137329,53.046786,8.78932,380.1,1,SK,AT7 CR2
CPH-BRS,CPH,BRS,Copenhagen,Bristol,DK,GB,55.617900848389,12.656000137329,51.382326,-2.716453,1117.4,1,U2,319
CPH-BUD,CPH,BUD,Copenhagen,Budapest,DK,HU,55.617900848389,12.656000137329,47.43018,19.262393,1017.6,2,"DY,SK","320,73H"
CPH-BOJ,CPH,BOJ,Copenhagen,Burgas,DK,BG,55.617900848389,12.656000137329,42.569917,27.515173,1801.8,1,DY,73H
CPH-BSL,CPH,BSL,Copenhagen,Bâle / Mulhouse,DK,FR,55.617900848389,12.656000137329,47.60068,7.521117,958.8,1,U2,320 319
CPH-CTA,CPH,CTA,Copenhagen,Catania,DK,IT,55.617900848389,12.656000137329,37.466801,15.0664,2026.4,1,DY,73H
CPH-DUB,CPH,DUB,Copenhagen,Dublin,DK,IE,55.617900848389,12.656000137329,53.428713,-6.262121,1240.8,3,"DY,EI,SK","320,320 321,73H"
CPH-DUS,CPH,DUS,Copenhagen,Düsseldorf,DK,DE,55.617900848389,12.656000137329,51.289501,6.76678,619.0,4,"AB,AY,LH,SK","319 320 DH4 738,CR9 CR2"
CPH-EDI,CPH,EDI,Copenhagen,Edinburgh,DK,GB,55.617900848389,12.656000137329,55.950145,-3.372288,1000.6,2,"DY,U2","319,73H"
CPH-EIN,CPH,EIN,Copenhagen,Eindhoven,DK,NL,55.617900848389,12.656000137329,51.4500999451,5.37452983856,667.4,1,HV,73W
CPH-FAO,CPH,FAO,Copenhagen,Faro,DK,PT,55.617900848389,12.656000137329,37.015909,-7.970939,2584.3,1,DY,73H
CPH-MXP,CPH,MXP,Copenhagen,Ferno (VA),DK,IT,55.617900848389,12.656000137329,45.6306,8.72811,1144.1,2,"SK,U2","319,321 320"
CPH-FLR,CPH,FLR,Copenhagen,Firenze (FI),DK,IT,55.617900848389,12.656000137329,43.808558,11.202822,1317.2,2,"IB,VY","319,320"
CPH-FRA,CPH,FRA,Copenhagen,Frankfurt am Main,DK,DE,55.617900848389,12.656000137329,50.026706,8.55835,679.7,4,"CA,ET,LH,SK","320 319 CR9,320 32A 319 321 CR9,321 320,32A 319 733 321 320"
CPH-GDN,CPH,GDN,Copenhagen,Gdańsk,DK,PL,55.617900848389,12.656000137329,54.377602,18.4662,395.3,1,SK,CR9 319 CR2
CPH-GVA,CPH,GVA,Copenhagen,Geneva,DK,CH,55.617900848389,12.656000137329,46.238098,6.10895,1138.3,4,"CA,LX,SK,U2","319 320,319 CR9 717,CR9 717"
CPH-GOT,CPH,GOT,Copenhagen,Göteborg,DK,SE,55.617900848389,12.656000137329,57.6628,12.2798,228.5,1,SK,319 320 321 CR9
CPH-HAM,CPH,HAM,Copenhagen,Hamburg,DK,DE,55.617900848389,12.656000137329,53.630402,9.98823,279.8,2,"SK,U2","319,CR9 CR2"
CPH-HAJ,CPH,HAJ,Copenhagen,Hannover,DK,DE,55.617900848389,12.656000137329,52.461102,9.68508,401.0,1,SK,CR2 AT7
CPH-HEL,CPH,HEL,Copenhagen,Helsinki (Vantaa),DK,FI,55.617900848389,12.656000137329,60.318363,24.963341,892.2,3,"AY,DY,SK","320 319 321,73H,CR2"
CPH-IST,CPH,IST,Copenhagen,Istanbul,DK,TR,55.617900848389,12.656000137329,41.274874,28.732136,1977.1,2,"SK,TK",738 321
CPH-HAU,CPH,HAU,Copenhagen,Karmøy,DK,NO,55.617900848389,12.656000137329,59.345299,5.20836,607.6,2,"SK,WF",DH4
CPH-KRP,CPH,KRP,Copenhagen,Karup,DK,DK,55.617900848389,12.656000137329,56.297139,9.104311,233.6,1,DY,AT7
CPH-KRS,CPH,KRS,Copenhagen,Kristiansand(Kjevik),DK,NO,55.617900848389,12.656000137329,58.204201,8.08537,399.4,2,"SK,WF",DH4
CPH-LBA,CPH,LBA,Copenhagen,"Leeds, West Yorkshire",DK,GB,55.617900848389,12.656000137329,53.865898,-1.66057,937.6,1,SK,CR9
CPH-LPI,CPH,LPI,Copenhagen,Linköping,DK,SE,55.617900848389,12.656000137329,58.404909,15.684499,360.0,1,SK,AT7
CPH-LIS,CPH,LIS,Copenhagen,Lisbon,DK,PT,55.617900848389,12.656000137329,38.7813,-9.13592,2471.8,3,"DY,S4,TP","320,320 321,73H"
CPH-LGW,CPH,LGW,Copenhagen,London,DK,GB,55.617900848389,12.656000137329,51.148744,-0.185739,983.9,2,"DY,U2","319 320,73H"
CPH-LHR,CPH,LHR,Copenhagen,London,DK,GB,55.617900848389,12.656000137329,51.470748,-0.459909,979.5,3,"AA,BA,SK","321 320 319,321 320 CR9"
CPH-STN,CPH,STN,Copenhagen,"London, Essex",DK,GB,55.617900848389,12.656000137329,51.884998,0.235,914.3,1,U2,319 320
CPH-LUX,CPH,LUX,Copenhagen,Luxembourg,DK,LU,55.617900848389,12.656000137329,49.626845,6.212134,794.9,2,"LG,SK","CR9,ER4 DH4"
CPH-MAD,CPH,MAD,Copenhagen,Madrid,DK,ES,55.617900848389,12.656000137329,40.493407,-3.572249,2058.6,3,"DY,IB,SK","320 321,32S,73H"
CPH-MAN,CPH,MAN,Copenhagen,"Manchester, Greater Manchester",DK,GB,55.617900848389,12.656000137329,53.349375,-2.279521,995.0,3,"SK,TG,U2","319 320,320 321 319 717 CR9,320 717 CR9"
CPH-SVO,CPH,SVO,Copenhagen,Moscow,DK,RU,55.617900848389,12.656000137329,55.976858,37.41121,1539.6,2,"SK,SU","320,320 CR9"
CPH-MUC,CPH,MUC,Copenhagen,Munich,DK,DE,55.617900848389,12.656000137329,48.353802,11.7861,809.9,2,"LH,SK","CR9 320 321 319,CR9 E95 320 321 319"
CPH-AGP,CPH,AGP,Copenhagen,Málaga,DK,ES,55.617900848389,12.656000137329,36.6749,-4.49911,2471.5,4,"DY,IB,SK,VY","320,321,73H"
CPH-NCL,CPH,NCL,Copenhagen,"Newcastle upon Tyne, Tyne and Wear",DK,GB,55.617900848389,12.656000137329,55.037958,-1.689577,908.1,1,SK,CR2
CPH-NCE,CPH,NCE,Copenhagen,"Nice, Alpes-Maritimes",DK,FR,55.617900848389,12.656000137329,43.658401,7.21587,1385.3,2,"DY,SK","321 320,73H"
CPH-OSL,CPH,OSL,Copenhagen,Oslo (Gardermoen),DK,NO,55.617900848389,12.656000137329,60.193901,11.1004,517.0,6,"AC,DY,LH,PK,SK,UA","320 321 73H 73G 738 319 73W 736,321,321 738 320,738,73H 733,777"
CPH-OTP,CPH,OTP,Copenhagen,Otopeni,DK,RO,55.617900848389,12.656000137329,44.571792,26.103285,1552.8,1,SK,320 CR9
CPH-PLQ,CPH,PLQ,Copenhagen,Palanga,DK,LT,55.617900848389,12.656000137329,55.973202,21.093901,528.6,1,SK,CR9 CR2
CPH-PMI,CPH,PMI,Copenhagen,Palma de Mallorca,DK,ES,55.617900848389,12.656000137329,39.551701,2.73881,1930.6,3,"AB,DY,SK","320 321,738,73H"
CPH-ORY,CPH,ORY,Copenhagen,"Paris (Orly, Val-de-Marne)",DK,FR,55.617900848389,12.656000137329,48.729499,2.358963,1037.0,1,DY,73H
CPH-CDG,CPH,CDG,Copenhagen,"Paris (Roissy-en-France, Val-d'Oise)",DK,FR,55.617900848389,12.656000137329,49.00896,2.554117,1003.8,4,"AF,AZ,SK,U2","318 319 320,319 320,321 320 319"
CPH-PSA,CPH,PSA,Copenhagen,Pisa (PI),DK,IT,55.617900848389,12.656000137329,43.683899,10.3927,1336.8,1,DY,73H
CPH-POZ,CPH,POZ,Copenhagen,Poznań,DK,PL,55.617900848389,12.656000137329,52.421598,16.823359,447.5,1,SK,CR2
CPH-PRG,CPH,PRG,Copenhagen,Prague,DK,CZ,55.617900848389,12.656000137329,50.100874,14.259911,622.8,4,"DY,OK,QS,SK","319,320 CR9,73H"
CPH-PRN,CPH,PRN,Copenhagen,Prishtina,DK,XK,55.617900848389,12.656000137329,42.5728,21.035801,1571.0,1,SK,320 CR9
CPH-KEF,CPH,KEF,Copenhagen,Reykjavík,DK,IS,55.617900848389,12.656000137329,63.985001,-22.6056,2143.9,3,"FI,W2,WW","320,75T 75W"
CPH-RIX,CPH,RIX,Copenhagen,Riga,DK,LV,55.617900848389,12.656000137329,56.920752,23.970711,712.6,3,"BT,DY,SK","73H,DH4 73C 733"
CPH-FCO,CPH,FCO,Copenhagen,Rome,DK,IT,55.617900848389,12.656000137329,41.804532,12.251998,1536.3,4,"AZ,DY,SK,U2","319,321,32S 319,73H"
CPH-RNN,CPH,RNN,Copenhagen,Rønne,DK,DK,55.617900848389,12.656000137329,55.063301,14.7596,146.6,1,DX,AT7 AT4
CPH-TRF,CPH,TRF,Copenhagen,Sandefjord(Torp),DK,NO,55.617900848389,12.656000137329,59.186699,10.2586,422.0,2,"SK,WF",DH4
CPH-SJJ,CPH,SJJ,Copenhagen,Sarajevo,DK,BA,55.617900848389,12.656000137329,43.8246,18.331499,1372.2,1,JA,AT7
CPH-LIN,CPH,LIN,Copenhagen,Segrate (MI),DK,IT,55.617900848389,12.656000137329,45.445099,9.27674,1155.7,1,SK,CR9
CPH-ATH,CPH,ATH,Copenhagen,Spata-Artemida,DK,GR,55.617900848389,12.656000137329,37.936401,23.9445,2139.5,2,"DY,SK","321,73H"
CPH-SPU,CPH,SPU,Copenhagen,Split,DK,HR,55.617900848389,12.656000137329,43.538898,16.298,1368.1,2,"DY,SK","320,73H"
CPH-LED,CPH,LED,Copenhagen,St. Petersburg,DK,RU,55.617900848389,12.656000137329,59.800301,30.262501,1140.1,1,SK,321 320
CPH-SVG,CPH,SVG,Copenhagen,Stavanger,DK,NO,55.617900848389,12.656000137329,58.876701,5.63778,555.9,1,SK,CR9 319 321 320 736 738 73G
CPH-ARN,CPH,ARN,Copenhagen,Stockholm,DK,SE,55.617900848389,12.656000137329,59.64849,17.928829,546.8,3,"DY,ET,SK","320 319 73W 73H 321 73G 736 717,321,73H"
CPH-STR,CPH,STR,Copenhagen,Stuttgart,DK,DE,55.617900848389,12.656000137329,48.689899,9.22196,804.9,1,SK,CR9 CR2
CPH-SGD,CPH,SGD,Copenhagen,Sønderborg,DK,DK,55.617900848389,12.656000137329,54.96440124511719,9.791729927062988,195.3,1,6I,AT7
CPH-TLL,CPH,TLL,Copenhagen,Tallinn,DK,EE,55.617900848389,12.656000137329,59.413246,24.83264,839.0,2,"OV,SK",CR9 E70
CPH-SKG,CPH,SKG,Copenhagen,Thessaloniki,DK,GR,55.617900848389,12.656000137329,40.51928,22.970009,1840.9,2,"A3,SK",320
CPH-TRD,CPH,TRD,Copenhagen,Trondheim,DK,NO,55.617900848389,12.656000137329,63.457802,10.924,877.1,3,"DY,SK,TG","73H,CR9"
CPH-TKU,CPH,TKU,Copenhagen,Turku,DK,FI,55.617900848389,12.656000137329,60.514099,22.2628,783.2,1,SK,CR9 CR2
CPH-MLA,CPH,MLA,Copenhagen,Valletta,DK,MT,55.617900848389,12.656000137329,35.845932,14.491546,2203.0,1,DY,73H
CPH-ZAG,CPH,ZAG,Copenhagen,Velika Gorica,DK,HR,55.617900848389,12.656000137329,45.742901,16.0688,1123.7,3,"DY,OU,SK","319 DH4,73H"
CPH-VCE,CPH,VCE,Copenhagen,Venezia (VE),DK,IT,55.617900848389,12.656000137329,45.505299,12.3519,1124.7,4,"AP,AZ,DY,SK","320,320 319,73H"
CPH-VIE,CPH,VIE,Copenhagen,Vienna,DK,AT,55.617900848389,12.656000137329,48.110298,16.5697,876.6,5,"AB,AY,HG,OS,RJ","319 320 100,E90"
CPH-VNO,CPH,VNO,Copenhagen,Vilnius,DK,LT,55.617900848389,12.656000137329,54.634102,25.285801,809.2,2,"AC,SK","CR9,M80"
CPH-FAE,CPH,FAE,Copenhagen,Vágar,DK,FO,55.617900848389,12.656000137329,62.063256,-7.275782,1344.0,1,RC,319
CPH-WAW,CPH,WAW,Copenhagen,Warsaw,DK,PL,55.617900848389,12.656000137329,52.165699,20.9671,665.6,3,"AC,LO,SK","CR9 319,E70 E75,M80"
CPH-WRO,CPH,WRO,Copenhagen,Wrocław,DK,PL,55.617900848389,12.656000137329,51.103719,16.882096,574.7,1,SK,CR2
CPH-BRU,CPH,BRU,Copenhagen,Zaventem,DK,BE,55.617900848389,12.656000137329,50.901402,4.48444,754.4,4,"HU,SK,SN,TF","319,319 AR1,320 CR9 321 319,AR1"
CPH-LJU,CPH,LJU,Copenhagen,Zgornji Brnik,DK,SI,55.617900848389,12.656000137329,46.223701,14.4576,1052.1,2,"JP,SK",CR9
CPH-ZRH,CPH,ZRH,Copenhagen,Zurich,DK,CH,55.617900848389,12.656000137329,47.458056,8.548056,950.4,2,"LX,SK","321 320,321 320 319 CR9"
CPH-AES,CPH,AES,Copenhagen,Ålesund,DK,NO,55.617900848389,12.656000137329,62.560443,6.110845,856.7,1,SK,CR2 CR9
CPH-MOL,CPH,MOL,Copenhagen,Årø,DK,NO,55.617900848389,12.656000137329,62.744701,7.2625,849.2,1,WF,DH4
EBJ-ABZ,EBJ,ABZ,Esbjerg,Aberdeen,DK,GB,55.525902,8.5534,57.2019,-2.19778,687.1,1,BM,ER4
EBJ-BLL,EBJ,BLL,Esbjerg,Billund,DK,DK,55.525902,8.5534,55.740335,9.157019,44.8,1,DX,AT5 SF3
KRP-CPH,KRP,CPH,Karup,Copenhagen,DK,DK,56.297139,9.104311,55.617900848389,12.656000137329,233.6,1,DY,AT7
RNN-CPH,RNN,CPH,Rønne,Copenhagen,DK,DK,55.063301,14.7596,55.617900848389,12.656000137329,146.6,1,DX,AT7 AT4
SGD-CPH,SGD,CPH,Sønderborg,Copenhagen,DK,DK,54.96440124511719,9.791729927062988,55.617900848389,12.656000137329,195.3,1,6I,AT7
URE-TLL,URE,TLL,Kuressaare,Tallinn,EE,EE,58.22990036010742,22.50950050354004,59.413246,24.83264,187.6,1,W2,J31
TLL-AMS,TLL,AMS,Tallinn,Amsterdam,EE,NL,59.413246,24.83264,52.308601,4.76389,1471.9,2,"KL,OV","CR9,CRJ"
TLL-BRE,TLL,BRE,Tallinn,Bremen,EE,DE,59.413246,24.83264,53.046786,8.78932,1213.4,1,FR,738
TLL-CPH,TLL,CPH,Tallinn,Copenhagen,EE,DK,59.413246,24.83264,55.617900848389,12.656000137329,839.0,2,"OV,SK",CR9 E70
TLL-FRA,TLL,FRA,Tallinn,Frankfurt am Main,EE,DE,59.413246,24.83264,50.026706,8.55835,1469.6,1,LH,320 321 32A
TLL-GRO,TLL,GRO,Tallinn,Girona,EE,ES,59.413246,24.83264,41.904639,2.761774,2467.7,1,FR,738
TLL-HEL,TLL,HEL,Tallinn,Helsinki (Vantaa),EE,FI,59.413246,24.83264,60.318363,24.963341,100.9,1,AY,ATR AT7
TLL-HER,TLL,HER,Tallinn,Heraklion,EE,GR,59.413246,24.83264,35.339699,25.1803,2677.0,1,W2,320
TLL-IST,TLL,IST,Tallinn,Istanbul,EE,TR,59.413246,24.83264,41.274874,28.732136,2034.9,1,TK,319
TLL-URE,TLL,URE,Tallinn,Kuressaare,EE,EE,59.413246,24.83264,58.22990036010742,22.50950050354004,187.6,1,W2,J31
TLL-LGW,TLL,LGW,Tallinn,London,EE,GB,59.413246,24.83264,51.148744,-0.185739,1815.6,1,U2,319 320
TLL-STN,TLL,STN,Tallinn,"London, Essex",EE,GB,59.413246,24.83264,51.884998,0.235,1741.4,1,FR,738
TLL-MAN,TLL,MAN,Tallinn,"Manchester, Greater Manchester",EE,GB,59.413246,24.83264,53.349375,-2.279521,1784.5,1,FR,738
TLL-SVO,TLL,SVO,Tallinn,Moscow,EE,RU,59.413246,24.83264,55.976858,37.41121,837.7,2,"OV,SU","320 319,E70 CR9"
TLL-NCE,TLL,NCE,Tallinn,"Nice, Alpes-Maritimes",EE,FR,59.413246,24.83264,43.658401,7.21587,2119.6,1,OV,CR9
TLL-BGY,TLL,BGY,Tallinn,Orio al Serio (BG),EE,IT,59.413246,24.83264,45.669362,9.708851,1829.5,1,FR,738
TLL-OSL,TLL,OSL,Tallinn,Oslo (Gardermoen),EE,NO,59.413246,24.83264,60.193901,11.1004,771.5,3,"DY,OV,SK","733 73H,E70"
TLL-RIX,TLL,RIX,Tallinn,Riga,EE,LV,59.413246,24.83264,56.920752,23.970711,281.7,1,BT,73C DH4
TLL-SPU,TLL,SPU,Tallinn,Split,EE,HR,59.413246,24.83264,43.538898,16.298,1857.9,1,OV,CR9
TLL-LED,TLL,LED,Tallinn,St. Petersburg,EE,RU,59.413246,24.83264,59.800301,30.262501,308.4,1,OV,E70 CR9
TLL-ARN,TLL,ARN,Tallinn,Stockholm,EE,SE,59.413246,24.83264,59.64849,17.928829,390.0,2,"OV,SK",E70 CR9
TLL-TYF,TLL,TYF,Tallinn,Torsby,EE,SE,59.413246,24.83264,60.1576,12.9913,666.8,1,W2,J31
TLL-TRD,TLL,TRD,Tallinn,Trondheim,EE,NO,59.413246,24.83264,63.457802,10.924,862.9,2,"OV,SK",CR9 E70
TLL-VNO,TLL,VNO,Tallinn,Vilnius,EE,LT,59.413246,24.83264,54.634102,25.285801,532.1,3,"LT,OV,TK","319,CR9 E70,E75 CR2"
TLL-WAW,TLL,WAW,Tallinn,Warsaw,EE,PL,59.413246,24.83264,52.165699,20.9671,841.0,1,LO,E70 E75
TLL-BRU,TLL,BRU,Tallinn,Zaventem,EE,BE,59.413246,24.83264,50.901402,4.48444,1591.5,2,"OV,SN",CR9
TAY-HEL,TAY,HEL,Tartu,Helsinki (Vantaa),EE,FI,58.307438,26.686473,60.318363,24.963341,244.0,2,"AY,BE",AT7
ALC-AAL,ALC,AAL,Alicante,Aalborg,ES,DK,38.2822,-0.558156,57.094763,9.84993,2226.3,1,DY,73H
ALC-AMS,ALC,AMS,Alicante,Amsterdam,ES,NL,38.2822,-0.558156,52.308601,4.76389,1613.2,3,"HV,IB,VY","320,73H 73W"
ALC-KRK,ALC,KRK,Alicante,Balice,ES,PL,38.2822,-0.558156,50.077702,19.7848,2074.3,1,FR,738
ALC-BCN,ALC,BCN,Alicante,Barcelona,ES,ES,38.2822,-0.558156,41.2971,2.07846,403.9,2,"IB,VY",320
ALC-BVA,ALC,BVA,Alicante,Beauvais,ES,FR,38.2822,-0.558156,49.454399,2.11278,1260.4,1,FR,738
ALC-BFS,ALC,BFS,Alicante,Belfast,ES,GB,38.2822,-0.558156,54.6575012207,-6.2158298492399995,1870.2,2,"LS,U2","319,733"
ALC-BGO,ALC,BGO,Alicante,Bergen,ES,NO,38.2822,-0.558156,60.2934,5.21814,2480.9,2,"DY,SK","738,73H"
ALC-BIO,ALC,BIO,Alicante,Bilbao,ES,ES,38.2822,-0.558156,43.301102,-2.91061,592.1,2,"IB,VY","320,CR9 CR2"
ALC-BLL,ALC,BLL,Alicante,Billund,ES,DK,38.2822,-0.558156,55.740335,9.157019,2071.6,2,"DY,FR","738,73H"
ALC-BHX,ALC,BHX,Alicante,"Birmingham, West Midlands",ES,GB,38.2822,-0.558156,52.453899,-1.74803,1578.5,4,"BE,FR,TO,ZB","321 320,738,73H,E75"
ALC-BLQ,ALC,BLQ,Alicante,Bologna,ES,IT,38.2822,-0.558156,44.5354,11.2887,1206.2,1,FR,738
ALC-BOH,ALC,BOH,Alicante,Bournemouth,ES,GB,38.2822,-0.558156,50.780483,-1.839576,1393.4,1,FR,738
ALC-BRE,ALC,BRE,Alicante,Bremen,ES,DE,38.2822,-0.558156,53.046786,8.78932,1791.7,1,FR,738
ALC-BRS,ALC,BRS,Alicante,Bristol,ES,GB,38.2822,-0.558156,51.382326,-2.716453,1466.4,3,"FR,TO,U2","319 320,738,75W"
ALC-BSL,ALC,BSL,Alicante,Bâle / Mulhouse,ES,FR,38.2822,-0.558156,47.60068,7.521117,1225.7,1,U2,320 319
ALC-CWL,ALC,CWL,Alicante,Cardiff,ES,GB,38.2822,-0.558156,51.396702,-3.34333,1474.4,3,"IB,TO,VY","320,73H"
ALC-CRL,ALC,CRL,Alicante,Charleroi,ES,BE,38.2822,-0.558156,50.461963,4.459562,1411.0,1,FR,738
ALC-NOC,ALC,NOC,Alicante,Charlestown,ES,IE,38.2822,-0.558156,53.910439,-8.817002,1847.8,1,FR,738
ALC-CPH,ALC,CPH,Alicante,Copenhagen,ES,DK,38.2822,-0.558156,55.617900848389,12.656000137329,2164.5,3,"DY,IB,VY","320,73H"
ALC-ORK,ALC,ORK,Alicante,Cork,ES,IE,38.2822,-0.558156,51.841301,-8.49111,1629.0,1,EI,320
ALC-DUB,ALC,DUB,Alicante,Dublin,ES,IE,38.2822,-0.558156,53.428713,-6.262121,1739.8,2,"EI,FR","320,738"
ALC-DUS,ALC,DUS,Alicante,Düsseldorf,ES,DE,38.2822,-0.558156,51.289501,6.76678,1555.7,1,AB,321 332
ALC-EDI,ALC,EDI,Alicante,Edinburgh,ES,GB,38.2822,-0.558156,55.950145,-3.372288,1975.7,3,"FR,LS,U2","319,733,738"
ALC-EIN,ALC,EIN,Alicante,Eindhoven,ES,NL,38.2822,-0.558156,51.4500999451,5.37452983856,1535.8,2,"FR,HV","738,73W 73H"
ALC-EVE,ALC,EVE,Alicante,Evenes,ES,NO,38.2822,-0.558156,68.491302,16.678101,3519.3,1,DY,73H
ALC-EXT,ALC,EXT,Alicante,"Exeter, Devon",ES,GB,38.2822,-0.558156,50.734261,-3.413984,1402.7,1,BE,E95
ALC-KIR,ALC,KIR,Alicante,Farranfore,ES,IE,38.2822,-0.558156,52.180901,-9.52378,1694.4,1,FR,738
ALC-FRA,ALC,FRA,Alicante,Frankfurt am Main,ES,DE,38.2822,-0.558156,50.026706,8.55835,1492.2,1,AB,320
ALC-HHN,ALC,HHN,Alicante,Frankfurt am Main (Lautzenhausen),ES,DE,38.2822,-0.558156,49.946353,7.261734,1437.5,1,FR,738
ALC-GVA,ALC,GVA,Alicante,Geneva,ES,CH,38.2822,-0.558156,46.238098,6.10895,1040.1,1,U2,319 320
ALC-GLA,ALC,GLA,Alicante,Glasgow,ES,GB,38.2822,-0.558156,55.871899,-4.43306,1977.0,3,"LS,TO,U2","319 320,738 733 73H,75W"
ALC-GOT,ALC,GOT,Alicante,Göteborg,ES,SE,38.2822,-0.558156,57.6628,12.2798,2348.2,1,DY,73H
ALC-HAM,ALC,HAM,Alicante,Hamburg,ES,DE,38.2822,-0.558156,53.630402,9.98823,1886.7,2,"AB,DY","320,73H"
ALC-HEL,ALC,HEL,Alicante,Helsinki (Vantaa),ES,FI,38.2822,-0.558156,60.318363,24.963341,3030.0,1,DY,73H
ALC-IBZ,ALC,IBZ,Alicante,Ibiza (Eivissa),ES,ES,38.2822,-0.558156,38.872898,1.37312,180.3,2,"IB,VY","320,CR9 AT7 CR2"
ALC-KSD,ALC,KSD,Alicante,Karlstad,ES,SE,38.2822,-0.558156,59.444698,13.3374,2551.3,1,DY,73H
ALC-HAU,ALC,HAU,Alicante,Karmøy,ES,NO,38.2822,-0.558156,59.345299,5.20836,2377.8,1,FR,738
ALC-KTW,ALC,KTW,Alicante,Katowice,ES,PL,38.2822,-0.558156,50.476015,19.080705,2056.0,1,FR,738
ALC-KUN,ALC,KUN,Alicante,Kaunas,ES,LT,38.2822,-0.558156,54.963965,24.08582,2616.2,1,FR,738
ALC-KRS,ALC,KRS,Alicante,Kristiansand(Kjevik),ES,NO,38.2822,-0.558156,58.204201,8.08537,2301.4,1,SK,73H
ALC-CGN,ALC,CGN,Alicante,Köln (Cologne),ES,DE,38.2822,-0.558156,50.865898,7.14274,1524.4,1,DY,73H
ALC-LBA,ALC,LBA,Alicante,"Leeds, West Yorkshire",ES,GB,38.2822,-0.558156,53.865898,-1.66057,1734.9,2,"FR,LS","738,75W 733 752 73H"
ALC-LPL,ALC,LPL,Alicante,Liverpool,ES,GB,38.2822,-0.558156,53.334863,-2.849637,1683.0,2,"FR,U2","320 319,738"
ALC-LGW,ALC,LGW,Alicante,London,ES,GB,38.2822,-0.558156,51.148744,-0.185739,1431.0,6,"BA,DY,IB,TO,U2,ZB","319 320,319 734,321 752,73H,75W"
ALC-STN,ALC,STN,Alicante,"London, Essex",ES,GB,38.2822,-0.558156,51.884998,0.235,1513.8,1,FR,738
ALC-LTN,ALC,LTN,Alicante,"Luton, Luton",ES,GB,38.2822,-0.558156,51.874699,-0.368333,1511.5,2,"U2,ZB","319 320,321 320"
ALC-MST,ALC,MST,Alicante,Maastricht,ES,NL,38.2822,-0.558156,50.911087,5.769401,1489.6,1,FR,738
ALC-MAD,ALC,MAD,Alicante,Madrid,ES,ES,38.2822,-0.558156,40.493407,-3.572249,357.1,1,IB,32S
ALC-MAN,ALC,MAN,Alicante,"Manchester, Greater Manchester",ES,GB,38.2822,-0.558156,53.349375,-2.279521,1680.6,5,"FR,LS,TO,U2,ZB","319 320,321 320,738,73H 75W 76W,75W 733 73H"
ALC-FMM,ALC,FMM,Alicante,Memmingen,ES,DE,38.2822,-0.558156,47.988092,10.238248,1387.3,1,FR,738
ALC-DME,ALC,DME,Alicante,Moscow,ES,RU,38.2822,-0.558156,55.408798,37.9063,3424.9,4,"IB,S7,UN,VY","320,734"
ALC-MUC,ALC,MUC,Alicante,Munich,ES,DE,38.2822,-0.558156,48.353802,11.7861,1496.8,2,"AB,DY","320 738,73H"
ALC-NCL,ALC,NCL,Alicante,"Newcastle upon Tyne, Tyne and Wear",ES,GB,38.2822,-0.558156,55.037958,-1.689577,1865.1,3,"LS,TO,U2","320 319,73C 733 752 75W,73H"
ALC-EMA,ALC,EMA,Alicante,"Nottingham, Leicestershire",ES,GB,38.2822,-0.558156,52.8311,-1.32806,1618.8,4,"FR,LS,TO,ZB","321,733 73H,738,73H"
ALC-WMI,ALC,WMI,Alicante,Nowy Dwór Mazowiecki,ES,PL,38.2822,-0.558156,52.451099,20.6518,2270.4,1,FR,738
ALC-NUE,ALC,NUE,Alicante,Nuremberg,ES,DE,38.2822,-0.558156,49.498699,11.078056,1553.4,1,FR,738
ALC-NYO,ALC,NYO,Alicante,Nyköping,ES,SE,38.2822,-0.558156,58.789656,16.911479,2600.2,1,FR,738
ALC-BGY,ALC,BGY,Alicante,Orio al Serio (BG),ES,IT,38.2822,-0.558156,45.669362,9.708851,1179.3,1,FR,738
ALC-OSL,ALC,OSL,Alicante,Oslo (Gardermoen),ES,NO,38.2822,-0.558156,60.193901,11.1004,2570.4,2,"DY,SK","73H,73H 738 73G"
ALC-OUL,ALC,OUL,Alicante,Oulu / Oulunsalo,ES,FI,38.2822,-0.558156,64.930099,25.354601,3407.6,1,DY,73H
ALC-PMI,ALC,PMI,Alicante,Palma de Mallorca,ES,ES,38.2822,-0.558156,39.551701,2.73881,318.2,3,"AB,IB,VY","320,321 320"
ALC-ORY,ALC,ORY,Alicante,"Paris (Orly, Val-de-Marne)",ES,FR,38.2822,-0.558156,48.729499,2.358963,1185.0,2,"IB,VY",320
ALC-PIK,ALC,PIK,Alicante,"Prestwick, South Ayrshire",ES,GB,38.2822,-0.558156,55.501499,-4.577182,1938.1,1,FR,738
ALC-KEF,ALC,KEF,Alicante,Reykjavík,ES,IS,38.2822,-0.558156,63.985001,-22.6056,3208.1,2,"W2,WW",320
ALC-FKB,ALC,FKB,Alicante,Rheinmünster,ES,DE,38.2822,-0.558156,48.7794,8.0805,1357.2,1,FR,738
ALC-FCO,ALC,FCO,Alicante,Rome,ES,IT,38.2822,-0.558156,41.804532,12.251998,1157.3,2,"IB,VY",320
ALC-RTM,ALC,RTM,Alicante,Rotterdam,ES,NL,38.2822,-0.558156,51.956902,4.43722,1569.3,1,HV,73H 73W
ALC-TRF,ALC,TRF,Alicante,Sandefjord(Torp),ES,NO,38.2822,-0.558156,59.186699,10.2586,2448.9,2,"DY,FR","738,73H"
ALC-SCQ,ALC,SCQ,Alicante,Santiago de Compostela,ES,ES,38.2822,-0.558156,42.896301,-8.41514,838.1,1,FR,738
ALC-SNN,ALC,SNN,Alicante,Shannon,ES,IE,38.2822,-0.558156,52.702,-8.92482,1728.2,1,FR,738
ALC-SOU,ALC,SOU,Alicante,Southampton,ES,GB,38.2822,-0.558156,50.950298,-1.3568,1410.0,1,BE,E95
ALC-SEN,ALC,SEN,Alicante,"Southend-on-Sea, Essex",ES,GB,38.2822,-0.558156,51.570562,0.693627,1480.8,1,U2,319
ALC-SVG,ALC,SVG,Alicante,Stavanger,ES,NO,38.2822,-0.558156,58.876701,5.63778,2332.6,2,"DY,SK",73H
ALC-ARN,ALC,ARN,Alicante,Stockholm,ES,SE,38.2822,-0.558156,59.64849,17.928829,2711.3,2,"DY,SK",73H
ALC-VST,ALC,VST,Alicante,Stockholm / Västerås,ES,SE,38.2822,-0.558156,59.589401,16.6336,2663.2,1,FR,738
ALC-STR,ALC,STR,Alicante,Stuttgart,ES,DE,38.2822,-0.558156,48.689899,9.22196,1398.1,1,AB,320 738
ALC-TMP,ALC,TMP,Alicante,Tampere / Pirkkala,ES,FI,38.2822,-0.558156,61.414101,23.604401,3062.2,1,FR,738
ALC-TOS,ALC,TOS,Alicante,Tromsø,ES,NO,38.2822,-0.558156,69.683296,18.9189,3677.9,1,DY,73H
ALC-TRD,ALC,TRD,Alicante,Trondheim,ES,NO,38.2822,-0.558156,63.457802,10.924,2902.8,2,"DY,SK","738,73H"
ALC-TKU,ALC,TKU,Alicante,Turku,ES,FI,38.2822,-0.558156,60.514099,22.2628,2939.8,1,DY,73H
ALC-UME,ALC,UME,Alicante,Umeå,ES,SE,38.2822,-0.558156,63.791801,20.282801,3155.5,1,DY,73H
ALC-VXO,ALC,VXO,Alicante,Växjö,ES,SE,38.2822,-0.558156,56.929100036621094,14.727999687194824,2356.8,1,FR,738
ALC-NRN,ALC,NRN,Alicante,Weeze,ES,DE,38.2822,-0.558156,51.601362,6.141228,1570.4,1,FR,738
ALC-WRO,ALC,WRO,Alicante,Wrocław,ES,PL,38.2822,-0.558156,51.103719,16.882096,1973.5,1,FR,738
ALC-BRU,ALC,BRU,Alicante,Zaventem,ES,BE,38.2822,-0.558156,50.901402,4.48444,1458.0,4,"FR,IB,SN,VY","319,320,738"
ALC-ZRH,ALC,ZRH,Alicante,Zurich,ES,CH,38.2822,-0.558156,47.458056,8.548056,1259.8,1,AB,320 321
ALC-AES,ALC,AES,Alicante,Ålesund,ES,NO,38.2822,-0.558156,62.560443,6.110845,2737.3,1,DY,73H
ALC-MOL,ALC,MOL,Alicante,Årø,ES,NO,38.2822,-0.558156,62.744701,7.2625,2771.1,1,DY,73H
LEI-AMS,LEI,AMS,Almería,Amsterdam,ES,NL,36.843899,-2.3701,52.308601,4.76389,1807.9,1,HV,73H
LEI-BCN,LEI,BCN,Almería,Barcelona,ES,ES,36.843899,-2.3701,41.2971,2.07846,626.4,2,"IB,VY",320
LEI-BHX,LEI,BHX,Almería,"Birmingham, West Midlands",ES,GB,36.843899,-2.3701,52.453899,-1.74803,1736.4,1,ZB,321
LEI-CRL,LEI,CRL,Almería,Charleroi,ES,BE,36.843899,-2.3701,50.461963,4.459562,1609.2,1,FR,738
LEI-DUB,LEI,DUB,Almería,Dublin,ES,IE,36.843899,-2.3701,53.428713,-6.262121,1868.5,1,FR,738
LEI-LGW,LEI,LGW,Almería,London,ES,GB,36.843899,-2.3701,51.148744,-0.185739,1600.0,1,U2,319 320
LEI-STN,LEI,STN,Almería,"London, Essex",ES,GB,36.843899,-2.3701,51.884998,0.235,1685.0,1,FR,738
LEI-MAD,LEI,MAD,Almería,Madrid,ES,ES,36.843899,-2.3701,40.493407,-3.572249,419.0,2,"IB,UX","ATR,CR9 CRK CR2 AT7"
LEI-MAN,LEI,MAN,Almería,"Manchester, Greater Manchester",ES,GB,36.843899,-2.3701,53.349375,-2.279521,1835.3,2,"TO,ZB","321,73H"
LEI-EMA,LEI,EMA,Almería,"Nottingham, Leicestershire",ES,GB,36.843899,-2.3701,52.8311,-1.32806,1779.5,1,FR,738
LEI-PMI,LEI,PMI,Almería,Palma de Mallorca,ES,ES,36.843899,-2.3701,39.551701,2.73881,538.3,1,AB,738
LEI-SVQ,LEI,SVQ,Almería,Seville,ES,ES,36.843899,-2.3701,37.417999,-5.89311,318.8,1,UX,ATR
LEI-NRN,LEI,NRN,Almería,Weeze,ES,DE,36.843899,-2.3701,51.601362,6.141228,1772.7,1,FR,738
LEI-BRU,LEI,BRU,Almería,Zaventem,ES,BE,36.843899,-2.3701,50.901402,4.48444,1655.1,1,HQ,320
BJZ-BCN,BJZ,BCN,Badajoz,Barcelona,ES,ES,38.8913,-6.82133,41.2971,2.07846,802.5,1,UX,ATR
BJZ-MAD,BJZ,MAD,Badajoz,Madrid,ES,ES,38.8913,-6.82133,40.493407,-3.572249,330.1,1,UX,ATR
BCN-AAL,BCN,AAL,Barcelona,Aalborg,ES,DK,41.2971,2.07846,57.094763,9.84993,1842.3,2,"IB,VY",320
BCN-ALC,BCN,ALC,Barcelona,Alicante,ES,ES,41.2971,2.07846,38.2822,-0.558156,403.9,2,"IB,VY",320
BCN-LEI,BCN,LEI,Barcelona,Almería,ES,ES,41.2971,2.07846,36.843899,-2.3701,626.4,2,"IB,VY",320
BCN-AMS,BCN,AMS,Barcelona,Amsterdam,ES,NL,41.2971,2.07846,52.308601,4.76389,1241.1,5,"HV,IB,KL,MU,VY","320,737,73H 73W"
BCN-BJZ,BCN,BJZ,Barcelona,Badajoz,ES,ES,41.2971,2.07846,38.8913,-6.82133,802.5,1,UX,ATR
BCN-BRI,BCN,BRI,Barcelona,Bari,ES,IT,41.2971,2.07846,41.138901,16.760599,1226.7,2,"IB,VY",320
BCN-BVA,BCN,BVA,Barcelona,Beauvais,ES,FR,41.2971,2.07846,49.454399,2.11278,907.1,1,FR,738
BCN-BFS,BCN,BFS,Barcelona,Belfast,ES,GB,41.2971,2.07846,54.6575012207,-6.2158298492399995,1606.1,1,U2,319
BCN-BGO,BCN,BGO,Barcelona,Bergen,ES,NO,41.2971,2.07846,60.2934,5.21814,2123.2,3,"DY,IB,VY","320,73H"
BCN-BRN,BCN,BRN,Barcelona,Bern,ES,CH,41.2971,2.07846,46.912736,7.498819,759.3,1,SX,D38
BCN-BIO,BCN,BIO,Barcelona,Bilbao,ES,ES,41.2971,2.07846,43.301102,-2.91061,466.8,2,"IB,VY",320
BCN-BHX,BCN,BHX,Barcelona,"Birmingham, West Midlands",ES,GB,41.2971,2.07846,52.453899,-1.74803,1273.7,2,"FR,ZB","320 321,738"
BCN-BLQ,BCN,BLQ,Barcelona,Bologna,ES,IT,41.2971,2.07846,44.5354,11.2887,831.3,3,"FR,IB,VY","320,738"
BCN-BOD,BCN,BOD,Barcelona,Bordeaux,ES,FR,41.2971,2.07846,44.82865,-0.715356,453.5,2,"IB,VY",320
BCN-BES,BCN,BES,Barcelona,Brest,ES,FR,41.2971,2.07846,48.447899,-4.41854,944.9,2,"IB,VY",320
BCN-BRS,BCN,BRS,Barcelona,Bristol,ES,GB,41.2971,2.07846,51.382326,-2.716453,1179.6,1,U2,319
BCN-BUD,BCN,BUD,Barcelona,Budapest,ES,HU,41.2971,2.07846,47.43018,19.262393,1522.3,2,"FR,W6","320,738"
BCN-BSL,BCN,BSL,Barcelona,Bâle / Mulhouse,ES,FR,41.2971,2.07846,47.60068,7.521117,822.9,2,"LX,U2","320 319,AR1"
BCN-CWL,BCN,CWL,Barcelona,Cardiff,ES,GB,41.2971,2.07846,51.396702,-3.34333,1196.8,2,"IB,VY",320
BCN-TRN,BCN,TRN,Barcelona,Caselle Torinese (TO),ES,IT,41.2971,2.07846,45.200802,7.64963,625.8,3,"FR,IB,VY","320,738"
BCN-CTA,BCN,CTA,Barcelona,Catania,ES,IT,41.2971,2.07846,37.466801,15.0664,1193.3,2,"IB,VY",320
BCN-CRL,BCN,CRL,Barcelona,Charleroi,ES,BE,41.2971,2.07846,50.461963,4.459562,1035.5,1,FR,738
BCN-CLJ,BCN,CLJ,Barcelona,Cluj-Napoca,ES,RO,41.2971,2.07846,46.786042,23.685733,1824.7,1,W6,320
BCN-LYS,BCN,LYS,Barcelona,"Colombier-Saugnieu, Rhône",ES,FR,41.2971,2.07846,45.725996,5.090139,549.0,3,"IB,U2,VY","319,320"
BCN-CPH,BCN,CPH,Barcelona,Copenhagen,ES,DK,41.2971,2.07846,55.617900848389,12.656000137329,1768.6,4,"DY,IB,SK,VY","320,321,73H"
BCN-ORK,BCN,ORK,Barcelona,Cork,ES,IE,41.2971,2.07846,51.841301,-8.49111,1420.7,1,EI,320
BCN-LCG,BCN,LCG,Barcelona,Culleredo,ES,ES,41.2971,2.07846,43.302101,-8.37726,887.7,2,"IB,VY",320
BCN-DTM,BCN,DTM,Barcelona,Dortmund,ES,DE,41.2971,2.07846,51.518299,7.61224,1212.3,2,"IB,VY","319,320"
BCN-DRS,BCN,DRS,Barcelona,Dresden,ES,DE,41.2971,2.07846,51.134123,13.767831,1412.6,2,"IB,VY","319 320,320"
BCN-DUB,BCN,DUB,Barcelona,Dublin,ES,IE,41.2971,2.07846,53.428713,-6.262121,1485.7,2,"EI,FR","320,738"
BCN-DBV,BCN,DBV,Barcelona,Dubrovnik,ES,HR,41.2971,2.07846,42.562247,18.265543,1344.4,2,"IB,VY",320
BCN-DUS,BCN,DUS,Barcelona,Düsseldorf,ES,DE,41.2971,2.07846,51.289501,6.76678,1167.4,4,"4U,AB,IB,VY","320,320 319,320 738 321,738 321"
BCN-EDI,BCN,EDI,Barcelona,Edinburgh,ES,GB,41.2971,2.07846,55.950145,-3.372288,1676.6,3,"FR,IB,VY","320,738"
BCN-EIN,BCN,EIN,Barcelona,Eindhoven,ES,NL,41.2971,2.07846,51.4500999451,5.37452983856,1156.6,1,HV,73W 73H
BCN-MXP,BCN,MXP,Barcelona,Ferno (VA),ES,IT,41.2971,2.07846,45.6306,8.72811,720.8,4,"IB,SQ,U2,VY","320,320 319,77W"
BCN-FLR,BCN,FLR,Barcelona,Firenze (FI),ES,IT,41.2971,2.07846,43.808558,11.202822,797.3,2,"IB,VY","319,320"
BCN-FRA,BCN,FRA,Barcelona,Frankfurt am Main,ES,DE,41.2971,2.07846,50.026706,8.55835,1092.5,4,"ET,IB,LH,VY","320,321,321 320 319 32A"
BCN-GDN,BCN,GDN,Barcelona,Gdańsk,ES,PL,41.2971,2.07846,54.377602,18.4662,1890.9,1,W6,320
BCN-GVA,BCN,GVA,Barcelona,Geneva,ES,CH,41.2971,2.07846,46.238098,6.10895,637.4,2,"LX,U2","319 320,320 319 AR1"
BCN-GOA,BCN,GOA,Barcelona,Genova (GE),ES,IT,41.2971,2.07846,44.412039,8.840732,650.7,2,"IB,VY",320
BCN-GLA,BCN,GLA,Barcelona,Glasgow,ES,GB,41.2971,2.07846,55.871899,-4.43306,1688.1,1,LS,73H
BCN-GRX,BCN,GRX,Barcelona,Granada,ES,ES,41.2971,2.07846,37.188702,-3.77736,680.1,2,"IB,VY",320
BCN-GOT,BCN,GOT,Barcelona,Göteborg,ES,SE,41.2971,2.07846,57.6628,12.2798,1958.3,3,"DY,IB,VY","320,73H"
BCN-HAM,BCN,HAM,Barcelona,Hamburg,ES,DE,41.2971,2.07846,53.630402,9.98823,1492.6,4,"4U,DY,IB,VY","319,320,73H"
BCN-HAJ,BCN,HAJ,Barcelona,Hannover,ES,DE,41.2971,2.07846,52.461102,9.68508,1367.6,3,"4U,IB,VY","319,320"
BCN-HEL,BCN,HEL,Barcelona,Helsinki (Vantaa),ES,FI,41.2971,2.07846,60.318363,24.963341,2628.1,4,"AY,DY,IB,VY","320,321,321 320,73H"
BCN-EAS,BCN,EAS,Barcelona,Hondarribia,ES,ES,41.2971,2.07846,43.356499,-1.79061,391.9,2,"IB,VY","319,320 319"
BCN-IBZ,BCN,IBZ,Barcelona,Ibiza (Eivissa),ES,ES,41.2971,2.07846,38.872898,1.37312,276.2,3,"FR,IB,VY","320,738"
BCN-IST,BCN,IST,Barcelona,Istanbul,ES,TR,41.2971,2.07846,41.274874,28.732136,2218.2,1,TK,320 332 321 738 330
BCN-XRY,BCN,XRY,Barcelona,Jerez de la Frontera,ES,ES,41.2971,2.07846,36.744598,-6.06011,865.7,3,"FR,IB,VY","320,738"
BCN-KTW,BCN,KTW,Barcelona,Katowice,ES,PL,41.2971,2.07846,50.476015,19.080705,1658.7,1,W6,320
BCN-CGN,BCN,CGN,Barcelona,Köln (Cologne),ES,DE,41.2971,2.07846,50.865898,7.14274,1132.7,1,4U,320 319
BCN-LEN,BCN,LEN,Barcelona,La Virgen del Camino,ES,ES,41.2971,2.07846,42.590709,-5.653406,655.2,1,IB,CR2
BCN-LBA,BCN,LBA,Barcelona,"Leeds, West Yorkshire",ES,GB,41.2971,2.07846,53.865898,-1.66057,1424.9,2,"LS,ZB","320,733"
BCN-LIL,BCN,LIL,Barcelona,Lesquin,ES,FR,41.2971,2.07846,50.566564,3.102429,1033.7,2,"IB,VY",320
BCN-LIS,BCN,LIS,Barcelona,Lisbon,ES,PT,41.2971,2.07846,38.7813,-9.13592,994.0,4,"IB,S4,TP,VY","320,ER4 319 100 320,ER4 320 319 100"
BCN-LPL,BCN,LPL,Barcelona,Liverpool,ES,GB,41.2971,2.07846,53.334863,-2.849637,1388.3,2,"FR,U2","319,738"
BCN-LGW,BCN,LGW,Barcelona,London,ES,GB,41.2971,2.07846,51.148744,-0.185739,1109.1,6,"BA,DY,IB,U2,VY,ZB","319 320,319 734 320,320,320 319 734,321 752,73H"
BCN-LHR,BCN,LHR,Barcelona,London,ES,GB,41.2971,2.07846,51.470748,-0.459909,1147.7,3,"AA,BA,IB","320 319 321,320 319 321 767"
BCN-STN,BCN,STN,Barcelona,"London, Essex",ES,GB,41.2971,2.07846,51.884998,0.235,1185.6,1,FR,738
BCN-LTN,BCN,LTN,Barcelona,"Luton, Luton",ES,GB,41.2971,2.07846,51.874699,-0.368333,1190.8,1,U2,319 320
BCN-LUX,BCN,LUX,Barcelona,Luxembourg,ES,LU,41.2971,2.07846,49.626845,6.212134,980.3,3,"IB,LG,VY","320,DH4"
BCN-MAD,BCN,MAD,Barcelona,Madrid,ES,ES,41.2971,2.07846,40.493407,-3.572249,483.2,3,"IB,UX,VY","320,321 319 320,332 333"
BCN-MAH,BCN,MAH,Barcelona,Mahón (Maó),ES,ES,41.2971,2.07846,39.862598,4.21865,241.0,3,"FR,IB,VY","320,738"
BCN-MAN,BCN,MAN,Barcelona,"Manchester, Greater Manchester",ES,GB,41.2971,2.07846,53.349375,-2.279521,1379.2,3,"FR,LS,ZB","321,738,738 733 73H"
BCN-MRS,BCN,MRS,Barcelona,"Marignane, Bouches-du-Rhône",ES,FR,41.2971,2.07846,43.438088,5.2125,350.6,2,"IB,VY",320
BCN-MSQ,BCN,MSQ,Barcelona,Minsk,ES,BY,41.2971,2.07846,53.888071,28.039964,2375.9,1,B2,E75 733 735
BCN-DME,BCN,DME,Barcelona,Moscow,ES,RU,41.2971,2.07846,55.408798,37.9063,3028.7,3,"IB,UN,VY","320,763 734 772 744"
BCN-SVO,BCN,SVO,Barcelona,Moscow,ES,RU,41.2971,2.07846,55.976858,37.41121,3017.4,2,"SU,UX","321,32S"
BCN-MUC,BCN,MUC,Barcelona,Munich,ES,DE,41.2971,2.07846,48.353802,11.7861,1094.6,3,"IB,LH,VY","320,321 319 320 E95"
BCN-AGP,BCN,AGP,Barcelona,Málaga,ES,ES,41.2971,2.07846,36.6749,-4.49911,766.0,3,"FR,IB,VY","320,738"
BCN-NTE,BCN,NTE,Barcelona,Nantes,ES,FR,41.2971,2.07846,47.153198,-1.61073,714.2,2,"IB,VY",320
BCN-NAP,BCN,NAP,Barcelona,Napoli,ES,IT,41.2971,2.07846,40.886002,14.2908,1023.6,2,"IB,VY",320
BCN-NCL,BCN,NCL,Barcelona,"Newcastle upon Tyne, Tyne and Wear",ES,GB,41.2971,2.07846,55.037958,-1.689577,1552.7,1,U2,319 320
BCN-NCE,BCN,NCE,Barcelona,"Nice, Alpes-Maritimes",ES,FR,41.2971,2.07846,43.658401,7.21587,496.3,3,"IB,U2,VY","319 320,320"
BCN-EMA,BCN,EMA,Barcelona,"Nottingham, Leicestershire",ES,GB,41.2971,2.07846,52.8311,-1.32806,1307.8,1,FR,738
BCN-WMI,BCN,WMI,Barcelona,Nowy Dwór Mazowiecki,ES,PL,41.2971,2.07846,52.451099,20.6518,1869.3,1,FR,738
BCN-NUE,BCN,NUE,Barcelona,Nuremberg,ES,DE,41.2971,2.07846,49.498699,11.078056,1149.6,2,"IB,VY",320
BCN-NYO,BCN,NYO,Barcelona,Nyköping,ES,SE,41.2971,2.07846,58.789656,16.911479,2203.5,1,FR,738
BCN-BGY,BCN,BGY,Barcelona,Orio al Serio (BG),ES,IT,41.2971,2.07846,45.669362,9.708851,783.8,1,FR,738
BCN-OSL,BCN,OSL,Barcelona,Oslo (Gardermoen),ES,NO,41.2971,2.07846,60.193901,11.1004,2190.3,4,"DY,IB,SK,VY","320,738 73G,73H"
BCN-OTP,BCN,OTP,Barcelona,Otopeni,ES,RO,41.2971,2.07846,44.571792,26.103285,1981.9,5,"IB,RO,UX,VY,W6","320,737,73W"
BCN-PMO,BCN,PMO,Barcelona,Palermo,ES,IT,41.2971,2.07846,38.175999,13.091,1002.7,2,"IB,VY",320
BCN-PMI,BCN,PMI,Barcelona,Palma de Mallorca,ES,ES,41.2971,2.07846,39.551701,2.73881,202.0,6,"AZ,FR,IB,OK,UX,VY","320,738,738 E90,E90"
BCN-ORY,BCN,ORY,Barcelona,"Paris (Orly, Val-de-Marne)",ES,FR,41.2971,2.07846,48.729499,2.358963,826.7,2,"IB,VY","320,320 319"
BCN-CDG,BCN,CDG,Barcelona,"Paris (Roissy-en-France, Val-d'Oise)",ES,FR,41.2971,2.07846,49.00896,2.554117,858.3,5,"AF,IB,U2,UX,VY","319,320,320 319,321 32A 318 320,32S"
BCN-PSA,BCN,PSA,Barcelona,Pisa (PI),ES,IT,41.2971,2.07846,43.683899,10.3927,731.1,2,"IB,VY",320
BCN-OPO,BCN,OPO,Barcelona,Porto,ES,PT,41.2971,2.07846,41.2481002808,-8.68138980865,898.7,5,"FR,IB,S4,TP,VY","320,738,ER4"
BCN-POZ,BCN,POZ,Barcelona,Poznań,ES,PL,41.2971,2.07846,52.421598,16.823359,1663.1,1,W6,320
BCN-PRG,BCN,PRG,Barcelona,Prague,ES,CZ,41.2971,2.07846,50.100874,14.259911,1358.0,5,"IB,OK,QS,UX,VY","319 320 738,319 738,320,320 319,32S"
BCN-PIK,BCN,PIK,Barcelona,"Prestwick, South Ayrshire",ES,GB,41.2971,2.07846,55.501499,-4.577182,1652.3,1,FR,738
BCN-OVD,BCN,OVD,Barcelona,Ranón,ES,ES,41.2971,2.07846,43.563599,-6.03462,711.6,2,"IB,VY",320
BCN-RIX,BCN,RIX,Barcelona,Riga,ES,LV,41.2971,2.07846,56.920752,23.970711,2336.9,1,BT,735 73C
BCN-CIA,BCN,CIA,Barcelona,Rome,ES,IT,41.2971,2.07846,41.798769,12.595331,876.4,1,FR,738
BCN-FCO,BCN,FCO,Barcelona,Rome,ES,IT,41.2971,2.07846,41.804532,12.251998,848.0,4,"AZ,FR,IB,VY","320,32S 320 319 321,738"
BCN-RTM,BCN,RTM,Barcelona,Rotterdam,ES,NL,41.2971,2.07846,51.956902,4.43722,1198.8,1,HV,73H 73W
BCN-RNS,BCN,RNS,Barcelona,"Saint-Jacques-de-la-Lande, Ille-et-Vilaine",ES,FR,41.2971,2.07846,48.0695,-1.73479,810.9,2,"IB,VY",320
BCN-SLM,BCN,SLM,Barcelona,Salamanca,ES,ES,41.2971,2.07846,40.952099,-5.50199,635.9,1,IB,CR2
BCN-TRF,BCN,TRF,Barcelona,Sandefjord(Torp),ES,NO,41.2971,2.07846,59.186699,10.2586,2068.9,1,DY,73H
BCN-SDR,BCN,SDR,Barcelona,Santander,ES,ES,41.2971,2.07846,43.427101,-3.82001,539.2,3,"FR,IB,VY","320,738"
BCN-SCQ,BCN,SCQ,Barcelona,Santiago de Compostela,ES,ES,41.2971,2.07846,42.896301,-8.41514,883.3,3,"FR,IB,VY","320,738"
BCN-LEJ,BCN,LEJ,Barcelona,Schkeuditz,ES,DE,41.2971,2.07846,51.420657,12.232705,1366.3,2,"IB,VY",319 320
BCN-LIN,BCN,LIN,Barcelona,Segrate (MI),ES,IT,41.2971,2.07846,45.445099,9.27674,742.0,1,AZ,E75
BCN-SVQ,BCN,SVQ,Barcelona,Seville,ES,ES,41.2971,2.07846,37.417999,-5.89311,809.3,3,"FR,IB,VY","320,738"
BCN-SOF,BCN,SOF,Barcelona,Sofia,ES,BG,41.2971,2.07846,42.696357,23.417671,1765.6,2,"FB,W6","320,320 319"
BCN-SEN,BCN,SEN,Barcelona,"Southend-on-Sea, Essex",ES,GB,41.2971,2.07846,51.570562,0.693627,1147.2,1,U2,319
BCN-ATH,BCN,ATH,Barcelona,Spata-Artemida,ES,GR,41.2971,2.07846,37.936401,23.9445,1904.5,4,"A3,IB,OA,VY","320,320 321"
BCN-LED,BCN,LED,Barcelona,St. Petersburg,ES,RU,41.2971,2.07846,59.800301,30.262501,2821.9,3,"IB,SU,VY","320,763 320"
BCN-SVG,BCN,SVG,Barcelona,Stavanger,ES,NO,41.2971,2.07846,58.876701,5.63778,1970.5,2,"IB,VY",320
BCN-ARN,BCN,ARN,Barcelona,Stockholm,ES,SE,41.2971,2.07846,59.64849,17.928829,2314.9,4,"DY,IB,SK,VY","320,73H"
BCN-STR,BCN,STR,Barcelona,Stuttgart,ES,DE,41.2971,2.07846,48.689899,9.22196,994.7,3,"4U,IB,VY","319 320,320"
BCN-TSR,BCN,TSR,Barcelona,Timişoara,ES,RO,41.2971,2.07846,45.809898,21.3379,1626.4,1,W6,320
BCN-TLS,BCN,TLS,Barcelona,Toulouse/Blagnac,ES,FR,41.2971,2.07846,43.629101,1.36382,265.8,2,"IB,VY",320
BCN-TSF,BCN,TSF,Barcelona,Treviso (TV),ES,IT,41.2971,2.07846,45.648399,12.1944,947.9,1,FR,738
BCN-VLL,BCN,VLL,Barcelona,Valladolid,ES,ES,41.2971,2.07846,41.7061,-4.85194,578.8,3,"FR,IB,VY","320,738,CR2"
BCN-MLA,BCN,MLA,Barcelona,Valletta,ES,MT,41.2971,2.07846,35.845932,14.491546,1236.0,2,"IB,VY",320
BCN-ZAG,BCN,ZAG,Barcelona,Velika Gorica,ES,HR,41.2971,2.07846,45.742901,16.0688,1229.4,3,"IB,OU,VY","319,320"
BCN-VCE,BCN,VCE,Barcelona,Venezia (VE),ES,IT,41.2971,2.07846,45.505299,12.3519,951.7,2,"IB,VY",320
BCN-VIE,BCN,VIE,Barcelona,Vienna,ES,AT,41.2971,2.07846,48.110298,16.5697,1369.7,6,"AB,CA,HG,IB,OS,VY","320,320 321,321 320,333"
BCN-VGO,BCN,VGO,Barcelona,Vigo,ES,ES,41.2971,2.07846,42.2318,-8.62677,893.3,2,"IB,VY",320
BCN-VNO,BCN,VNO,Barcelona,Vilnius,ES,LT,41.2971,2.07846,54.634102,25.285801,2258.1,2,"FR,W6","320,738"
BCN-WAW,BCN,WAW,Barcelona,Warsaw,ES,PL,41.2971,2.07846,52.165699,20.9671,1869.7,5,"DY,IB,LO,VY,W6","320,73H,E95 734"
BCN-BRU,BCN,BRU,Barcelona,Zaventem,ES,BE,41.2971,2.07846,50.901402,4.48444,1083.8,5,"FR,HU,IB,SN,VY","320,320 319,738"
BCN-ZRH,BCN,ZRH,Barcelona,Zurich,ES,CH,41.2971,2.07846,47.458056,8.548056,855.9,3,"IB,LX,VY","319 320,320,321 320"
BIO-ALC,BIO,ALC,Bilbao,Alicante,ES,ES,43.301102,-2.91061,38.2822,-0.558156,592.1,2,"IB,VY","320,CR9 CR2"
BIO-AMS,BIO,AMS,Bilbao,Amsterdam,ES,NL,43.301102,-2.91061,52.308601,4.76389,1152.5,2,"IB,VY",320
BIO-BCN,BIO,BCN,Bilbao,Barcelona,ES,ES,43.301102,-2.91061,41.2971,2.07846,466.8,2,"IB,VY",320
BIO-LCG,BIO,LCG,Bilbao,Culleredo,ES,ES,43.301102,-2.91061,43.302101,-8.37726,442.3,2,"IB,VY",320
BIO-DUB,BIO,DUB,Bilbao,Dublin,ES,IE,43.301102,-2.91061,53.428713,-6.262121,1152.7,1,EI,320
BIO-DUS,BIO,DUS,Bilbao,Düsseldorf,ES,DE,43.301102,-2.91061,51.289501,6.76678,1147.6,1,4U,CRJ
BIO-MXP,BIO,MXP,Bilbao,Ferno (VA),ES,IT,43.301102,-2.91061,45.6306,8.72811,958.3,2,"IB,VY",320
BIO-FRA,BIO,FRA,Bilbao,Frankfurt am Main,ES,DE,43.301102,-2.91061,50.026706,8.55835,1148.9,1,LH,321 320 32A 319
BIO-GVA,BIO,GVA,Bilbao,Geneva,ES,CH,43.301102,-2.91061,46.238098,6.10895,782.7,1,U2,319
BIO-IBZ,BIO,IBZ,Bilbao,Ibiza (Eivissa),ES,ES,43.301102,-2.91061,38.872898,1.37312,609.2,3,"IB,UX,VY","320,738"
BIO-IST,BIO,IST,Bilbao,Istanbul,ES,TR,43.301102,-2.91061,41.274874,28.732136,2597.0,1,TK,320
BIO-LIS,BIO,LIS,Bilbao,Lisbon,ES,PT,43.301102,-2.91061,38.7813,-9.13592,724.3,4,"S4,TP,U2,US","319,ER4 100"
BIO-LHR,BIO,LHR,Bilbao,London,ES,GB,43.301102,-2.91061,51.470748,-0.459909,926.8,2,"IB,VY",320
BIO-STN,BIO,STN,Bilbao,"London, Essex",ES,GB,43.301102,-2.91061,51.884998,0.235,983.0,1,U2,320 319
BIO-MAD,BIO,MAD,Bilbao,Madrid,ES,ES,43.301102,-2.91061,40.493407,-3.572249,317.0,2,"IB,UX","321 319 320,E90"
BIO-MAN,BIO,MAN,Bilbao,"Manchester, Greater Manchester",ES,GB,43.301102,-2.91061,53.349375,-2.279521,1118.3,1,U2,319
BIO-MUC,BIO,MUC,Bilbao,Munich,ES,DE,43.301102,-2.91061,48.353802,11.7861,1267.0,1,LH,319 E95 320
BIO-AGP,BIO,AGP,Bilbao,Málaga,ES,ES,43.301102,-2.91061,36.6749,-4.49911,749.1,2,"IB,VY",320
BIO-OSL,BIO,OSL,Bilbao,Oslo (Gardermoen),ES,NO,43.301102,-2.91061,60.193901,11.1004,2101.5,1,DY,73H
BIO-PMI,BIO,PMI,Bilbao,Palma de Mallorca,ES,ES,43.301102,-2.91061,39.551701,2.73881,628.8,4,"AB,IB,UX,VY","320,320 738,320 CR9,738 E90"
BIO-ORY,BIO,ORY,Bilbao,"Paris (Orly, Val-de-Marne)",ES,FR,43.301102,-2.91061,48.729499,2.358963,727.6,2,"IB,VY",320
BIO-CDG,BIO,CDG,Bilbao,"Paris (Roissy-en-France, Val-d'Oise)",ES,FR,43.301102,-2.91061,49.00896,2.554117,761.1,3,"AF,AZ,UX","E70 E90,E90"
BIO-FCO,BIO,FCO,Bilbao,Rome,ES,IT,43.301102,-2.91061,41.804532,12.251998,1251.3,1,AZ,320 32S
BIO-SCQ,BIO,SCQ,Bilbao,Santiago de Compostela,ES,ES,43.301102,-2.91061,42.896301,-8.41514,449.1,2,"IB,TK","320,CR9"
BIO-SVQ,BIO,SVQ,Bilbao,Seville,ES,ES,43.301102,-2.91061,37.417999,-5.89311,701.2,2,"IB,VY",320
BIO-STR,BIO,STR,Bilbao,Stuttgart,ES,DE,43.301102,-2.91061,48.689899,9.22196,1110.4,1,4U,CRJ 319
BIO-VLC,BIO,VLC,Bilbao,Valencia,ES,ES,43.301102,-2.91061,39.489162,-0.480961,469.8,1,IB,CR2 CR9 AT7
BIO-VCE,BIO,VCE,Bilbao,Venezia (VE),ES,IT,43.301102,-2.91061,45.505299,12.3519,1235.0,1,V7,717
BIO-VGO,BIO,VGO,Bilbao,Vigo,ES,ES,43.301102,-2.91061,42.2318,-8.62677,481.4,1,IB,CR9
BIO-BRU,BIO,BRU,Bilbao,Zaventem,ES,BE,43.301102,-2.91061,50.901402,4.48444,1012.5,2,"HU,SN",319
LCG-BCN,LCG,BCN,Culleredo,Barcelona,ES,ES,43.302101,-8.37726,41.2971,2.07846,887.7,2,"IB,VY",320
LCG-BIO,LCG,BIO,Culleredo,Bilbao,ES,ES,43.302101,-8.37726,43.301102,-2.91061,442.3,2,"IB,VY",320
LCG-LIS,LCG,LIS,Culleredo,Lisbon,ES,PT,43.302101,-8.37726,38.7813,-9.13592,506.7,1,TP,BEH
LCG-LHR,LCG,LHR,Culleredo,London,ES,GB,43.302101,-8.37726,51.470748,-0.459909,1085.0,2,"IB,VY",320
LCG-MAD,LCG,MAD,Culleredo,Madrid,ES,ES,43.302101,-8.37726,40.493407,-3.572249,505.5,3,"AZ,IB,UX","321 319 320,E90"
LCG-SVQ,LCG,SVQ,Culleredo,Seville,ES,ES,43.302101,-8.37726,37.417999,-5.89311,687.2,2,"IB,VY",320
GRO-AHO,GRO,AHO,Girona,Alghero,ES,IT,41.904639,2.761774,40.632099,8.29077,483.2,1,FR,738
GRO-AMS,GRO,AMS,Girona,Amsterdam,ES,NL,41.904639,2.761774,52.308601,4.76389,1166.6,1,HV,73H
GRO-KRK,GRO,KRK,Girona,Balice,ES,PL,41.904639,2.761774,50.077702,19.7848,1592.6,1,FR,738
GRO-BVA,GRO,BVA,Girona,Beauvais,ES,FR,41.904639,2.761774,49.454399,2.11278,841.0,1,FR,738
GRO-BLL,GRO,BLL,Girona,Billund,ES,DK,41.904639,2.761774,55.740335,9.157019,1606.4,1,FR,738
GRO-BOH,GRO,BOH,Girona,Bournemouth,ES,GB,41.904639,2.761774,50.780483,-1.839576,1047.7,1,FR,738
GRO-BTS,GRO,BTS,Girona,Bratislava,ES,SK,41.904639,2.761774,48.1702,17.2127,1329.0,1,FR,738
GRO-BRE,GRO,BRE,Girona,Bremen,ES,DE,41.904639,2.761774,53.046786,8.78932,1318.0,1,FR,738
GRO-BDS,GRO,BDS,Girona,Brindisi,ES,IT,41.904639,2.761774,40.6576,17.947001,1274.8,1,FR,738
GRO-BRS,GRO,BRS,Girona,Bristol,ES,GB,41.904639,2.761774,51.382326,-2.716453,1133.0,1,FR,738
GRO-CAG,GRO,CAG,Girona,Cagliari,ES,IT,41.904639,2.761774,39.251499,9.05428,607.6,1,FR,738
GRO-CRL,GRO,CRL,Girona,Charleroi,ES,BE,41.904639,2.761774,50.461963,4.459562,960.4,1,FR,738
GRO-DTM,GRO,DTM,Girona,Dortmund,ES,DE,41.904639,2.761774,51.518299,7.61224,1130.5,1,FR,738
GRO-DUB,GRO,DUB,Girona,Dublin,ES,IE,41.904639,2.761774,53.428713,-6.262121,1446.0,1,FR,738
GRO-EIN,GRO,EIN,Girona,Eindhoven,ES,NL,41.904639,2.761774,51.4500999451,5.37452983856,1079.8,1,FR,738
GRO-HHN,GRO,HHN,Girona,Frankfurt am Main (Lautzenhausen),ES,DE,41.904639,2.761774,49.946353,7.261734,959.1,1,FR,738
GRO-FMO,GRO,FMO,Girona,Greven,ES,DE,41.904639,2.761774,52.133816,7.688482,1196.5,1,FR,738
GRO-GRQ,GRO,GRQ,Girona,Groningen,ES,NL,41.904639,2.761774,53.119107,6.577652,1279.0,1,FR,738
GRO-IBZ,GRO,IBZ,Girona,Ibiza (Eivissa),ES,ES,41.904639,2.761774,38.872898,1.37312,357.0,1,FR,738
GRO-CGN,GRO,CGN,Girona,Köln (Cologne),ES,DE,41.904639,2.761774,50.865898,7.14274,1051.1,1,FR,738
GRO-LPP,GRO,LPP,Girona,Lappeenranta,ES,FI,41.904639,2.761774,61.044601,28.144743,2724.7,1,FR,738
GRO-LBA,GRO,LBA,Girona,"Leeds, West Yorkshire",ES,GB,41.904639,2.761774,53.865898,-1.66057,1369.6,1,FR,738
GRO-STN,GRO,STN,Girona,"London, Essex",ES,GB,41.904639,2.761774,51.884998,0.235,1126.1,1,FR,738
GRO-LTN,GRO,LTN,Girona,"Luton, Luton",ES,GB,41.904639,2.761774,51.874699,-0.368333,1133.6,1,FR,738
GRO-LWO,GRO,LWO,Girona,Lviv,ES,UA,41.904639,2.761774,49.8125,23.9561,1852.9,1,WU,320
GRO-MST,GRO,MST,Girona,Maastricht,ES,NL,41.904639,2.761774,50.911087,5.769401,1027.4,1,FR,738
GRO-MAN,GRO,MAN,Girona,"Manchester, Greater Manchester",ES,GB,41.904639,2.761774,53.349375,-2.279521,1326.6,1,FR,738
GRO-FMM,GRO,FMM,Girona,Memmingen,ES,DE,41.904639,2.761774,47.988092,10.238248,895.7,1,FR,738
GRO-NCL,GRO,NCL,Girona,"Newcastle upon Tyne, Tyne and Wear",ES,GB,41.904639,2.761774,55.037958,-1.689577,1496.0,1,FR,738
GRO-EMA,GRO,EMA,Girona,"Nottingham, Leicestershire",ES,GB,41.904639,2.761774,52.8311,-1.32806,1252.9,1,FR,738
GRO-BGY,GRO,BGY,Girona,Orio al Serio (BG),ES,IT,41.904639,2.761774,45.669362,9.708851,696.9,1,FR,738
GRO-PMI,GRO,PMI,Girona,Palma de Mallorca,ES,ES,41.904639,2.761774,39.551701,2.73881,261.6,1,FR,738
GRO-PSR,GRO,PSR,Girona,Pescara,ES,IT,41.904639,2.761774,42.431079,14.182981,942.4,1,FR,738
GRO-PSA,GRO,PSA,Girona,Pisa (PI),ES,IT,41.904639,2.761774,43.683899,10.3927,653.0,1,FR,738
GRO-POZ,GRO,POZ,Girona,Poznań,ES,PL,41.904639,2.761774,52.421598,16.823359,1574.9,1,FR,738
GRO-FKB,GRO,FKB,Girona,Rheinmünster,ES,DE,41.904639,2.761774,48.7794,8.0805,869.6,1,FR,738
GRO-RTM,GRO,RTM,Girona,Rotterdam,ES,NL,41.904639,2.761774,51.956902,4.43722,1124.9,1,HV,73H 73W
GRO-SFT,GRO,SFT,Girona,Skellefteå,ES,SE,41.904639,2.761774,64.62480163574219,21.076900482177734,2780.8,1,FR,738
GRO-TLL,GRO,TLL,Girona,Tallinn,ES,EE,41.904639,2.761774,59.413246,24.83264,2467.7,1,FR,738
GRO-TMP,GRO,TMP,Girona,Tampere / Pirkkala,ES,FI,41.904639,2.761774,61.414101,23.604401,2577.3,1,FR,738
GRO-SKG,GRO,SKG,Girona,Thessaloniki,ES,GR,41.904639,2.761774,40.51928,22.970009,1693.5,1,FR,738
GRO-TPS,GRO,TPS,Girona,Trapani (TP),ES,IT,41.904639,2.761774,37.9114,12.488,940.1,1,FR,738
GRO-MLA,GRO,MLA,Girona,Valletta,ES,MT,41.904639,2.761774,35.845932,14.491546,1216.8,1,FR,738
GRO-NRN,GRO,NRN,Girona,Weeze,ES,DE,41.904639,2.761774,51.601362,6.141228,1108.2,1,FR,738
GRO-WRO,GRO,WRO,Girona,Wrocław,ES,PL,41.904639,2.761774,51.103719,16.882096,1483.3,1,FR,738
GRO-BRU,GRO,BRU,Girona,Zaventem,ES,BE,41.904639,2.761774,50.901402,4.48444,1009.0,1,HQ,320
GRX-BCN,GRX,BCN,Granada,Barcelona,ES,ES,37.188702,-3.77736,41.2971,2.07846,680.1,2,"IB,VY",320
GRX-LCY,GRX,LCY,Granada,London,ES,GB,37.188702,-3.77736,51.505299,0.055278,1620.3,2,"BA,IB",E90
GRX-MAD,GRX,MAD,Granada,Madrid,ES,ES,37.188702,-3.77736,40.493407,-3.572249,367.9,1,IB,CR9 CRK CR2
GRX-PMI,GRX,PMI,Granada,Palma de Mallorca,ES,ES,37.188702,-3.77736,39.551701,2.73881,625.7,3,"IB,UX,VY","320,E90"
EAS-BCN,EAS,BCN,Hondarribia,Barcelona,ES,ES,43.356499,-1.79061,41.2971,2.07846,391.9,2,"IB,VY","319,320"
EAS-MAD,EAS,MAD,Hondarribia,Madrid,ES,ES,43.356499,-1.79061,40.493407,-3.572249,350.8,1,IB,AT7 CR2
IBZ-ALC,IBZ,ALC,Ibiza (Eivissa),Alicante,ES,ES,38.872898,1.37312,38.2822,-0.558156,180.3,2,"IB,VY","320,CR9 AT7 CR2"
IBZ-AMS,IBZ,AMS,Ibiza (Eivissa),Amsterdam,ES,NL,38.872898,1.37312,52.308601,4.76389,1516.7,3,"HV,IB,VY","320,73H 73W"
IBZ-BCN,IBZ,BCN,Ibiza (Eivissa),Barcelona,ES,ES,38.872898,1.37312,41.2971,2.07846,276.2,3,"FR,IB,VY","320,738"
IBZ-BRN,IBZ,BRN,Ibiza (Eivissa),Bern,ES,CH,38.872898,1.37312,46.912736,7.498819,1023.1,1,SX,D38
IBZ-BIO,IBZ,BIO,Ibiza (Eivissa),Bilbao,ES,ES,38.872898,1.37312,43.301102,-2.91061,609.2,2,"IB,VY",320
IBZ-BHX,IBZ,BHX,Ibiza (Eivissa),"Birmingham, West Midlands",ES,GB,38.872898,1.37312,52.453899,-1.74803,1529.1,1,FR,738
IBZ-BLQ,IBZ,BLQ,Ibiza (Eivissa),Bologna,ES,IT,38.872898,1.37312,44.5354,11.2887,1035.1,1,FR,738
IBZ-BOH,IBZ,BOH,Ibiza (Eivissa),Bournemouth,ES,GB,38.872898,1.37312,50.780483,-1.839576,1347.7,1,FR,738
IBZ-BRE,IBZ,BRE,Ibiza (Eivissa),Bremen,ES,DE,38.872898,1.37312,53.046786,8.78932,1674.9,1,ST,319
IBZ-BRS,IBZ,BRS,Ibiza (Eivissa),Bristol,ES,GB,38.872898,1.37312,51.382326,-2.716453,1426.9,1,FR,738
IBZ-BSL,IBZ,BSL,Ibiza (Eivissa),Bâle / Mulhouse,ES,FR,38.872898,1.37312,47.60068,7.521117,1090.0,1,AB,320
IBZ-PAD,IBZ,PAD,Ibiza (Eivissa),Büren,ES,DE,38.872898,1.37312,51.612527,8.617459,1524.1,1,AB,738
IBZ-CRL,IBZ,CRL,Ibiza (Eivissa),Charleroi,ES,BE,38.872898,1.37312,50.461963,4.459562,1311.2,1,FR,738
IBZ-DUB,IBZ,DUB,Ibiza (Eivissa),Dublin,ES,IE,38.872898,1.37312,53.428713,-6.262121,1719.7,2,"EI,FR","320,738"
IBZ-DUS,IBZ,DUS,Ibiza (Eivissa),Düsseldorf,ES,DE,38.872898,1.37312,51.289501,6.76678,1443.1,3,"4U,AB,DE","320,321 738 332,32S 757"
IBZ-EIN,IBZ,EIN,Ibiza (Eivissa),Eindhoven,ES,NL,38.872898,1.37312,51.4500999451,5.37452983856,1432.7,2,"FR,HV","738,73W 73H"
IBZ-MXP,IBZ,MXP,Ibiza (Eivissa),Ferno (VA),ES,IT,38.872898,1.37312,45.6306,8.72811,964.0,1,U2,319
IBZ-FRA,IBZ,FRA,Ibiza (Eivissa),Frankfurt am Main,ES,DE,38.872898,1.37312,50.026706,8.55835,1363.6,3,"AB,DE,LH","320,321 319,757 32S"
IBZ-HHN,IBZ,HHN,Ibiza (Eivissa),Frankfurt am Main (Lautzenhausen),ES,DE,38.872898,1.37312,49.946353,7.261734,1316.1,1,FR,738
IBZ-FDH,IBZ,FDH,Ibiza (Eivissa),Friedrichshafen,ES,DE,38.872898,1.37312,47.671299,9.51149,1178.1,1,AB,320
IBZ-GVA,IBZ,GVA,Ibiza (Eivissa),Geneva,ES,CH,38.872898,1.37312,46.238098,6.10895,905.8,1,U2,319
IBZ-GRO,IBZ,GRO,Ibiza (Eivissa),Girona,ES,ES,38.872898,1.37312,41.904639,2.761774,357.0,1,FR,738
IBZ-GLA,IBZ,GLA,Ibiza (Eivissa),Glasgow,ES,GB,38.872898,1.37312,55.871899,-4.43306,1938.4,1,LS,738 73H
IBZ-FMO,IBZ,FMO,Ibiza (Eivissa),Greven,ES,DE,38.872898,1.37312,52.133816,7.688482,1553.0,1,AB,738
IBZ-HAM,IBZ,HAM,Ibiza (Eivissa),Hamburg,ES,DE,38.872898,1.37312,53.630402,9.98823,1766.6,1,AB,320 738
IBZ-HAJ,IBZ,HAJ,Ibiza (Eivissa),Hannover,ES,DE,38.872898,1.37312,52.461102,9.68508,1640.6,1,AB,738
IBZ-CGN,IBZ,CGN,Ibiza (Eivissa),Köln (Cologne),ES,DE,38.872898,1.37312,50.865898,7.14274,1407.8,2,"4U,AB","320 319,738"
IBZ-LBA,IBZ,LBA,Ibiza (Eivissa),"Leeds, West Yorkshire",ES,GB,38.872898,1.37312,53.865898,-1.66057,1682.9,3,"FR,LS,TO","733 73H,738,73H"
IBZ-LPL,IBZ,LPL,Ibiza (Eivissa),Liverpool,ES,GB,38.872898,1.37312,53.334863,-2.849637,1640.0,1,FR,738
IBZ-LCY,IBZ,LCY,Ibiza (Eivissa),London,ES,GB,38.872898,1.37312,51.505299,0.055278,1408.4,2,"BA,IB",E70 E90
IBZ-LGW,IBZ,LGW,Ibiza (Eivissa),London,ES,GB,38.872898,1.37312,51.148744,-0.185739,1370.4,2,"DY,U2","319 320,73H"
IBZ-LHR,IBZ,LHR,Ibiza (Eivissa),London,ES,GB,38.872898,1.37312,51.470748,-0.459909,1408.0,2,"BA,IB",319 320
IBZ-STN,IBZ,STN,Ibiza (Eivissa),"London, Essex",ES,GB,38.872898,1.37312,51.884998,0.235,1449.6,3,"FR,TO,U2","320 319,738,73H"
IBZ-LTN,IBZ,LTN,Ibiza (Eivissa),"Luton, Luton",ES,GB,38.872898,1.37312,51.874699,-0.368333,1452.0,2,"TO,U2","320 319,73H"
IBZ-LUX,IBZ,LUX,Ibiza (Eivissa),Luxembourg,ES,LU,38.872898,1.37312,49.626845,6.212134,1255.7,1,LG,DH4
IBZ-MAD,IBZ,MAD,Ibiza (Eivissa),Madrid,ES,ES,38.872898,1.37312,40.493407,-3.572249,459.9,5,"AZ,FR,IB,UX,VY","320,738,CRK CR9 CR2,E90,E90 738"
IBZ-MAH,IBZ,MAH,Ibiza (Eivissa),Mahón (Maó),ES,ES,38.872898,1.37312,39.862598,4.21865,268.2,1,HQ,319
IBZ-MAN,IBZ,MAN,Ibiza (Eivissa),"Manchester, Greater Manchester",ES,GB,38.872898,1.37312,53.349375,-2.279521,1633.6,4,"DE,FR,LS,TO","733 73H 738 75W,738,757,75W 76W 73H"
IBZ-MRS,IBZ,MRS,Ibiza (Eivissa),"Marignane, Bouches-du-Rhône",ES,FR,38.872898,1.37312,43.438088,5.2125,600.7,1,FR,738
IBZ-MUC,IBZ,MUC,Ibiza (Eivissa),Munich,ES,DE,38.872898,1.37312,48.353802,11.7861,1344.3,2,"AB,DE","32S,738 320"
IBZ-AGP,IBZ,AGP,Ibiza (Eivissa),Málaga,ES,ES,38.872898,1.37312,36.6749,-4.49911,570.9,1,FR,738
IBZ-NCL,IBZ,NCL,Ibiza (Eivissa),"Newcastle upon Tyne, Tyne and Wear",ES,GB,38.872898,1.37312,55.037958,-1.689577,1812.0,2,"LS,TO","733,73H"
IBZ-EMA,IBZ,EMA,Ibiza (Eivissa),"Nottingham, Leicestershire",ES,GB,38.872898,1.37312,52.8311,-1.32806,1565.8,3,"FR,LS,TO","733,738,73H"
IBZ-NUE,IBZ,NUE,Ibiza (Eivissa),Nuremberg,ES,DE,38.872898,1.37312,49.498699,11.078056,1409.8,1,AB,738
IBZ-BGY,IBZ,BGY,Ibiza (Eivissa),Orio al Serio (BG),ES,IT,38.872898,1.37312,45.669362,9.708851,1019.4,1,FR,738
IBZ-PMI,IBZ,PMI,Ibiza (Eivissa),Palma de Mallorca,ES,ES,38.872898,1.37312,39.551701,2.73881,139.8,2,"AB,IB","320 738,CR9 AT7"
IBZ-ORY,IBZ,ORY,Ibiza (Eivissa),"Paris (Orly, Val-de-Marne)",ES,FR,38.872898,1.37312,48.729499,2.358963,1098.8,3,"IB,TO,VY","320,73H"
IBZ-PSA,IBZ,PSA,Ibiza (Eivissa),Pisa (PI),ES,IT,38.872898,1.37312,43.683899,10.3927,923.4,1,FR,738
IBZ-PIK,IBZ,PIK,Ibiza (Eivissa),"Prestwick, South Ayrshire",ES,GB,38.872898,1.37312,55.501499,-4.577182,1901.2,1,FR,738
IBZ-CIA,IBZ,CIA,Ibiza (Eivissa),Rome,ES,IT,38.872898,1.37312,41.798769,12.595331,1004.4,1,FR,738
IBZ-RTM,IBZ,RTM,Ibiza (Eivissa),Rotterdam,ES,NL,38.872898,1.37312,51.956902,4.43722,1474.1,1,HV,73H 73W
IBZ-SEN,IBZ,SEN,Ibiza (Eivissa),"Southend-on-Sea, Essex",ES,GB,38.872898,1.37312,51.570562,0.693627,1412.9,1,U2,319
IBZ-STR,IBZ,STR,Ibiza (Eivissa),Stuttgart,ES,DE,38.872898,1.37312,48.689899,9.22196,1258.8,2,"4U,AB","319,738 320"
IBZ-VLC,IBZ,VLC,Ibiza (Eivissa),Valencia,ES,ES,38.872898,1.37312,39.489162,-0.480961,173.9,3,"FR,IB,VY","320,738,AT7 CR2 CR9"
IBZ-NRN,IBZ,NRN,Ibiza (Eivissa),Weeze,ES,DE,38.872898,1.37312,51.601362,6.141228,1462.9,1,FR,738
IBZ-BRU,IBZ,BRU,Ibiza (Eivissa),Zaventem,ES,BE,38.872898,1.37312,50.901402,4.48444,1359.5,3,"HQ,IB,VY",320
IBZ-ZRH,IBZ,ZRH,Ibiza (Eivissa),Zurich,ES,CH,38.872898,1.37312,47.458056,8.548056,1116.9,1,AB,320
XRY-BCN,XRY,BCN,Jerez de la Frontera,Barcelona,ES,ES,36.744598,-6.06011,41.2971,2.07846,865.7,3,"FR,IB,VY","320,738"
XRY-DUS,XRY,DUS,Jerez de la Frontera,Düsseldorf,ES,DE,36.744598,-6.06011,51.289501,6.76678,1908.9,2,"DE,X3","32S 757,73H"
XRY-FRA,XRY,FRA,Jerez de la Frontera,Frankfurt am Main,ES,DE,36.744598,-6.06011,50.026706,8.55835,1884.2,2,"DE,X3","73H,767 738 757"
XRY-HHN,XRY,HHN,Jerez de la Frontera,Frankfurt am Main (Lautzenhausen),ES,DE,36.744598,-6.06011,49.946353,7.261734,1814.9,1,FR,738
XRY-HAM,XRY,HAM,Jerez de la Frontera,Hamburg,ES,DE,36.744598,-6.06011,53.630402,9.98823,2248.5,2,"DE,X3","32S,73H"
XRY-HAJ,XRY,HAJ,Jerez de la Frontera,Hannover,ES,DE,36.744598,-6.06011,52.461102,9.68508,2136.5,1,X3,73H
XRY-CGN,XRY,CGN,Jerez de la Frontera,Köln (Cologne),ES,DE,36.744598,-6.06011,50.865898,7.14274,1887.9,1,4U,319
XRY-STN,XRY,STN,Jerez de la Frontera,"London, Essex",ES,GB,36.744598,-6.06011,51.884998,0.235,1754.8,1,FR,738
XRY-LUX,XRY,LUX,Jerez de la Frontera,Luxembourg,ES,LU,36.744598,-6.06011,49.626845,6.212134,1739.2,1,LG,73H
XRY-MAD,XRY,MAD,Jerez de la Frontera,Madrid,ES,ES,36.744598,-6.06011,40.493407,-3.572249,469.5,1,IB,CRK CR2 CR9
XRY-MUC,XRY,MUC,Jerez de la Frontera,Munich,ES,DE,36.744598,-6.06011,48.353802,11.7861,1941.6,2,"DE,X3","32S,73H"
XRY-AGP,XRY,AGP,Jerez de la Frontera,Málaga,ES,ES,36.744598,-6.06011,36.6749,-4.49911,139.4,1,LG,73H
XRY-PMI,XRY,PMI,Jerez de la Frontera,Palma de Mallorca,ES,ES,36.744598,-6.06011,39.551701,2.73881,829.9,1,AB,320
XRY-STR,XRY,STR,Jerez de la Frontera,Stuttgart,ES,DE,36.744598,-6.06011,48.689899,9.22196,1816.2,2,"DE,X3","32S,73H"
LEN-BCN,LEN,BCN,La Virgen del Camino,Barcelona,ES,ES,42.590709,-5.653406,41.2971,2.07846,655.2,1,IB,CR2
ILD-PMI,ILD,PMI,Lleida,Palma de Mallorca,ES,ES,41.728185,0.535023,39.551701,2.73881,305.2,1,IB,CR9
MAD-AHO,MAD,AHO,Madrid,Alghero,ES,IT,40.493407,-3.572249,40.632099,8.29077,1001.5,1,FR,738
MAD-ALC,MAD,ALC,Madrid,Alicante,ES,ES,40.493407,-3.572249,38.2822,-0.558156,357.1,1,IB,32S
MAD-LEI,MAD,LEI,Madrid,Almería,ES,ES,40.493407,-3.572249,36.843899,-2.3701,419.0,2,"IB,UX","ATR,CRK CR2 AT7 CR9"
MAD-AMS,MAD,AMS,Madrid,Amsterdam,ES,NL,40.493407,-3.572249,52.308601,4.76389,1458.8,3,"KL,MU,UX","737,738"
MAD-BJZ,MAD,BJZ,Madrid,Badajoz,ES,ES,40.493407,-3.572249,38.8913,-6.82133,330.1,1,UX,ATR
MAD-KRK,MAD,KRK,Madrid,Balice,ES,PL,40.493407,-3.572249,50.077702,19.7848,2102.3,1,FR,738
MAD-BCN,MAD,BCN,Madrid,Barcelona,ES,ES,40.493407,-3.572249,41.2971,2.07846,483.2,4,"EB,IB,UX,VY","319 320 321,320,332 333,744"
MAD-BVA,MAD,BVA,Madrid,Beauvais,ES,FR,40.493407,-3.572249,49.454399,2.11278,1091.4,1,FR,738
MAD-BIO,MAD,BIO,Madrid,Bilbao,ES,ES,40.493407,-3.572249,43.301102,-2.91061,317.0,2,"IB,UX","319 321 320,E90"
MAD-BLQ,MAD,BLQ,Madrid,Bologna,ES,IT,40.493407,-3.572249,44.5354,11.2887,1296.0,2,"FR,IB","738,CRK"
MAD-BOD,MAD,BOD,Madrid,Bordeaux,ES,FR,40.493407,-3.572249,44.82865,-0.715356,535.6,1,IB,CRK CR9
MAD-BRS,MAD,BRS,Madrid,Bristol,ES,GB,40.493407,-3.572249,51.382326,-2.716453,1212.6,1,U2,320 319
MAD-BUD,MAD,BUD,Madrid,Budapest,ES,HU,40.493407,-3.572249,47.43018,19.262393,1974.4,2,"FR,W6","320,738"
MAD-BSL,MAD,BSL,Madrid,Bâle / Mulhouse,ES,FR,40.493407,-3.572249,47.60068,7.521117,1185.6,1,U2,319 320
MAD-CAG,MAD,CAG,Madrid,Cagliari,ES,IT,40.493407,-3.572249,39.251499,9.05428,1085.4,1,FR,738
MAD-TRN,MAD,TRN,Madrid,Caselle Torinese (TO),ES,IT,40.493407,-3.572249,45.200802,7.64963,1052.6,1,IB,CRK CR9
MAD-CTA,MAD,CTA,Madrid,Catania,ES,IT,40.493407,-3.572249,37.466801,15.0664,1642.6,1,FR,738
MAD-CRL,MAD,CRL,Madrid,Charleroi,ES,BE,40.493407,-3.572249,50.461963,4.459562,1271.4,1,FR,738
MAD-CLJ,MAD,CLJ,Madrid,Cluj-Napoca,ES,RO,40.493407,-3.572249,46.786042,23.685733,2289.0,1,W6,320
MAD-LYS,MAD,LYS,Madrid,"Colombier-Saugnieu, Rhône",ES,FR,40.493407,-3.572249,45.725996,5.090139,911.8,2,"IB,U2","319,CRK"
MAD-CPH,MAD,CPH,Madrid,Copenhagen,ES,DK,40.493407,-3.572249,55.617900848389,12.656000137329,2058.6,3,"DY,IB,SK","320 321,32S,73H"
MAD-LCG,MAD,LCG,Madrid,Culleredo,ES,ES,40.493407,-3.572249,43.302101,-8.37726,505.5,3,"AZ,IB,UX","319 320 321,E90"
MAD-DUB,MAD,DUB,Madrid,Dublin,ES,IE,40.493407,-3.572249,53.428713,-6.262121,1452.5,3,"EI,FR,IB","320,32S,738"
MAD-DUS,MAD,DUS,Madrid,Düsseldorf,ES,DE,40.493407,-3.572249,51.289501,6.76678,1439.6,3,"4U,AB,IB","32A 738 321,32S,CRJ"
MAD-EDI,MAD,EDI,Madrid,Edinburgh,ES,GB,40.493407,-3.572249,55.950145,-3.372288,1718.8,1,U2,319 320
MAD-EIN,MAD,EIN,Madrid,Eindhoven,ES,NL,40.493407,-3.572249,51.4500999451,5.37452983856,1398.5,1,HV,73W
MAD-MXP,MAD,MXP,Madrid,Ferno (VA),ES,IT,40.493407,-3.572249,45.6306,8.72811,1149.2,3,"IB,U2,UX","319,321 320,738"
MAD-FLR,MAD,FLR,Madrid,Firenze (FI),ES,IT,40.493407,-3.572249,43.808558,11.202822,1270.6,2,"IB,VY","319,320"
MAD-FRA,MAD,FRA,Madrid,Frankfurt am Main,ES,DE,40.493407,-3.572249,50.026706,8.55835,1419.5,8,"AB,AY,ET,IB,LA,LH,UX,VN","321 320,321 32A 319 320,32A,32S,738,787,E90"
MAD-GVA,MAD,GVA,Madrid,Geneva,ES,CH,40.493407,-3.572249,46.238098,6.10895,1008.9,4,"AB,IB,LX,U2","319 320,320 319"
MAD-GRX,MAD,GRX,Madrid,Granada,ES,ES,40.493407,-3.572249,37.188702,-3.77736,367.9,1,IB,CRK CR9 CR2
MAD-HAM,MAD,HAM,Madrid,Hamburg,ES,DE,40.493407,-3.572249,53.630402,9.98823,1779.2,1,4U,CRJ
MAD-HEL,MAD,HEL,Madrid,Helsinki (Vantaa),ES,FI,40.493407,-3.572249,60.318363,24.963341,2945.9,2,"AY,IB",321
MAD-EAS,MAD,EAS,Madrid,Hondarribia,ES,ES,40.493407,-3.572249,43.356499,-1.79061,350.8,1,IB,AT7 CR2
MAD-IBZ,MAD,IBZ,Madrid,Ibiza (Eivissa),ES,ES,40.493407,-3.572249,38.872898,1.37312,459.9,5,"AZ,FR,IB,UX,VY","320,738,738 E90,CRK CR9 CR2,E90 738"
MAD-IST,MAD,IST,Madrid,Istanbul,ES,TR,40.493407,-3.572249,41.274874,28.732136,2701.4,1,TK,332 738 739 321
MAD-XRY,MAD,XRY,Madrid,Jerez de la Frontera,ES,ES,40.493407,-3.572249,36.744598,-6.06011,469.5,1,IB,CRK CR9 CR2
MAD-LIS,MAD,LIS,Madrid,Lisbon,ES,PT,40.493407,-3.572249,38.7813,-9.13592,512.9,6,"IB,S4,TP,U2,US,UX","100 ER4 319 320,319,319 ER4 100,321 320 319,ER4,ER4 319 320 100"
MAD-LPL,MAD,LPL,Madrid,Liverpool,ES,GB,40.493407,-3.572249,53.334863,-2.849637,1428.9,1,U2,320 319
MAD-LCY,MAD,LCY,Madrid,London,ES,GB,40.493407,-3.572249,51.505299,0.055278,1255.7,2,"BA,IB",E90
MAD-LGW,MAD,LGW,Madrid,London,ES,GB,40.493407,-3.572249,51.148744,-0.185739,1213.2,2,"U2,UX","320 319,738"
MAD-LHR,MAD,LHR,Madrid,London,ES,GB,40.493407,-3.572249,51.470748,-0.459909,1243.8,2,"BA,IB","321 320 345 333 342,767 320 319 321"
MAD-STN,MAD,STN,Madrid,"London, Essex",ES,GB,40.493407,-3.572249,51.884998,0.235,1299.7,1,FR,738
MAD-LTN,MAD,LTN,Madrid,"Luton, Luton",ES,GB,40.493407,-3.572249,51.874699,-0.368333,1289.0,1,U2,319 320
MAD-LUX,MAD,LUX,Madrid,Luxembourg,ES,LU,40.493407,-3.572249,49.626845,6.212134,1271.3,1,LG,ER4
MAD-MAH,MAD,MAH,Madrid,Mahón (Maó),ES,ES,40.493407,-3.572249,39.862598,4.21865,665.4,1,IB,CRK
MAD-MAN,MAD,MAN,Madrid,"Manchester, Greater Manchester",ES,GB,40.493407,-3.572249,53.349375,-2.279521,1432.8,1,FR,738
MAD-MRS,MAD,MRS,Madrid,"Marignane, Bouches-du-Rhône",ES,FR,40.493407,-3.572249,43.438088,5.2125,796.2,2,"FR,IB","738,CRK"
MAD-DME,MAD,DME,Madrid,Moscow,ES,RU,40.493407,-3.572249,55.408798,37.9063,3436.4,2,"IB,S7",319
MAD-SVO,MAD,SVO,Madrid,Moscow,ES,RU,40.493407,-3.572249,55.976858,37.41121,3419.1,2,"SU,UX","321 320,32S"
MAD-VKO,MAD,VKO,Madrid,Moscow,ES,RU,40.493407,-3.572249,55.591499,37.261501,3400.7,1,UN,738 73G
MAD-MUC,MAD,MUC,Madrid,Munich,ES,DE,40.493407,-3.572249,48.353802,11.7861,1496.0,4,"AB,IB,LH,UX","319 320 321,321 320 319,E90"
MAD-AGP,MAD,AGP,Madrid,Málaga,ES,ES,40.493407,-3.572249,36.6749,-4.49911,432.2,2,"IB,UX","32S,ATR"
MAD-NTE,MAD,NTE,Madrid,Nantes,ES,FR,40.493407,-3.572249,47.153198,-1.61073,757.0,1,IB,CRK
MAD-NCE,MAD,NCE,Madrid,"Nice, Alpes-Maritimes",ES,FR,40.493407,-3.572249,43.658401,7.21587,956.5,1,IB,CRK CR9
MAD-BGY,MAD,BGY,Madrid,Orio al Serio (BG),ES,IT,40.493407,-3.572249,45.669362,9.708851,1220.4,1,FR,738
MAD-OTP,MAD,OTP,Madrid,Otopeni,ES,RO,40.493407,-3.572249,44.571792,26.103285,2459.3,3,"RO,UX,W6","320,737,73H"
MAD-PMO,MAD,PMO,Madrid,Palermo,ES,IT,40.493407,-3.572249,38.175999,13.091,1453.8,1,FR,738
MAD-PMI,MAD,PMI,Madrid,Palma de Mallorca,ES,ES,40.493407,-3.572249,39.551701,2.73881,547.4,4,"AZ,FR,IB,UX","32S,738,738 E90"
MAD-PNA,MAD,PNA,Madrid,Pamplona,ES,ES,40.493407,-3.572249,42.77,-1.64633,299.5,1,IB,CR9 CR2 CRK
MAD-ORY,MAD,ORY,Madrid,"Paris (Orly, Val-de-Marne)",ES,FR,40.493407,-3.572249,48.729499,2.358963,1028.4,3,"AF,IB,UX","320 321 319,738 E90"
MAD-CDG,MAD,CDG,Madrid,"Paris (Roissy-en-France, Val-d'Oise)",ES,FR,40.493407,-3.572249,49.00896,2.554117,1062.5,3,"AF,U2,VY","319,320,321 320 318 32A 319"
MAD-PSA,MAD,PSA,Madrid,Pisa (PI),ES,IT,40.493407,-3.572249,43.683899,10.3927,1204.0,1,FR,738
MAD-OPO,MAD,OPO,Madrid,Porto,ES,PT,40.493407,-3.572249,41.2481002808,-8.68138980865,437.6,6,"FR,IB,S4,TG,TP,US","738,CRK CR9,ER4"
MAD-PRG,MAD,PRG,Madrid,Prague,ES,CZ,40.493407,-3.572249,50.100874,14.259911,1749.3,4,"IB,OK,QS,UX","319 321,320,321 320,32S"
MAD-OVD,MAD,OVD,Madrid,Ranón,ES,ES,40.493407,-3.572249,43.563599,-6.03462,397.3,2,"IB,UX","319 320,ATR"
MAD-CIA,MAD,CIA,Madrid,Rome,ES,IT,40.493407,-3.572249,41.798769,12.595331,1359.5,1,FR,738
MAD-FCO,MAD,FCO,Madrid,Rome,ES,IT,40.493407,-3.572249,41.804532,12.251998,1331.0,3,"AZ,IB,UX","321 319,321 32S 319 320,738"
MAD-RTM,MAD,RTM,Madrid,Rotterdam,ES,NL,40.493407,-3.572249,51.956902,4.43722,1413.8,1,HV,73H 73W
MAD-SDR,MAD,SDR,Madrid,Santander,ES,ES,40.493407,-3.572249,43.427101,-3.82001,326.9,1,IB,319
MAD-SCQ,MAD,SCQ,Madrid,Santiago de Compostela,ES,ES,40.493407,-3.572249,42.896301,-8.41514,482.7,2,"FR,IB","32S,738"
MAD-LIN,MAD,LIN,Madrid,Segrate (MI),ES,IT,40.493407,-3.572249,45.445099,9.27674,1179.6,1,IB,321 320
MAD-SVQ,MAD,SVQ,Madrid,Seville,ES,ES,40.493407,-3.572249,37.417999,-5.89311,396.5,1,IB,32S
MAD-SOF,MAD,SOF,Madrid,Sofia,ES,BG,40.493407,-3.572249,42.696357,23.417671,2248.1,3,"FB,IB,W6","319 320 E90,320"
MAD-ATH,MAD,ATH,Madrid,Spata-Artemida,ES,GR,40.493407,-3.572249,37.936401,23.9445,2377.9,2,"A3,OA",320
MAD-ARN,MAD,ARN,Madrid,Stockholm,ES,SE,40.493407,-3.572249,59.64849,17.928829,2599.7,2,"IB,SK","32S,73H 73W"
MAD-SXB,MAD,SXB,Madrid,Strasbourg,ES,FR,40.493407,-3.572249,48.5383,7.62823,1258.0,1,IB,CR2
MAD-LDE,MAD,LDE,Madrid,Tarbes/Lourdes/Pyrénées,ES,FR,40.493407,-3.572249,43.178699,-0.006439,420.0,1,IB,CR9
MAD-TSR,MAD,TSR,Madrid,Timişoara,ES,RO,40.493407,-3.572249,45.809898,21.3379,2095.7,1,W6,320
MAD-TLS,MAD,TLS,Madrid,Toulouse/Blagnac,ES,FR,40.493407,-3.572249,43.629101,1.36382,536.1,1,IB,CR9 CRK CR2
MAD-VLC,MAD,VLC,Madrid,Valencia,ES,ES,40.493407,-3.572249,39.489162,-0.480961,286.0,3,"AY,IB,UX","ATR,CR9,CR9 AT7 CRK CR2"
MAD-MLA,MAD,MLA,Madrid,Valletta,ES,MT,40.493407,-3.572249,35.845932,14.491546,1658.0,1,FR,738
MAD-VCE,MAD,VCE,Madrid,Venezia (VE),ES,IT,40.493407,-3.572249,45.505299,12.3519,1406.7,1,IB,321 319 320
MAD-VIE,MAD,VIE,Madrid,Vienna,ES,AT,40.493407,-3.572249,48.110298,16.5697,1805.3,3,"AB,HG,IB","320,320 321,320 321 319"
MAD-VGO,MAD,VGO,Madrid,Vigo,ES,ES,40.493407,-3.572249,42.2318,-8.62677,463.9,4,"AY,AZ,IB,UX","32S,E90"
MAD-WAW,MAD,WAW,Madrid,Warsaw,ES,PL,40.493407,-3.572249,52.165699,20.9671,2270.1,1,LO,734 E95
MAD-BRU,MAD,BRU,Madrid,Zaventem,ES,BE,40.493407,-3.572249,50.901402,4.48444,1313.8,5,"AM,HU,IB,SN,UX","319,320 319 AR1,321 320,E90"
MAD-ZRH,MAD,ZRH,Madrid,Zurich,ES,CH,40.493407,-3.572249,47.458056,8.548056,1238.7,3,"AB,IB,LX","319,320 32A"
MAH-BCN,MAH,BCN,Mahón (Maó),Barcelona,ES,ES,39.862598,4.21865,41.2971,2.07846,241.0,3,"FR,IB,VY","320,738"
MAH-BHX,MAH,BHX,Mahón (Maó),"Birmingham, West Midlands",ES,GB,39.862598,4.21865,52.453899,-1.74803,1472.3,1,ZB,321
MAH-DUS,MAH,DUS,Mahón (Maó),Düsseldorf,ES,DE,39.862598,4.21865,51.289501,6.76678,1285.8,1,AB,738
MAH-EDI,MAH,EDI,Mahón (Maó),Edinburgh,ES,GB,39.862598,4.21865,55.950145,-3.372288,1873.5,1,LS,733
MAH-FRA,MAH,FRA,Mahón (Maó),Frankfurt am Main,ES,DE,39.862598,4.21865,50.026706,8.55835,1180.1,1,X3,73H
MAH-GRO,MAH,GRO,Mahón (Maó),Girona,ES,ES,39.862598,4.21865,41.904639,2.761774,258.0,1,HQ,320
MAH-HAM,MAH,HAM,Mahón (Maó),Hamburg,ES,DE,39.862598,4.21865,53.630402,9.98823,1591.5,1,X3,73H
MAH-HAJ,MAH,HAJ,Mahón (Maó),Hannover,ES,DE,39.862598,4.21865,52.461102,9.68508,1461.7,1,X3,73H
MAH-CGN,MAH,CGN,Mahón (Maó),Köln (Cologne),ES,DE,39.862598,4.21865,50.865898,7.14274,1244.4,1,AB,738
MAH-LBA,MAH,LBA,Mahón (Maó),"Leeds, West Yorkshire",ES,GB,39.862598,4.21865,53.865898,-1.66057,1618.6,2,"LS,ZB","320,733"
MAH-LCY,MAH,LCY,Mahón (Maó),London,ES,GB,39.862598,4.21865,51.505299,0.055278,1333.8,1,BA,E90
MAH-LGW,MAH,LGW,Mahón (Maó),London,ES,GB,39.862598,4.21865,51.148744,-0.185739,1300.4,3,"TO,U2,ZB","319 320,321,73H"
MAH-LTN,MAH,LTN,Mahón (Maó),"Luton, Luton",ES,GB,39.862598,4.21865,51.874699,-0.368333,1381.4,1,ZB,321
MAH-MAD,MAH,MAD,Mahón (Maó),Madrid,ES,ES,39.862598,4.21865,40.493407,-3.572249,665.4,1,IB,CRK
MAH-MAN,MAH,MAN,Mahón (Maó),"Manchester, Greater Manchester",ES,GB,39.862598,4.21865,53.349375,-2.279521,1578.1,3,"LS,TO,ZB","321,733,73H"
MAH-MUC,MAH,MUC,Mahón (Maó),Munich,ES,DE,39.862598,4.21865,48.353802,11.7861,1119.7,1,AB,738
MAH-NCL,MAH,NCL,Mahón (Maó),"Newcastle upon Tyne, Tyne and Wear",ES,GB,39.862598,4.21865,55.037958,-1.689577,1743.4,1,LS,733
MAH-EMA,MAH,EMA,Mahón (Maó),"Nottingham, Leicestershire",ES,GB,39.862598,4.21865,52.8311,-1.32806,1502.4,3,"FR,LS,TO","733,738,73H"
MAH-PMI,MAH,PMI,Mahón (Maó),Palma de Mallorca,ES,ES,39.862598,4.21865,39.551701,2.73881,131.2,2,"AB,IB","320 319,CR9"
MAH-STR,MAH,STR,Mahón (Maó),Stuttgart,ES,DE,39.862598,4.21865,48.689899,9.22196,1058.7,1,X3,73H
MAH-VLC,MAH,VLC,Mahón (Maó),Valencia,ES,ES,39.862598,4.21865,39.489162,-0.480961,404.3,2,"FR,IB","738,CR2 AT7"
MAH-BRU,MAH,BRU,Mahón (Maó),Zaventem,ES,BE,39.862598,4.21865,50.901402,4.48444,1227.6,1,HQ,319
AGP-AAL,AGP,AAL,Málaga,Aalborg,ES,DK,36.6749,-4.49911,57.094763,9.84993,2507.1,1,DY,73H
AGP-AAR,AGP,AAR,Málaga,Aarhus,ES,DK,36.6749,-4.49911,56.303331,10.618286,2458.0,1,FR,738
AGP-AMS,AGP,AMS,Málaga,Amsterdam,ES,NL,36.6749,-4.49911,52.308601,4.76389,1883.7,3,"HV,IB,VY","320,73H 73W"
AGP-KRK,AGP,KRK,Málaga,Balice,ES,PL,36.6749,-4.49911,50.077702,19.7848,2445.6,1,FR,738
AGP-BCN,AGP,BCN,Málaga,Barcelona,ES,ES,36.6749,-4.49911,41.2971,2.07846,766.0,3,"FR,IB,VY","320,738"
AGP-BVA,AGP,BVA,Málaga,Beauvais,ES,FR,36.6749,-4.49911,49.454399,2.11278,1517.7,1,FR,738
AGP-BFS,AGP,BFS,Málaga,Belfast,ES,GB,36.6749,-4.49911,54.6575012207,-6.2158298492399995,2003.9,2,"LS,U2","319,733"
AGP-BHD,AGP,BHD,Málaga,Belfast,ES,GB,36.6749,-4.49911,54.618099,-5.8725,1997.9,1,EI,320
AGP-BGO,AGP,BGO,Málaga,Bergen,ES,NO,36.6749,-4.49911,60.2934,5.21814,2715.5,1,DY,73H
AGP-BIO,AGP,BIO,Málaga,Bilbao,ES,ES,36.6749,-4.49911,43.301102,-2.91061,749.1,2,"IB,VY",320
AGP-BLL,AGP,BLL,Málaga,Billund,ES,DK,36.6749,-4.49911,55.740335,9.157019,2356.3,1,FR,738
AGP-BHX,AGP,BHX,Málaga,"Birmingham, West Midlands",ES,GB,36.6749,-4.49911,52.453899,-1.74803,1767.7,2,"FR,ZB","321,738"
AGP-BLQ,AGP,BLQ,Málaga,Bologna,ES,IT,36.6749,-4.49911,44.5354,11.2887,1589.5,1,FR,738
AGP-BOD,AGP,BOD,Málaga,Bordeaux,ES,FR,36.6749,-4.49911,44.82865,-0.715356,960.7,1,V7,717
AGP-BOH,AGP,BOH,Málaga,Bournemouth,ES,GB,36.6749,-4.49911,50.780483,-1.839576,1582.7,1,FR,738
AGP-BTS,AGP,BTS,Málaga,Bratislava,ES,SK,36.6749,-4.49911,48.1702,17.2127,2180.6,1,FR,738
AGP-BRE,AGP,BRE,Málaga,Bremen,ES,DE,36.6749,-4.49911,53.046786,8.78932,2092.6,1,FR,738
AGP-BRS,AGP,BRS,Málaga,Bristol,ES,GB,36.6749,-4.49911,51.382326,-2.716453,1641.5,2,"FR,U2","320 319,738"
AGP-BVE,AGP,BVE,Málaga,Brive,ES,FR,36.6749,-4.49911,45.039722,1.485556,1056.8,1,LG,73W
AGP-BUD,AGP,BUD,Málaga,Budapest,ES,HU,36.6749,-4.49911,47.43018,19.262393,2283.7,1,W6,320
AGP-BSL,AGP,BSL,Málaga,Bâle / Mulhouse,ES,FR,36.6749,-4.49911,47.60068,7.521117,1564.1,1,U2,319 320
AGP-CWL,AGP,CWL,Málaga,Cardiff,ES,GB,36.6749,-4.49911,51.396702,-3.34333,1639.5,3,"IB,TO,VY","320,73H"
AGP-CRL,AGP,CRL,Málaga,Charleroi,ES,BE,36.6749,-4.49911,50.461963,4.459562,1691.5,1,FR,738
AGP-NOC,AGP,NOC,Málaga,Charlestown,ES,IE,36.6749,-4.49911,53.910439,-8.817002,1945.1,1,FR,738
AGP-LYS,AGP,LYS,Málaga,"Colombier-Saugnieu, Rhône",ES,FR,36.6749,-4.49911,45.725996,5.090139,1285.1,2,"IB,VY",320
AGP-CPH,AGP,CPH,Málaga,Copenhagen,ES,DK,36.6749,-4.49911,55.617900848389,12.656000137329,2471.5,4,"DY,IB,SK,VY","320,321,73H"
AGP-ORK,AGP,ORK,Málaga,Cork,ES,IE,36.6749,-4.49911,51.841301,-8.49111,1715.5,2,"EI,FR","320,738"
AGP-DTM,AGP,DTM,Málaga,Dortmund,ES,DE,36.6749,-4.49911,51.518299,7.61224,1907.3,1,FR,738
AGP-DUB,AGP,DUB,Málaga,Dublin,ES,IE,36.6749,-4.49911,53.428713,-6.262121,1867.9,2,"EI,FR","330 320,738"
AGP-DUS,AGP,DUS,Málaga,Düsseldorf,ES,DE,36.6749,-4.49911,51.289501,6.76678,1853.5,2,"AB,LH","320,332 321"
AGP-EDI,AGP,EDI,Málaga,Edinburgh,ES,GB,36.6749,-4.49911,55.950145,-3.372288,2145.0,2,"FR,LS","733,738"
AGP-EIN,AGP,EIN,Málaga,Eindhoven,ES,NL,36.6749,-4.49911,51.4500999451,5.37452983856,1818.7,2,"FR,HV","738,73H 73W"
AGP-EXT,AGP,EXT,Málaga,"Exeter, Devon",ES,GB,36.6749,-4.49911,50.734261,-3.413984,1565.7,1,BE,E95
AGP-MXP,AGP,MXP,Málaga,Ferno (VA),ES,IT,36.6749,-4.49911,45.6306,8.72811,1485.8,1,U2,319 320
AGP-FRA,AGP,FRA,Málaga,Frankfurt am Main,ES,DE,36.6749,-4.49911,50.026706,8.55835,1816.0,1,LH,321 320
AGP-HHN,AGP,HHN,Málaga,Frankfurt am Main (Lautzenhausen),ES,DE,36.6749,-4.49911,49.946353,7.261734,1751.2,1,FR,738
AGP-GVA,AGP,GVA,Málaga,Geneva,ES,CH,36.6749,-4.49911,46.238098,6.10895,1380.3,2,"LX,U2","319 320,320 AR1"
AGP-GLA,AGP,GLA,Málaga,Glasgow,ES,GB,36.6749,-4.49911,55.871899,-4.43306,2134.6,3,"LS,TO,U2","320 319,73H 738,75W"
AGP-FMO,AGP,FMO,Málaga,Greven,ES,DE,36.6749,-4.49911,52.133816,7.688482,1966.8,1,FR,738
AGP-GOT,AGP,GOT,Málaga,Göteborg,ES,SE,36.6749,-4.49911,57.6628,12.2798,2639.6,2,"DY,SK",73H
AGP-HAM,AGP,HAM,Málaga,Hamburg,ES,DE,36.6749,-4.49911,53.630402,9.98823,2191.7,4,"AB,DY,IB,VY","320,320 738 321,73H"
AGP-HAJ,AGP,HAJ,Málaga,Hannover,ES,DE,36.6749,-4.49911,52.461102,9.68508,2075.9,2,"IB,VY",320
AGP-HEL,AGP,HEL,Málaga,Helsinki (Vantaa),ES,FI,36.6749,-4.49911,60.318363,24.963341,3352.7,2,"AY,DY","320 32B 321,73H"
AGP-IBZ,AGP,IBZ,Málaga,Ibiza (Eivissa),ES,ES,36.6749,-4.49911,38.872898,1.37312,570.9,2,"FR,UX",738
AGP-IST,AGP,IST,Málaga,Istanbul,ES,TR,36.6749,-4.49911,41.274874,28.732136,2899.6,1,TK,738
AGP-HAU,AGP,HAU,Málaga,Karmøy,ES,NO,36.6749,-4.49911,59.345299,5.20836,2615.9,1,FR,738
AGP-CGN,AGP,CGN,Málaga,Köln (Cologne),ES,DE,36.6749,-4.49911,50.865898,7.14274,1829.1,3,"AB,DY,FR","738,73H"
AGP-LBA,AGP,LBA,Málaga,"Leeds, West Yorkshire",ES,GB,36.6749,-4.49911,53.865898,-1.66057,1924.0,2,"FR,LS","738,73H 733 752 75W"
AGP-LIL,AGP,LIL,Málaga,Lesquin,ES,FR,36.6749,-4.49911,50.566564,3.102429,1659.3,1,HQ,320
AGP-LIS,AGP,LIS,Málaga,Lisbon,ES,PT,36.6749,-4.49911,38.7813,-9.13592,470.2,2,"S4,TP",BEH
AGP-LPL,AGP,LPL,Málaga,Liverpool,ES,GB,36.6749,-4.49911,53.334863,-2.849637,1856.9,2,"FR,U2","319,738"
AGP-LCY,AGP,LCY,Málaga,London,ES,GB,36.6749,-4.49911,51.505299,0.055278,1687.9,2,"BA,IB",E90
AGP-LGW,AGP,LGW,Málaga,London,ES,GB,36.6749,-4.49911,51.148744,-0.185739,1645.4,6,"BA,DY,IB,TO,U2,ZB","319 734 320,320 319,321 752,73H"
AGP-LHR,AGP,LHR,Málaga,London,ES,GB,36.6749,-4.49911,51.470748,-0.459909,1675.9,2,"AA,BA",320
AGP-STN,AGP,STN,Málaga,"London, Essex",ES,GB,36.6749,-4.49911,51.884998,0.235,1731.8,2,"FR,U2","319,738"
AGP-LTN,AGP,LTN,Málaga,"Luton, Luton",ES,GB,36.6749,-4.49911,51.874699,-0.368333,1721.1,3,"TO,U2,ZB","319 320,321 320,73H"
AGP-LUX,AGP,LUX,Málaga,Luxembourg,ES,LU,36.6749,-4.49911,49.626845,6.212134,1678.2,1,LG,73W ER4 73H
AGP-MAD,AGP,MAD,Málaga,Madrid,ES,ES,36.6749,-4.49911,40.493407,-3.572249,432.2,2,"IB,UX","32S,ATR 738"
AGP-MMX,AGP,MMX,Málaga,Malmö,ES,SE,36.6749,-4.49911,55.535564,13.376327,2493.2,1,FR,738
AGP-MAN,AGP,MAN,Málaga,"Manchester, Greater Manchester",ES,GB,36.6749,-4.49911,53.349375,-2.279521,1862.1,5,"FR,LS,TO,U2,ZB","319 320,321 320,738,752 75W 733,75W 73H"
AGP-MRS,AGP,MRS,Málaga,"Marignane, Bouches-du-Rhône",ES,FR,36.6749,-4.49911,43.438088,5.2125,1116.1,1,FR,738
AGP-FMM,AGP,FMM,Málaga,Memmingen,ES,DE,36.6749,-4.49911,47.988092,10.238248,1740.6,1,FR,738
AGP-DME,AGP,DME,Málaga,Moscow,ES,RU,36.6749,-4.49911,55.408798,37.9063,3793.5,2,"IB,VY",320
AGP-SVO,AGP,SVO,Málaga,Moscow,ES,RU,36.6749,-4.49911,55.976858,37.41121,3781.1,2,"SU,UX","320,32S"
AGP-VKO,AGP,VKO,Málaga,Moscow,ES,RU,36.6749,-4.49911,55.591499,37.261501,3760.0,1,UN,738
AGP-MUC,AGP,MUC,Málaga,Munich,ES,DE,36.6749,-4.49911,48.353802,11.7861,1854.9,5,"AB,DY,IB,LH,VY","320,320 321,738 320,73H"
AGP-NTE,AGP,NTE,Málaga,Nantes,ES,FR,36.6749,-4.49911,47.153198,-1.61073,1189.2,2,"IB,VY",320
AGP-NCL,AGP,NCL,Málaga,"Newcastle upon Tyne, Tyne and Wear",ES,GB,36.6749,-4.49911,55.037958,-1.689577,2053.0,3,"LS,TO,U2","319 320,733 73C,73H"
AGP-EMA,AGP,EMA,Málaga,"Nottingham, Leicestershire",ES,GB,36.6749,-4.49911,52.8311,-1.32806,1813.4,3,"FR,LS,ZB","321,733 73H,738"
AGP-NUE,AGP,NUE,Málaga,Nuremberg,ES,DE,36.6749,-4.49911,49.498699,11.078056,1898.6,1,FR,738
AGP-NYO,AGP,NYO,Málaga,Nyköping,ES,SE,36.6749,-4.49911,58.789656,16.911479,2906.2,1,FR,738
AGP-BGY,AGP,BGY,Málaga,Orio al Serio (BG),ES,IT,36.6749,-4.49911,45.669362,9.708851,1549.8,1,FR,738
AGP-OSL,AGP,OSL,Málaga,Oslo (Gardermoen),ES,NO,36.6749,-4.49911,60.193901,11.1004,2840.5,2,"DY,SK","738,73H"
AGP-PMI,AGP,PMI,Málaga,Palma de Mallorca,ES,ES,36.6749,-4.49911,39.551701,2.73881,709.1,5,"AB,FR,IB,UX,VY","320,320 321,738"
AGP-ORY,AGP,ORY,Málaga,"Paris (Orly, Val-de-Marne)",ES,FR,36.6749,-4.49911,48.729499,2.358963,1451.4,3,"IB,TO,VY","320,73H"
AGP-CDG,AGP,CDG,Málaga,"Paris (Roissy-en-France, Val-d'Oise)",ES,FR,36.6749,-4.49911,49.00896,2.554117,1485.6,3,"AF,U2,UX","319 320,738"
AGP-PRG,AGP,PRG,Málaga,Prague,ES,CZ,36.6749,-4.49911,50.100874,14.259911,2116.1,1,OK,738
AGP-PIK,AGP,PIK,Málaga,"Prestwick, South Ayrshire",ES,GB,36.6749,-4.49911,55.501499,-4.577182,2093.4,1,FR,738
AGP-OVD,AGP,OVD,Málaga,Ranón,ES,ES,36.6749,-4.49911,43.563599,-6.03462,777.0,2,"IB,VY",320
AGP-FKB,AGP,FKB,Málaga,Rheinmünster,ES,DE,36.6749,-4.49911,48.7794,8.0805,1688.6,1,FR,738
AGP-CIA,AGP,CIA,Málaga,Rome,ES,IT,36.6749,-4.49911,41.798769,12.595331,1575.2,1,FR,738
AGP-FCO,AGP,FCO,Málaga,Rome,ES,IT,36.6749,-4.49911,41.804532,12.251998,1548.0,3,"AZ,IB,VY","319 320,320"
AGP-RTM,AGP,RTM,Málaga,Rotterdam,ES,NL,36.6749,-4.49911,51.956902,4.43722,1838.7,1,HV,73H 73W
AGP-TRF,AGP,TRF,Málaga,Sandefjord(Torp),ES,NO,36.6749,-4.49911,59.186699,10.2586,2719.9,2,"DY,FR","738,73H"
AGP-SDR,AGP,SDR,Málaga,Santander,ES,ES,36.6749,-4.49911,43.427101,-3.82001,753.0,1,FR,738
AGP-SCQ,AGP,SCQ,Málaga,Santiago de Compostela,ES,ES,36.6749,-4.49911,42.896301,-8.41514,768.2,3,"FR,IB,VY","320,738"
AGP-SNN,AGP,SNN,Málaga,Shannon,ES,IE,36.6749,-4.49911,52.702,-8.92482,1815.3,2,"EI,FR","320,738"
AGP-SOF,AGP,SOF,Málaga,Sofia,ES,BG,36.6749,-4.49911,42.696357,23.417671,2468.3,1,FB,320 319
AGP-SOU,AGP,SOU,Málaga,Southampton,ES,GB,36.6749,-4.49911,50.950298,-1.3568,1606.9,1,BE,E95
AGP-SEN,AGP,SEN,Málaga,"Southend-on-Sea, Essex",ES,GB,36.6749,-4.49911,51.570562,0.693627,1706.3,1,U2,319
AGP-SVG,AGP,SVG,Málaga,Stavanger,ES,NO,36.6749,-4.49911,58.876701,5.63778,2575.6,1,DY,73H
AGP-ARN,AGP,ARN,Málaga,Stockholm,ES,SE,36.6749,-4.49911,59.64849,17.928829,3015.9,2,"DY,SK",73H
AGP-VST,AGP,VST,Málaga,Stockholm / Västerås,ES,SE,36.6749,-4.49911,59.589401,16.6336,2963.1,1,FR,738
AGP-STR,AGP,STR,Málaga,Stuttgart,ES,DE,36.6749,-4.49911,48.689899,9.22196,1738.9,2,"4U,AB","320 319,320 738"
AGP-TMP,AGP,TMP,Málaga,Tampere / Pirkkala,ES,FI,36.6749,-4.49911,61.414101,23.604401,3374.5,1,FR,738
AGP-TLS,AGP,TLS,Málaga,Toulouse/Blagnac,ES,FR,36.6749,-4.49911,43.629101,1.36382,919.3,2,"IB,VY",320
AGP-TSF,AGP,TSF,Málaga,Treviso (TV),ES,IT,36.6749,-4.49911,45.648399,12.1944,1711.5,1,FR,738
AGP-TRD,AGP,TRD,Málaga,Trondheim,ES,NO,36.6749,-4.49911,63.457802,10.924,3155.7,1,DY,73H
AGP-VLC,AGP,VLC,Málaga,Valencia,ES,ES,36.6749,-4.49911,39.489162,-0.480961,470.7,1,IB,AT7
AGP-VIE,AGP,VIE,Málaga,Vienna,ES,AT,36.6749,-4.49911,48.110298,16.5697,2135.5,2,"AB,HG",321 320
AGP-WAW,AGP,WAW,Málaga,Warsaw,ES,PL,36.6749,-4.49911,52.165699,20.9671,2632.0,1,DY,73H
AGP-NRN,AGP,NRN,Málaga,Weeze,ES,DE,36.6749,-4.49911,51.601362,6.141228,1859.9,1,FR,738
AGP-WRO,AGP,WRO,Málaga,Wrocław,ES,PL,36.6749,-4.49911,51.103719,16.882096,2331.2,1,FR,738
AGP-BRU,AGP,BRU,Málaga,Zaventem,ES,BE,36.6749,-4.49911,50.901402,4.48444,1735.5,5,"FR,HQ,IB,SN,VY","320,320 319,738"
AGP-ZRH,AGP,ZRH,Málaga,Zurich,ES,CH,36.6749,-4.49911,47.458056,8.548056,1607.3,1,LX,321 320
PMI-AAL,PMI,AAL,Palma de Mallorca,Aalborg,ES,DK,39.551701,2.73881,57.094763,9.84993,2017.7,1,DY,73H
PMI-AAR,PMI,AAR,Palma de Mallorca,Aarhus,ES,DK,39.551701,2.73881,56.303331,10.618286,1950.0,1,FR,738
PMI-ALC,PMI,ALC,Palma de Mallorca,Alicante,ES,ES,39.551701,2.73881,38.2822,-0.558156,318.2,3,"AB,IB,VY","320,321 320"
PMI-LEI,PMI,LEI,Palma de Mallorca,Almería,ES,ES,39.551701,2.73881,36.843899,-2.3701,538.3,1,AB,738
PMI-AMS,PMI,AMS,Palma de Mallorca,Amsterdam,ES,NL,39.551701,2.73881,52.308601,4.76389,1427.0,3,"HV,IB,VY","320,73H 73W"
PMI-BCN,PMI,BCN,Palma de Mallorca,Barcelona,ES,ES,39.551701,2.73881,41.2971,2.07846,202.0,6,"AZ,FR,IB,OK,UX,VY","320,738,E90,E90 738"
PMI-BVA,PMI,BVA,Palma de Mallorca,Beauvais,ES,FR,39.551701,2.73881,49.454399,2.11278,1102.2,1,FR,738
PMI-BFS,PMI,BFS,Palma de Mallorca,Belfast,ES,GB,39.551701,2.73881,54.6575012207,-6.2158298492399995,1807.8,2,"LS,U2","319,733"
PMI-BHD,PMI,BHD,Palma de Mallorca,Belfast,ES,GB,39.551701,2.73881,54.618099,-5.8725,1794.5,1,EI,320 319
PMI-BGO,PMI,BGO,Palma de Mallorca,Bergen,ES,NO,39.551701,2.73881,60.2934,5.21814,2312.8,1,DY,73H
PMI-BRN,PMI,BRN,Palma de Mallorca,Bern,ES,CH,39.551701,2.73881,46.912736,7.498819,904.4,1,SX,D38
PMI-BIO,PMI,BIO,Palma de Mallorca,Bilbao,ES,ES,39.551701,2.73881,43.301102,-2.91061,628.8,4,"AB,IB,UX,VY","320,320 738,320 CR9,E90"
PMI-BLL,PMI,BLL,Palma de Mallorca,Billund,ES,DK,39.551701,2.73881,55.740335,9.157019,1861.3,1,FR,738
PMI-BHX,PMI,BHX,Palma de Mallorca,"Birmingham, West Midlands",ES,GB,39.551701,2.73881,52.453899,-1.74803,1475.2,5,"FR,TCX,TO,TOM,ZB","320 321,738,752,75W,75W 73H"
PMI-BLQ,PMI,BLQ,Palma de Mallorca,Bologna,ES,IT,39.551701,2.73881,44.5354,11.2887,896.7,1,FR,738
PMI-BOD,PMI,BOD,Palma de Mallorca,Bordeaux,ES,FR,39.551701,2.73881,44.82865,-0.715356,652.0,3,"IB,V7,VY","320,717"
PMI-BOH,PMI,BOH,Palma de Mallorca,Bournemouth,ES,GB,39.551701,2.73881,50.780483,-1.839576,1298.5,2,"FR,TO","738,73H"
PMI-BTS,PMI,BTS,Palma de Mallorca,Bratislava,ES,SK,39.551701,2.73881,48.1702,17.2127,1500.7,1,FR,738
PMI-BRE,PMI,BRE,Palma de Mallorca,Bremen,ES,DE,39.551701,2.73881,53.046786,8.78932,1569.5,3,"AB,FR,ST","320 738 319,321,738"
PMI-BRS,PMI,BRS,Palma de Mallorca,Bristol,ES,GB,39.551701,2.73881,51.382326,-2.716453,1381.6,4,"FR,TO,TOM,U2","320 319,738,75W"
PMI-BSL,PMI,BSL,Palma de Mallorca,Bâle / Mulhouse,ES,FR,39.551701,2.73881,47.60068,7.521117,973.9,3,"AB,U2,X3","319 320,320 738,73H"
PMI-PAD,PMI,PAD,Palma de Mallorca,Büren,ES,DE,39.551701,2.73881,51.612527,8.617459,1415.8,2,"AB,DE","320 738,32S"
PMI-KSF,PMI,KSF,Palma de Mallorca,Calden,ES,DE,39.551701,2.73881,51.418395,9.391638,1416.3,1,ST,321
PMI-CWL,PMI,CWL,Palma de Mallorca,Cardiff,ES,GB,39.551701,2.73881,51.396702,-3.34333,1398.7,1,TO,73H
PMI-CRL,PMI,CRL,Palma de Mallorca,Charleroi,ES,BE,39.551701,2.73881,50.461963,4.459562,1220.6,1,FR,738
PMI-LYS,PMI,LYS,Palma de Mallorca,"Colombier-Saugnieu, Rhône",ES,FR,39.551701,2.73881,45.725996,5.090139,712.9,2,"IB,VY",320
PMI-CPH,PMI,CPH,Palma de Mallorca,Copenhagen,ES,DK,39.551701,2.73881,55.617900848389,12.656000137329,1930.6,3,"AB,DY,SK","320 321,738,73H"
PMI-ORK,PMI,ORK,Palma de Mallorca,Cork,ES,IE,39.551701,2.73881,51.841301,-8.49111,1617.0,2,"EI,FR","320,738"
PMI-DTM,PMI,DTM,Palma de Mallorca,Dortmund,ES,DE,39.551701,2.73881,51.518299,7.61224,1382.9,3,"4U,AB,FR","319 320,738"
PMI-DRS,PMI,DRS,Palma de Mallorca,Dresden,ES,DE,39.551701,2.73881,51.134123,13.767831,1546.0,1,AB,738 321
PMI-DUB,PMI,DUB,Palma de Mallorca,Dublin,ES,IE,39.551701,2.73881,53.428713,-6.262121,1686.8,2,"EI,FR","320,738"
PMI-DUS,PMI,DUS,Palma de Mallorca,Düsseldorf,ES,DE,39.551701,2.73881,51.289501,6.76678,1342.0,5,"4U,AB,DE,HK,X3","320,332 321 738 320,73H,757"
PMI-EDI,PMI,EDI,Palma de Mallorca,Edinburgh,ES,GB,39.551701,2.73881,55.950145,-3.372288,1878.0,4,"FR,LS,TO,U2","319,733,738,73H"
PMI-EIN,PMI,EIN,Palma de Mallorca,Eindhoven,ES,NL,39.551701,2.73881,51.4500999451,5.37452983856,1338.7,2,"FR,HV","738,73W 73H"
PMI-ERF,PMI,ERF,Palma de Mallorca,Erfurt,ES,DE,39.551701,2.73881,50.978281,10.960713,1422.1,1,ST,73G
PMI-EXT,PMI,EXT,Palma de Mallorca,"Exeter, Devon",ES,GB,39.551701,2.73881,50.734261,-3.413984,1332.6,3,"BE,TO,TOM","73H,E95"
PMI-FAO,PMI,FAO,Palma de Mallorca,Faro,ES,PT,39.551701,2.73881,37.015909,-7.970939,975.7,1,AB,738 320
PMI-GRZ,PMI,GRZ,Palma de Mallorca,Feldkirchen bei Graz,ES,AT,39.551701,2.73881,46.9911,15.4396,1316.9,2,"AB,HG",320
PMI-MXP,PMI,MXP,Palma de Mallorca,Ferno (VA),ES,IT,39.551701,2.73881,45.6306,8.72811,834.5,1,U2,319
PMI-FRA,PMI,FRA,Palma de Mallorca,Frankfurt am Main,ES,DE,39.551701,2.73881,50.026706,8.55835,1251.1,4,"AB,DE,LH,X3","319 32A,321 320 332,73H,757"
PMI-HHN,PMI,HHN,Palma de Mallorca,Frankfurt am Main (Lautzenhausen),ES,DE,39.551701,2.73881,49.946353,7.261734,1209.2,1,FR,738
PMI-FDH,PMI,FDH,Palma de Mallorca,Friedrichshafen,ES,DE,39.551701,2.73881,47.671299,9.51149,1053.8,2,"AB,ST","320,73G"
PMI-GVA,PMI,GVA,Palma de Mallorca,Geneva,ES,CH,39.551701,2.73881,46.238098,6.10895,792.4,2,"LX,U2","319 320,320"
PMI-GRO,PMI,GRO,Palma de Mallorca,Girona,ES,ES,39.551701,2.73881,41.904639,2.761774,261.6,1,FR,738
PMI-GLA,PMI,GLA,Palma de Mallorca,Glasgow,ES,GB,39.551701,2.73881,55.871899,-4.43306,1889.9,4,"LS,TO,TOM,U2","319,73H 738,73H 75W,75W"
PMI-GRX,PMI,GRX,Palma de Mallorca,Granada,ES,ES,39.551701,2.73881,37.188702,-3.77736,625.7,3,"IB,UX,VY","320,E90"
PMI-FMO,PMI,FMO,Palma de Mallorca,Greven,ES,DE,39.551701,2.73881,52.133816,7.688482,1449.8,1,AB,738 320
PMI-GRQ,PMI,GRQ,Palma de Mallorca,Groningen,ES,NL,39.551701,2.73881,53.119107,6.577652,1536.6,2,"FR,HV","738,73H"
PMI-LGG,PMI,LGG,Palma de Mallorca,Grâce-Hollogne,ES,BE,39.551701,2.73881,50.638574,5.443897,1250.7,1,HQ,320
PMI-GOT,PMI,GOT,Palma de Mallorca,Göteborg,ES,SE,39.551701,2.73881,57.6628,12.2798,2127.7,1,SK,320
PMI-HAM,PMI,HAM,Palma de Mallorca,Hamburg,ES,DE,39.551701,2.73881,53.630402,9.98823,1658.5,4,"4U,AB,DE,U2","319,738 320 332 319,757"
PMI-HAJ,PMI,HAJ,Palma de Mallorca,Hannover,ES,DE,39.551701,2.73881,52.461102,9.68508,1530.7,4,"4U,AB,DE,X3","319,321 32S,321 738,73H"
PMI-HEL,PMI,HEL,Palma de Mallorca,Helsinki (Vantaa),ES,FI,39.551701,2.73881,60.318363,24.963341,2774.5,1,DY,73H
PMI-IBZ,PMI,IBZ,Palma de Mallorca,Ibiza (Eivissa),ES,ES,39.551701,2.73881,38.872898,1.37312,139.8,2,"AB,IB","320 738,CR9 AT7"
PMI-INN,PMI,INN,Palma de Mallorca,Innsbruck,ES,AT,39.551701,2.73881,47.260201,11.344,1102.2,2,"AB,HG",320
PMI-XRY,PMI,XRY,Palma de Mallorca,Jerez de la Frontera,ES,ES,39.551701,2.73881,36.744598,-6.06011,829.9,1,AB,320
PMI-KUN,PMI,KUN,Palma de Mallorca,Kaunas,ES,LT,39.551701,2.73881,54.963965,24.08582,2333.5,1,FR,738
PMI-CGN,PMI,CGN,Palma de Mallorca,Köln (Cologne),ES,DE,39.551701,2.73881,50.865898,7.14274,1303.9,5,"4U,AB,DE,FR,X3","320 319,738,738 332 320,73H,757"
PMI-RLG,PMI,RLG,Palma de Mallorca,Laage,ES,DE,39.551701,2.73881,53.918201,12.2783,1751.5,1,ST,73G
PMI-LBA,PMI,LBA,Palma de Mallorca,"Leeds, West Yorkshire",ES,GB,39.551701,2.73881,53.865898,-1.66057,1625.8,4,"FR,LS,TO,ZB","320,738,73H,752 733 73H 75W"
PMI-LNZ,PMI,LNZ,Palma de Mallorca,Linz,ES,AT,39.551701,2.73881,48.235362,14.188128,1329.1,2,"AB,HG",320
PMI-LPL,PMI,LPL,Palma de Mallorca,Liverpool,ES,GB,39.551701,2.73881,53.334863,-2.849637,1590.1,2,"FR,U2","320 319,738"
PMI-ILD,PMI,ILD,Palma de Mallorca,Lleida,ES,ES,39.551701,2.73881,41.728185,0.535023,305.2,1,IB,CR9
PMI-LCY,PMI,LCY,Palma de Mallorca,London,ES,GB,39.551701,2.73881,51.505299,0.055278,1345.3,2,"BA,IB",E90
PMI-LGW,PMI,LGW,Palma de Mallorca,London,ES,GB,39.551701,2.73881,51.148744,-0.185739,1309.3,6,"DY,TCX,TO,TOM,U2,ZB","319 320,321,321 752,73H,73H 75W"
PMI-LHR,PMI,LHR,Palma de Mallorca,London,ES,GB,39.551701,2.73881,51.470748,-0.459909,1348.2,2,"BA,IB",319 320
PMI-STN,PMI,STN,Palma de Mallorca,"London, Essex",ES,GB,39.551701,2.73881,51.884998,0.235,1384.9,3,"FR,TO,U2","319,738,73H"
PMI-LTN,PMI,LTN,Palma de Mallorca,"Luton, Luton",ES,GB,39.551701,2.73881,51.874699,-0.368333,1391.0,3,"TO,U2,ZB","320 319,321 320,75W 73H"
PMI-LUX,PMI,LUX,Palma de Mallorca,Luxembourg,ES,LU,39.551701,2.73881,49.626845,6.212134,1153.2,1,LG,73H 73W
PMI-LBC,PMI,LBC,Palma de Mallorca,Lübeck,ES,DE,39.551701,2.73881,53.805401,10.7192,1695.3,1,FR,738
PMI-MST,PMI,MST,Palma de Mallorca,Maastricht,ES,NL,39.551701,2.73881,50.911087,5.769401,1284.9,1,FR,738
PMI-MAD,PMI,MAD,Palma de Mallorca,Madrid,ES,ES,39.551701,2.73881,40.493407,-3.572249,547.4,4,"AZ,FR,IB,UX","32S,738,738 E90"
PMI-MAH,PMI,MAH,Palma de Mallorca,Mahón (Maó),ES,ES,39.551701,2.73881,39.862598,4.21865,131.2,2,"AB,IB","320 319,CR9"
PMI-MAN,PMI,MAN,Palma de Mallorca,"Manchester, Greater Manchester",ES,GB,39.551701,2.73881,53.349375,-2.279521,1580.7,8,"DE,FR,LS,TCX,TO,TOM,U2,ZB","319 320,321,321 320 332 752,738,73H,73H 75W,757,75W 73H 752"
PMI-MRS,PMI,MRS,Palma de Mallorca,"Marignane, Bouches-du-Rhône",ES,FR,39.551701,2.73881,43.438088,5.2125,478.7,3,"FR,IB,VY","320,738"
PMI-FMM,PMI,FMM,Palma de Mallorca,Memmingen,ES,DE,39.551701,2.73881,47.988092,10.238248,1113.5,2,"FR,X3","738,73H"
PMI-DME,PMI,DME,Palma de Mallorca,Moscow,ES,RU,39.551701,2.73881,55.408798,37.9063,3125.7,2,"IB,VY",320
PMI-MUC,PMI,MUC,Palma de Mallorca,Munich,ES,DE,39.551701,2.73881,48.353802,11.7861,1215.7,4,"AB,DE,LH,X3","320 319 321,320 321 738,32S 757,73H"
PMI-AGP,PMI,AGP,Palma de Mallorca,Málaga,ES,ES,39.551701,2.73881,36.6749,-4.49911,709.1,4,"AB,FR,IB,VY","320,320 321,738"
PMI-NTE,PMI,NTE,Palma de Mallorca,Nantes,ES,FR,39.551701,2.73881,47.153198,-1.61073,915.1,1,V7,717
PMI-NCL,PMI,NCL,Palma de Mallorca,"Newcastle upon Tyne, Tyne and Wear",ES,GB,39.551701,2.73881,55.037958,-1.689577,1753.2,4,"LS,TO,TOM,U2","320 319,73H,752 733"
PMI-EMA,PMI,EMA,Palma de Mallorca,"Nottingham, Leicestershire",ES,GB,39.551701,2.73881,52.8311,-1.32806,1508.8,5,"FR,LS,TO,TOM,ZB","321,733 73H,738,73H"
PMI-WMI,PMI,WMI,Palma de Mallorca,Nowy Dwór Mazowiecki,ES,PL,39.551701,2.73881,52.451099,20.6518,1982.3,1,FR,738
PMI-NUE,PMI,NUE,Palma de Mallorca,Nuremberg,ES,DE,39.551701,2.73881,49.498699,11.078056,1286.8,2,"AB,X3","738,73H"
PMI-NYO,PMI,NYO,Palma de Mallorca,Nyköping,ES,SE,39.551701,2.73881,58.789656,16.911479,2363.1,1,FR,738
PMI-OST,PMI,OST,Palma de Mallorca,Oostende,ES,BE,39.551701,2.73881,51.1998,2.874673,1295.3,1,HQ,320
PMI-BGY,PMI,BGY,Palma de Mallorca,Orio al Serio (BG),ES,IT,39.551701,2.73881,45.669362,9.708851,887.0,1,FR,738
PMI-OSL,PMI,OSL,Palma de Mallorca,Oslo (Gardermoen),ES,NO,39.551701,2.73881,60.193901,11.1004,2367.8,2,"DY,SK","738,73H"
PMI-ORY,PMI,ORY,Palma de Mallorca,"Paris (Orly, Val-de-Marne)",ES,FR,39.551701,2.73881,48.729499,2.358963,1021.0,4,"AF,IB,UX,VY","320,E90 738"
PMI-OPO,PMI,OPO,Palma de Mallorca,Porto,ES,PT,39.551701,2.73881,41.2481002808,-8.68138980865,984.5,1,FR,738
PMI-PRG,PMI,PRG,Palma de Mallorca,Prague,ES,CZ,39.551701,2.73881,50.100874,14.259911,1480.2,2,"OK,QS",738
PMI-PIK,PMI,PIK,Palma de Mallorca,"Prestwick, South Ayrshire",ES,GB,39.551701,2.73881,55.501499,-4.577182,1854.2,1,FR,738
PMI-OVD,PMI,OVD,Palma de Mallorca,Ranón,ES,ES,39.551701,2.73881,43.563599,-6.03462,854.8,2,"IB,V7","717,CR9 CRK"
PMI-REU,PMI,REU,Palma de Mallorca,Reus,ES,ES,39.551701,2.73881,41.147509,1.168354,221.8,1,FR,738
PMI-FKB,PMI,FKB,Palma de Mallorca,Rheinmünster,ES,DE,39.551701,2.73881,48.7794,8.0805,1110.3,2,"AB,FR","320 321 73G,738"
PMI-CIA,PMI,CIA,Palma de Mallorca,Rome,ES,IT,39.551701,2.73881,41.798769,12.595331,867.4,1,FR,738
PMI-RTM,PMI,RTM,Palma de Mallorca,Rotterdam,ES,NL,39.551701,2.73881,51.956902,4.43722,1385.6,1,HV,73H
PMI-SCN,PMI,SCN,Palma de Mallorca,Saarbrücken,ES,DE,39.551701,2.73881,49.214545,7.109735,1128.7,1,AB,73G 738 320
PMI-SZG,PMI,SZG,Palma de Mallorca,Salzburg,ES,AT,39.551701,2.73881,47.793301,13.0043,1231.4,2,"AB,HG",320
PMI-TRF,PMI,TRF,Palma de Mallorca,Sandefjord(Torp),ES,NO,39.551701,2.73881,59.186699,10.2586,2246.8,1,DY,73H
PMI-SDR,PMI,SDR,Palma de Mallorca,Santander,ES,ES,39.551701,2.73881,43.427101,-3.82001,695.4,1,FR,738
PMI-SCQ,PMI,SCQ,Palma de Mallorca,Santiago de Compostela,ES,ES,39.551701,2.73881,42.896301,-8.41514,1003.2,2,"FR,IB","738,CR9"
PMI-LEJ,PMI,LEJ,Palma de Mallorca,Schkeuditz,ES,DE,39.551701,2.73881,51.420657,12.232705,1510.3,2,"AB,DE","321,738 320"
PMI-SVQ,PMI,SVQ,Palma de Mallorca,Seville,ES,ES,39.551701,2.73881,37.417999,-5.89311,787.5,4,"AB,FR,IB,VY","320,738"
PMI-SNN,PMI,SNN,Palma de Mallorca,Shannon,ES,IE,39.551701,2.73881,52.702,-8.92482,1711.6,1,FR,738
PMI-SOF,PMI,SOF,Palma de Mallorca,Sofia,ES,BG,39.551701,2.73881,42.696357,23.417671,1762.3,1,FB,320 E90
PMI-SOU,PMI,SOU,Palma de Mallorca,Southampton,ES,GB,39.551701,2.73881,50.950298,-1.3568,1306.9,1,BE,E95
PMI-SEN,PMI,SEN,Palma de Mallorca,"Southend-on-Sea, Essex",ES,GB,39.551701,2.73881,51.570562,0.693627,1345.7,1,U2,319
PMI-ARN,PMI,ARN,Palma de Mallorca,Stockholm,ES,SE,39.551701,2.73881,59.64849,17.928829,2474.7,2,"DY,SK",73H
PMI-STR,PMI,STR,Palma de Mallorca,Stuttgart,ES,DE,39.551701,2.73881,48.689899,9.22196,1139.3,4,"4U,AB,DE,X3","319 320,32S,332 738 321 320,73H"
PMI-TLS,PMI,TLS,Palma de Mallorca,Toulouse/Blagnac,ES,FR,39.551701,2.73881,43.629101,1.36382,467.6,2,"IB,VY",320
PMI-VLC,PMI,VLC,Palma de Mallorca,Valencia,ES,ES,39.551701,2.73881,39.489162,-0.480961,276.3,5,"AB,AZ,FR,IB,UX","738,738 320 73G,CR9 AT7,E90,E90 ATR"
PMI-VIE,PMI,VIE,Palma de Mallorca,Vienna,ES,AT,39.551701,2.73881,48.110298,16.5697,1457.7,3,"AB,HG,OS","319,320 321 E90,321 320"
PMI-NRN,PMI,NRN,Palma de Mallorca,Weeze,ES,DE,39.551701,2.73881,51.601362,6.141228,1365.4,1,FR,738
PMI-ZAZ,PMI,ZAZ,Palma de Mallorca,Zaragoza,ES,ES,39.551701,2.73881,41.666199,-1.04155,396.3,1,UX,E90
PMI-BRU,PMI,BRU,Palma de Mallorca,Zaventem,ES,BE,39.551701,2.73881,50.901402,4.48444,1269.3,4,"FR,HQ,IB,VY","320,320 319,738"
PMI-ZRH,PMI,ZRH,Palma de Mallorca,Zurich,ES,CH,39.551701,2.73881,47.458056,8.548056,995.5,2,"AB,LX","321 320,738 320 332 321"
PNA-MAD,PNA,MAD,Pamplona,Madrid,ES,ES,42.77,-1.64633,40.493407,-3.572249,299.5,2,"AY,IB","CR9,CRK CR9 CR2"
OVD-BCN,OVD,BCN,Ranón,Barcelona,ES,ES,43.563599,-6.03462,41.2971,2.07846,711.6,2,"IB,VY",320
OVD-STN,OVD,STN,Ranón,"London, Essex",ES,GB,43.563599,-6.03462,51.884998,0.235,1036.4,1,U2,319
OVD-MAD,OVD,MAD,Ranón,Madrid,ES,ES,43.563599,-6.03462,40.493407,-3.572249,397.3,2,"IB,UX","319 320,ATR"
OVD-AGP,OVD,AGP,Ranón,Málaga,ES,ES,43.563599,-6.03462,36.6749,-4.49911,777.0,2,"IB,VY",320
OVD-PMI,OVD,PMI,Ranón,Palma de Mallorca,ES,ES,43.563599,-6.03462,39.551701,2.73881,854.8,2,"IB,V7","717,CR9 CRK"
OVD-CDG,OVD,CDG,Ranón,"Paris (Roissy-en-France, Val-d'Oise)",ES,FR,43.563599,-6.03462,49.00896,2.554117,894.6,2,"IB,VY",320
OVD-SVQ,OVD,SVQ,Ranón,Seville,ES,ES,43.563599,-6.03462,37.417999,-5.89311,683.5,2,"IB,VY",320
OVD-VLC,OVD,VLC,Ranón,Valencia,ES,ES,43.563599,-6.03462,39.489162,-0.480961,647.0,2,"IB,V7","717,CRK CR9"
REU-BFS,REU,BFS,Reus,Belfast,ES,GB,41.147509,1.168354,54.6575012207,-6.2158298492399995,1597.8,1,LS,733
REU-BHX,REU,BHX,Reus,"Birmingham, West Midlands",ES,GB,41.147509,1.168354,52.453899,-1.74803,1276.4,1,FR,738
REU-BRS,REU,BRS,Reus,Bristol,ES,GB,41.147509,1.168354,51.382326,-2.716453,1176.1,2,"FR,TO","738,75W"
REU-CRL,REU,CRL,Reus,Charleroi,ES,BE,41.147509,1.168354,50.461963,4.459562,1066.4,1,FR,738
REU-DUB,REU,DUB,Reus,Dublin,ES,IE,41.147509,1.168354,53.428713,-6.262121,1474.2,1,FR,738
REU-EIN,REU,EIN,Reus,Eindhoven,ES,NL,41.147509,1.168354,51.4500999451,5.37452983856,1189.8,1,FR,738
REU-HHN,REU,HHN,Reus,Frankfurt am Main (Lautzenhausen),ES,DE,41.147509,1.168354,49.946353,7.261734,1086.5,1,FR,738
REU-LPL,REU,LPL,Reus,Liverpool,ES,GB,41.147509,1.168354,53.334863,-2.849637,1388.1,1,FR,738
REU-STN,REU,STN,Reus,"London, Essex",ES,GB,41.147509,1.168354,51.884998,0.235,1196.1,1,FR,738
REU-LTN,REU,LTN,Reus,"Luton, Luton",ES,GB,41.147509,1.168354,51.874699,-0.368333,1198.5,1,FR,738
REU-MAN,REU,MAN,Reus,"Manchester, Greater Manchester",ES,GB,41.147509,1.168354,53.349375,-2.279521,1381.1,3,"FR,LS,TO","733,738,75W"
REU-NCL,REU,NCL,Reus,"Newcastle upon Tyne, Tyne and Wear",ES,GB,41.147509,1.168354,55.037958,-1.689577,1558.7,1,LS,733
REU-EMA,REU,EMA,Reus,"Nottingham, Leicestershire",ES,GB,41.147509,1.168354,52.8311,-1.32806,1312.7,1,FR,738
REU-PMI,REU,PMI,Reus,Palma de Mallorca,ES,ES,41.147509,1.168354,39.551701,2.73881,221.8,1,FR,738
REU-PIK,REU,PIK,Reus,"Prestwick, South Ayrshire",ES,GB,41.147509,1.168354,55.501499,-4.577182,1650.3,1,FR,738
REU-BRU,REU,BRU,Reus,Zaventem,ES,BE,41.147509,1.168354,50.901402,4.48444,1114.1,1,HQ,319
SLM-BCN,SLM,BCN,Salamanca,Barcelona,ES,ES,40.952099,-5.50199,41.2971,2.07846,635.9,1,IB,CR2
SDR-BCN,SDR,BCN,Santander,Barcelona,ES,ES,43.427101,-3.82001,41.2971,2.07846,539.2,3,"FR,IB,VY","320,738"
SDR-CRL,SDR,CRL,Santander,Charleroi,ES,BE,43.427101,-3.82001,50.461963,4.459562,1002.2,1,FR,738
SDR-DUB,SDR,DUB,Santander,Dublin,ES,IE,43.427101,-3.82001,53.428713,-6.262121,1126.5,1,FR,738
SDR-EDI,SDR,EDI,Santander,Edinburgh,ES,GB,43.427101,-3.82001,55.950145,-3.372288,1392.9,1,FR,738
SDR-HHN,SDR,HHN,Santander,Frankfurt am Main (Lautzenhausen),ES,DE,43.427101,-3.82001,49.946353,7.261734,1111.5,1,FR,738
SDR-STN,SDR,STN,Santander,"London, Essex",ES,GB,43.427101,-3.82001,51.884998,0.235,987.9,1,FR,738
SDR-MAD,SDR,MAD,Santander,Madrid,ES,ES,43.427101,-3.82001,40.493407,-3.572249,326.9,1,IB,319
SDR-AGP,SDR,AGP,Santander,Málaga,ES,ES,43.427101,-3.82001,36.6749,-4.49911,753.0,1,FR,738
SDR-BGY,SDR,BGY,Santander,Orio al Serio (BG),ES,IT,43.427101,-3.82001,45.669362,9.708851,1099.2,1,FR,738
SDR-PMI,SDR,PMI,Santander,Palma de Mallorca,ES,ES,43.427101,-3.82001,39.551701,2.73881,695.4,1,FR,738
SDR-CIA,SDR,CIA,Santander,Rome,ES,IT,43.427101,-3.82001,41.798769,12.595331,1353.2,1,FR,738
SDR-SVQ,SDR,SVQ,Santander,Seville,ES,ES,43.427101,-3.82001,37.417999,-5.89311,690.8,1,FR,738
SDR-VLC,SDR,VLC,Santander,Valencia,ES,ES,43.427101,-3.82001,39.489162,-0.480961,518.7,1,FR,738
SDR-NRN,SDR,NRN,Santander,Weeze,ES,DE,43.427101,-3.82001,51.601362,6.141228,1175.0,1,FR,738
SCQ-ALC,SCQ,ALC,Santiago de Compostela,Alicante,ES,ES,42.896301,-8.41514,38.2822,-0.558156,838.1,1,FR,738
SCQ-BCN,SCQ,BCN,Santiago de Compostela,Barcelona,ES,ES,42.896301,-8.41514,41.2971,2.07846,883.3,3,"FR,IB,VY","320,738"
SCQ-BIO,SCQ,BIO,Santiago de Compostela,Bilbao,ES,ES,42.896301,-8.41514,43.301102,-2.91061,449.1,2,"IB,TK","320,CR9"
SCQ-BSL,SCQ,BSL,Santiago de Compostela,Bâle / Mulhouse,ES,FR,42.896301,-8.41514,47.60068,7.521117,1349.6,1,U2,320 319
SCQ-DUB,SCQ,DUB,Santiago de Compostela,Dublin,ES,IE,42.896301,-8.41514,53.428713,-6.262121,1181.8,1,EI,320
SCQ-HHN,SCQ,HHN,Santiago de Compostela,Frankfurt am Main (Lautzenhausen),ES,DE,42.896301,-8.41514,49.946353,7.261734,1430.4,1,FR,738
SCQ-GVA,SCQ,GVA,Santiago de Compostela,Geneva,ES,CH,42.896301,-8.41514,46.238098,6.10895,1207.0,1,U2,319 320
SCQ-IBZ,SCQ,IBZ,Santiago de Compostela,Ibiza (Eivissa),ES,ES,42.896301,-8.41514,38.872898,1.37312,935.8,1,UX,738
SCQ-LGW,SCQ,LGW,Santiago de Compostela,London,ES,GB,42.896301,-8.41514,51.148744,-0.185739,1108.1,1,U2,319
SCQ-STN,SCQ,STN,Santiago de Compostela,"London, Essex",ES,GB,42.896301,-8.41514,51.884998,0.235,1191.1,1,FR,738
SCQ-MAD,SCQ,MAD,Santiago de Compostela,Madrid,ES,ES,42.896301,-8.41514,40.493407,-3.572249,482.7,2,"FR,IB","32S,738"
SCQ-AGP,SCQ,AGP,Santiago de Compostela,Málaga,ES,ES,42.896301,-8.41514,36.6749,-4.49911,768.2,3,"FR,IB,VY","320,738"
SCQ-BGY,SCQ,BGY,Santiago de Compostela,Orio al Serio (BG),ES,IT,42.896301,-8.41514,45.669362,9.708851,1471.9,1,FR,738
SCQ-PMI,SCQ,PMI,Santiago de Compostela,Palma de Mallorca,ES,ES,42.896301,-8.41514,39.551701,2.73881,1003.2,3,"FR,IB,UX","738,CR9"
SCQ-CDG,SCQ,CDG,Santiago de Compostela,"Paris (Roissy-en-France, Val-d'Oise)",ES,FR,42.896301,-8.41514,49.00896,2.554117,1084.9,2,"IB,VY",320
SCQ-SVQ,SCQ,SVQ,Santiago de Compostela,Seville,ES,ES,42.896301,-8.41514,37.417999,-5.89311,645.7,1,FR,738
SCQ-VLC,SCQ,VLC,Santiago de Compostela,Valencia,ES,ES,42.896301,-8.41514,39.489162,-0.480961,763.9,1,FR,738
SCQ-BRU,SCQ,BRU,Santiago de Compostela,Zaventem,ES,BE,42.896301,-8.41514,50.901402,4.48444,1320.5,2,"IB,VY",320
SVQ-LEI,SVQ,LEI,Seville,Almería,ES,ES,37.417999,-5.89311,36.843899,-2.3701,318.8,2,"HV,UX","73H,ATR"
SVQ-AMS,SVQ,AMS,Seville,Amsterdam,ES,NL,37.417999,-5.89311,52.308601,4.76389,1852.1,3,"HV,IB,VY","320,73H"
SVQ-BCN,SVQ,BCN,Seville,Barcelona,ES,ES,37.417999,-5.89311,41.2971,2.07846,809.3,3,"FR,IB,VY","320,738"
SVQ-BRI,SVQ,BRI,Seville,Bari,ES,IT,37.417999,-5.89311,41.138901,16.760599,1987.3,1,FR,738
SVQ-BVA,SVQ,BVA,Seville,Beauvais,ES,FR,37.417999,-5.89311,49.454399,2.11278,1484.3,1,FR,738
SVQ-BIO,SVQ,BIO,Seville,Bilbao,ES,ES,37.417999,-5.89311,43.301102,-2.91061,701.2,2,"IB,VY",320
SVQ-BLQ,SVQ,BLQ,Seville,Bologna,ES,IT,37.417999,-5.89311,44.5354,11.2887,1640.6,1,FR,738
SVQ-BOD,SVQ,BOD,Seville,Bordeaux,ES,FR,37.417999,-5.89311,44.82865,-0.715356,930.7,1,FR,738
SVQ-BSL,SVQ,BSL,Seville,Bâle / Mulhouse,ES,FR,37.417999,-5.89311,47.60068,7.521117,1573.9,1,U2,320 319
SVQ-CRL,SVQ,CRL,Seville,Charleroi,ES,BE,37.417999,-5.89311,50.461963,4.459562,1666.9,1,FR,738
SVQ-LYS,SVQ,LYS,Seville,"Colombier-Saugnieu, Rhône",ES,FR,37.417999,-5.89311,45.725996,5.090139,1297.0,3,"IB,TO,VY","320,73H"
SVQ-LCG,SVQ,LCG,Seville,Culleredo,ES,ES,37.417999,-5.89311,43.302101,-8.37726,687.2,2,"IB,VY",320
SVQ-DUB,SVQ,DUB,Seville,Dublin,ES,IE,37.417999,-5.89311,53.428713,-6.262121,1780.5,1,FR,738
SVQ-EIN,SVQ,EIN,Seville,Eindhoven,ES,NL,37.417999,-5.89311,51.4500999451,5.37452983856,1793.9,1,FR,738
SVQ-GVA,SVQ,GVA,Seville,Geneva,ES,CH,37.417999,-5.89311,46.238098,6.10895,1393.8,1,U2,319
SVQ-LIS,SVQ,LIS,Seville,Lisbon,ES,PT,37.417999,-5.89311,38.7813,-9.13592,321.7,3,"S4,TP,US",BEH
SVQ-LGW,SVQ,LGW,Seville,London,ES,GB,37.417999,-5.89311,51.148744,-0.185739,1591.7,2,"FR,U2","319,738"
SVQ-STN,SVQ,STN,Seville,"London, Essex",ES,GB,37.417999,-5.89311,51.884998,0.235,1678.6,1,FR,738
SVQ-MAD,SVQ,MAD,Seville,Madrid,ES,ES,37.417999,-5.89311,40.493407,-3.572249,396.5,1,IB,32S
SVQ-MRS,SVQ,MRS,Seville,"Marignane, Bouches-du-Rhône",ES,FR,37.417999,-5.89311,43.438088,5.2125,1152.4,1,FR,738
SVQ-NTE,SVQ,NTE,Seville,Nantes,ES,FR,37.417999,-5.89311,47.153198,-1.61073,1137.9,3,"IB,TO,VY","320,73H"
SVQ-BGY,SVQ,BGY,Seville,Orio al Serio (BG),ES,IT,37.417999,-5.89311,45.669362,9.708851,1585.4,1,FR,738
SVQ-PMO,SVQ,PMO,Seville,Palermo,ES,IT,37.417999,-5.89311,38.175999,13.091,1667.2,1,FR,738
SVQ-PMI,SVQ,PMI,Seville,Palma de Mallorca,ES,ES,37.417999,-5.89311,39.551701,2.73881,787.5,5,"AB,FR,IB,UX,VY","320,738"
SVQ-ORY,SVQ,ORY,Seville,"Paris (Orly, Val-de-Marne)",ES,FR,37.417999,-5.89311,48.729499,2.358963,1423.2,3,"IB,TO,VY","320,73H"
SVQ-PSA,SVQ,PSA,Seville,Pisa (PI),ES,IT,37.417999,-5.89311,43.683899,10.3927,1538.6,1,FR,738
SVQ-OVD,SVQ,OVD,Seville,Ranón,ES,ES,37.417999,-5.89311,43.563599,-6.03462,683.5,2,"IB,VY",320
SVQ-CIA,SVQ,CIA,Seville,Rome,ES,IT,37.417999,-5.89311,41.798769,12.595331,1653.2,1,FR,738
SVQ-SDR,SVQ,SDR,Seville,Santander,ES,ES,37.417999,-5.89311,43.427101,-3.82001,690.8,1,FR,738
SVQ-SCQ,SVQ,SCQ,Seville,Santiago de Compostela,ES,ES,37.417999,-5.89311,42.896301,-8.41514,645.7,1,FR,738
SVQ-TLS,SVQ,TLS,Seville,Toulouse/Blagnac,ES,FR,37.417999,-5.89311,43.629101,1.36382,922.9,2,"AF,IB","319,CR2 CR9"
SVQ-VLC,SVQ,VLC,Seville,Valencia,ES,ES,37.417999,-5.89311,39.489162,-0.480961,524.4,1,IB,CRK CR2 CR9 AT7
SVQ-BRU,SVQ,BRU,Seville,Zaventem,ES,BE,37.417999,-5.89311,50.901402,4.48444,1708.8,1,SN,319
VLC-AMS,VLC,AMS,Valencia,Amsterdam,ES,NL,39.489162,-0.480961,52.308601,4.76389,1481.1,3,"HV,IB,VY","320,73H 73W"
VLC-BRI,VLC,BRI,Valencia,Bari,ES,IT,39.489162,-0.480961,41.138901,16.760599,1470.9,1,FR,738
VLC-BVA,VLC,BVA,Valencia,Beauvais,ES,FR,39.489162,-0.480961,49.454399,2.11278,1126.8,1,FR,738
VLC-BIO,VLC,BIO,Valencia,Bilbao,ES,ES,39.489162,-0.480961,43.301102,-2.91061,469.8,1,IB,CR2 CR9 AT7
VLC-BLQ,VLC,BLQ,Valencia,Bologna,ES,IT,39.489162,-0.480961,44.5354,11.2887,1121.1,1,FR,738
VLC-BRS,VLC,BRS,Valencia,Bristol,ES,GB,39.489162,-0.480961,51.382326,-2.716453,1333.7,1,FR,738
VLC-CRL,VLC,CRL,Valencia,Charleroi,ES,BE,39.489162,-0.480961,50.461963,4.459562,1279.8,1,FR,738
VLC-CLJ,VLC,CLJ,Valencia,Cluj-Napoca,ES,RO,39.489162,-0.480961,46.786042,23.685733,2111.3,1,W6,320
VLC-DUB,VLC,DUB,Valencia,Dublin,ES,IE,39.489162,-0.480961,53.428713,-6.262121,1610.7,1,FR,738
VLC-DUS,VLC,DUS,Valencia,Düsseldorf,ES,DE,39.489162,-0.480961,51.289501,6.76678,1427.3,1,LH,319 320
VLC-EIN,VLC,EIN,Valencia,Eindhoven,ES,NL,39.489162,-0.480961,51.4500999451,5.37452983856,1405.1,1,HV,73H 73W
VLC-FRA,VLC,FRA,Valencia,Frankfurt am Main,ES,DE,39.489162,-0.480961,50.026706,8.55835,1369.7,2,"AC,LH","319,32A 319"
VLC-HHN,VLC,HHN,Valencia,Frankfurt am Main (Lautzenhausen),ES,DE,39.489162,-0.480961,49.946353,7.261734,1312.2,1,FR,738
VLC-GVA,VLC,GVA,Valencia,Geneva,ES,CH,39.489162,-0.480961,46.238098,6.10895,922.1,1,F7,S20
VLC-IBZ,VLC,IBZ,Valencia,Ibiza (Eivissa),ES,ES,39.489162,-0.480961,38.872898,1.37312,173.9,3,"FR,IB,VY","320,738,AT7 CR2 CR9"
VLC-IST,VLC,IST,Valencia,Istanbul,ES,TR,39.489162,-0.480961,41.274874,28.732136,2470.7,1,TK,738
VLC-LIS,VLC,LIS,Valencia,Lisbon,ES,PT,39.489162,-0.480961,38.7813,-9.13592,750.3,3,"S4,TP,US",ER4 100
VLC-LGW,VLC,LGW,Valencia,London,ES,GB,39.489162,-0.480961,51.148744,-0.185739,1296.7,1,U2,320 319
VLC-STN,VLC,STN,Valencia,"London, Essex",ES,GB,39.489162,-0.480961,51.884998,0.235,1379.5,1,FR,738
VLC-LWO,VLC,LWO,Valencia,Lviv,ES,UA,39.489162,-0.480961,49.8125,23.9561,2233.1,1,WU,320
VLC-MAD,VLC,MAD,Valencia,Madrid,ES,ES,39.489162,-0.480961,40.493407,-3.572249,286.0,3,"AY,IB,UX","ATR,CR9 CR2,CR9 CRK AT7 CR2"
VLC-MAH,VLC,MAH,Valencia,Mahón (Maó),ES,ES,39.489162,-0.480961,39.862598,4.21865,404.3,2,"FR,IB","738,CR2 AT7"
VLC-MAN,VLC,MAN,Valencia,"Manchester, Greater Manchester",ES,GB,39.489162,-0.480961,53.349375,-2.279521,1547.2,1,FR,738
VLC-MRS,VLC,MRS,Valencia,"Marignane, Bouches-du-Rhône",ES,FR,39.489162,-0.480961,43.438088,5.2125,646.1,1,FR,738
VLC-DME,VLC,DME,Valencia,Moscow,ES,RU,39.489162,-0.480961,55.408798,37.9063,3324.2,1,S7,319
VLC-MUC,VLC,MUC,Valencia,Munich,ES,DE,39.489162,-0.480961,48.353802,11.7861,1388.5,1,LH,319
VLC-AGP,VLC,AGP,Valencia,Málaga,ES,ES,39.489162,-0.480961,36.6749,-4.49911,470.7,1,IB,AT7
VLC-NTE,VLC,NTE,Valencia,Nantes,ES,FR,39.489162,-0.480961,47.153198,-1.61073,857.1,1,V7,717
VLC-EMA,VLC,EMA,Valencia,"Nottingham, Leicestershire",ES,GB,39.489162,-0.480961,52.8311,-1.32806,1485.0,1,FR,738
VLC-BGY,VLC,BGY,Valencia,Orio al Serio (BG),ES,IT,39.489162,-0.480961,45.669362,9.708851,1079.4,1,FR,738
VLC-OTP,VLC,OTP,Valencia,Otopeni,ES,RO,39.489162,-0.480961,44.571792,26.103285,2256.2,1,W6,320
VLC-PMI,VLC,PMI,Valencia,Palma de Mallorca,ES,ES,39.489162,-0.480961,39.551701,2.73881,276.3,5,"AB,AZ,FR,IB,UX","738,738 320 73G,ATR E90,CR9 AT7,E90"
VLC-ORY,VLC,ORY,Valencia,"Paris (Orly, Val-de-Marne)",ES,FR,39.489162,-0.480961,48.729499,2.358963,1052.0,2,"IB,VY",320
VLC-CDG,VLC,CDG,Valencia,"Paris (Roissy-en-France, Val-d'Oise)",ES,FR,39.489162,-0.480961,49.00896,2.554117,1085.6,2,"AF,UX",738
VLC-PSA,VLC,PSA,Valencia,Pisa (PI),ES,IT,39.489162,-0.480961,43.683899,10.3927,1016.4,1,FR,738
VLC-OPO,VLC,OPO,Valencia,Porto,ES,PT,39.489162,-0.480961,41.2481002808,-8.68138980865,721.4,1,FR,738
VLC-PRG,VLC,PRG,Valencia,Prague,ES,CZ,39.489162,-0.480961,50.100874,14.259911,1651.1,2,"OK,QS",738
VLC-OVD,VLC,OVD,Valencia,Ranón,ES,ES,39.489162,-0.480961,43.563599,-6.03462,647.0,2,"IB,V7","717,CRK CR9"
VLC-CIA,VLC,CIA,Valencia,Rome,ES,IT,39.489162,-0.480961,41.798769,12.595331,1131.5,1,FR,738
VLC-FCO,VLC,FCO,Valencia,Rome,ES,IT,39.489162,-0.480961,41.804532,12.251998,1103.5,3,"AZ,IB,VY","320,32S"
VLC-TRS,VLC,TRS,Valencia,Ronchi dei Legionari/Trieste,ES,IT,39.489162,-0.480961,45.827862,13.466672,1337.9,1,FR,738
VLC-RTM,VLC,RTM,Valencia,Rotterdam,ES,NL,39.489162,-0.480961,51.956902,4.43722,1437.1,1,HV,73H 73W
VLC-SDR,VLC,SDR,Valencia,Santander,ES,ES,39.489162,-0.480961,43.427101,-3.82001,518.7,1,FR,738
VLC-SCQ,VLC,SCQ,Valencia,Santiago de Compostela,ES,ES,39.489162,-0.480961,42.896301,-8.41514,763.9,1,FR,738
VLC-SVQ,VLC,SVQ,Valencia,Seville,ES,ES,39.489162,-0.480961,37.417999,-5.89311,524.4,1,IB,CRK CR2 CR9 AT7
VLC-SOF,VLC,SOF,Valencia,Sofia,ES,BG,39.489162,-0.480961,42.696357,23.417671,2027.2,1,W6,320
VLC-TSR,VLC,TSR,Valencia,Timişoara,ES,RO,39.489162,-0.480961,45.809898,21.3379,1910.2,1,W6,320
VLC-TSF,VLC,TSF,Valencia,Treviso (TV),ES,IT,39.489162,-0.480961,45.648399,12.1944,1241.3,1,FR,738
VLC-VIE,VLC,VIE,Valencia,Vienna,ES,AT,39.489162,-0.480961,48.110298,16.5697,1664.8,2,"AB,HG",320
VLC-NRN,VLC,NRN,Valencia,Weeze,ES,DE,39.489162,-0.480961,51.601362,6.141228,1440.7,1,FR,738
VLC-BRU,VLC,BRU,Valencia,Zaventem,ES,BE,39.489162,-0.480961,50.901402,4.48444,1326.5,3,"FR,IB,VY","320,738"
VLC-ZRH,VLC,ZRH,Valencia,Zurich,ES,CH,39.489162,-0.480961,47.458056,8.548056,1145.6,1,LX,321 320
VLL-BCN,VLL,BCN,Valladolid,Barcelona,ES,ES,41.7061,-4.85194,41.2971,2.07846,578.8,3,"FR,IB,VY","320,738,CR2"
VLL-PMI,VLL,PMI,Valladolid,Palma de Mallorca,ES,ES,41.7061,-4.85194,39.551701,2.73881,683.6,1,UX,738
VGO-BCN,VGO,BCN,Vigo,Barcelona,ES,ES,42.2318,-8.62677,41.2971,2.07846,893.3,2,"IB,VY",320
VGO-BIO,VGO,BIO,Vigo,Bilbao,ES,ES,42.2318,-8.62677,43.301102,-2.91061,481.4,1,IB,CR9
VGO-MAD,VGO,MAD,Vigo,Madrid,ES,ES,42.2318,-8.62677,40.493407,-3.572249,463.9,4,"AY,AZ,IB,UX","32S,E90"
VGO-CDG,VGO,CDG,Vigo,"Paris (Roissy-en-France, Val-d'Oise)",ES,FR,42.2318,-8.62677,49.00896,2.554117,1148.5,3,"AF,AZ,UX","E70,E90"
ZAZ-BVA,ZAZ,BVA,Zaragoza,Beauvais,ES,FR,41.666199,-1.04155,49.454399,2.11278,899.9,1,FR,738
ZAZ-CRL,ZAZ,CRL,Zaragoza,Charleroi,ES,BE,41.666199,-1.04155,50.461963,4.459562,1065.4,1,FR,738
ZAZ-CLJ,ZAZ,CLJ,Zaragoza,Cluj-Napoca,ES,RO,41.666199,-1.04155,46.786042,23.685733,2041.3,1,W6,320
ZAZ-STN,ZAZ,STN,Zaragoza,"London, Essex",ES,GB,41.666199,-1.04155,51.884998,0.235,1140.4,1,FR,738
ZAZ-BGY,ZAZ,BGY,Zaragoza,Orio al Serio (BG),ES,IT,41.666199,-1.04155,45.669362,9.708851,971.4,1,FR,738
ZAZ-OTP,ZAZ,OTP,Zaragoza,Otopeni,ES,RO,41.666199,-1.04155,44.571792,26.103285,2216.3,1,W6,320
ZAZ-PMI,ZAZ,PMI,Zaragoza,Palma de Mallorca,ES,ES,41.666199,-1.04155,39.551701,2.73881,396.3,1,UX,E90
HEL-ALC,HEL,ALC,Helsinki (Vantaa),Alicante,FI,ES,60.318363,24.963341,38.2822,-0.558156,3030.0,1,DY,73H
HEL-AMS,HEL,AMS,Helsinki (Vantaa),Amsterdam,FI,NL,60.318363,24.963341,52.308601,4.76389,1521.4,3,"AY,AZ,KL","320 321,737"
HEL-KRK,HEL,KRK,Helsinki (Vantaa),Balice,FI,PL,60.318363,24.963341,50.077702,19.7848,1184.3,1,AY,319 321 32B
HEL-BCN,HEL,BCN,Helsinki (Vantaa),Barcelona,FI,ES,60.318363,24.963341,41.2971,2.07846,2628.1,4,"AY,DY,IB,VY","320,321,321 320,73H"
HEL-BUD,HEL,BUD,Helsinki (Vantaa),Budapest,FI,HU,60.318363,24.963341,47.43018,19.262393,1479.7,2,"AY,DY","320 319,73H"
HEL-BOJ,HEL,BOJ,Helsinki (Vantaa),Burgas,FI,BG,60.318363,24.963341,42.569917,27.515173,1981.1,1,DY,73H
HEL-CEE,HEL,CEE,Helsinki (Vantaa),Cherepovets,FI,RU,60.318363,24.963341,59.273601532,38.0158004761,738.1,1,D2,CR2
HEL-CPH,HEL,CPH,Helsinki (Vantaa),Copenhagen,FI,DK,60.318363,24.963341,55.617900848389,12.656000137329,892.2,3,"AY,DY,SK","320 319 321,73H,CR2"
HEL-DUB,HEL,DUB,Helsinki (Vantaa),Dublin,FI,IE,60.318363,24.963341,53.428713,-6.262121,2022.4,1,DY,73H
HEL-DBV,HEL,DBV,Helsinki (Vantaa),Dubrovnik,FI,HR,60.318363,24.963341,42.562247,18.265543,2025.7,2,"AY,DY","320 321,73H"
HEL-DUS,HEL,DUS,Helsinki (Vantaa),Düsseldorf,FI,DE,60.318363,24.963341,51.289501,6.76678,1507.9,2,"AB,AY",E90
HEL-MXP,HEL,MXP,Helsinki (Vantaa),Ferno (VA),FI,IT,60.318363,24.963341,45.6306,8.72811,1950.2,1,AY,321 320 32B
HEL-FRA,HEL,FRA,Helsinki (Vantaa),Frankfurt am Main,FI,DE,60.318363,24.963341,50.026706,8.55835,1539.1,5,"AB,AY,ET,LH,SK","321 32A 320,32A 321,E90"
HEL-GDN,HEL,GDN,Helsinki (Vantaa),Gdańsk,FI,PL,60.318363,24.963341,54.377602,18.4662,766.2,1,K2,DH4
HEL-GVA,HEL,GVA,Helsinki (Vantaa),Geneva,FI,CH,60.318363,24.963341,46.238098,6.10895,1990.7,1,AY,E90 E70
HEL-GOT,HEL,GOT,Helsinki (Vantaa),Göteborg,FI,SE,60.318363,24.963341,57.6628,12.2798,782.7,1,AY,319 320
HEL-HAM,HEL,HAM,Helsinki (Vantaa),Hamburg,FI,DE,60.318363,24.963341,53.630402,9.98823,1168.7,2,"AB,AY","319,E90 319 E70"
HEL-IST,HEL,IST,Helsinki (Vantaa),Istanbul,FI,TR,60.318363,24.963341,41.274874,28.732136,2133.2,2,"SK,TK",321
HEL-IVL,HEL,IVL,Helsinki (Vantaa),Ivalo,FI,FI,60.318363,24.963341,68.6073,27.4053,928.9,1,AY,319 320
HEL-JOE,HEL,JOE,Helsinki (Vantaa),Joensuu,FI,FI,60.318363,24.963341,62.658815,29.619398,358.7,1,AY,AT7 ATR E70 E90
HEL-JYV,HEL,JYV,Helsinki (Vantaa),Jyväskylän Maalaiskunta,FI,FI,60.318363,24.963341,62.399502,25.678301,234.5,2,"AY,BE","AT7,ATR"
HEL-KAJ,HEL,KAJ,Helsinki (Vantaa),Kajaani,FI,FI,60.318363,24.963341,64.2855,27.6924,463.0,2,"AY,BE",AT7
HEL-KEM,HEL,KEM,Helsinki (Vantaa),Kemi / Tornio,FI,FI,60.318363,24.963341,65.778701782227,24.582099914551,607.5,2,"AY,BE",AT7
HEL-KOK,HEL,KOK,Helsinki (Vantaa),Kokkola / Kruunupyy,FI,FI,60.318363,24.963341,63.721199,23.143101,390.1,2,"AY,BE",AT7
HEL-KUO,HEL,KUO,Helsinki (Vantaa),Kuopio / Siilinjärvi,FI,FI,60.318363,24.963341,63.007099,27.7978,334.2,1,AY,319
HEL-KAO,HEL,KAO,Helsinki (Vantaa),Kuusamo,FI,FI,60.318363,24.963341,65.987602,29.239401,665.6,1,AY,AT7
HEL-LIS,HEL,LIS,Helsinki (Vantaa),Lisbon,FI,PT,60.318363,24.963341,38.7813,-9.13592,3363.9,2,"AY,TP",320
HEL-LGW,HEL,LGW,Helsinki (Vantaa),London,FI,GB,60.318363,24.963341,51.148744,-0.185739,1858.0,1,DY,73H
HEL-LHR,HEL,LHR,Helsinki (Vantaa),London,FI,GB,60.318363,24.963341,51.470748,-0.459909,1847.9,4,"AA,AY,BA,MH","320,321,32B 320 321"
HEL-MAD,HEL,MAD,Helsinki (Vantaa),Madrid,FI,ES,60.318363,24.963341,40.493407,-3.572249,2945.9,2,"AY,IB",321
HEL-MAN,HEL,MAN,Helsinki (Vantaa),"Manchester, Greater Manchester",FI,GB,60.318363,24.963341,53.349375,-2.279521,1812.1,3,"AA,AY,BA","E70,E90"
HEL-MHQ,HEL,MHQ,Helsinki (Vantaa),Mariehamn,FI,FI,60.318363,24.963341,60.1222,19.898199,280.5,2,"AY,BE",AT7
HEL-MSQ,HEL,MSQ,Helsinki (Vantaa),Minsk,FI,BY,60.318363,24.963341,53.888071,28.039964,738.6,2,"AY,B2","CR2 733,CRJ 733"
HEL-DME,HEL,DME,Helsinki (Vantaa),Moscow,FI,RU,60.318363,24.963341,55.408798,37.9063,937.7,2,"AY,S7",319
HEL-SVO,HEL,SVO,Helsinki (Vantaa),Moscow,FI,RU,60.318363,24.963341,55.976858,37.41121,873.4,2,"AY,SU","319,319 320"
HEL-MUC,HEL,MUC,Helsinki (Vantaa),Munich,FI,DE,60.318363,24.963341,48.353802,11.7861,1574.6,4,"AB,AY,LH,SK","319 320,319 320 E90,320 319"
HEL-AGP,HEL,AGP,Helsinki (Vantaa),Málaga,FI,ES,60.318363,24.963341,36.6749,-4.49911,3352.7,2,"AY,DY","32B 320 321,73H"
HEL-NCE,HEL,NCE,Helsinki (Vantaa),"Nice, Alpes-Maritimes",FI,FR,60.318363,24.963341,43.658401,7.21587,2199.9,2,"AY,DY","320 32B,73H"
HEL-NRK,HEL,NRK,Helsinki (Vantaa),Norrköping,FI,SE,60.318363,24.963341,58.586299896240234,16.250600814819336,528.2,2,"AY,BE",AT7
HEL-OSL,HEL,OSL,Helsinki (Vantaa),Oslo (Gardermoen),FI,NO,60.318363,24.963341,60.193901,11.1004,763.5,3,"AY,DY,SK","319,717,73H"
HEL-OUL,HEL,OUL,Helsinki (Vantaa),Oulu / Oulunsalo,FI,FI,60.318363,24.963341,64.930099,25.354601,513.2,2,"AY,DY","320 319,73H"
HEL-PMI,HEL,PMI,Helsinki (Vantaa),Palma de Mallorca,FI,ES,60.318363,24.963341,39.551701,2.73881,2774.5,1,DY,73H
HEL-ORY,HEL,ORY,Helsinki (Vantaa),"Paris (Orly, Val-de-Marne)",FI,FR,60.318363,24.963341,48.729499,2.358963,1928.8,1,DY,73H
HEL-CDG,HEL,CDG,Helsinki (Vantaa),"Paris (Roissy-en-France, Val-d'Oise)",FI,FR,60.318363,24.963341,49.00896,2.554117,1895.8,3,"AF,AY,MH","321,321 320 32B 319,321 320 32B E90 319"
HEL-POR,HEL,POR,Helsinki (Vantaa),Pori,FI,FI,60.318363,24.963341,61.4617,21.799999,213.1,1,W2,SF3
HEL-PRG,HEL,PRG,Helsinki (Vantaa),Prague,FI,CZ,60.318363,24.963341,50.100874,14.259911,1319.9,3,"AY,DY,OK","319 320,319 321 320,73H"
HEL-KEF,HEL,KEF,Helsinki (Vantaa),Reykjavík,FI,IS,60.318363,24.963341,63.985001,-22.6056,2444.3,2,"AY,FI",75W
HEL-RIX,HEL,RIX,Helsinki (Vantaa),Riga,FI,LV,60.318363,24.963341,56.920752,23.970711,382.1,2,"AY,BT","73C DH4 735,AT7"
HEL-FCO,HEL,FCO,Helsinki (Vantaa),Rome,FI,IT,60.318363,24.963341,41.804532,12.251998,2233.1,2,"AY,DY","321 32B,73H"
HEL-RVN,HEL,RVN,Helsinki (Vantaa),Rovaniemi,FI,FI,60.318363,24.963341,66.563327,25.829751,695.7,2,"AY,DY","319 320 321,73H"
HEL-SVL,HEL,SVL,Helsinki (Vantaa),Savonlinna,FI,FI,60.318363,24.963341,61.9431,28.945101,279.8,2,"AY,BE",AT7
HEL-ATH,HEL,ATH,Helsinki (Vantaa),Spata-Artemida,FI,GR,60.318363,24.963341,37.936401,23.9445,2489.8,1,DY,73H
HEL-SPU,HEL,SPU,Helsinki (Vantaa),Split,FI,HR,60.318363,24.963341,43.538898,16.298,1954.2,1,DY,73H
HEL-LED,HEL,LED,Helsinki (Vantaa),St. Petersburg,FI,RU,60.318363,24.963341,59.800301,30.262501,299.6,2,"AY,S7",ATR
HEL-ARN,HEL,ARN,Helsinki (Vantaa),Stockholm,FI,SE,60.318363,24.963341,59.64849,17.928829,398.1,5,"AY,CA,DY,ET,SK","319 320,717,717 73W AT7,73H"
HEL-BMA,HEL,BMA,Helsinki (Vantaa),Stockholm,FI,SE,60.318363,24.963341,59.354401,17.9417,406.5,2,"AY,TF",ATR AT7
HEL-TLL,HEL,TLL,Helsinki (Vantaa),Tallinn,FI,EE,60.318363,24.963341,59.413246,24.83264,100.9,1,AY,AT7 ATR
HEL-TMP,HEL,TMP,Helsinki (Vantaa),Tampere / Pirkkala,FI,FI,60.318363,24.963341,61.414101,23.604401,142.3,1,AY,AT7 ATR
HEL-TAY,HEL,TAY,Helsinki (Vantaa),Tartu,FI,EE,60.318363,24.963341,58.307438,26.686473,244.0,2,"AY,BE",AT7
HEL-TKU,HEL,TKU,Helsinki (Vantaa),Turku,FI,FI,60.318363,24.963341,60.514099,22.2628,149.8,1,AY,AT7 ATR
HEL-VAA,HEL,VAA,Helsinki (Vantaa),Vaasa,FI,FI,60.318363,24.963341,63.05023,21.762543,347.4,1,AY,319 32B
HEL-VIE,HEL,VIE,Helsinki (Vantaa),Vienna,FI,AT,60.318363,24.963341,48.110298,16.5697,1460.3,2,"AB,AY","320 319,320 319 E90"
HEL-VNO,HEL,VNO,Helsinki (Vantaa),Vilnius,FI,LT,60.318363,24.963341,54.634102,25.285801,632.4,2,"AY,BA","E70,E90 E70 AT7"
HEL-WAW,HEL,WAW,Helsinki (Vantaa),Warsaw,FI,PL,60.318363,24.963341,52.165699,20.9671,939.1,2,"AY,BA","E70 E90,E90"
HEL-BRU,HEL,BRU,Helsinki (Vantaa),Zaventem,FI,BE,60.318363,24.963341,50.901402,4.48444,1646.6,1,AY,319 320 343
HEL-LJU,HEL,LJU,Helsinki (Vantaa),Zgornji Brnik,FI,SI,60.318363,24.963341,46.223701,14.4576,1711.0,1,AY,320
HEL-ZRH,HEL,ZRH,Helsinki (Vantaa),Zurich,FI,CH,60.318363,24.963341,47.458056,8.548056,1779.0,2,"AB,AY","319,319 320"
IVL-KTT,IVL,KTT,Ivalo,Kittilä,FI,FI,68.6073,27.4053,67.700996,24.8468,146.1,2,"AF,AY","319,319 320"
JOE-HEL,JOE,HEL,Joensuu,Helsinki (Vantaa),FI,FI,62.658815,29.619398,60.318363,24.963341,358.7,1,AY,E70 AT7 ATR E90
JYV-HEL,JYV,HEL,Jyväskylän Maalaiskunta,Helsinki (Vantaa),FI,FI,62.399502,25.678301,60.318363,24.963341,234.5,2,"AY,BE",AT7
JYV-KEM,JYV,KEM,Jyväskylän Maalaiskunta,Kemi / Tornio,FI,FI,62.399502,25.678301,65.778701782227,24.582099914551,379.5,1,AY,ATR
KAJ-HEL,KAJ,HEL,Kajaani,Helsinki (Vantaa),FI,FI,64.2855,27.6924,60.318363,24.963341,463.0,2,"AY,BE",AT7
KEM-HEL,KEM,HEL,Kemi / Tornio,Helsinki (Vantaa),FI,FI,65.778701782227,24.582099914551,60.318363,24.963341,607.5,2,"AY,BE",AT7
KTT-HEL,KTT,HEL,Kittilä,Helsinki (Vantaa),FI,FI,67.700996,24.8468,60.318363,24.963341,820.9,2,"AF,AY","319,319 320"
KOK-HEL,KOK,HEL,Kokkola / Kruunupyy,Helsinki (Vantaa),FI,FI,63.721199,23.143101,60.318363,24.963341,390.1,2,"AY,BE",AT7
KOK-POR,KOK,POR,Kokkola / Kruunupyy,Pori,FI,FI,63.721199,23.143101,61.4617,21.799999,260.5,1,2N,SF3
KUO-HEL,KUO,HEL,Kuopio / Siilinjärvi,Helsinki (Vantaa),FI,FI,63.007099,27.7978,60.318363,24.963341,334.2,1,AY,319
KAO-HEL,KAO,HEL,Kuusamo,Helsinki (Vantaa),FI,FI,65.987602,29.239401,60.318363,24.963341,665.6,1,AY,AT7
LPP-GRO,LPP,GRO,Lappeenranta,Girona,FI,ES,61.044601,28.144743,41.904639,2.761774,2724.7,1,FR,738
LPP-BGY,LPP,BGY,Lappeenranta,Orio al Serio (BG),FI,IT,61.044601,28.144743,45.669362,9.708851,2086.5,1,FR,738
LPP-NRN,LPP,NRN,Lappeenranta,Weeze,FI,DE,61.044601,28.144743,51.601362,6.141228,1701.6,1,FR,738
MHQ-HEL,MHQ,HEL,Mariehamn,Helsinki (Vantaa),FI,FI,60.1222,19.898199,60.318363,24.963341,280.5,2,"AY,BE",AT7
MHQ-ARN,MHQ,ARN,Mariehamn,Stockholm,FI,SE,60.1222,19.898199,59.64849,17.928829,121.8,1,2N,SF3
MHQ-TKU,MHQ,TKU,Mariehamn,Turku,FI,FI,60.1222,19.898199,60.514099,22.2628,137.3,1,2N,SF3
OUL-ALC,OUL,ALC,Oulu / Oulunsalo,Alicante,FI,ES,64.930099,25.354601,38.2822,-0.558156,3407.6,1,DY,73H
OUL-HEL,OUL,HEL,Oulu / Oulunsalo,Helsinki (Vantaa),FI,FI,64.930099,25.354601,60.318363,24.963341,513.2,2,"AY,DY","319 320,73H"
OUL-ARN,OUL,ARN,Oulu / Oulunsalo,Stockholm,FI,SE,64.930099,25.354601,59.64849,17.928829,700.7,1,SK,S20
POR-HEL,POR,HEL,Pori,Helsinki (Vantaa),FI,FI,61.4617,21.799999,60.318363,24.963341,213.1,1,W2,SF3
POR-KOK,POR,KOK,Pori,Kokkola / Kruunupyy,FI,FI,61.4617,21.799999,63.721199,23.143101,260.5,1,2N,SF3
POR-ARN,POR,ARN,Pori,Stockholm,FI,SE,61.4617,21.799999,59.64849,17.928829,292.2,1,2N,SF3
RVN-HEL,RVN,HEL,Rovaniemi,Helsinki (Vantaa),FI,FI,66.563327,25.829751,60.318363,24.963341,695.7,2,"AY,DY","319 320 321,73H"
SVL-HEL,SVL,HEL,Savonlinna,Helsinki (Vantaa),FI,FI,61.9431,28.945101,60.318363,24.963341,279.8,2,"AY,BE",AT7
TMP-ALC,TMP,ALC,Tampere / Pirkkala,Alicante,FI,ES,61.414101,23.604401,38.2822,-0.558156,3062.2,1,FR,738
TMP-BRE,TMP,BRE,Tampere / Pirkkala,Bremen,FI,DE,61.414101,23.604401,53.046786,8.78932,1282.9,1,FR,738
TMP-BUD,TMP,BUD,Tampere / Pirkkala,Budapest,FI,HU,61.414101,23.604401,47.43018,19.262393,1579.2,1,FR,738
TMP-HHN,TMP,HHN,Tampere / Pirkkala,Frankfurt am Main (Lautzenhausen),FI,DE,61.414101,23.604401,49.946353,7.261734,1626.3,1,FR,738
TMP-GRO,TMP,GRO,Tampere / Pirkkala,Girona,FI,ES,61.414101,23.604401,41.904639,2.761774,2577.3,1,FR,738
TMP-HEL,TMP,HEL,Tampere / Pirkkala,Helsinki (Vantaa),FI,FI,61.414101,23.604401,60.318363,24.963341,142.3,1,AY,AT7 ATR
TMP-STN,TMP,STN,Tampere / Pirkkala,"London, Essex",FI,GB,61.414101,23.604401,51.884998,0.235,1762.6,1,FR,738
TMP-AGP,TMP,AGP,Tampere / Pirkkala,Málaga,FI,ES,61.414101,23.604401,36.6749,-4.49911,3374.5,1,FR,738
TMP-BGY,TMP,BGY,Tampere / Pirkkala,Orio al Serio (BG),FI,IT,61.414101,23.604401,45.669362,9.708851,1967.4,1,FR,738
TMP-ARN,TMP,ARN,Tampere / Pirkkala,Stockholm,FI,SE,61.414101,23.604401,59.64849,17.928829,367.1,3,"CA,SK,TG",S20
TKU-ALC,TKU,ALC,Turku,Alicante,FI,ES,60.514099,22.2628,38.2822,-0.558156,2939.8,1,DY,73H
TKU-CPH,TKU,CPH,Turku,Copenhagen,FI,DK,60.514099,22.2628,55.617900848389,12.656000137329,783.2,1,SK,CR9 CR2
TKU-GDN,TKU,GDN,Turku,Gdańsk,FI,PL,60.514099,22.2628,54.377602,18.4662,718.9,1,W6,320
TKU-HEL,TKU,HEL,Turku,Helsinki (Vantaa),FI,FI,60.514099,22.2628,60.318363,24.963341,149.8,1,AY,AT7 ATR
TKU-MHQ,TKU,MHQ,Turku,Mariehamn,FI,FI,60.514099,22.2628,60.1222,19.898199,137.3,1,2N,SF3
TKU-RIX,TKU,RIX,Turku,Riga,FI,LV,60.514099,22.2628,56.920752,23.970711,411.5,1,BT,DH4
TKU-ARN,TKU,ARN,Turku,Stockholm,FI,SE,60.514099,22.2628,59.64849,17.928829,258.9,2,"SK,TG","AT7,AT7 S20"
VAA-HEL,VAA,HEL,Vaasa,Helsinki (Vantaa),FI,FI,63.05023,21.762543,60.318363,24.963341,347.4,1,AY,319 32B
VAA-ARN,VAA,ARN,Vaasa,Stockholm,FI,SE,63.05023,21.762543,59.64849,17.928829,429.8,4,"CA,DY,SK,TG","73H,AT7,AT7 S20,S20"
FAE-BGO,FAE,BGO,Vágar,Bergen,FO,NO,62.063256,-7.275782,60.2934,5.21814,696.8,1,RC,319
FAE-BLL,FAE,BLL,Vágar,Billund,FO,DK,62.063256,-7.275782,55.740335,9.157019,1171.4,1,RC,319
FAE-CPH,FAE,CPH,Vágar,Copenhagen,FO,DK,62.063256,-7.275782,55.617900848389,12.656000137329,1344.0,1,RC,319
FAE-SVG,FAE,SVG,Vágar,Stavanger,FO,NO,62.063256,-7.275782,58.876701,5.63778,789.6,1,RC,319
AJA-AVN,AJA,AVN,Ajaccio,Avignon,FR,FR,41.923599,8.80292,43.907299,4.90183,386.7,1,CE,ATR
AJA-BOD,AJA,BOD,Ajaccio,Bordeaux,FR,FR,41.923599,8.80292,44.82865,-0.715356,833.7,1,V7,717
AJA-BES,AJA,BES,Ajaccio,Brest,FR,FR,41.923599,8.80292,48.447899,-4.41854,1262.1,1,V7,717
AJA-BVE,AJA,BVE,Ajaccio,Brive,FR,FR,41.923599,8.80292,45.039722,1.485556,684.2,1,A5,AT5
AJA-BSL,AJA,BSL,Ajaccio,Bâle / Mulhouse,FR,FR,41.923599,8.80292,47.60068,7.521117,639.3,1,U2,319
AJA-CFR,AJA,CFR,Ajaccio,Caen,FR,FR,41.923599,8.80292,49.17678,-0.454883,1080.1,1,V7,717
AJA-DCM,AJA,DCM,Ajaccio,Castres,FR,FR,41.923599,8.80292,43.556301,2.28918,561.9,1,A5,AT5
AJA-LYS,AJA,LYS,Ajaccio,"Colombier-Saugnieu, Rhône",FR,FR,41.923599,8.80292,45.725996,5.090139,517.1,4,"AF,AZ,U2,XK","319,320"
AJA-GVA,AJA,GVA,Ajaccio,Geneva,FR,CH,41.923599,8.80292,46.238098,6.10895,525.7,1,U2,319
AJA-LGG,AJA,LGG,Ajaccio,Grâce-Hollogne,FR,BE,41.923599,8.80292,50.638574,5.443897,1002.6,2,"AF,XK",320
AJA-LIL,AJA,LIL,Ajaccio,Lesquin,FR,FR,41.923599,8.80292,50.566564,3.102429,1055.5,2,"HQ,V7","320,717"
AJA-LGW,AJA,LGW,Ajaccio,London,FR,GB,41.923599,8.80292,51.148744,-0.185739,1232.9,1,U2,320
AJA-LUX,AJA,LUX,Ajaccio,Luxembourg,FR,LU,41.923599,8.80292,49.626845,6.212134,879.7,1,LG,73W
AJA-MRS,AJA,MRS,Ajaccio,"Marignane, Bouches-du-Rhône",FR,FR,41.923599,8.80292,43.438088,5.2125,338.3,3,"AF,AZ,XK",320 AT7
AJA-MPL,AJA,MPL,Ajaccio,Montpellier/Méditerranée,FR,FR,41.923599,8.80292,43.576199,3.96301,435.7,1,V7,717
AJA-NTE,AJA,NTE,Ajaccio,Nantes,FR,FR,41.923599,8.80292,47.153198,-1.61073,1008.3,3,"AF,V7,XK","320,717"
AJA-NCE,AJA,NCE,Ajaccio,"Nice, Alpes-Maritimes",FR,FR,41.923599,8.80292,43.658401,7.21587,232.3,3,"AF,AZ,XK",AT7
AJA-OLB,AJA,OLB,Ajaccio,Olbia (SS),FR,IT,41.923599,8.80292,40.898953,9.518457,128.6,1,HV,73H
AJA-OSL,AJA,OSL,Ajaccio,Oslo (Gardermoen),FR,NO,41.923599,8.80292,60.193901,11.1004,2037.6,1,DY,73H
AJA-ORY,AJA,ORY,Ajaccio,"Paris (Orly, Val-de-Marne)",FR,FR,41.923599,8.80292,48.729499,2.358963,908.4,2,"AF,XK","319,321 320 319"
AJA-CDG,AJA,CDG,Ajaccio,"Paris (Roissy-en-France, Val-d'Oise)",FR,FR,41.923599,8.80292,49.00896,2.554117,925.6,1,U2,319
AJA-PIS,AJA,PIS,Ajaccio,Poitiers/Biard,FR,FR,41.923599,8.80292,46.5877,0.306666,851.7,1,A5,AT5
AJA-ARN,AJA,ARN,Ajaccio,Stockholm,FR,SE,41.923599,8.80292,59.64849,17.928829,2068.2,1,DY,73H
AJA-SXB,AJA,SXB,Ajaccio,Strasbourg,FR,FR,41.923599,8.80292,48.5383,7.62823,741.2,1,V7,717
AJA-TLS,AJA,TLS,Ajaccio,Toulouse/Blagnac,FR,FR,41.923599,8.80292,43.629101,1.36382,635.8,3,"AF,V7,XK","320,717"
AUR-ORY,AUR,ORY,Aurillac,"Paris (Orly, Val-de-Marne)",FR,FR,44.891399,2.42194,48.729499,2.358963,426.8,1,A5,AT5
AVN-AJA,AVN,AJA,Avignon,Ajaccio,FR,FR,43.907299,4.90183,41.923599,8.80292,386.7,1,CE,ATR
AVN-LIG,AVN,LIG,Avignon,Limoges/Bellegarde,FR,FR,43.907299,4.90183,45.862801,1.17944,365.0,1,CE,ATR
BIA-BOD,BIA,BOD,Bastia,Bordeaux,FR,FR,42.5527,9.48373,44.82865,-0.715356,857.5,1,V7,717
BIA-BES,BIA,BES,Bastia,Brest,FR,FR,42.5527,9.48373,48.447899,-4.41854,1263.5,1,V7,717
BIA-LYS,BIA,LYS,Bastia,"Colombier-Saugnieu, Rhône",FR,FR,42.5527,9.48373,45.725996,5.090139,497.3,3,"AF,U2,XK","319,320"
BIA-DUS,BIA,DUS,Bastia,Düsseldorf,FR,DE,42.5527,9.48373,51.289501,6.76678,993.0,1,4U,320
BIA-FRA,BIA,FRA,Bastia,Frankfurt am Main,FR,DE,42.5527,9.48373,50.026706,8.55835,834.1,1,LH,E90
BIA-GVA,BIA,GVA,Bastia,Geneva,FR,CH,42.5527,9.48373,46.238098,6.10895,489.6,1,U2,320 319
BIA-LGG,BIA,LGG,Bastia,Grâce-Hollogne,FR,BE,42.5527,9.48373,50.638574,5.443897,950.2,2,"AF,XK",320
BIA-HAM,BIA,HAM,Bastia,Hamburg,FR,DE,42.5527,9.48373,53.630402,9.98823,1232.3,1,4U,CRJ
BIA-CGN,BIA,CGN,Bastia,Köln (Cologne),FR,DE,42.5527,9.48373,50.865898,7.14274,941.3,1,4U,319
BIA-LIL,BIA,LIL,Bastia,Lesquin,FR,FR,42.5527,9.48373,50.566564,3.102429,1015.0,2,"A5,V7","717,E70"
BIA-LGW,BIA,LGW,Bastia,London,FR,GB,42.5527,9.48373,51.148744,-0.185739,1203.8,1,U2,319
BIA-LUX,BIA,LUX,Bastia,Luxembourg,FR,LU,42.5527,9.48373,49.626845,6.212134,825.9,1,LG,73W
BIA-MRS,BIA,MRS,Bastia,"Marignane, Bouches-du-Rhône",FR,FR,42.5527,9.48373,43.438088,5.2125,361.0,3,"AF,AZ,XK",320
BIA-NTE,BIA,NTE,Bastia,Nantes,FR,FR,42.5527,9.48373,47.153198,-1.61073,1011.8,3,"AF,V7,XK","320,717"
BIA-NCE,BIA,NCE,Bastia,"Nice, Alpes-Maritimes",FR,FR,42.5527,9.48373,43.658401,7.21587,221.4,3,"AF,AZ,XK",AT7
BIA-ORY,BIA,ORY,Bastia,"Paris (Orly, Val-de-Marne)",FR,FR,42.5527,9.48373,48.729499,2.358963,881.5,2,"AF,XK","319,321 319"
BIA-CDG,BIA,CDG,Bastia,"Paris (Roissy-en-France, Val-d'Oise)",FR,FR,42.5527,9.48373,49.00896,2.554117,895.9,1,U2,319
BIA-SXB,BIA,SXB,Bastia,Strasbourg,FR,FR,42.5527,9.48373,48.5383,7.62823,681.0,1,V7,717
BIA-STR,BIA,STR,Bastia,Stuttgart,FR,DE,42.5527,9.48373,48.689899,9.22196,682.7,1,4U,319
BIA-TLS,BIA,TLS,Bastia,Toulouse/Blagnac,FR,FR,42.5527,9.48373,43.629101,1.36382,669.8,2,"U2,V7","319,717"
BIA-BRU,BIA,BRU,Bastia,Zaventem,FR,BE,42.5527,9.48373,50.901402,4.48444,1002.9,1,SN,319
BVA-AHO,BVA,AHO,Beauvais,Alghero,FR,IT,49.454399,2.11278,40.632099,8.29077,1093.6,1,FR,738
BVA-ALC,BVA,ALC,Beauvais,Alicante,FR,ES,49.454399,2.11278,38.2822,-0.558156,1260.4,1,FR,738
BVA-KRK,BVA,KRK,Beauvais,Balice,FR,PL,49.454399,2.11278,50.077702,19.7848,1268.2,1,FR,738
BVA-BCN,BVA,BCN,Beauvais,Barcelona,FR,ES,49.454399,2.11278,41.2971,2.07846,907.1,1,FR,738
BVA-BRI,BVA,BRI,Beauvais,Bari,FR,IT,49.454399,2.11278,41.138901,16.760599,1467.9,1,FR,738
BVA-BEG,BVA,BEG,Beauvais,Belgrade,FR,RS,49.454399,2.11278,44.818401,20.309099,1465.3,1,W6,320
BVA-BLQ,BVA,BLQ,Beauvais,Bologna,FR,IT,49.454399,2.11278,44.5354,11.2887,884.1,1,FR,738
BVA-BTS,BVA,BTS,Beauvais,Bratislava,FR,SK,49.454399,2.11278,48.1702,17.2127,1113.0,1,FR,738
BVA-BDS,BVA,BDS,Beauvais,Brindisi,FR,IT,49.454399,2.11278,40.6576,17.947001,1576.9,1,FR,738
BVA-BUD,BVA,BUD,Beauvais,Budapest,FR,HU,49.454399,2.11278,47.43018,19.262393,1282.0,1,FR,738
BVA-BZR,BVA,BZR,Beauvais,Béziers,FR,FR,49.454399,2.11278,43.323502,3.3539,688.3,1,FR,738
BVA-CAG,BVA,CAG,Beauvais,Cagliari,FR,IT,49.454399,2.11278,39.251499,9.05428,1260.3,1,FR,738
BVA-CLJ,BVA,CLJ,Beauvais,Cluj-Napoca,FR,RO,49.454399,2.11278,46.786042,23.685733,1622.8,1,W6,320
BVA-DUB,BVA,DUB,Beauvais,Dublin,FR,IE,49.454399,2.11278,53.428713,-6.262121,728.8,1,FR,738
BVA-FAO,BVA,FAO,Beauvais,Faro,FR,PT,49.454399,2.11278,37.015909,-7.970939,1603.1,1,FR,738
BVA-GDN,BVA,GDN,Beauvais,Gdańsk,FR,PL,49.454399,2.11278,54.377602,18.4662,1244.1,1,W6,320
BVA-GRO,BVA,GRO,Beauvais,Girona,FR,ES,49.454399,2.11278,41.904639,2.761774,841.0,1,FR,738
BVA-RZE,BVA,RZE,Beauvais,Jasionka,FR,PL,49.454399,2.11278,50.109791,22.024155,1427.2,1,K2,DH4
BVA-KTW,BVA,KTW,Beauvais,Katowice,FR,PL,49.454399,2.11278,50.476015,19.080705,1216.3,1,W6,320
BVA-LIS,BVA,LIS,Beauvais,Lisbon,FR,PT,49.454399,2.11278,38.7813,-9.13592,1484.8,1,FR,738
BVA-MAD,BVA,MAD,Beauvais,Madrid,FR,ES,49.454399,2.11278,40.493407,-3.572249,1091.4,1,FR,738
BVA-MAN,BVA,MAN,Beauvais,"Manchester, Greater Manchester",FR,GB,49.454399,2.11278,53.349375,-2.279521,529.3,1,FR,738
BVA-AGP,BVA,AGP,Beauvais,Málaga,FR,ES,49.454399,2.11278,36.6749,-4.49911,1517.7,1,FR,738
BVA-WMI,BVA,WMI,Beauvais,Nowy Dwór Mazowiecki,FR,PL,49.454399,2.11278,52.451099,20.6518,1336.6,1,FR,738
BVA-NYO,BVA,NYO,Beauvais,Nyköping,FR,SE,49.454399,2.11278,58.789656,16.911479,1410.8,1,FR,738
BVA-BGY,BVA,BGY,Beauvais,Orio al Serio (BG),FR,IT,49.454399,2.11278,45.669362,9.708851,707.9,1,FR,738
BVA-OTP,BVA,OTP,Beauvais,Otopeni,FR,RO,49.454399,2.11278,44.571792,26.103285,1889.0,1,W6,320
BVA-PMI,BVA,PMI,Beauvais,Palma de Mallorca,FR,ES,49.454399,2.11278,39.551701,2.73881,1102.2,1,FR,738
BVA-PSR,BVA,PSR,Beauvais,Pescara,FR,IT,49.454399,2.11278,42.431079,14.182981,1214.4,1,FR,738
BVA-PSA,BVA,PSA,Beauvais,Pisa (PI),FR,IT,49.454399,2.11278,43.683899,10.3927,900.3,1,FR,738
BVA-OPO,BVA,OPO,Beauvais,Porto,FR,PT,49.454399,2.11278,41.2481002808,-8.68138980865,1240.2,1,FR,738
BVA-POZ,BVA,POZ,Beauvais,Poznań,FR,PL,49.454399,2.11278,52.421598,16.823359,1080.1,1,W6,320
BVA-PUY,BVA,PUY,Beauvais,Pula,FR,HR,49.454399,2.11278,44.893501,13.9222,1025.0,1,FR,738
BVA-TGM,BVA,TGM,Beauvais,Recea,FR,RO,49.454399,2.11278,46.467701,24.4125,1686.8,1,W6,320
BVA-CIA,BVA,CIA,Beauvais,Rome,FR,IT,49.454399,2.11278,41.798769,12.595331,1176.5,1,FR,738
BVA-TRS,BVA,TRS,Beauvais,Ronchi dei Legionari/Trieste,FR,IT,49.454399,2.11278,45.827862,13.466672,940.1,1,FR,738
BVA-SVQ,BVA,SVQ,Beauvais,Seville,FR,ES,49.454399,2.11278,37.417999,-5.89311,1484.3,1,FR,738
BVA-SNN,BVA,SNN,Beauvais,Shannon,FR,IE,49.454399,2.11278,52.702,-8.92482,850.3,1,FR,738
BVA-SOF,BVA,SOF,Beauvais,Sofia,FR,BG,49.454399,2.11278,42.696357,23.417671,1798.9,1,W6,320
BVA-TSR,BVA,TSR,Beauvais,Timişoara,FR,RO,49.454399,2.11278,45.809898,21.3379,1491.9,1,W6,320
BVA-TPS,BVA,TPS,Beauvais,Trapani (TP),FR,IT,49.454399,2.11278,37.9114,12.488,1527.7,1,FR,738
BVA-TSF,BVA,TSF,Beauvais,Treviso (TV),FR,IT,49.454399,2.11278,45.648399,12.1944,865.9,1,FR,738
BVA-VLC,BVA,VLC,Beauvais,Valencia,FR,ES,49.454399,2.11278,39.489162,-0.480961,1126.8,1,FR,738
BVA-VNO,BVA,VNO,Beauvais,Vilnius,FR,LT,49.454399,2.11278,54.634102,25.285801,1676.9,2,"FR,W6","320,738"
BVA-WAW,BVA,WAW,Beauvais,Warsaw,FR,PL,49.454399,2.11278,52.165699,20.9671,1354.5,1,W6,320
BVA-WRO,BVA,WRO,Beauvais,Wrocław,FR,PL,49.454399,2.11278,51.103719,16.882096,1063.5,1,W6,320
BVA-ZAD,BVA,ZAD,Beauvais,Zadar,FR,HR,49.454399,2.11278,44.096986,15.353565,1168.7,1,FR,738
BVA-ZAZ,BVA,ZAZ,Beauvais,Zaragoza,FR,ES,49.454399,2.11278,41.666199,-1.04155,899.9,1,FR,738
EGC-BRS,EGC,BRS,Bergerac,Bristol,FR,GB,44.825298,0.518611,51.382326,-2.716453,767.5,1,FR,738
EGC-CRL,EGC,CRL,Bergerac,Charleroi,FR,BE,44.825298,0.518611,50.461963,4.459562,692.6,1,FR,738
EGC-EXT,EGC,EXT,Bergerac,"Exeter, Devon",FR,GB,44.825298,0.518611,50.734261,-3.413984,719.5,2,"AF,BE",DH4
EGC-LPL,EGC,LPL,Bergerac,Liverpool,FR,GB,44.825298,0.518611,53.334863,-2.849637,977.2,1,FR,738
EGC-STN,EGC,STN,Bergerac,"London, Essex",FR,GB,44.825298,0.518611,51.884998,0.235,785.3,1,FR,738
EGC-EMA,EGC,EMA,Bergerac,"Nottingham, Leicestershire",FR,GB,44.825298,0.518611,52.8311,-1.32806,900.3,1,FR,738
EGC-RTM,EGC,RTM,Bergerac,Rotterdam,FR,NL,44.825298,0.518611,51.956902,4.43722,843.8,1,HV,73H 73W
EGC-SOU,EGC,SOU,Bergerac,Southampton,FR,GB,44.825298,0.518611,50.950298,-1.3568,695.2,2,"AF,BE",DH4
BIQ-CRL,BIQ,CRL,Biarritz,Charleroi,FR,BE,43.468372,-1.523223,50.461963,4.459562,899.8,1,FR,738
BIQ-LYS,BIQ,LYS,Biarritz,"Colombier-Saugnieu, Rhône",FR,FR,43.468372,-1.523223,45.725996,5.090139,580.4,1,A5,CR7 ER4
BIQ-CPH,BIQ,CPH,Biarritz,Copenhagen,FR,DK,43.468372,-1.523223,55.617900848389,12.656000137329,1687.8,1,SK,CR9
BIQ-DUB,BIQ,DUB,Biarritz,Dublin,FR,IE,43.468372,-1.523223,53.428713,-6.262121,1160.7,1,FR,738
BIQ-GVA,BIQ,GVA,Biarritz,Geneva,FR,CH,43.468372,-1.523223,46.238098,6.10895,675.5,2,"A5,AF",CR7
BIQ-LIL,BIQ,LIL,Biarritz,Lesquin,FR,FR,43.468372,-1.523223,50.566564,3.102429,863.2,1,A5,ER4
BIQ-STN,BIQ,STN,Biarritz,"London, Essex",FR,GB,43.468372,-1.523223,51.884998,0.235,945.0,1,FR,738
BIQ-MRS,BIQ,MRS,Biarritz,"Marignane, Bouches-du-Rhône",FR,FR,43.468372,-1.523223,43.438088,5.2125,543.6,1,AF,320 319
BIQ-NCE,BIQ,NCE,Biarritz,"Nice, Alpes-Maritimes",FR,FR,43.468372,-1.523223,43.658401,7.21587,704.1,1,A5,CR7
BIQ-NYO,BIQ,NYO,Biarritz,Nyköping,FR,SE,43.468372,-1.523223,58.789656,16.911479,2119.7,1,FR,738
BIQ-ORY,BIQ,ORY,Biarritz,"Paris (Orly, Val-de-Marne)",FR,FR,43.468372,-1.523223,48.729499,2.358963,656.9,1,AF,CRK 319 321 320
BIQ-CDG,BIQ,CDG,Biarritz,"Paris (Roissy-en-France, Val-d'Oise)",FR,FR,43.468372,-1.523223,49.00896,2.554117,691.0,1,U2,319
BIQ-SXB,BIQ,SXB,Biarritz,Strasbourg,FR,FR,43.468372,-1.523223,48.5383,7.62823,903.1,1,V7,717
BOD-AJA,BOD,AJA,Bordeaux,Ajaccio,FR,FR,44.82865,-0.715356,41.923599,8.80292,833.7,1,V7,717
BOD-AMS,BOD,AMS,Bordeaux,Amsterdam,FR,NL,44.82865,-0.715356,52.308601,4.76389,923.7,3,"AF,KL,U2","319,E90 73W F70,F70"
BOD-BCN,BOD,BCN,Bordeaux,Barcelona,FR,ES,44.82865,-0.715356,41.2971,2.07846,453.5,2,"IB,VY",320
BOD-BIA,BOD,BIA,Bordeaux,Bastia,FR,FR,44.82865,-0.715356,42.5527,9.48373,857.5,1,V7,717
BOD-BLQ,BOD,BLQ,Bordeaux,Bologna,FR,IT,44.82865,-0.715356,44.5354,11.2887,948.8,1,FR,738
BOD-BES,BOD,BES,Bordeaux,Brest,FR,FR,44.82865,-0.715356,48.447899,-4.41854,491.7,1,CE,BEH
BOD-BRS,BOD,BRS,Bordeaux,Bristol,FR,GB,44.82865,-0.715356,51.382326,-2.716453,743.7,1,U2,319 320
BOD-BSL,BOD,BSL,Bordeaux,Bâle / Mulhouse,FR,FR,44.82865,-0.715356,47.60068,7.521117,704.2,1,U2,319 320
BOD-CLY,BOD,CLY,Bordeaux,Calvi,FR,FR,44.82865,-0.715356,42.530422,8.792984,805.6,1,V7,717
BOD-CRL,BOD,CRL,Bordeaux,Charleroi,FR,BE,44.82865,-0.715356,50.461963,4.459562,736.2,1,FR,738
BOD-LYS,BOD,LYS,Bordeaux,"Colombier-Saugnieu, Rhône",FR,FR,44.82865,-0.715356,45.725996,5.090139,465.0,2,"A5,U2","319,E90 E70"
BOD-DUB,BOD,DUB,Bordeaux,Dublin,FR,IE,44.82865,-0.715356,53.428713,-6.262121,1037.2,1,EI,320
BOD-EDI,BOD,EDI,Bordeaux,Edinburgh,FR,GB,44.82865,-0.715356,55.950145,-3.372288,1250.7,1,FR,738
BOD-MXP,BOD,MXP,Bordeaux,Ferno (VA),FR,IT,44.82865,-0.715356,45.6306,8.72811,744.4,1,U2,319
BOD-FSC,BOD,FSC,Bordeaux,Figari,FR,FR,44.82865,-0.715356,41.50185,9.097092,876.8,1,V7,717
BOD-FLR,BOD,FLR,Bordeaux,Firenze (FI),FR,IT,44.82865,-0.715356,43.808558,11.202822,954.0,1,V7,717
BOD-GVA,BOD,GVA,Bordeaux,Geneva,FR,CH,44.82865,-0.715356,46.238098,6.10895,554.0,2,"F7,U2","319 320,AT7"
BOD-HER,BOD,HER,Bordeaux,Heraklion,FR,GR,44.82865,-0.715356,35.339699,25.1803,2428.5,1,A3,320
BOD-LIL,BOD,LIL,Bordeaux,Lesquin,FR,FR,44.82865,-0.715356,50.566564,3.102429,698.8,2,"A5,U2","319,E70 CR7 E90"
BOD-LIS,BOD,LIS,Bordeaux,Lisbon,FR,PT,44.82865,-0.715356,38.7813,-9.13592,968.2,2,"TP,U2","100 ER4,319"
BOD-LGW,BOD,LGW,Bordeaux,London,FR,GB,44.82865,-0.715356,51.148744,-0.185739,703.9,2,"BA,U2","319,734 319"
BOD-STN,BOD,STN,Bordeaux,"London, Essex",FR,GB,44.82865,-0.715356,51.884998,0.235,787.7,1,FR,738
BOD-LTN,BOD,LTN,Bordeaux,"Luton, Luton",FR,GB,44.82865,-0.715356,51.874699,-0.368333,783.9,1,U2,319
BOD-MAD,BOD,MAD,Bordeaux,Madrid,FR,ES,44.82865,-0.715356,40.493407,-3.572249,535.6,1,IB,CRK CR9
BOD-MRS,BOD,MRS,Bordeaux,"Marignane, Bouches-du-Rhône",FR,FR,44.82865,-0.715356,43.438088,5.2125,497.6,2,"AF,FR","319 320,738"
BOD-MUC,BOD,MUC,Bordeaux,Munich,FR,DE,44.82865,-0.715356,48.353802,11.7861,1031.0,1,V7,717
BOD-AGP,BOD,AGP,Bordeaux,Málaga,FR,ES,44.82865,-0.715356,36.6749,-4.49911,960.7,1,V7,717
BOD-NTE,BOD,NTE,Bordeaux,Nantes,FR,FR,44.82865,-0.715356,47.153198,-1.61073,267.6,2,"A5,AF",ER4
BOD-NCE,BOD,NCE,Bordeaux,"Nice, Alpes-Maritimes",FR,FR,44.82865,-0.715356,43.658401,7.21587,644.8,2,"A5,U2","319 320,CR7"
BOD-OLB,BOD,OLB,Bordeaux,Olbia (SS),FR,IT,44.82865,-0.715356,40.898953,9.518457,940.6,1,V7,717
BOD-PMO,BOD,PMO,Bordeaux,Palermo,FR,IT,44.82865,-0.715356,38.175999,13.091,1364.3,1,V7,717
BOD-PMI,BOD,PMI,Bordeaux,Palma de Mallorca,FR,ES,44.82865,-0.715356,39.551701,2.73881,652.0,3,"IB,V7,VY","320,717"
BOD-ORY,BOD,ORY,Bordeaux,"Paris (Orly, Val-de-Marne)",FR,FR,44.82865,-0.715356,48.729499,2.358963,492.8,1,AF,321 319 320
BOD-CDG,BOD,CDG,Bordeaux,"Paris (Roissy-en-France, Val-d'Oise)",FR,FR,44.82865,-0.715356,49.00896,2.554117,526.9,2,"AF,AZ",321 320 32A 318
BOD-OPO,BOD,OPO,Bordeaux,Porto,FR,PT,44.82865,-0.715356,41.2481002808,-8.68138980865,759.5,1,FR,738
BOD-CIA,BOD,CIA,Bordeaux,Rome,FR,IT,44.82865,-0.715356,41.798769,12.595331,1126.9,1,FR,738
BOD-FCO,BOD,FCO,Bordeaux,Rome,FR,IT,44.82865,-0.715356,41.804532,12.251998,1100.2,3,"A5,AF,AZ",E70 E90 CR7
BOD-RNS,BOD,RNS,Bordeaux,"Saint-Jacques-de-la-Lande, Ille-et-Vilaine",FR,FR,44.82865,-0.715356,48.0695,-1.73479,368.7,1,CE,BEH
BOD-SVQ,BOD,SVQ,Bordeaux,Seville,FR,ES,44.82865,-0.715356,37.417999,-5.89311,930.7,1,FR,738
BOD-SXB,BOD,SXB,Bordeaux,Strasbourg,FR,FR,44.82865,-0.715356,48.5383,7.62823,757.8,2,"A5,V7","717,E70 ER4"
BOD-VCE,BOD,VCE,Bordeaux,Venezia (VE),FR,IT,44.82865,-0.715356,45.505299,12.3519,1026.1,1,V7,717
BOD-BRU,BOD,BRU,Bordeaux,Zaventem,FR,BE,44.82865,-0.715356,50.901402,4.48444,778.3,1,U2,320
BOD-ZRH,BOD,ZRH,Bordeaux,Zurich,FR,CH,44.82865,-0.715356,47.458056,8.548056,770.6,1,2L,100
BES-AJA,BES,AJA,Brest,Ajaccio,FR,FR,48.447899,-4.41854,41.923599,8.80292,1262.1,1,V7,717
BES-BCN,BES,BCN,Brest,Barcelona,FR,ES,48.447899,-4.41854,41.2971,2.07846,944.9,2,"IB,VY",320
BES-BIA,BES,BIA,Brest,Bastia,FR,FR,48.447899,-4.41854,42.5527,9.48373,1263.5,1,V7,717
BES-BOD,BES,BOD,Brest,Bordeaux,FR,FR,48.447899,-4.41854,44.82865,-0.715356,491.7,1,CE,BEH
BES-LYS,BES,LYS,Brest,"Colombier-Saugnieu, Rhône",FR,FR,48.447899,-4.41854,45.725996,5.090139,780.3,2,"A5,U2","319,CR7 CRK ER4"
BES-LCY,BES,LCY,Brest,London,FR,GB,48.447899,-4.41854,51.505299,0.055278,466.7,2,"AF,WX",F50
BES-MRS,BES,MRS,Brest,"Marignane, Bouches-du-Rhône",FR,FR,48.447899,-4.41854,43.438088,5.2125,928.8,2,"AF,FR","319,738"
BES-NCE,BES,NCE,Brest,"Nice, Alpes-Maritimes",FR,FR,48.447899,-4.41854,43.658401,7.21587,1042.2,1,A5,CR7
BES-ORY,BES,ORY,Brest,"Paris (Orly, Val-de-Marne)",FR,FR,48.447899,-4.41854,48.729499,2.358963,499.3,1,AF,319 CRK
BES-CDG,BES,CDG,Brest,"Paris (Roissy-en-France, Val-d'Oise)",FR,FR,48.447899,-4.41854,49.00896,2.554117,515.0,2,"AF,AZ",318 321
BES-SOU,BES,SOU,Brest,Southampton,FR,GB,48.447899,-4.41854,50.950298,-1.3568,354.8,2,"AF,BE",DH4
BVE-AJA,BVE,AJA,Brive,Ajaccio,FR,FR,45.039722,1.485556,41.923599,8.80292,684.2,1,A5,AT5
BVE-LCY,BVE,LCY,Brive,London,FR,GB,45.039722,1.485556,51.505299,0.055278,726.7,2,"AF,WX",AR8
BVE-STN,BVE,STN,Brive,"London, Essex",FR,GB,45.039722,1.485556,51.884998,0.235,766.7,1,FR,738
BVE-ORY,BVE,ORY,Brive,"Paris (Orly, Val-de-Marne)",FR,FR,45.039722,1.485556,48.729499,2.358963,415.6,1,A5,AT5
BSL-AJA,BSL,AJA,Bâle / Mulhouse,Ajaccio,FR,FR,47.60068,7.521117,41.923599,8.80292,639.3,1,U2,319
BSL-ALC,BSL,ALC,Bâle / Mulhouse,Alicante,FR,ES,47.60068,7.521117,38.2822,-0.558156,1225.7,1,U2,320 319
BSL-AMS,BSL,AMS,Bâle / Mulhouse,Amsterdam,FR,NL,47.60068,7.521117,52.308601,4.76389,559.3,3,"AF,KL,U2","319 320,F70 E90,F70 EMJ"
BSL-KRK,BSL,KRK,Bâle / Mulhouse,Balice,FR,PL,47.60068,7.521117,50.077702,19.7848,937.6,1,U2,319
BSL-BCN,BSL,BCN,Bâle / Mulhouse,Barcelona,FR,ES,47.60068,7.521117,41.2971,2.07846,822.9,2,"LX,U2","319 320,AR1"
BSL-BOD,BSL,BOD,Bâle / Mulhouse,Bordeaux,FR,FR,47.60068,7.521117,44.82865,-0.715356,704.2,1,U2,319 320
BSL-BDS,BSL,BDS,Bâle / Mulhouse,Brindisi,FR,IT,47.60068,7.521117,40.6576,17.947001,1133.3,1,U2,320
BSL-BUD,BSL,BUD,Bâle / Mulhouse,Budapest,FR,HU,47.60068,7.521117,47.43018,19.262393,881.1,1,U2,319 320
BSL-CAG,BSL,CAG,Bâle / Mulhouse,Cagliari,FR,IT,47.60068,7.521117,39.251499,9.05428,936.6,1,U2,319
BSL-CTA,BSL,CTA,Bâle / Mulhouse,Catania,FR,IT,47.60068,7.521117,37.466801,15.0664,1283.8,3,"AB,IG,U2","320,320 319"
BSL-CPH,BSL,CPH,Bâle / Mulhouse,Copenhagen,FR,DK,47.60068,7.521117,55.617900848389,12.656000137329,958.8,1,U2,320 319
BSL-DRS,BSL,DRS,Bâle / Mulhouse,Dresden,FR,DE,47.60068,7.521117,51.134123,13.767831,598.8,1,U2,319 320
BSL-DUB,BSL,DUB,Bâle / Mulhouse,Dublin,FR,IE,47.60068,7.521117,53.428713,-6.262121,1167.3,1,FR,738
BSL-DUS,BSL,DUS,Bâle / Mulhouse,Düsseldorf,FR,DE,47.60068,7.521117,51.289501,6.76678,413.8,1,4U,CRJ
BSL-EDI,BSL,EDI,Bâle / Mulhouse,Edinburgh,FR,GB,47.60068,7.521117,55.950145,-3.372288,1190.3,1,U2,320 319
BSL-FAO,BSL,FAO,Bâle / Mulhouse,Faro,FR,PT,47.60068,7.521117,37.015909,-7.970939,1728.5,1,U2,319
BSL-FRA,BSL,FRA,Bâle / Mulhouse,Frankfurt am Main,FR,DE,47.60068,7.521117,50.026706,8.55835,280.2,3,"LH,LX,SK",CR7
BSL-FNC,BSL,FNC,Bâle / Mulhouse,Funchal,FR,PT,47.60068,7.521117,32.697812,-16.774613,2628.3,1,X3,73H
BSL-HAM,BSL,HAM,Bâle / Mulhouse,Hamburg,FR,DE,47.60068,7.521117,53.630402,9.98823,692.6,3,"LH,LX,U2","320 319,AR1"
BSL-HER,BSL,HER,Bâle / Mulhouse,Heraklion,FR,GR,47.60068,7.521117,35.339699,25.1803,1997.1,2,"AB,X3","320,73H"
BSL-IBZ,BSL,IBZ,Bâle / Mulhouse,Ibiza (Eivissa),FR,ES,47.60068,7.521117,38.872898,1.37312,1090.0,1,AB,320
BSL-IST,BSL,IST,Bâle / Mulhouse,Istanbul,FR,TR,47.60068,7.521117,41.274874,28.732136,1817.6,1,TK,738
BSL-LIS,BSL,LIS,Bâle / Mulhouse,Lisbon,FR,PT,47.60068,7.521117,38.7813,-9.13592,1663.1,1,U2,319
BSL-LCY,BSL,LCY,Bâle / Mulhouse,London,FR,GB,47.60068,7.521117,51.505299,0.055278,691.2,1,LX,AR1
BSL-LGW,BSL,LGW,Bâle / Mulhouse,London,FR,GB,47.60068,7.521117,51.148744,-0.185739,682.8,1,U2,320 319
BSL-LHR,BSL,LHR,Bâle / Mulhouse,London,FR,GB,47.60068,7.521117,51.470748,-0.459909,718.3,3,"AA,AB,BA","319 320,319 320 321"
BSL-STN,BSL,STN,Bâle / Mulhouse,"London, Essex",FR,GB,47.60068,7.521117,51.884998,0.235,707.2,1,FR,738
BSL-MAD,BSL,MAD,Bâle / Mulhouse,Madrid,FR,ES,47.60068,7.521117,40.493407,-3.572249,1185.6,1,U2,319 320
BSL-MAN,BSL,MAN,Bâle / Mulhouse,"Manchester, Greater Manchester",FR,GB,47.60068,7.521117,53.349375,-2.279521,941.7,1,U2,320 319
BSL-MPL,BSL,MPL,Bâle / Mulhouse,Montpellier/Méditerranée,FR,FR,47.60068,7.521117,43.576199,3.96301,526.1,1,U2,319
BSL-MUC,BSL,MUC,Bâle / Mulhouse,Munich,FR,DE,47.60068,7.521117,48.353802,11.7861,328.3,3,"LH,LX,SK",CR7 CR9
BSL-AGP,BSL,AGP,Bâle / Mulhouse,Málaga,FR,ES,47.60068,7.521117,36.6749,-4.49911,1564.1,1,U2,319 320
BSL-NTE,BSL,NTE,Bâle / Mulhouse,Nantes,FR,FR,47.60068,7.521117,47.153198,-1.61073,689.0,1,U2,319 320
BSL-NAP,BSL,NAP,Bâle / Mulhouse,Napoli,FR,IT,47.60068,7.521117,40.886002,14.2908,920.2,1,U2,319 320
BSL-NCE,BSL,NCE,Bâle / Mulhouse,"Nice, Alpes-Maritimes",FR,FR,47.60068,7.521117,43.658401,7.21587,439.0,1,U2,319 320
BSL-OLB,BSL,OLB,Bâle / Mulhouse,Olbia (SS),FR,IT,47.60068,7.521117,40.898953,9.518457,761.9,1,U2,319
BSL-PMI,BSL,PMI,Bâle / Mulhouse,Palma de Mallorca,FR,ES,47.60068,7.521117,39.551701,2.73881,973.9,3,"AB,U2,X3","319 320,320 738,73H"
BSL-CDG,BSL,CDG,Bâle / Mulhouse,"Paris (Roissy-en-France, Val-d'Oise)",FR,FR,47.60068,7.521117,49.00896,2.554117,399.3,3,"AF,KL,MK",AT7
BSL-OPO,BSL,OPO,Bâle / Mulhouse,Porto,FR,PT,47.60068,7.521117,41.2481002808,-8.68138980865,1463.7,1,U2,319 320
BSL-PRG,BSL,PRG,Bâle / Mulhouse,Prague,FR,CZ,47.60068,7.521117,50.100874,14.259911,565.7,1,LX,AR1
BSL-PRN,BSL,PRN,Bâle / Mulhouse,Prishtina,FR,XK,47.60068,7.521117,42.5728,21.035801,1197.0,1,U2,320 319
BSL-KEF,BSL,KEF,Bâle / Mulhouse,Reykjavík,FR,IS,47.60068,7.521117,63.985001,-22.6056,2574.8,1,U2,320
BSL-FCO,BSL,FCO,Bâle / Mulhouse,Rome,FR,IT,47.60068,7.521117,41.804532,12.251998,744.8,2,"LX,U2","319,AR1"
BSL-SCQ,BSL,SCQ,Bâle / Mulhouse,Santiago de Compostela,FR,ES,47.60068,7.521117,42.896301,-8.41514,1349.6,1,U2,320 319
BSL-SVQ,BSL,SVQ,Bâle / Mulhouse,Seville,FR,ES,47.60068,7.521117,37.417999,-5.89311,1573.9,1,U2,320 319
BSL-SPU,BSL,SPU,Bâle / Mulhouse,Split,FR,HR,47.60068,7.521117,43.538898,16.298,818.2,1,U2,319
BSL-SKG,BSL,SKG,Bâle / Mulhouse,Thessaloniki,FR,GR,47.60068,7.521117,40.51928,22.970009,1460.2,1,U2,320 319
BSL-TLS,BSL,TLS,Bâle / Mulhouse,Toulouse/Blagnac,FR,FR,47.60068,7.521117,43.629101,1.36382,651.1,1,U2,319
BSL-VCE,BSL,VCE,Bâle / Mulhouse,Venezia (VE),FR,IT,47.60068,7.521117,45.505299,12.3519,436.6,1,U2,319 320
BSL-VIE,BSL,VIE,Bâle / Mulhouse,Vienna,FR,AT,47.60068,7.521117,48.110298,16.5697,677.1,2,"LX,OS",DH4
BSL-BRU,BSL,BRU,Bâle / Mulhouse,Zaventem,FR,BE,47.60068,7.521117,50.901402,4.48444,428.0,3,"LX,SN,U2","319,319 AR1"
BZR-BVA,BZR,BVA,Béziers,Beauvais,FR,FR,43.323502,3.3539,49.454399,2.11278,688.3,1,FR,738
BZR-BRE,BZR,BRE,Béziers,Bremen,FR,DE,43.323502,3.3539,53.046786,8.78932,1153.0,1,FR,738
BZR-BRS,BZR,BRS,Béziers,Bristol,FR,GB,43.323502,3.3539,51.382326,-2.716453,1005.2,1,FR,738
BZR-EDI,BZR,EDI,Béziers,Edinburgh,FR,GB,43.323502,3.3539,55.950145,-3.372288,1483.5,1,FR,738
BZR-LTN,BZR,LTN,Béziers,"Luton, Luton",FR,GB,43.323502,3.3539,51.874699,-0.368333,990.6,1,FR,738
BZR-MAN,BZR,MAN,Béziers,"Manchester, Greater Manchester",FR,GB,43.323502,3.3539,53.349375,-2.279521,1189.1,1,FR,738
BZR-NYO,BZR,NYO,Béziers,Nyköping,FR,SE,43.323502,3.3539,58.789656,16.911479,1955.1,1,FR,738
BZR-NRN,BZR,NRN,Béziers,Weeze,FR,DE,43.323502,3.3539,51.601362,6.141228,943.8,1,FR,738
CFR-AJA,CFR,AJA,Caen,Ajaccio,FR,FR,49.17678,-0.454883,41.923599,8.80292,1080.1,1,V7,717
CFR-LYS,CFR,LYS,Caen,"Colombier-Saugnieu, Rhône",FR,FR,49.17678,-0.454883,45.725996,5.090139,566.4,1,A5,CR7
CFR-NCE,CFR,NCE,Caen,"Nice, Alpes-Maritimes",FR,FR,49.17678,-0.454883,43.658401,7.21587,849.0,1,A5,CR7
CFR-ORY,CFR,ORY,Caen,"Paris (Orly, Val-de-Marne)",FR,FR,49.17678,-0.454883,48.729499,2.358963,211.4,1,A5,BEH
CLY-BOD,CLY,BOD,Calvi,Bordeaux,FR,FR,42.530422,8.792984,44.82865,-0.715356,805.6,1,V7,717
CLY-DUS,CLY,DUS,Calvi,Düsseldorf,FR,DE,42.530422,8.792984,51.289501,6.76678,985.9,1,AB,73G
CLY-CGN,CLY,CGN,Calvi,Köln (Cologne),FR,DE,42.530422,8.792984,50.865898,7.14274,935.3,2,"4U,AB","319,73G"
CLY-LUX,CLY,LUX,Calvi,Luxembourg,FR,LU,42.530422,8.792984,49.626845,6.212134,813.7,1,LG,DH4
CLY-MRS,CLY,MRS,Calvi,"Marignane, Bouches-du-Rhône",FR,FR,42.530422,8.792984,43.438088,5.2125,308.2,3,"AF,AZ,XK",AT7
CLY-FMM,CLY,FMM,Calvi,Memmingen,FR,DE,42.530422,8.792984,47.988092,10.238248,617.3,2,"AB,HG",320
CLY-NTE,CLY,NTE,Calvi,Nantes,FR,FR,42.530422,8.792984,47.153198,-1.61073,966.8,2,"A5,V7","717,E70"
CLY-NCE,CLY,NCE,Calvi,"Nice, Alpes-Maritimes",FR,FR,42.530422,8.792984,43.658401,7.21587,179.2,3,"AF,AZ,XK",AT7
CLY-ORY,CLY,ORY,Calvi,"Paris (Orly, Val-de-Marne)",FR,FR,42.530422,8.792984,48.729499,2.358963,851.1,2,"AF,XK","319,320 319"
CLY-CDG,CLY,CDG,Calvi,"Paris (Roissy-en-France, Val-d'Oise)",FR,FR,42.530422,8.792984,49.00896,2.554117,867.2,1,AF,320
CLY-SZG,CLY,SZG,Calvi,Salzburg,FR,AT,42.530422,8.792984,47.793301,13.0043,671.7,2,"AB,HG",320
CCF-BLL,CCF,BLL,Carcassonne,Billund,FR,DK,43.216,2.30632,55.740335,9.157019,1476.2,1,FR,738
CCF-BOH,CCF,BOH,Carcassonne,Bournemouth,FR,GB,43.216,2.30632,50.780483,-1.839576,897.6,1,FR,738
CCF-CRL,CCF,CRL,Carcassonne,Charleroi,FR,BE,43.216,2.30632,50.461963,4.459562,822.1,1,FR,738
CCF-DUB,CCF,DUB,Carcassonne,Dublin,FR,IE,43.216,2.30632,53.428713,-6.262121,1298.2,1,FR,738
CCF-EIN,CCF,EIN,Carcassonne,Eindhoven,FR,NL,43.216,2.30632,51.4500999451,5.37452983856,944.1,1,FR,738
CCF-LPL,CCF,LPL,Carcassonne,Liverpool,FR,GB,43.216,2.30632,53.334863,-2.849637,1187.3,1,FR,738
CCF-STN,CCF,STN,Carcassonne,"London, Essex",FR,GB,43.216,2.30632,51.884998,0.235,976.3,1,FR,738
CCF-EMA,CCF,EMA,Carcassonne,"Nottingham, Leicestershire",FR,GB,43.216,2.30632,52.8311,-1.32806,1102.4,1,FR,738
CCF-OPO,CCF,OPO,Carcassonne,Porto,FR,PT,43.216,2.30632,41.2481002808,-8.68138980865,930.0,1,FR,738
CCF-PIK,CCF,PIK,Carcassonne,"Prestwick, South Ayrshire",FR,GB,43.216,2.30632,55.501499,-4.577182,1452.5,1,FR,738
DCM-AJA,DCM,AJA,Castres,Ajaccio,FR,FR,43.556301,2.28918,41.923599,8.80292,561.9,1,A5,AT5
DCM-ORY,DCM,ORY,Castres,"Paris (Orly, Val-de-Marne)",FR,FR,43.556301,2.28918,48.729499,2.358963,575.3,1,A5,AT5
XCR-OPO,XCR,OPO,Chalons en Champagne,Porto,FR,PT,48.77333,4.20611,41.2481002808,-8.68138980865,1310.9,1,FR,738
CFE-AMS,CFE,AMS,Clermont-Ferrand,Amsterdam,FR,NL,45.786701,3.16917,52.308601,4.76389,734.4,3,"A5,AF,KL","ER4,ERJ"
CFE-LYS,CFE,LYS,Clermont-Ferrand,"Colombier-Saugnieu, Rhône",FR,FR,45.786701,3.16917,45.725996,5.090139,149.2,1,A5,ER4
CFE-NCE,CFE,NCE,Clermont-Ferrand,"Nice, Alpes-Maritimes",FR,FR,45.786701,3.16917,43.658401,7.21587,397.7,1,A5,ER4
CFE-ORY,CFE,ORY,Clermont-Ferrand,"Paris (Orly, Val-de-Marne)",FR,FR,45.786701,3.16917,48.729499,2.358963,332.9,1,AF,AT7 CRK
CFE-CDG,CFE,CDG,Clermont-Ferrand,"Paris (Roissy-en-France, Val-d'Oise)",FR,FR,45.786701,3.16917,49.00896,2.554117,361.3,2,"AF,AZ",E70 E90
CFE-OPO,CFE,OPO,Clermont-Ferrand,Porto,FR,PT,45.786701,3.16917,41.2481002808,-8.68138980865,1079.1,1,FR,738
LYS-AJA,LYS,AJA,"Colombier-Saugnieu, Rhône",Ajaccio,FR,FR,45.725996,5.090139,41.923599,8.80292,517.1,4,"AF,AZ,U2,XK","319,320"
LYS-AMS,LYS,AMS,"Colombier-Saugnieu, Rhône",Amsterdam,FR,NL,45.725996,5.090139,52.308601,4.76389,732.3,2,"AF,KL","EMJ F70,F70"
LYS-BCN,LYS,BCN,"Colombier-Saugnieu, Rhône",Barcelona,FR,ES,45.725996,5.090139,41.2971,2.07846,549.0,3,"IB,U2,VY","319,320"
LYS-BIA,LYS,BIA,"Colombier-Saugnieu, Rhône",Bastia,FR,FR,45.725996,5.090139,42.5527,9.48373,497.3,3,"AF,U2,XK","319,320"
LYS-BIQ,LYS,BIQ,"Colombier-Saugnieu, Rhône",Biarritz,FR,FR,45.725996,5.090139,43.468372,-1.523223,580.4,1,A5,CR7 ER4
LYS-BHX,LYS,BHX,"Colombier-Saugnieu, Rhône","Birmingham, West Midlands",FR,GB,45.725996,5.090139,52.453899,-1.74803,897.8,2,"AF,BE",E75
LYS-BLQ,LYS,BLQ,"Colombier-Saugnieu, Rhône",Bologna,FR,IT,45.725996,5.090139,44.5354,11.2887,503.8,2,"A5,AF",ER4 AT5
LYS-BOD,LYS,BOD,"Colombier-Saugnieu, Rhône",Bordeaux,FR,FR,45.725996,5.090139,44.82865,-0.715356,465.0,2,"A5,U2","319,E90 E70"
LYS-BES,LYS,BES,"Colombier-Saugnieu, Rhône",Brest,FR,FR,45.725996,5.090139,48.447899,-4.41854,780.3,2,"A5,U2","319,CR7 CRK ER4"
LYS-CFR,LYS,CFR,"Colombier-Saugnieu, Rhône",Caen,FR,FR,45.725996,5.090139,49.17678,-0.454883,566.4,1,A5,CR7
LYS-CTA,LYS,CTA,"Colombier-Saugnieu, Rhône",Catania,FR,IT,45.725996,5.090139,37.466801,15.0664,1235.7,2,"AP,AZ",320
LYS-CFE,LYS,CFE,"Colombier-Saugnieu, Rhône",Clermont-Ferrand,FR,FR,45.725996,5.090139,45.786701,3.16917,149.2,1,A5,ER4
LYS-DUB,LYS,DUB,"Colombier-Saugnieu, Rhône",Dublin,FR,IE,45.725996,5.090139,53.428713,-6.262121,1182.0,1,EI,320
LYS-DUS,LYS,DUS,"Colombier-Saugnieu, Rhône",Düsseldorf,FR,DE,45.725996,5.090139,51.289501,6.76678,630.8,1,4U,CRJ
LYS-EDI,LYS,EDI,"Colombier-Saugnieu, Rhône",Edinburgh,FR,GB,45.725996,5.090139,55.950145,-3.372288,1280.6,1,U2,319
LYS-MXP,LYS,MXP,"Colombier-Saugnieu, Rhône",Ferno (VA),FR,IT,45.725996,5.090139,45.6306,8.72811,282.8,3,"A5,AF,AZ",CRJ ER4
LYS-FLR,LYS,FLR,"Colombier-Saugnieu, Rhône",Firenze (FI),FR,IT,45.725996,5.090139,43.808558,11.202822,527.4,2,"A5,AF",AT5
LYS-FRA,LYS,FRA,"Colombier-Saugnieu, Rhône",Frankfurt am Main,FR,DE,45.725996,5.090139,50.026706,8.55835,543.5,2,"ET,LH","32A 319 733 321 735,733 32A 321"
LYS-ETZ,LYS,ETZ,"Colombier-Saugnieu, Rhône",Goin,FR,FR,45.725996,5.090139,48.982101,6.25132,372.5,1,A5,ER4 AT7 CRJ
LYS-GOT,LYS,GOT,"Colombier-Saugnieu, Rhône",Göteborg,FR,SE,45.725996,5.090139,57.6628,12.2798,1414.9,2,"A5,AF",ER4
LYS-HER,LYS,HER,"Colombier-Saugnieu, Rhône",Heraklion,FR,GR,45.725996,5.090139,35.339699,25.1803,2044.2,1,TO,73H
LYS-IST,LYS,IST,"Colombier-Saugnieu, Rhône",Istanbul,FR,TR,45.725996,5.090139,41.274874,28.732136,1962.1,1,TK,738 321 330
LYS-LIL,LYS,LIL,"Colombier-Saugnieu, Rhône",Lesquin,FR,FR,45.725996,5.090139,50.566564,3.102429,558.0,1,A5,CRJ ER4
LYS-LIG,LYS,LIG,"Colombier-Saugnieu, Rhône",Limoges/Bellegarde,FR,FR,45.725996,5.090139,45.862801,1.17944,303.5,1,CE,ATR
LYS-LIS,LYS,LIS,"Colombier-Saugnieu, Rhône",Lisbon,FR,PT,45.725996,5.090139,38.7813,-9.13592,1399.4,2,"TP,U2","100 ER4,319"
LYS-LGW,LYS,LGW,"Colombier-Saugnieu, Rhône",London,FR,GB,45.725996,5.090139,51.148744,-0.185739,717.3,1,U2,319
LYS-LHR,LYS,LHR,"Colombier-Saugnieu, Rhône",London,FR,GB,45.725996,5.090139,51.470748,-0.459909,757.5,2,"AA,BA",319
LYS-STN,LYS,STN,"Colombier-Saugnieu, Rhône","London, Essex",FR,GB,45.725996,5.090139,51.884998,0.235,771.2,1,U2,319 320
LYS-LRT,LYS,LRT,"Colombier-Saugnieu, Rhône",Lorient/Lann/Bihoué,FR,FR,45.725996,5.090139,47.760601,-3.44,687.8,1,T3,J41
LYS-MAD,LYS,MAD,"Colombier-Saugnieu, Rhône",Madrid,FR,ES,45.725996,5.090139,40.493407,-3.572249,911.8,2,"IB,U2","319,CRK"
LYS-MRS,LYS,MRS,"Colombier-Saugnieu, Rhône","Marignane, Bouches-du-Rhône",FR,FR,45.725996,5.090139,43.438088,5.2125,254.6,1,A5,AT5 CRJ
LYS-MPL,LYS,MPL,"Colombier-Saugnieu, Rhône",Montpellier/Méditerranée,FR,FR,45.725996,5.090139,43.576199,3.96301,255.1,1,A5,AT5
LYS-MUC,LYS,MUC,"Colombier-Saugnieu, Rhône",Munich,FR,DE,45.725996,5.090139,48.353802,11.7861,585.2,1,LH,E95 CR9
LYS-AGP,LYS,AGP,"Colombier-Saugnieu, Rhône",Málaga,FR,ES,45.725996,5.090139,36.6749,-4.49911,1285.1,2,"IB,VY",320
LYS-NTE,LYS,NTE,"Colombier-Saugnieu, Rhône",Nantes,FR,FR,45.725996,5.090139,47.153198,-1.61073,537.2,2,"A5,U2","319,CRK E70 ER4"
LYS-NCE,LYS,NCE,"Colombier-Saugnieu, Rhône","Nice, Alpes-Maritimes",FR,FR,45.725996,5.090139,43.658401,7.21587,284.7,2,"AF,U2","319,320 319"
LYS-PMI,LYS,PMI,"Colombier-Saugnieu, Rhône",Palma de Mallorca,FR,ES,45.725996,5.090139,39.551701,2.73881,712.9,2,"IB,VY",320
LYS-ORY,LYS,ORY,"Colombier-Saugnieu, Rhône","Paris (Orly, Val-de-Marne)",FR,FR,45.725996,5.090139,48.729499,2.358963,392.5,1,AF,CRK
LYS-CDG,LYS,CDG,"Colombier-Saugnieu, Rhône","Paris (Roissy-en-France, Val-d'Oise)",FR,FR,45.725996,5.090139,49.00896,2.554117,411.9,2,"AF,SE","320 319 318,332"
LYS-PUF,LYS,PUF,"Colombier-Saugnieu, Rhône",Pau/Pyrénées (Uzein),FR,FR,45.725996,5.090139,43.380001,-0.418611,508.3,1,A5,AT7 ER4 CRJ CR7
LYS-PIS,LYS,PIS,"Colombier-Saugnieu, Rhône",Poitiers/Biard,FR,FR,45.725996,5.090139,46.5877,0.306666,380.6,2,"A5,AF",AT5
LYS-OPO,LYS,OPO,"Colombier-Saugnieu, Rhône",Porto,FR,PT,45.725996,5.090139,41.2481002808,-8.68138980865,1215.4,2,"TO,U2","319,73H"
LYS-PRG,LYS,PRG,"Colombier-Saugnieu, Rhône",Prague,FR,CZ,45.725996,5.090139,50.100874,14.259911,837.9,2,"A5,AF",E90 CRK
LYS-FCO,LYS,FCO,"Colombier-Saugnieu, Rhône",Rome,FR,IT,45.725996,5.090139,41.804532,12.251998,721.3,4,"A5,AF,AZ,U2","319,CRK"
LYS-RNS,LYS,RNS,"Colombier-Saugnieu, Rhône","Saint-Jacques-de-la-Lande, Ille-et-Vilaine",FR,FR,45.725996,5.090139,48.0695,-1.73479,580.1,1,A5,CRK CR7
LYS-SVQ,LYS,SVQ,"Colombier-Saugnieu, Rhône",Seville,FR,ES,45.725996,5.090139,37.417999,-5.89311,1297.0,3,"IB,TO,VY","320,73H"
LYS-ATH,LYS,ATH,"Colombier-Saugnieu, Rhône",Spata-Artemida,FR,GR,45.725996,5.090139,37.936401,23.9445,1779.8,3,"A3,OA,TO","320,73H"
LYS-SPU,LYS,SPU,"Colombier-Saugnieu, Rhône",Split,FR,HR,45.725996,5.090139,43.538898,16.298,918.7,1,OU,DH4
LYS-SXB,LYS,SXB,"Colombier-Saugnieu, Rhône",Strasbourg,FR,FR,45.725996,5.090139,48.5383,7.62823,366.9,1,A5,CR7 CRK
LYS-TLS,LYS,TLS,"Colombier-Saugnieu, Rhône",Toulouse/Blagnac,FR,FR,45.725996,5.090139,43.629101,1.36382,375.7,3,"AF,AZ,U2","319,319 320 CRK"
LYS-MLA,LYS,MLA,"Colombier-Saugnieu, Rhône",Valletta,FR,MT,45.725996,5.090139,35.845932,14.491546,1352.0,2,"AF,KM","320,320 319"
LYS-VCE,LYS,VCE,"Colombier-Saugnieu, Rhône",Venezia (VE),FR,IT,45.725996,5.090139,45.505299,12.3519,565.1,3,"A5,AF,U2","319,ER4 CRK"
LYS-VIE,LYS,VIE,"Colombier-Saugnieu, Rhône",Vienna,FR,AT,45.725996,5.090139,48.110298,16.5697,910.3,2,"AF,OS",DH4 F70
LYS-BRU,LYS,BRU,"Colombier-Saugnieu, Rhône",Zaventem,FR,BE,45.725996,5.090139,50.901402,4.48444,577.2,4,"A5,AF,SN,U2","319,AR1 319 320,ER4"
LYS-ZRH,LYS,ZRH,"Colombier-Saugnieu, Rhône",Zurich,FR,CH,45.725996,5.090139,47.458056,8.548056,326.9,1,LX,AR1
DOL-LCY,DOL,LCY,Deauville,London,FR,GB,49.365237,0.154481,51.505299,0.055278,238.1,2,"AF,WX",F50
DIJ-TLS,DIJ,TLS,Dijon,Toulouse/Blagnac,FR,FR,47.268902,5.09,43.629101,1.36382,498.2,1,T3,J41
DNR-STN,DNR,STN,Dinard,"London, Essex",FR,GB,48.5877,-2.07996,51.884998,0.235,401.9,1,FR,738
DNR-EMA,DNR,EMA,Dinard,"Nottingham, Leicestershire",FR,GB,48.5877,-2.07996,52.8311,-1.32806,474.8,1,FR,738
DNR-GCI,DNR,GCI,Dinard,Saint Peter Port,FR,GG,48.5877,-2.07996,49.435001,-2.60197,101.6,1,GR,BNT
DLE-LIS,DLE,LIS,Dole,Lisbon,FR,PT,47.038955,5.427589,38.7813,-9.13592,1495.9,1,FR,738
DLE-OPO,DLE,OPO,Dole,Porto,FR,PT,47.038955,5.427589,41.2481002808,-8.68138980865,1294.1,1,FR,738
FSC-BOD,FSC,BOD,Figari,Bordeaux,FR,FR,41.50185,9.097092,44.82865,-0.715356,876.8,1,V7,717
FSC-CRL,FSC,CRL,Figari,Charleroi,FR,BE,41.50185,9.097092,50.461963,4.459562,1058.3,1,FR,738
FSC-LIL,FSC,LIL,Figari,Lesquin,FR,FR,41.50185,9.097092,50.566564,3.102429,1108.2,1,A5,CRK
FSC-LUX,FSC,LUX,Figari,Luxembourg,FR,LU,41.50185,9.097092,49.626845,6.212134,930.8,1,LG,DH4
FSC-MRS,FSC,MRS,Figari,"Marignane, Bouches-du-Rhône",FR,FR,41.50185,9.097092,43.438088,5.2125,384.5,3,"AF,AZ,XK",AT7
FSC-NTE,FSC,NTE,Figari,Nantes,FR,FR,41.50185,9.097092,47.153198,-1.61073,1056.9,2,"A5,V7","717,CRK"
FSC-NCE,FSC,NCE,Figari,"Nice, Alpes-Maritimes",FR,FR,41.50185,9.097092,43.658401,7.21587,285.0,3,"AF,AZ,XK",AT7
FSC-ORY,FSC,ORY,Figari,"Paris (Orly, Val-de-Marne)",FR,FR,41.50185,9.097092,48.729499,2.358963,961.1,1,XK,320
ETZ-LYS,ETZ,LYS,Goin,"Colombier-Saugnieu, Rhône",FR,FR,48.982101,6.25132,45.725996,5.090139,372.5,1,A5,AT7 ER4 CRJ
ETZ-MRS,ETZ,MRS,Goin,"Marignane, Bouches-du-Rhône",FR,FR,48.982101,6.25132,43.438088,5.2125,621.6,1,T7,BEH
ETZ-NCE,ETZ,NCE,Goin,"Nice, Alpes-Maritimes",FR,FR,48.982101,6.25132,43.658401,7.21587,596.6,1,A5,ER4 CRJ CR7
ETZ-TLS,ETZ,TLS,Goin,Toulouse/Blagnac,FR,FR,48.982101,6.25132,43.629101,1.36382,703.4,1,T7,BEH
TLN-STN,TLN,STN,"Hyères, Var","London, Essex",FR,GB,43.097301,6.14603,51.884998,0.235,1072.5,1,FR,738
TLN-ORY,TLN,ORY,"Hyères, Var","Paris (Orly, Val-de-Marne)",FR,FR,43.097301,6.14603,48.729499,2.358963,691.2,1,AF,CRK 319 321 320
TLN-RTM,TLN,RTM,"Hyères, Var",Rotterdam,FR,NL,43.097301,6.14603,51.956902,4.43722,993.4,1,HV,73W 73H
LRH-CRL,LRH,CRL,La Rochelle,Charleroi,FR,BE,46.179199,-1.19528,50.461963,4.459562,633.4,1,FR,738
LRH-DUB,LRH,DUB,La Rochelle,Dublin,FR,IE,46.179199,-1.19528,53.428713,-6.262121,883.8,1,FR,738
LRH-STN,LRH,STN,La Rochelle,"London, Essex",FR,GB,46.179199,-1.19528,51.884998,0.235,642.9,1,FR,738
LRH-EMA,LRH,EMA,La Rochelle,"Nottingham, Leicestershire",FR,GB,46.179199,-1.19528,52.8311,-1.32806,739.7,1,FR,738
LRH-ORY,LRH,ORY,La Rochelle,"Paris (Orly, Val-de-Marne)",FR,FR,46.179199,-1.19528,48.729499,2.358963,389.6,1,A5,BEH
LRH-PIS,LRH,PIS,La Rochelle,Poitiers/Biard,FR,FR,46.179199,-1.19528,46.5877,0.306666,123.8,2,"A5,AF",AT5
LRH-OPO,LRH,OPO,La Rochelle,Porto,FR,PT,46.179199,-1.19528,41.2481002808,-8.68138980865,813.4,1,FR,738
LRH-SOU,LRH,SOU,La Rochelle,Southampton,FR,GB,46.179199,-1.19528,50.950298,-1.3568,530.7,2,"AF,BE",DH4
LIL-AJA,LIL,AJA,Lesquin,Ajaccio,FR,FR,50.566564,3.102429,41.923599,8.80292,1055.5,2,"HQ,V7","320,717"
LIL-BCN,LIL,BCN,Lesquin,Barcelona,FR,ES,50.566564,3.102429,41.2971,2.07846,1033.7,2,"IB,VY",320
LIL-BIA,LIL,BIA,Lesquin,Bastia,FR,FR,50.566564,3.102429,42.5527,9.48373,1015.0,2,"A5,V7","717,E70"
LIL-BIQ,LIL,BIQ,Lesquin,Biarritz,FR,FR,50.566564,3.102429,43.468372,-1.523223,863.2,1,A5,ER4
LIL-BOD,LIL,BOD,Lesquin,Bordeaux,FR,FR,50.566564,3.102429,44.82865,-0.715356,698.8,2,"A5,U2","319,E70 CR7 E90"
LIL-LYS,LIL,LYS,Lesquin,"Colombier-Saugnieu, Rhône",FR,FR,50.566564,3.102429,45.725996,5.090139,558.0,1,A5,ER4 CRJ
LIL-DBV,LIL,DBV,Lesquin,Dubrovnik,FR,HR,50.566564,3.102429,42.562247,18.265543,1456.8,1,HQ,320
LIL-FAO,LIL,FAO,Lesquin,Faro,FR,PT,50.566564,3.102429,37.015909,-7.970939,1745.1,1,HQ,320
LIL-FSC,LIL,FSC,Lesquin,Figari,FR,FR,50.566564,3.102429,41.50185,9.097092,1108.2,1,A5,CRK
LIL-GVA,LIL,GVA,Lesquin,Geneva,FR,CH,50.566564,3.102429,46.238098,6.10895,529.9,1,U2,320 319
LIL-LGG,LIL,LGG,Lesquin,Grâce-Hollogne,FR,BE,50.566564,3.102429,50.638574,5.443897,165.4,1,HQ,320
LIL-HER,LIL,HER,Lesquin,Heraklion,FR,GR,50.566564,3.102429,35.339699,25.1803,2451.1,1,HQ,320 319
LIL-CFU,LIL,CFU,Lesquin,Kerkyra (Corfu),FR,GR,50.566564,3.102429,39.60145,19.912179,1789.0,1,HQ,320
LIL-MRS,LIL,MRS,Lesquin,"Marignane, Bouches-du-Rhône",FR,FR,50.566564,3.102429,43.438088,5.2125,808.5,2,"AF,FR","319,738"
LIL-MPL,LIL,MPL,Lesquin,Montpellier/Méditerranée,FR,FR,50.566564,3.102429,43.576199,3.96301,780.0,1,A5,E70
LIL-NTE,LIL,NTE,Lesquin,Nantes,FR,FR,50.566564,3.102429,47.153198,-1.61073,512.6,1,A5,ER4
LIL-NCE,LIL,NCE,Lesquin,"Nice, Alpes-Maritimes",FR,FR,50.566564,3.102429,43.658401,7.21587,828.5,2,"AF,U2",319 320
LIL-OPO,LIL,OPO,Lesquin,Porto,FR,PT,50.566564,3.102429,41.2481002808,-8.68138980865,1376.8,1,FR,738
LIL-SPU,LIL,SPU,Lesquin,Split,FR,HR,50.566564,3.102429,43.538898,16.298,1265.7,1,HQ,320
LIL-SXB,LIL,SXB,Lesquin,Strasbourg,FR,FR,50.566564,3.102429,48.5383,7.62823,396.7,1,A5,CRJ ER4
LIL-TLS,LIL,TLS,Lesquin,Toulouse/Blagnac,FR,FR,50.566564,3.102429,43.629101,1.36382,782.5,2,"A5,U2","319,E70"
LIL-VCE,LIL,VCE,Lesquin,Venezia (VE),FR,IT,50.566564,3.102429,45.505299,12.3519,887.5,1,TO,73H
LIG-AVN,LIG,AVN,Limoges/Bellegarde,Avignon,FR,FR,45.862801,1.17944,43.907299,4.90183,365.0,1,CE,ATR
LIG-BRS,LIG,BRS,Limoges/Bellegarde,Bristol,FR,GB,45.862801,1.17944,51.382326,-2.716453,677.0,1,FR,738
LIG-LYS,LIG,LYS,Limoges/Bellegarde,"Colombier-Saugnieu, Rhône",FR,FR,45.862801,1.17944,45.725996,5.090139,303.5,1,CE,ATR
LIG-LBA,LIG,LBA,Limoges/Bellegarde,"Leeds, West Yorkshire",FR,GB,45.862801,1.17944,53.865898,-1.66057,912.7,1,FR,738
LIG-LPL,LIG,LPL,Limoges/Bellegarde,Liverpool,FR,GB,45.862801,1.17944,53.334863,-2.849637,879.8,1,FR,738
LIG-STN,LIG,STN,Limoges/Bellegarde,"London, Essex",FR,GB,45.862801,1.17944,51.884998,0.235,673.2,1,FR,738
LIG-NCE,LIG,NCE,Limoges/Bellegarde,"Nice, Alpes-Maritimes",FR,FR,45.862801,1.17944,43.658401,7.21587,535.7,1,T7,BEH
LIG-EMA,LIG,EMA,Limoges/Bellegarde,"Nottingham, Leicestershire",FR,GB,45.862801,1.17944,52.8311,-1.32806,795.7,1,FR,738
LIG-ORY,LIG,ORY,Limoges/Bellegarde,"Paris (Orly, Val-de-Marne)",FR,FR,45.862801,1.17944,48.729499,2.358963,330.9,1,T7,BEH
LIG-SOU,LIG,SOU,Limoges/Bellegarde,Southampton,FR,GB,45.862801,1.17944,50.950298,-1.3568,595.8,2,"AF,BE",DH4
LRT-LYS,LRT,LYS,Lorient/Lann/Bihoué,"Colombier-Saugnieu, Rhône",FR,FR,47.760601,-3.44,45.725996,5.090139,687.8,1,T3,J41
LRT-ORY,LRT,ORY,Lorient/Lann/Bihoué,"Paris (Orly, Val-de-Marne)",FR,FR,47.760601,-3.44,48.729499,2.358963,442.6,1,A5,CR7
MRS-AJA,MRS,AJA,"Marignane, Bouches-du-Rhône",Ajaccio,FR,FR,43.438088,5.2125,41.923599,8.80292,338.3,3,"AF,AZ,XK",320 AT7
MRS-AMS,MRS,AMS,"Marignane, Bouches-du-Rhône",Amsterdam,FR,NL,43.438088,5.2125,52.308601,4.76389,986.9,2,"AF,KL","319,32S"
MRS-BCN,MRS,BCN,"Marignane, Bouches-du-Rhône",Barcelona,FR,ES,43.438088,5.2125,41.2971,2.07846,350.6,2,"IB,VY",320
MRS-BIA,MRS,BIA,"Marignane, Bouches-du-Rhône",Bastia,FR,FR,43.438088,5.2125,42.5527,9.48373,361.0,3,"AF,AZ,XK",320
MRS-BIQ,MRS,BIQ,"Marignane, Bouches-du-Rhône",Biarritz,FR,FR,43.438088,5.2125,43.468372,-1.523223,543.6,1,AF,320 319
MRS-BOD,MRS,BOD,"Marignane, Bouches-du-Rhône",Bordeaux,FR,FR,43.438088,5.2125,44.82865,-0.715356,497.6,2,"AF,FR","319 320,738"
MRS-BES,MRS,BES,"Marignane, Bouches-du-Rhône",Brest,FR,FR,43.438088,5.2125,48.447899,-4.41854,928.8,2,"AF,FR","319,738"
MRS-CAG,MRS,CAG,"Marignane, Bouches-du-Rhône",Cagliari,FR,IT,43.438088,5.2125,39.251499,9.05428,565.2,1,FR,738
MRS-CLY,MRS,CLY,"Marignane, Bouches-du-Rhône",Calvi,FR,FR,43.438088,5.2125,42.530422,8.792984,308.2,3,"AF,AZ,XK",AT7
MRS-CTA,MRS,CTA,"Marignane, Bouches-du-Rhône",Catania,FR,IT,43.438088,5.2125,37.466801,15.0664,1064.6,1,FR,738
MRS-CRL,MRS,CRL,"Marignane, Bouches-du-Rhône",Charleroi,FR,BE,43.438088,5.2125,50.461963,4.459562,783.1,1,FR,738
MRS-LYS,MRS,LYS,"Marignane, Bouches-du-Rhône","Colombier-Saugnieu, Rhône",FR,FR,43.438088,5.2125,45.725996,5.090139,254.6,1,A5,AT5 CRJ
MRS-DUB,MRS,DUB,"Marignane, Bouches-du-Rhône",Dublin,FR,IE,43.438088,5.2125,53.428713,-6.262121,1393.1,1,EI,320
MRS-EDI,MRS,EDI,"Marignane, Bouches-du-Rhône",Edinburgh,FR,GB,43.438088,5.2125,55.950145,-3.372288,1519.4,1,FR,738
MRS-EIN,MRS,EIN,"Marignane, Bouches-du-Rhône",Eindhoven,FR,NL,43.438088,5.2125,51.4500999451,5.37452983856,891.0,1,FR,738
MRS-MXP,MRS,MXP,"Marignane, Bouches-du-Rhône",Ferno (VA),FR,IT,43.438088,5.2125,45.6306,8.72811,370.2,4,"AF,AZ,T7,XK","AT7,BEH"
MRS-FSC,MRS,FSC,"Marignane, Bouches-du-Rhône",Figari,FR,FR,43.438088,5.2125,41.50185,9.097092,384.5,3,"AF,AZ,XK",AT7
MRS-FRA,MRS,FRA,"Marignane, Bouches-du-Rhône",Frankfurt am Main,FR,DE,43.438088,5.2125,50.026706,8.55835,775.5,2,"ET,LH","320 32A 319,E90 320 32A 319"
MRS-GVA,MRS,GVA,"Marignane, Bouches-du-Rhône",Geneva,FR,CH,43.438088,5.2125,46.238098,6.10895,319.3,1,T7,BEH
MRS-ETZ,MRS,ETZ,"Marignane, Bouches-du-Rhône",Goin,FR,FR,43.438088,5.2125,48.982101,6.25132,621.6,1,T7,BEH
MRS-HER,MRS,HER,"Marignane, Bouches-du-Rhône",Heraklion,FR,GR,43.438088,5.2125,35.339699,25.1803,1931.0,1,A3,320
MRS-IBZ,MRS,IBZ,"Marignane, Bouches-du-Rhône",Ibiza (Eivissa),FR,ES,43.438088,5.2125,38.872898,1.37312,600.7,1,FR,738
MRS-IST,MRS,IST,"Marignane, Bouches-du-Rhône",Istanbul,FR,TR,43.438088,5.2125,41.274874,28.732136,1940.9,2,"AF,TK","320,738 321 319"
MRS-LIL,MRS,LIL,"Marignane, Bouches-du-Rhône",Lesquin,FR,FR,43.438088,5.2125,50.566564,3.102429,808.5,2,"AF,FR","319,738"
MRS-LIS,MRS,LIS,"Marignane, Bouches-du-Rhône",Lisbon,FR,PT,43.438088,5.2125,38.7813,-9.13592,1306.6,2,"FR,TP","738,ER4 100"
MRS-LGW,MRS,LGW,"Marignane, Bouches-du-Rhône",London,FR,GB,43.438088,5.2125,51.148744,-0.185739,948.5,1,U2,319 320
MRS-LHR,MRS,LHR,"Marignane, Bouches-du-Rhône",London,FR,GB,43.438088,5.2125,51.470748,-0.459909,989.1,2,"AA,BA","319,319 320"
MRS-STN,MRS,STN,"Marignane, Bouches-du-Rhône","London, Essex",FR,GB,43.438088,5.2125,51.884998,0.235,1009.9,1,FR,738
MRS-MAD,MRS,MAD,"Marignane, Bouches-du-Rhône",Madrid,FR,ES,43.438088,5.2125,40.493407,-3.572249,796.2,2,"FR,IB","738,CRK"
MRS-SVO,MRS,SVO,"Marignane, Bouches-du-Rhône",Moscow,FR,RU,43.438088,5.2125,55.976858,37.41121,2666.8,1,AF,320
MRS-MUC,MRS,MUC,"Marignane, Bouches-du-Rhône",Munich,FR,DE,43.438088,5.2125,48.353802,11.7861,746.2,1,LH,E95 CR9
MRS-AGP,MRS,AGP,"Marignane, Bouches-du-Rhône",Málaga,FR,ES,43.438088,5.2125,36.6749,-4.49911,1116.1,1,FR,738
MRS-NTE,MRS,NTE,"Marignane, Bouches-du-Rhône",Nantes,FR,FR,43.438088,5.2125,47.153198,-1.61073,674.5,2,"AF,FR","319,738"
MRS-WMI,MRS,WMI,"Marignane, Bouches-du-Rhône",Nowy Dwór Mazowiecki,FR,PL,43.438088,5.2125,52.451099,20.6518,1519.8,1,FR,738
MRS-PMO,MRS,PMO,"Marignane, Bouches-du-Rhône",Palermo,FR,IT,43.438088,5.2125,38.175999,13.091,883.6,1,FR,738
MRS-PMI,MRS,PMI,"Marignane, Bouches-du-Rhône",Palma de Mallorca,FR,ES,43.438088,5.2125,39.551701,2.73881,478.7,3,"FR,IB,VY","320,738"
MRS-ORY,MRS,ORY,"Marignane, Bouches-du-Rhône","Paris (Orly, Val-de-Marne)",FR,FR,43.438088,5.2125,48.729499,2.358963,628.1,2,"AF,BE","320 321 319,32S"
MRS-CDG,MRS,CDG,"Marignane, Bouches-du-Rhône","Paris (Roissy-en-France, Val-d'Oise)",FR,FR,43.438088,5.2125,49.00896,2.554117,652.2,8,"AF,AM,AY,AZ,DL,EY,SE,SU","319,319 321,319 32A 318 321 320,332 333"
MRS-PUF,MRS,PUF,"Marignane, Bouches-du-Rhône",Pau/Pyrénées (Uzein),FR,FR,43.438088,5.2125,43.380001,-0.418611,454.8,1,T7,BEH
MRS-OPO,MRS,OPO,"Marignane, Bouches-du-Rhône",Porto,FR,PT,43.438088,5.2125,41.2481002808,-8.68138980865,1166.1,1,FR,738
MRS-PRG,MRS,PRG,"Marignane, Bouches-du-Rhône",Prague,FR,CZ,43.438088,5.2125,50.100874,14.259911,1010.4,1,AF,320 319
MRS-CIA,MRS,CIA,"Marignane, Bouches-du-Rhône",Rome,FR,IT,43.438088,5.2125,41.798769,12.595331,630.8,1,FR,738
MRS-FCO,MRS,FCO,"Marignane, Bouches-du-Rhône",Rome,FR,IT,43.438088,5.2125,41.804532,12.251998,603.7,2,"AF,AZ",319
MRS-RNS,MRS,RNS,"Marignane, Bouches-du-Rhône","Saint-Jacques-de-la-Lande, Ille-et-Vilaine",FR,FR,43.438088,5.2125,48.0695,-1.73479,744.9,1,AF,319
MRS-SVQ,MRS,SVQ,"Marignane, Bouches-du-Rhône",Seville,FR,ES,43.438088,5.2125,37.417999,-5.89311,1152.4,1,FR,738
MRS-ATH,MRS,ATH,"Marignane, Bouches-du-Rhône",Spata-Artemida,FR,GR,43.438088,5.2125,37.936401,23.9445,1689.1,3,"A3,AF,OA","319,320"
MRS-SXB,MRS,SXB,"Marignane, Bouches-du-Rhône",Strasbourg,FR,FR,43.438088,5.2125,48.5383,7.62823,597.0,1,A5,CR7 ER4 E70
MRS-TLS,MRS,TLS,"Marignane, Bouches-du-Rhône",Toulouse/Blagnac,FR,FR,43.438088,5.2125,43.629101,1.36382,311.0,1,A5,AT5
MRS-TUF,MRS,TUF,"Marignane, Bouches-du-Rhône","Tours, Indre-et-Loire",FR,FR,43.438088,5.2125,47.432201,0.727606,565.2,1,FR,738
MRS-VLC,MRS,VLC,"Marignane, Bouches-du-Rhône",Valencia,FR,ES,43.438088,5.2125,39.489162,-0.480961,646.1,1,FR,738
MRS-MLA,MRS,MLA,"Marignane, Bouches-du-Rhône",Valletta,FR,MT,43.438088,5.2125,35.845932,14.491546,1157.8,2,"FR,KM","320,738"
MRS-VCE,MRS,VCE,"Marignane, Bouches-du-Rhône",Venezia (VE),FR,IT,43.438088,5.2125,45.505299,12.3519,611.1,2,"AF,AZ",320 319
MRS-ZAD,MRS,ZAD,"Marignane, Bouches-du-Rhône",Zadar,FR,HR,43.438088,5.2125,44.096986,15.353565,817.1,1,FR,738
MRS-BRU,MRS,BRU,"Marignane, Bouches-du-Rhône",Zaventem,FR,BE,43.438088,5.2125,50.901402,4.48444,831.7,1,SN,AR1
MPL-AJA,MPL,AJA,Montpellier/Méditerranée,Ajaccio,FR,FR,43.576199,3.96301,41.923599,8.80292,435.7,1,V7,717
MPL-BSL,MPL,BSL,Montpellier/Méditerranée,Bâle / Mulhouse,FR,FR,43.576199,3.96301,47.60068,7.521117,526.1,1,U2,319
MPL-CRL,MPL,CRL,Montpellier/Méditerranée,Charleroi,FR,BE,43.576199,3.96301,50.461963,4.459562,766.6,1,FR,738
MPL-LYS,MPL,LYS,Montpellier/Méditerranée,"Colombier-Saugnieu, Rhône",FR,FR,43.576199,3.96301,45.725996,5.090139,255.1,1,A5,AT5
MPL-DUS,MPL,DUS,Montpellier/Méditerranée,Düsseldorf,FR,DE,43.576199,3.96301,51.289501,6.76678,883.1,1,4U,CRJ
MPL-FRA,MPL,FRA,Montpellier/Méditerranée,Frankfurt am Main,FR,DE,43.576199,3.96301,50.026706,8.55835,797.6,1,LH,735
MPL-HHN,MPL,HHN,Montpellier/Méditerranée,Frankfurt am Main (Lautzenhausen),FR,DE,43.576199,3.96301,49.946353,7.261734,751.4,1,FR,738
MPL-LBA,MPL,LBA,Montpellier/Méditerranée,"Leeds, West Yorkshire",FR,GB,43.576199,3.96301,53.865898,-1.66057,1215.3,1,FR,738
MPL-LIL,MPL,LIL,Montpellier/Méditerranée,Lesquin,FR,FR,43.576199,3.96301,50.566564,3.102429,780.0,1,A5,E70
MPL-LGW,MPL,LGW,Montpellier/Méditerranée,London,FR,GB,43.576199,3.96301,51.148744,-0.185739,897.8,1,U2,319
MPL-LTN,MPL,LTN,Montpellier/Méditerranée,"Luton, Luton",FR,GB,43.576199,3.96301,51.874699,-0.368333,977.5,1,U2,319
MPL-NTE,MPL,NTE,Montpellier/Méditerranée,Nantes,FR,FR,43.576199,3.96301,47.153198,-1.61073,589.5,2,"A5,V7","717,E70 CRK ER4"
MPL-ORY,MPL,ORY,Montpellier/Méditerranée,"Paris (Orly, Val-de-Marne)",FR,FR,43.576199,3.96301,48.729499,2.358963,586.2,1,AF,321 319 CRK
MPL-CDG,MPL,CDG,Montpellier/Méditerranée,"Paris (Roissy-en-France, Val-d'Oise)",FR,FR,43.576199,3.96301,49.00896,2.554117,613.7,2,"AF,AZ","320 318 319,320 318 319 32A"
MPL-FCO,MPL,FCO,Montpellier/Méditerranée,Rome,FR,IT,43.576199,3.96301,41.804532,12.251998,705.2,2,"AF,AZ",E75 E90
MPL-RTM,MPL,RTM,Montpellier/Méditerranée,Rotterdam,FR,NL,43.576199,3.96301,51.956902,4.43722,932.6,1,HV,73W 73H
MPL-SXB,MPL,SXB,Montpellier/Méditerranée,Strasbourg,FR,FR,43.576199,3.96301,48.5383,7.62823,619.8,2,"A5,V7","717,E70"
NTE-AJA,NTE,AJA,Nantes,Ajaccio,FR,FR,47.153198,-1.61073,41.923599,8.80292,1008.3,3,"AF,V7,XK","320,717"
NTE-AMS,NTE,AMS,Nantes,Amsterdam,FR,NL,47.153198,-1.61073,52.308601,4.76389,733.3,2,"AF,KL","ER4,ERJ"
NTE-BCN,NTE,BCN,Nantes,Barcelona,FR,ES,47.153198,-1.61073,41.2971,2.07846,714.2,2,"IB,VY",320
NTE-BIA,NTE,BIA,Nantes,Bastia,FR,FR,47.153198,-1.61073,42.5527,9.48373,1011.8,3,"AF,V7,XK","320,717"
NTE-BOD,NTE,BOD,Nantes,Bordeaux,FR,FR,47.153198,-1.61073,44.82865,-0.715356,267.6,2,"A5,AF",ER4
NTE-BSL,NTE,BSL,Nantes,Bâle / Mulhouse,FR,FR,47.153198,-1.61073,47.60068,7.521117,689.0,1,U2,319 320
NTE-CLY,NTE,CLY,Nantes,Calvi,FR,FR,47.153198,-1.61073,42.530422,8.792984,966.8,2,"A5,V7","717,E70"
NTE-LYS,NTE,LYS,Nantes,"Colombier-Saugnieu, Rhône",FR,FR,47.153198,-1.61073,45.725996,5.090139,537.2,3,"A5,BJ,U2","319,320,CRK E70 ER4"
NTE-DUB,NTE,DUB,Nantes,Dublin,FR,IE,47.153198,-1.61073,53.428713,-6.262121,771.7,1,FR,738
NTE-DUS,NTE,DUS,Nantes,Düsseldorf,FR,DE,47.153198,-1.61073,51.289501,6.76678,761.9,2,"A5,AF",ER4
NTE-MXP,NTE,MXP,Nantes,Ferno (VA),FR,IT,47.153198,-1.61073,45.6306,8.72811,810.1,3,"A5,AF,AZ",ER4
NTE-FSC,NTE,FSC,Nantes,Figari,FR,FR,47.153198,-1.61073,41.50185,9.097092,1056.9,2,"A5,V7","717,CRK"
NTE-FLR,NTE,FLR,Nantes,Firenze (FI),FR,IT,47.153198,-1.61073,43.808558,11.202822,1064.4,1,V7,717
NTE-GVA,NTE,GVA,Nantes,Geneva,FR,CH,47.153198,-1.61073,46.238098,6.10895,597.2,1,U2,319 320
NTE-HER,NTE,HER,Nantes,Heraklion,FR,GR,47.153198,-1.61073,35.339699,25.1803,2577.5,1,TO,73H
NTE-LIL,NTE,LIL,Nantes,Lesquin,FR,FR,47.153198,-1.61073,50.566564,3.102429,512.6,1,A5,ER4
NTE-LIS,NTE,LIS,Nantes,Lisbon,FR,PT,47.153198,-1.61073,38.7813,-9.13592,1113.0,1,TO,73H
NTE-LCY,NTE,LCY,Nantes,London,FR,GB,47.153198,-1.61073,51.505299,0.055278,498.7,2,"AF,WX",AR8 F50
NTE-LGW,NTE,LGW,Nantes,London,FR,GB,47.153198,-1.61073,51.148744,-0.185739,456.2,1,U2,319
NTE-MAD,NTE,MAD,Nantes,Madrid,FR,ES,47.153198,-1.61073,40.493407,-3.572249,757.0,1,IB,CRK
NTE-MAN,NTE,MAN,Nantes,"Manchester, Greater Manchester",FR,GB,47.153198,-1.61073,53.349375,-2.279521,690.6,2,"AF,BE",E75 DH4
NTE-MRS,NTE,MRS,Nantes,"Marignane, Bouches-du-Rhône",FR,FR,47.153198,-1.61073,43.438088,5.2125,674.5,2,"AF,FR","319,738"
NTE-MPL,NTE,MPL,Nantes,Montpellier/Méditerranée,FR,FR,47.153198,-1.61073,43.576199,3.96301,589.5,2,"A5,V7","717,E70 CRK ER4"
NTE-MUC,NTE,MUC,Nantes,Munich,FR,DE,47.153198,-1.61073,48.353802,11.7861,1009.1,1,V7,717
NTE-AGP,NTE,AGP,Nantes,Málaga,FR,ES,47.153198,-1.61073,36.6749,-4.49911,1189.2,2,"IB,VY",320
NTE-NAP,NTE,NAP,Nantes,Napoli,FR,IT,47.153198,-1.61073,40.886002,14.2908,1446.1,1,V7,717
NTE-NCE,NTE,NCE,Nantes,"Nice, Alpes-Maritimes",FR,FR,47.153198,-1.61073,43.658401,7.21587,790.4,2,"AF,U2",320 319
NTE-OLB,NTE,OLB,Nantes,Olbia (SS),FR,IT,47.153198,-1.61073,40.898953,9.518457,1127.5,1,V7,717
NTE-PMO,NTE,PMO,Nantes,Palermo,FR,IT,47.153198,-1.61073,38.175999,13.091,1558.0,1,V7,717
NTE-PMI,NTE,PMI,Nantes,Palma de Mallorca,FR,ES,47.153198,-1.61073,39.551701,2.73881,915.1,1,V7,717
NTE-ORY,NTE,ORY,Nantes,"Paris (Orly, Val-de-Marne)",FR,FR,47.153198,-1.61073,48.729499,2.358963,343.7,1,AF,AT5
NTE-CDG,NTE,CDG,Nantes,"Paris (Roissy-en-France, Val-d'Oise)",FR,FR,47.153198,-1.61073,49.00896,2.554117,371.8,3,"AF,AZ,SE","321 318 319 320,332"
NTE-PGF,NTE,PGF,Nantes,Perpignan/Rivesaltes,FR,FR,47.153198,-1.61073,42.740398,2.87067,604.1,1,V7,717
NTE-OPO,NTE,OPO,Nantes,Porto,FR,PT,47.153198,-1.61073,41.2481002808,-8.68138980865,864.6,1,TO,73H
NTE-PRG,NTE,PRG,Nantes,Prague,FR,CZ,47.153198,-1.61073,50.100874,14.259911,1209.0,1,V7,717
NTE-FCO,NTE,FCO,Nantes,Rome,FR,IT,47.153198,-1.61073,41.804532,12.251998,1247.8,4,"IB,TO,U2,VY","319,320,73H"
NTE-SVQ,NTE,SVQ,Nantes,Seville,FR,ES,47.153198,-1.61073,37.417999,-5.89311,1137.9,3,"IB,TO,VY","320,73H"
NTE-SOU,NTE,SOU,Nantes,Southampton,FR,GB,47.153198,-1.61073,50.950298,-1.3568,422.6,2,"AF,BE",DH4
NTE-ATH,NTE,ATH,Nantes,Spata-Artemida,FR,GR,47.153198,-1.61073,37.936401,23.9445,2316.6,2,"A3,TO","320,73H"
NTE-SXB,NTE,SXB,Nantes,Strasbourg,FR,FR,47.153198,-1.61073,48.5383,7.62823,706.0,2,"A5,V7","717,ER4"
NTE-TLS,NTE,TLS,Nantes,Toulouse/Blagnac,FR,FR,47.153198,-1.61073,43.629101,1.36382,455.4,2,"A5,U2","319,CR7"
NTE-VLC,NTE,VLC,Nantes,Valencia,FR,ES,47.153198,-1.61073,39.489162,-0.480961,857.1,1,V7,717
NTE-MLA,NTE,MLA,Nantes,Valletta,FR,MT,47.153198,-1.61073,35.845932,14.491546,1831.5,1,TO,73H
NTE-VCE,NTE,VCE,Nantes,Venezia (VE),FR,IT,47.153198,-1.61073,45.505299,12.3519,1086.1,2,"TO,V7","717,73H"
NTE-BRU,NTE,BRU,Nantes,Zaventem,FR,BE,47.153198,-1.61073,50.901402,4.48444,608.9,2,"A5,AF",ER4
NCE-AJA,NCE,AJA,"Nice, Alpes-Maritimes",Ajaccio,FR,FR,43.658401,7.21587,41.923599,8.80292,232.3,3,"AF,AZ,XK",AT7
NCE-AMS,NCE,AMS,"Nice, Alpes-Maritimes",Amsterdam,FR,NL,43.658401,7.21587,52.308601,4.76389,978.9,3,"AF,HV,KL","737 EMJ,73H 73W,E90 73W 73H"
NCE-BCN,NCE,BCN,"Nice, Alpes-Maritimes",Barcelona,FR,ES,43.658401,7.21587,41.2971,2.07846,496.3,3,"IB,U2,VY","319 320,320"
NCE-BIA,NCE,BIA,"Nice, Alpes-Maritimes",Bastia,FR,FR,43.658401,7.21587,42.5527,9.48373,221.4,3,"AF,AZ,XK",AT7
NCE-BFS,NCE,BFS,"Nice, Alpes-Maritimes",Belfast,FR,GB,43.658401,7.21587,54.6575012207,-6.2158298492399995,1559.7,1,U2,319
NCE-BGO,NCE,BGO,"Nice, Alpes-Maritimes",Bergen,FR,NO,43.658401,7.21587,60.2934,5.21814,1854.6,1,DY,73H
NCE-BIQ,NCE,BIQ,"Nice, Alpes-Maritimes",Biarritz,FR,FR,43.658401,7.21587,43.468372,-1.523223,704.1,1,A5,CR7
NCE-BHX,NCE,BHX,"Nice, Alpes-Maritimes","Birmingham, West Midlands",FR,GB,43.658401,7.21587,52.453899,-1.74803,1181.4,1,ZB,320 321
NCE-BOD,NCE,BOD,"Nice, Alpes-Maritimes",Bordeaux,FR,FR,43.658401,7.21587,44.82865,-0.715356,644.8,2,"A5,U2","319 320,CR7"
NCE-BES,NCE,BES,"Nice, Alpes-Maritimes",Brest,FR,FR,43.658401,7.21587,48.447899,-4.41854,1042.2,1,A5,CR7
NCE-BRS,NCE,BRS,"Nice, Alpes-Maritimes",Bristol,FR,GB,43.658401,7.21587,51.382326,-2.716453,1135.5,1,U2,319 320
NCE-BSL,NCE,BSL,"Nice, Alpes-Maritimes",Bâle / Mulhouse,FR,FR,43.658401,7.21587,47.60068,7.521117,439.0,1,U2,319 320
NCE-CFR,NCE,CFR,"Nice, Alpes-Maritimes",Caen,FR,FR,43.658401,7.21587,49.17678,-0.454883,849.0,1,A5,CR7
NCE-CLY,NCE,CLY,"Nice, Alpes-Maritimes",Calvi,FR,FR,43.658401,7.21587,42.530422,8.792984,179.2,3,"AF,AZ,XK",AT7
NCE-CFE,NCE,CFE,"Nice, Alpes-Maritimes",Clermont-Ferrand,FR,FR,43.658401,7.21587,45.786701,3.16917,397.7,1,A5,ER4
NCE-LYS,NCE,LYS,"Nice, Alpes-Maritimes","Colombier-Saugnieu, Rhône",FR,FR,43.658401,7.21587,45.725996,5.090139,284.7,2,"AF,U2","319,320 319"
NCE-CPH,NCE,CPH,"Nice, Alpes-Maritimes",Copenhagen,FR,DK,43.658401,7.21587,55.617900848389,12.656000137329,1385.3,2,"DY,SK","321 320,73H"
NCE-ORK,NCE,ORK,"Nice, Alpes-Maritimes",Cork,FR,IE,43.658401,7.21587,51.841301,-8.49111,1480.3,1,EI,320
NCE-DUB,NCE,DUB,"Nice, Alpes-Maritimes",Dublin,FR,IE,43.658401,7.21587,53.428713,-6.262121,1466.5,2,"EI,FR","320,738"
NCE-DUS,NCE,DUS,"Nice, Alpes-Maritimes",Düsseldorf,FR,DE,43.658401,7.21587,51.289501,6.76678,849.2,2,"AB,LH","319 320 738,320 319 CR9"
NCE-EDI,NCE,EDI,"Nice, Alpes-Maritimes",Edinburgh,FR,GB,43.658401,7.21587,55.950145,-3.372288,1559.8,1,U2,319
NCE-EIN,NCE,EIN,"Nice, Alpes-Maritimes",Eindhoven,FR,NL,43.658401,7.21587,51.4500999451,5.37452983856,877.3,1,HV,73W 73H
NCE-FSC,NCE,FSC,"Nice, Alpes-Maritimes",Figari,FR,FR,43.658401,7.21587,41.50185,9.097092,285.0,3,"AF,AZ,XK",AT7
NCE-FRA,NCE,FRA,"Nice, Alpes-Maritimes",Frankfurt am Main,FR,DE,43.658401,7.21587,50.026706,8.55835,715.4,1,LH,319 32A 321 320
NCE-GVA,NCE,GVA,"Nice, Alpes-Maritimes",Geneva,FR,CH,43.658401,7.21587,46.238098,6.10895,299.8,2,"LX,U2","320 319,320 319 AR1"
NCE-ETZ,NCE,ETZ,"Nice, Alpes-Maritimes",Goin,FR,FR,43.658401,7.21587,48.982101,6.25132,596.6,1,A5,ER4 CRJ CR7
NCE-GOT,NCE,GOT,"Nice, Alpes-Maritimes",Göteborg,FR,SE,43.658401,7.21587,57.6628,12.2798,1596.5,1,DY,73H
NCE-HAM,NCE,HAM,"Nice, Alpes-Maritimes",Hamburg,FR,DE,43.658401,7.21587,53.630402,9.98823,1127.2,2,"4U,U2",319
NCE-HEL,NCE,HEL,"Nice, Alpes-Maritimes",Helsinki (Vantaa),FR,FI,43.658401,7.21587,60.318363,24.963341,2199.9,2,"AY,DY","320 32B,73H"
NCE-IST,NCE,IST,"Nice, Alpes-Maritimes",Istanbul,FR,TR,43.658401,7.21587,41.274874,28.732136,1779.5,1,TK,320 738 321
NCE-CGN,NCE,CGN,"Nice, Alpes-Maritimes",Köln (Cologne),FR,DE,43.658401,7.21587,50.865898,7.14274,801.5,1,4U,319 320
NCE-LBA,NCE,LBA,"Nice, Alpes-Maritimes","Leeds, West Yorkshire",FR,GB,43.658401,7.21587,53.865898,-1.66057,1306.0,1,LS,733
NCE-LIL,NCE,LIL,"Nice, Alpes-Maritimes",Lesquin,FR,FR,43.658401,7.21587,50.566564,3.102429,828.5,2,"AF,U2",319 320
NCE-LIG,NCE,LIG,"Nice, Alpes-Maritimes",Limoges/Bellegarde,FR,FR,43.658401,7.21587,45.862801,1.17944,535.7,1,T7,BEH
NCE-LIS,NCE,LIS,"Nice, Alpes-Maritimes",Lisbon,FR,PT,43.658401,7.21587,38.7813,-9.13592,1468.1,3,"TP,U2,US","319,ER4 100"
NCE-LPL,NCE,LPL,"Nice, Alpes-Maritimes",Liverpool,FR,GB,43.658401,7.21587,53.334863,-2.849637,1304.1,1,U2,319 320
NCE-LCY,NCE,LCY,"Nice, Alpes-Maritimes",London,FR,GB,43.658401,7.21587,51.505299,0.055278,1023.5,1,BA,E70 E90
NCE-LGW,NCE,LGW,"Nice, Alpes-Maritimes",London,FR,GB,43.658401,7.21587,51.148744,-0.185739,1000.9,4,"BA,DY,U2,ZB","319 320 734,320 319,321,73H"
NCE-LHR,NCE,LHR,"Nice, Alpes-Maritimes",London,FR,GB,43.658401,7.21587,51.470748,-0.459909,1041.0,2,"AA,BA",319 320 321
NCE-STN,NCE,STN,"Nice, Alpes-Maritimes","London, Essex",FR,GB,43.658401,7.21587,51.884998,0.235,1051.9,1,U2,319 320
NCE-LTN,NCE,LTN,"Nice, Alpes-Maritimes","Luton, Luton",FR,GB,43.658401,7.21587,51.874699,-0.368333,1073.9,1,U2,319 320
NCE-LUX,NCE,LUX,"Nice, Alpes-Maritimes",Luxembourg,FR,LU,43.658401,7.21587,49.626845,6.212134,668.1,1,LG,DH4
NCE-MAD,NCE,MAD,"Nice, Alpes-Maritimes",Madrid,FR,ES,43.658401,7.21587,40.493407,-3.572249,956.5,1,IB,CRK CR9
NCE-MAN,NCE,MAN,"Nice, Alpes-Maritimes","Manchester, Greater Manchester",FR,GB,43.658401,7.21587,53.349375,-2.279521,1282.3,1,LS,733
NCE-MSQ,NCE,MSQ,"Nice, Alpes-Maritimes",Minsk,FR,BY,43.658401,7.21587,53.888071,28.039964,1891.5,1,B2,E75
NCE-DME,NCE,DME,"Nice, Alpes-Maritimes",Moscow,FR,RU,43.658401,7.21587,55.408798,37.9063,2540.9,1,SU,320
NCE-SVO,NCE,SVO,"Nice, Alpes-Maritimes",Moscow,FR,RU,43.658401,7.21587,55.976858,37.41121,2532.1,1,SU,321 320
NCE-MUC,NCE,MUC,"Nice, Alpes-Maritimes",Munich,FR,DE,43.658401,7.21587,48.353802,11.7861,630.0,1,LH,E95
NCE-NTE,NCE,NTE,"Nice, Alpes-Maritimes",Nantes,FR,FR,43.658401,7.21587,47.153198,-1.61073,790.4,2,"AF,U2",320 319
NCE-NAP,NCE,NAP,"Nice, Alpes-Maritimes",Napoli,FR,IT,43.658401,7.21587,40.886002,14.2908,658.4,1,U2,319 320
NCE-NCL,NCE,NCL,"Nice, Alpes-Maritimes","Newcastle upon Tyne, Tyne and Wear",FR,GB,43.658401,7.21587,55.037958,-1.689577,1417.7,1,U2,319
NCE-OLB,NCE,OLB,"Nice, Alpes-Maritimes",Olbia (SS),FR,IT,43.658401,7.21587,40.898953,9.518457,360.6,1,U2,319
NCE-OSL,NCE,OSL,"Nice, Alpes-Maritimes",Oslo (Gardermoen),FR,NO,43.658401,7.21587,60.193901,11.1004,1857.1,2,"DY,SK","738 73H 73G,73H"
NCE-OTP,NCE,OTP,"Nice, Alpes-Maritimes",Otopeni,FR,RO,43.658401,7.21587,44.571792,26.103285,1507.9,1,RO,733
NCE-ORY,NCE,ORY,"Nice, Alpes-Maritimes","Paris (Orly, Val-de-Marne)",FR,FR,43.658401,7.21587,48.729499,2.358963,676.2,2,"AF,U2","319 320 321,320 319"
NCE-CDG,NCE,CDG,"Nice, Alpes-Maritimes","Paris (Roissy-en-France, Val-d'Oise)",FR,FR,43.658401,7.21587,49.00896,2.554117,694.0,2,"AF,U2","320 318 321 319,320 319"
NCE-PRG,NCE,PRG,"Nice, Alpes-Maritimes",Prague,FR,CZ,43.658401,7.21587,50.100874,14.259911,893.5,2,"OK,QS",319
NCE-RIX,NCE,RIX,"Nice, Alpes-Maritimes",Riga,FR,LV,43.658401,7.21587,56.920752,23.970711,1884.6,1,BT,735 73C
NCE-FCO,NCE,FCO,"Nice, Alpes-Maritimes",Rome,FR,IT,43.658401,7.21587,41.804532,12.251998,460.0,3,"AF,AZ,U2","319,319 32S E75 321 E90"
NCE-RTM,NCE,RTM,"Nice, Alpes-Maritimes",Rotterdam,FR,NL,43.658401,7.21587,51.956902,4.43722,945.6,1,HV,73W 73H
NCE-RNS,NCE,RNS,"Nice, Alpes-Maritimes","Saint-Jacques-de-la-Lande, Ille-et-Vilaine",FR,FR,43.658401,7.21587,48.0695,-1.73479,848.2,1,A5,CRK CR7
NCE-TRF,NCE,TRF,"Nice, Alpes-Maritimes",Sandefjord(Torp),FR,NO,43.658401,7.21587,59.186699,10.2586,1739.1,1,DY,73H
NCE-SNN,NCE,SNN,"Nice, Alpes-Maritimes",Shannon,FR,IE,43.658401,7.21587,52.702,-8.92482,1556.9,1,FR,738
NCE-SOU,NCE,SOU,"Nice, Alpes-Maritimes",Southampton,FR,GB,43.658401,7.21587,50.950298,-1.3568,1035.5,2,"AF,BE",E95
NCE-LED,NCE,LED,"Nice, Alpes-Maritimes",St. Petersburg,FR,RU,43.658401,7.21587,59.800301,30.262501,2371.3,1,SU,320
NCE-ARN,NCE,ARN,"Nice, Alpes-Maritimes",Stockholm,FR,SE,43.658401,7.21587,59.64849,17.928829,1919.9,2,"DY,SK","73H,73H 73W"
NCE-SXB,NCE,SXB,"Nice, Alpes-Maritimes",Strasbourg,FR,FR,43.658401,7.21587,48.5383,7.62823,543.5,1,AF,320 319
NCE-TLL,NCE,TLL,"Nice, Alpes-Maritimes",Tallinn,FR,EE,43.658401,7.21587,59.413246,24.83264,2119.6,1,OV,CR9
NCE-TLS,NCE,TLS,"Nice, Alpes-Maritimes",Toulouse/Blagnac,FR,FR,43.658401,7.21587,43.629101,1.36382,470.8,2,"A5,U2","319 320,AT7"
NCE-TRD,NCE,TRD,"Nice, Alpes-Maritimes",Trondheim,FR,NO,43.658401,7.21587,63.457802,10.924,2214.3,1,DY,73H
NCE-VCE,NCE,VCE,"Nice, Alpes-Maritimes",Venezia (VE),FR,IT,43.658401,7.21587,45.505299,12.3519,455.5,3,"AF,AZ,U2","319 320,320"
NCE-VIE,NCE,VIE,"Nice, Alpes-Maritimes",Vienna,FR,AT,43.658401,7.21587,48.110298,16.5697,876.1,3,"AB,HG,OS","100 320 DH4 F70 321,E90"
NCE-WAW,NCE,WAW,"Nice, Alpes-Maritimes",Warsaw,FR,PL,43.658401,7.21587,52.165699,20.9671,1390.5,1,LO,E75
NCE-BRU,NCE,BRU,"Nice, Alpes-Maritimes",Zaventem,FR,BE,43.658401,7.21587,50.901402,4.48444,831.2,2,"SN,U2","319 320,320 319"
NCE-ZRH,NCE,ZRH,"Nice, Alpes-Maritimes",Zurich,FR,CH,43.658401,7.21587,47.458056,8.548056,435.0,1,LX,320 319
FNI-CRL,FNI,CRL,Nîmes/Garons,Charleroi,FR,BE,43.757401,4.41635,50.461963,4.459562,745.5,1,FR,738
FNI-LPL,FNI,LPL,Nîmes/Garons,Liverpool,FR,GB,43.757401,4.41635,53.334863,-2.849637,1190.3,1,FR,738
FNI-LTN,FNI,LTN,Nîmes/Garons,"Luton, Luton",FR,GB,43.757401,4.41635,51.874699,-0.368333,970.2,1,FR,738
ORY-AJA,ORY,AJA,"Paris (Orly, Val-de-Marne)",Ajaccio,FR,FR,48.729499,2.358963,41.923599,8.80292,908.4,2,"AF,XK","319,321 320 319"
ORY-ALC,ORY,ALC,"Paris (Orly, Val-de-Marne)",Alicante,FR,ES,48.729499,2.358963,38.2822,-0.558156,1185.0,2,"IB,VY",320
ORY-AUR,ORY,AUR,"Paris (Orly, Val-de-Marne)",Aurillac,FR,FR,48.729499,2.358963,44.891399,2.42194,426.8,1,A5,AT5
ORY-BCN,ORY,BCN,"Paris (Orly, Val-de-Marne)",Barcelona,FR,ES,48.729499,2.358963,41.2971,2.07846,826.7,2,"IB,VY","320,320 319"
ORY-BIA,ORY,BIA,"Paris (Orly, Val-de-Marne)",Bastia,FR,FR,48.729499,2.358963,42.5527,9.48373,881.5,2,"AF,XK","319,321 319"
ORY-BGO,ORY,BGO,"Paris (Orly, Val-de-Marne)",Bergen,FR,NO,48.729499,2.358963,60.2934,5.21814,1298.7,1,DY,73H
ORY-BIQ,ORY,BIQ,"Paris (Orly, Val-de-Marne)",Biarritz,FR,FR,48.729499,2.358963,43.468372,-1.523223,656.9,1,AF,319 321 CRK 320
ORY-BIO,ORY,BIO,"Paris (Orly, Val-de-Marne)",Bilbao,FR,ES,48.729499,2.358963,43.301102,-2.91061,727.6,2,"IB,VY",320
ORY-BLQ,ORY,BLQ,"Paris (Orly, Val-de-Marne)",Bologna,FR,IT,48.729499,2.358963,44.5354,11.2887,825.2,2,"IB,VY",320
ORY-BOD,ORY,BOD,"Paris (Orly, Val-de-Marne)",Bordeaux,FR,FR,48.729499,2.358963,44.82865,-0.715356,492.8,1,AF,321 319 320
ORY-BES,ORY,BES,"Paris (Orly, Val-de-Marne)",Brest,FR,FR,48.729499,2.358963,48.447899,-4.41854,499.3,1,AF,CRK 319
ORY-BVE,ORY,BVE,"Paris (Orly, Val-de-Marne)",Brive,FR,FR,48.729499,2.358963,45.039722,1.485556,415.6,1,A5,AT5
ORY-BUD,ORY,BUD,"Paris (Orly, Val-de-Marne)",Budapest,FR,HU,48.729499,2.358963,47.43018,19.262393,1261.4,1,TO,73H
ORY-CFR,ORY,CFR,"Paris (Orly, Val-de-Marne)",Caen,FR,FR,48.729499,2.358963,49.17678,-0.454883,211.4,1,A5,BEH
ORY-CLY,ORY,CLY,"Paris (Orly, Val-de-Marne)",Calvi,FR,FR,48.729499,2.358963,42.530422,8.792984,851.1,2,"AF,XK","319,320 319"
ORY-CWL,ORY,CWL,"Paris (Orly, Val-de-Marne)",Cardiff,FR,GB,48.729499,2.358963,51.396702,-3.34333,503.4,2,"AF,WX",F50
ORY-DCM,ORY,DCM,"Paris (Orly, Val-de-Marne)",Castres,FR,FR,48.729499,2.358963,43.556301,2.28918,575.3,1,A5,AT5
ORY-CTA,ORY,CTA,"Paris (Orly, Val-de-Marne)",Catania,FR,IT,48.729499,2.358963,37.466801,15.0664,1618.1,1,TO,73H
ORY-CFE,ORY,CFE,"Paris (Orly, Val-de-Marne)",Clermont-Ferrand,FR,FR,48.729499,2.358963,45.786701,3.16917,332.9,1,AF,CRK AT7
ORY-LYS,ORY,LYS,"Paris (Orly, Val-de-Marne)","Colombier-Saugnieu, Rhône",FR,FR,48.729499,2.358963,45.725996,5.090139,392.5,1,AF,CRK
ORY-CPH,ORY,CPH,"Paris (Orly, Val-de-Marne)",Copenhagen,FR,DK,48.729499,2.358963,55.617900848389,12.656000137329,1037.0,1,DY,73H
ORY-DBV,ORY,DBV,"Paris (Orly, Val-de-Marne)",Dubrovnik,FR,HR,48.729499,2.358963,42.562247,18.265543,1410.0,1,TO,73H
ORY-FAO,ORY,FAO,"Paris (Orly, Val-de-Marne)",Faro,FR,PT,48.729499,2.358963,37.015909,-7.970939,1547.7,2,"TO,U2","320,73H"
ORY-FSC,ORY,FSC,"Paris (Orly, Val-de-Marne)",Figari,FR,FR,48.729499,2.358963,41.50185,9.097092,961.1,1,XK,320
ORY-FLR,ORY,FLR,"Paris (Orly, Val-de-Marne)",Firenze (FI),FR,IT,48.729499,2.358963,43.808558,11.202822,871.7,2,"IB,VY","319,320"
ORY-FNC,ORY,FNC,"Paris (Orly, Val-de-Marne)",Funchal,FR,PT,48.729499,2.358963,32.697812,-16.774613,2390.2,1,ZI,320
ORY-GVA,ORY,GVA,"Paris (Orly, Val-de-Marne)",Geneva,FR,CH,48.729499,2.358963,46.238098,6.10895,395.1,1,U2,319 320
ORY-HEL,ORY,HEL,"Paris (Orly, Val-de-Marne)",Helsinki (Vantaa),FR,FI,48.729499,2.358963,60.318363,24.963341,1928.8,1,DY,73H
ORY-HER,ORY,HER,"Paris (Orly, Val-de-Marne)",Heraklion,FR,GR,48.729499,2.358963,35.339699,25.1803,2385.8,1,TO,73H
ORY-TLN,ORY,TLN,"Paris (Orly, Val-de-Marne)","Hyères, Var",FR,FR,48.729499,2.358963,43.097301,6.14603,691.2,1,AF,CRK 319 321 320
ORY-IBZ,ORY,IBZ,"Paris (Orly, Val-de-Marne)",Ibiza (Eivissa),FR,ES,48.729499,2.358963,38.872898,1.37312,1098.8,3,"IB,TO,VY","320,73H"
ORY-LRH,ORY,LRH,"Paris (Orly, Val-de-Marne)",La Rochelle,FR,FR,48.729499,2.358963,46.179199,-1.19528,389.6,1,A5,BEH
ORY-LIG,ORY,LIG,"Paris (Orly, Val-de-Marne)",Limoges/Bellegarde,FR,FR,48.729499,2.358963,45.862801,1.17944,330.9,1,T7,BEH
ORY-LIS,ORY,LIS,"Paris (Orly, Val-de-Marne)",Lisbon,FR,PT,48.729499,2.358963,38.7813,-9.13592,1437.6,5,"IB,TO,TP,VY,ZI","319 320,319 321 320 100,320,73H 320"
ORY-LCY,ORY,LCY,"Paris (Orly, Val-de-Marne)",London,FR,GB,48.729499,2.358963,51.505299,0.055278,349.6,2,"AF,WX",F50
ORY-LHR,ORY,LHR,"Paris (Orly, Val-de-Marne)",London,FR,GB,48.729499,2.358963,51.470748,-0.459909,365.1,3,"AB,BA,IB",319 320
ORY-LRT,ORY,LRT,"Paris (Orly, Val-de-Marne)",Lorient/Lann/Bihoué,FR,FR,48.729499,2.358963,47.760601,-3.44,442.6,1,A5,CR7
ORY-MAD,ORY,MAD,"Paris (Orly, Val-de-Marne)",Madrid,FR,ES,48.729499,2.358963,40.493407,-3.572249,1028.4,3,"AF,IB,UX","321 320 319,E90 738"
ORY-MRS,ORY,MRS,"Paris (Orly, Val-de-Marne)","Marignane, Bouches-du-Rhône",FR,FR,48.729499,2.358963,43.438088,5.2125,628.1,1,AF,321 320 319
ORY-MPL,ORY,MPL,"Paris (Orly, Val-de-Marne)",Montpellier/Méditerranée,FR,FR,48.729499,2.358963,43.576199,3.96301,586.2,1,AF,319 CRK 321
ORY-VKO,ORY,VKO,"Paris (Orly, Val-de-Marne)",Moscow,FR,RU,48.729499,2.358963,55.591499,37.261501,2469.9,2,"UN,ZI","320,73H"
ORY-AGP,ORY,AGP,"Paris (Orly, Val-de-Marne)",Málaga,FR,ES,48.729499,2.358963,36.6749,-4.49911,1451.4,3,"IB,TO,VY","320,73H"
ORY-NTE,ORY,NTE,"Paris (Orly, Val-de-Marne)",Nantes,FR,FR,48.729499,2.358963,47.153198,-1.61073,343.7,1,AF,AT5
ORY-NAP,ORY,NAP,"Paris (Orly, Val-de-Marne)",Napoli,FR,IT,48.729499,2.358963,40.886002,14.2908,1280.5,2,"TO,U2","320,73H"
ORY-NCE,ORY,NCE,"Paris (Orly, Val-de-Marne)","Nice, Alpes-Maritimes",FR,FR,48.729499,2.358963,43.658401,7.21587,676.2,2,"AF,U2","320 319,320 319 321"
ORY-OSL,ORY,OSL,"Paris (Orly, Val-de-Marne)",Oslo (Gardermoen),FR,NO,48.729499,2.358963,60.193901,11.1004,1391.6,1,DY,73H 733
ORY-PMO,ORY,PMO,"Paris (Orly, Val-de-Marne)",Palermo,FR,IT,48.729499,2.358963,38.175999,13.091,1455.6,2,"TO,U2","320,73H"
ORY-PMI,ORY,PMI,"Paris (Orly, Val-de-Marne)",Palma de Mallorca,FR,ES,48.729499,2.358963,39.551701,2.73881,1021.0,4,"AF,IB,UX,VY","320,E90 738"
ORY-PUF,ORY,PUF,"Paris (Orly, Val-de-Marne)",Pau/Pyrénées (Uzein),FR,FR,48.729499,2.358963,43.380001,-0.418611,632.2,1,AF,319 CRK
ORY-PGF,ORY,PGF,"Paris (Orly, Val-de-Marne)",Perpignan/Rivesaltes,FR,FR,48.729499,2.358963,42.740398,2.87067,667.1,1,A5,CRK CR7
ORY-PSA,ORY,PSA,"Paris (Orly, Val-de-Marne)",Pisa (PI),FR,IT,48.729499,2.358963,43.683899,10.3927,834.0,2,"TO,U2","320,73H"
ORY-PDL,ORY,PDL,"Paris (Orly, Val-de-Marne)",Ponta Delgada,FR,PT,48.729499,2.358963,37.7411994934,-25.6979007721,2559.7,1,S4,320
ORY-OPO,ORY,OPO,"Paris (Orly, Val-de-Marne)",Porto,FR,PT,48.729499,2.358963,41.2481002808,-8.68138980865,1200.2,5,"IB,TO,TP,VY,ZI","320,320 319,73H"
ORY-PRG,ORY,PRG,"Paris (Orly, Val-de-Marne)",Prague,FR,CZ,48.729499,2.358963,50.100874,14.259911,873.3,1,TO,73H
ORY-RDZ,ORY,RDZ,"Paris (Orly, Val-de-Marne)",Rodez/Marcillac,FR,FR,48.729499,2.358963,44.407902,2.48267,480.6,1,A5,AT7
ORY-FCO,ORY,FCO,"Paris (Orly, Val-de-Marne)",Rome,FR,IT,48.729499,2.358963,41.804532,12.251998,1090.2,3,"IB,U2,VY","320,320 319"
ORY-LIN,ORY,LIN,"Paris (Orly, Val-de-Marne)",Segrate (MI),FR,IT,48.729499,2.358963,45.445099,9.27674,638.1,3,"AF,AZ,U2","320,320 32S 319"
ORY-SVQ,ORY,SVQ,"Paris (Orly, Val-de-Marne)",Seville,FR,ES,48.729499,2.358963,37.417999,-5.89311,1423.2,3,"IB,TO,VY","320,73H"
ORY-SOU,ORY,SOU,"Paris (Orly, Val-de-Marne)",Southampton,FR,GB,48.729499,2.358963,50.950298,-1.3568,363.2,2,"AF,BE",DH4
ORY-ATH,ORY,ATH,"Paris (Orly, Val-de-Marne)",Spata-Artemida,FR,GR,48.729499,2.358963,37.936401,23.9445,2106.7,2,"TO,U2","320,73H"
ORY-ARN,ORY,ARN,"Paris (Orly, Val-de-Marne)",Stockholm,FR,SE,48.729499,2.358963,59.64849,17.928829,1573.3,1,DY,73H
ORY-SXB,ORY,SXB,"Paris (Orly, Val-de-Marne)",Strasbourg,FR,FR,48.729499,2.358963,48.5383,7.62823,387.7,1,AF,CRK AT7
ORY-LDE,ORY,LDE,"Paris (Orly, Val-de-Marne)",Tarbes/Lourdes/Pyrénées,FR,FR,48.729499,2.358963,43.178699,-0.006439,643.7,1,A5,CR7
ORY-TLS,ORY,TLS,"Paris (Orly, Val-de-Marne)",Toulouse/Blagnac,FR,FR,48.729499,2.358963,43.629101,1.36382,572.3,2,"AF,U2","320 319,320 319 321"
ORY-VLC,ORY,VLC,"Paris (Orly, Val-de-Marne)",Valencia,FR,ES,48.729499,2.358963,39.489162,-0.480961,1052.0,2,"IB,VY",320
ORY-MLA,ORY,MLA,"Paris (Orly, Val-de-Marne)",Valletta,FR,MT,48.729499,2.358963,35.845932,14.491546,1741.3,3,"AF,KM,TO","320 319,73H"
ORY-VCE,ORY,VCE,"Paris (Orly, Val-de-Marne)",Venezia (VE),FR,IT,48.729499,2.358963,45.505299,12.3519,836.0,2,"TO,U2","320,73H"
CDG-ABZ,CDG,ABZ,"Paris (Roissy-en-France, Val-d'Oise)",Aberdeen,FR,GB,49.00896,2.554117,57.2019,-2.19778,964.1,3,"AF,AZ,BE","E70,EMJ"
CDG-AJA,CDG,AJA,"Paris (Roissy-en-France, Val-d'Oise)",Ajaccio,FR,FR,49.00896,2.554117,41.923599,8.80292,925.6,1,U2,319
CDG-AMS,CDG,AMS,"Paris (Roissy-en-France, Val-d'Oise)",Amsterdam,FR,NL,49.00896,2.554117,52.308601,4.76389,398.6,3,"AF,KL,MU","321 320 319 318 32A,737"
CDG-KRK,CDG,KRK,"Paris (Roissy-en-France, Val-d'Oise)",Balice,FR,PL,49.00896,2.554117,50.077702,19.7848,1246.1,1,U2,319
CDG-BCN,CDG,BCN,"Paris (Roissy-en-France, Val-d'Oise)",Barcelona,FR,ES,49.00896,2.554117,41.2971,2.07846,858.3,5,"AF,IB,U2,UX,VY","319,320,320 319,321 32A 318 320,32S"
CDG-BRI,CDG,BRI,"Paris (Roissy-en-France, Val-d'Oise)",Bari,FR,IT,49.00896,2.554117,41.138901,16.760599,1413.9,1,U2,319
CDG-BIA,CDG,BIA,"Paris (Roissy-en-France, Val-d'Oise)",Bastia,FR,FR,49.00896,2.554117,42.5527,9.48373,895.9,1,U2,319
CDG-BFS,CDG,BFS,"Paris (Roissy-en-France, Val-d'Oise)",Belfast,FR,GB,49.00896,2.554117,54.6575012207,-6.2158298492399995,869.2,1,U2,319
CDG-BEG,CDG,BEG,"Paris (Roissy-en-France, Val-d'Oise)",Belgrade,FR,RS,49.00896,2.554117,44.818401,20.309099,1422.9,2,"AF,JU",320
CDG-BIQ,CDG,BIQ,"Paris (Roissy-en-France, Val-d'Oise)",Biarritz,FR,FR,49.00896,2.554117,43.468372,-1.523223,691.0,1,U2,319
CDG-BIO,CDG,BIO,"Paris (Roissy-en-France, Val-d'Oise)",Bilbao,FR,ES,49.00896,2.554117,43.301102,-2.91061,761.1,3,"AF,AZ,UX","E90,E90 E70"
CDG-BLL,CDG,BLL,"Paris (Roissy-en-France, Val-d'Oise)",Billund,FR,DK,49.00896,2.554117,55.740335,9.157019,871.6,2,"AF,AZ",E90
CDG-BHX,CDG,BHX,"Paris (Roissy-en-France, Val-d'Oise)","Birmingham, West Midlands",FR,GB,49.00896,2.554117,52.453899,-1.74803,488.1,2,"AF,BE","319 320,E95"
CDG-BLQ,CDG,BLQ,"Paris (Roissy-en-France, Val-d'Oise)",Bologna,FR,IT,49.00896,2.554117,44.5354,11.2887,829.8,3,"AF,AZ,U2","319,E70 E90"
CDG-BOD,CDG,BOD,"Paris (Roissy-en-France, Val-d'Oise)",Bordeaux,FR,FR,49.00896,2.554117,44.82865,-0.715356,526.9,2,"AF,AZ",321 320 32A 318
CDG-BRE,CDG,BRE,"Paris (Roissy-en-France, Val-d'Oise)",Bremen,FR,DE,49.00896,2.554117,53.046786,8.78932,625.4,2,"AF,AZ",E70
CDG-BES,CDG,BES,"Paris (Roissy-en-France, Val-d'Oise)",Brest,FR,FR,49.00896,2.554117,48.447899,-4.41854,515.0,2,"AF,AZ",318 321
CDG-BRS,CDG,BRS,"Paris (Roissy-en-France, Val-d'Oise)",Bristol,FR,GB,49.00896,2.554117,51.382326,-2.716453,458.5,1,U2,319 320
CDG-BUD,CDG,BUD,"Paris (Roissy-en-France, Val-d'Oise)",Budapest,FR,HU,49.00896,2.554117,47.43018,19.262393,1247.6,2,"AF,U2","318 321 320 319,319"
CDG-BSL,CDG,BSL,"Paris (Roissy-en-France, Val-d'Oise)",Bâle / Mulhouse,FR,FR,49.00896,2.554117,47.60068,7.521117,399.3,3,"AF,KL,MK","AT7,ATR"
CDG-CLY,CDG,CLY,"Paris (Roissy-en-France, Val-d'Oise)",Calvi,FR,FR,49.00896,2.554117,42.530422,8.792984,867.2,1,AF,320
CDG-VRN,CDG,VRN,"Paris (Roissy-en-France, Val-d'Oise)",Caselle (VR),FR,IT,49.00896,2.554117,45.394955,10.887303,746.2,2,"AF,AZ",E70
CDG-TRN,CDG,TRN,"Paris (Roissy-en-France, Val-d'Oise)",Caselle Torinese (TO),FR,IT,49.00896,2.554117,45.200802,7.64963,572.5,2,"AF,AZ",E90 AR8 E70
CDG-CTA,CDG,CTA,"Paris (Roissy-en-France, Val-d'Oise)",Catania,FR,IT,49.00896,2.554117,37.466801,15.0664,1630.9,3,"AP,AZ,U2","319,320"
CDG-CFE,CDG,CFE,"Paris (Roissy-en-France, Val-d'Oise)",Clermont-Ferrand,FR,FR,49.00896,2.554117,45.786701,3.16917,361.3,2,"AF,AZ","E70 E90,E90 E70"
CDG-LYS,CDG,LYS,"Paris (Roissy-en-France, Val-d'Oise)","Colombier-Saugnieu, Rhône",FR,FR,49.00896,2.554117,45.725996,5.090139,411.9,5,"AF,AM,DL,JL,SU","319,320,320 319,320 319 318"
CDG-CPH,CDG,CPH,"Paris (Roissy-en-France, Val-d'Oise)",Copenhagen,FR,DK,49.00896,2.554117,55.617900848389,12.656000137329,1003.8,4,"AF,AZ,SK,U2","318 319 320,319 318 320,319 320,320 321 319"
CDG-ORK,CDG,ORK,"Paris (Roissy-en-France, Val-d'Oise)",Cork,FR,IE,49.00896,2.554117,51.841301,-8.49111,842.4,1,EI,320
CDG-DUB,CDG,DUB,"Paris (Roissy-en-France, Val-d'Oise)",Dublin,FR,IE,49.00896,2.554117,53.428713,-6.262121,785.5,3,"AF,AZ,EI","320 319,AR8"
CDG-DBV,CDG,DBV,"Paris (Roissy-en-France, Val-d'Oise)",Dubrovnik,FR,HR,49.00896,2.554117,42.562247,18.265543,1409.5,1,OU,319
CDG-DUS,CDG,DUS,"Paris (Roissy-en-France, Val-d'Oise)",Düsseldorf,FR,DE,49.00896,2.554117,51.289501,6.76678,392.8,3,"AF,AZ,LH","318 320,CR9 319 320"
CDG-EDI,CDG,EDI,"Paris (Roissy-en-France, Val-d'Oise)",Edinburgh,FR,GB,49.00896,2.554117,55.950145,-3.372288,869.2,4,"AF,AZ,BE,U2","319,AR8,ARJ"
CDG-EXT,CDG,EXT,"Paris (Roissy-en-France, Val-d'Oise)","Exeter, Devon",FR,GB,49.00896,2.554117,50.734261,-3.413984,468.6,2,"AF,BE",DH4
CDG-FAO,CDG,FAO,"Paris (Roissy-en-France, Val-d'Oise)",Faro,FR,PT,49.00896,2.554117,37.015909,-7.970939,1581.2,1,ZI,319
CDG-MXP,CDG,MXP,"Paris (Roissy-en-France, Val-d'Oise)",Ferno (VA),FR,IT,49.00896,2.554117,45.6306,8.72811,597.8,2,"PK,U2","319 320,777"
CDG-FLR,CDG,FLR,"Paris (Roissy-en-France, Val-d'Oise)",Firenze (FI),FR,IT,49.00896,2.554117,43.808558,11.202822,878.8,2,"AF,AZ",318
CDG-FRA,CDG,FRA,"Paris (Roissy-en-France, Val-d'Oise)",Frankfurt am Main,FR,DE,49.00896,2.554117,50.026706,8.55835,447.8,2,"AF,LH","318,319 321 32A 735 320 733"
CDG-GVA,CDG,GVA,"Paris (Roissy-en-France, Val-d'Oise)",Geneva,FR,CH,49.00896,2.554117,46.238098,6.10895,407.2,2,"AF,LX",319 321 320 318
CDG-GOA,CDG,GOA,"Paris (Roissy-en-France, Val-d'Oise)",Genova (GE),FR,IT,49.00896,2.554117,44.412039,8.840732,700.3,2,"AF,AZ",E70 E90
CDG-GLA,CDG,GLA,"Paris (Roissy-en-France, Val-d'Oise)",Glasgow,FR,GB,49.00896,2.554117,55.871899,-4.43306,897.1,1,U2,319
CDG-GOT,CDG,GOT,"Paris (Roissy-en-France, Val-d'Oise)",Göteborg,FR,SE,49.00896,2.554117,57.6628,12.2798,1156.4,3,"AF,AZ,UX","E70 E90,E90"
CDG-HAM,CDG,HAM,"Paris (Roissy-en-France, Val-d'Oise)",Hamburg,FR,DE,49.00896,2.554117,53.630402,9.98823,728.0,3,"4U,AF,AZ","318 321 320 32A,319 CRJ"
CDG-HAJ,CDG,HAJ,"Paris (Roissy-en-France, Val-d'Oise)",Hannover,FR,DE,49.00896,2.554117,52.461102,9.68508,631.3,2,"AF,AZ",E70 AR8
CDG-HEL,CDG,HEL,"Paris (Roissy-en-France, Val-d'Oise)",Helsinki (Vantaa),FR,FI,49.00896,2.554117,60.318363,24.963341,1895.8,3,"AF,AY,MH","321,321 320 32B 319,E90 321 320 32B 319"
CDG-HER,CDG,HER,"Paris (Roissy-en-France, Val-d'Oise)",Heraklion,FR,GR,49.00896,2.554117,35.339699,25.1803,2389.4,1,A3,320
CDG-IST,CDG,IST,"Paris (Roissy-en-France, Val-d'Oise)",Istanbul,FR,TR,49.00896,2.554117,41.274874,28.732136,2211.9,3,"8Q,AF,TK","319 320 321,320,320 330 321 332 77W 738"
CDG-LBA,CDG,LBA,"Paris (Roissy-en-France, Val-d'Oise)","Leeds, West Yorkshire",FR,GB,49.00896,2.554117,53.865898,-1.66057,613.8,1,LS,733
CDG-LIS,CDG,LIS,"Paris (Roissy-en-France, Val-d'Oise)",Lisbon,FR,PT,49.00896,2.554117,38.7813,-9.13592,1469.9,3,"AF,AZ,U2","318 320 319 321,319,320 318 319 321"
CDG-LPL,CDG,LPL,"Paris (Roissy-en-France, Val-d'Oise)",Liverpool,FR,GB,49.00896,2.554117,53.334863,-2.849637,610.6,1,U2,319 320
CDG-LGW,CDG,LGW,"Paris (Roissy-en-France, Val-d'Oise)",London,FR,GB,49.00896,2.554117,51.148744,-0.185739,307.9,1,U2,319
CDG-LHR,CDG,LHR,"Paris (Roissy-en-France, Val-d'Oise)",London,FR,GB,49.00896,2.554117,51.470748,-0.459909,347.6,3,"AA,AF,BA","319 320 321,321 319 320"
CDG-LTN,CDG,LTN,"Paris (Roissy-en-France, Val-d'Oise)","Luton, Luton",FR,GB,49.00896,2.554117,51.874699,-0.368333,379.9,1,U2,319 320
CDG-LUX,CDG,LUX,"Paris (Roissy-en-France, Val-d'Oise)",Luxembourg,FR,LU,49.00896,2.554117,49.626845,6.212134,273.9,2,"AF,LG",ER4 DH4
CDG-MAD,CDG,MAD,"Paris (Roissy-en-France, Val-d'Oise)",Madrid,FR,ES,49.00896,2.554117,40.493407,-3.572249,1062.5,3,"AF,U2,VY","319,320,320 321 318 32A 319"
CDG-MAN,CDG,MAN,"Paris (Roissy-en-France, Val-d'Oise)","Manchester, Greater Manchester",FR,GB,49.00896,2.554117,53.349375,-2.279521,588.3,4,"AF,AZ,BE,LS","320 321,321 320,733,E75 DH4"
CDG-MRS,CDG,MRS,"Paris (Roissy-en-France, Val-d'Oise)","Marignane, Bouches-du-Rhône",FR,FR,49.00896,2.554117,43.438088,5.2125,652.2,3,"AF,AZ,SE","319,32A 319 318 321 320,332 333"
CDG-MSQ,CDG,MSQ,"Paris (Roissy-en-France, Val-d'Oise)",Minsk,FR,BY,49.00896,2.554117,53.888071,28.039964,1836.1,1,B2,733
CDG-MPL,CDG,MPL,"Paris (Roissy-en-France, Val-d'Oise)",Montpellier/Méditerranée,FR,FR,49.00896,2.554117,43.576199,3.96301,613.7,2,"AF,AZ",318 319 320 32A
CDG-SVO,CDG,SVO,"Paris (Roissy-en-France, Val-d'Oise)",Moscow,FR,RU,49.00896,2.554117,55.976858,37.41121,2453.4,2,"AF,SU","319 320 321,320 321"
CDG-OSR,CDG,OSR,"Paris (Roissy-en-France, Val-d'Oise)",Mošnov,FR,CZ,49.00896,2.554117,49.696301,18.111099,1127.4,1,QS,738
CDG-MUC,CDG,MUC,"Paris (Roissy-en-France, Val-d'Oise)",Munich,FR,DE,49.00896,2.554117,48.353802,11.7861,681.2,2,"AF,LH","319 318 320 32A 321,E95 320 321 319"
CDG-AGP,CDG,AGP,"Paris (Roissy-en-France, Val-d'Oise)",Málaga,FR,ES,49.00896,2.554117,36.6749,-4.49911,1485.6,3,"AF,U2,UX","319 320,738"
CDG-NTE,CDG,NTE,"Paris (Roissy-en-France, Val-d'Oise)",Nantes,FR,FR,49.00896,2.554117,47.153198,-1.61073,371.8,2,"AF,AZ",321 318 319 320
CDG-NAP,CDG,NAP,"Paris (Roissy-en-France, Val-d'Oise)",Napoli,FR,IT,49.00896,2.554117,40.886002,14.2908,1289.1,3,"AF,AZ,U2","319 320,321"
CDG-NCL,CDG,NCL,"Paris (Roissy-en-France, Val-d'Oise)","Newcastle upon Tyne, Tyne and Wear",FR,GB,49.00896,2.554117,55.037958,-1.689577,730.2,3,"AF,AZ,BE","AR8,ARJ"
CDG-NCE,CDG,NCE,"Paris (Roissy-en-France, Val-d'Oise)","Nice, Alpes-Maritimes",FR,FR,49.00896,2.554117,43.658401,7.21587,694.0,2,"AF,U2","318 320 321 319,320 319"
CDG-EMA,CDG,EMA,"Paris (Roissy-en-France, Val-d'Oise)","Nottingham, Leicestershire",FR,GB,49.00896,2.554117,52.8311,-1.32806,504.5,1,LS,733
CDG-NUE,CDG,NUE,"Paris (Roissy-en-France, Val-d'Oise)",Nuremberg,FR,DE,49.00896,2.554117,49.498699,11.078056,620.7,2,"AF,AZ",E70
CDG-OLB,CDG,OLB,"Paris (Roissy-en-France, Val-d'Oise)",Olbia (SS),FR,IT,49.00896,2.554117,40.898953,9.518457,1054.2,1,IG,M80 320
CDG-OSL,CDG,OSL,"Paris (Roissy-en-France, Val-d'Oise)",Oslo (Gardermoen),FR,NO,49.00896,2.554117,60.193901,11.1004,1357.5,3,"AF,AZ,SK","738 73W 736 73H 73G,E90"
CDG-OTP,CDG,OTP,"Paris (Roissy-en-France, Val-d'Oise)",Otopeni,FR,RO,49.00896,2.554117,44.571792,26.103285,1851.1,2,"AF,RO","321 320 319,73W 318"
CDG-PMO,CDG,PMO,"Paris (Roissy-en-France, Val-d'Oise)",Palermo,FR,IT,49.00896,2.554117,38.175999,13.091,1470.4,4,"AP,AZ,IG,SE","319,320,733"
CDG-PUF,CDG,PUF,"Paris (Roissy-en-France, Val-d'Oise)",Pau/Pyrénées (Uzein),FR,FR,49.00896,2.554117,43.380001,-0.418611,666.3,2,"AF,AZ",E90
CDG-TGD,CDG,TGD,"Paris (Roissy-en-France, Val-d'Oise)",Podgorica,FR,ME,49.00896,2.554117,42.359402,19.2519,1488.4,1,YM,100
CDG-OPO,CDG,OPO,"Paris (Roissy-en-France, Val-d'Oise)",Porto,FR,PT,49.00896,2.554117,41.2481002808,-8.68138980865,1231.1,1,U2,319
CDG-PRG,CDG,PRG,"Paris (Roissy-en-France, Val-d'Oise)",Prague,FR,CZ,49.00896,2.554117,50.100874,14.259911,852.2,5,"AF,AZ,OK,QS,U2","319,319 73G 738,320 319,321 320 32A"
CDG-OVD,CDG,OVD,"Paris (Roissy-en-France, Val-d'Oise)",Ranón,FR,ES,49.00896,2.554117,43.563599,-6.03462,894.6,2,"IB,VY",320
CDG-KEF,CDG,KEF,"Paris (Roissy-en-France, Val-d'Oise)",Reykjavík,FR,IS,49.00896,2.554117,63.985001,-22.6056,2241.6,3,"FI,W2,WW","320,75W"
CDG-RIX,CDG,RIX,"Paris (Roissy-en-France, Val-d'Oise)",Riga,FR,LV,49.00896,2.554117,56.920752,23.970711,1672.0,2,"AF,BT",733 735 73C
CDG-FCO,CDG,FCO,"Paris (Roissy-en-France, Val-d'Oise)",Rome,FR,IT,49.00896,2.554117,41.804532,12.251998,1100.5,3,"AF,AZ,KU","320 321 319 32A,32S 321 319,340"
CDG-RNS,CDG,RNS,"Paris (Roissy-en-France, Val-d'Oise)","Saint-Jacques-de-la-Lande, Ille-et-Vilaine",FR,FR,49.00896,2.554117,48.0695,-1.73479,332.5,2,"AF,AZ",AT7
CDG-SCQ,CDG,SCQ,"Paris (Roissy-en-France, Val-d'Oise)",Santiago de Compostela,FR,ES,49.00896,2.554117,42.896301,-8.41514,1084.9,2,"IB,VY",320
CDG-LEJ,CDG,LEJ,"Paris (Roissy-en-France, Val-d'Oise)",Schkeuditz,FR,DE,49.00896,2.554117,51.420657,12.232705,738.3,1,F7,S20
CDG-LIN,CDG,LIN,"Paris (Roissy-en-France, Val-d'Oise)",Segrate (MI),FR,IT,49.00896,2.554117,45.445099,9.27674,643.6,3,"AF,AP,AZ","318 320 319 32A 321,32S 320 319"
CDG-SOF,CDG,SOF,"Paris (Roissy-en-France, Val-d'Oise)",Sofia,FR,BG,49.00896,2.554117,42.696357,23.417671,1754.3,2,"AF,FB","319 E90,321 320"
CDG-ATH,CDG,ATH,"Paris (Roissy-en-France, Val-d'Oise)",Spata-Artemida,FR,GR,49.00896,2.554117,37.936401,23.9445,2108.2,4,"A3,AF,OA,US","319 32A 320 321,321,321 320"
CDG-SPU,CDG,SPU,"Paris (Roissy-en-France, Val-d'Oise)",Split,FR,HR,49.00896,2.554117,43.538898,16.298,1216.3,1,OU,319 320
CDG-JER,CDG,JER,"Paris (Roissy-en-France, Val-d'Oise)",St. Peter,FR,JE,49.00896,2.554117,49.207901,-2.19551,346.4,1,SI,AT4
CDG-LED,CDG,LED,"Paris (Roissy-en-France, Val-d'Oise)",St. Petersburg,FR,RU,49.00896,2.554117,59.800301,30.262501,2133.0,2,"AF,SU","320,320 319 321"
CDG-SVG,CDG,SVG,"Paris (Roissy-en-France, Val-d'Oise)",Stavanger,FR,NO,49.00896,2.554117,58.876701,5.63778,1115.3,2,"AF,AZ",E70
CDG-ARN,CDG,ARN,"Paris (Roissy-en-France, Val-d'Oise)",Stockholm,FR,SE,49.00896,2.554117,59.64849,17.928829,1539.5,3,"AF,AZ,SK","320 321 32A 319,73H 73G 736 73W 717"
CDG-STR,CDG,STR,"Paris (Roissy-en-France, Val-d'Oise)",Stuttgart,FR,DE,49.00896,2.554117,48.689899,9.22196,489.0,2,"AF,AZ",AR8
CDG-SKG,CDG,SKG,"Paris (Roissy-en-France, Val-d'Oise)",Thessaloniki,FR,GR,49.00896,2.554117,40.51928,22.970009,1859.2,1,A3,320
CDG-TIV,CDG,TIV,"Paris (Roissy-en-France, Val-d'Oise)",Tivat,FR,ME,49.00896,2.554117,42.404701,18.723301,1450.2,1,YM,100
CDG-TLS,CDG,TLS,"Paris (Roissy-en-France, Val-d'Oise)",Toulouse/Blagnac,FR,FR,49.00896,2.554117,43.629101,1.36382,605.1,8,"AF,AM,AZ,DL,EY,JL,SU,U2","319,319 320,319 320 321,320,320 319"
CDG-VLC,CDG,VLC,"Paris (Roissy-en-France, Val-d'Oise)",Valencia,FR,ES,49.00896,2.554117,39.489162,-0.480961,1085.6,2,"AF,UX",738
CDG-MLA,CDG,MLA,"Paris (Roissy-en-France, Val-d'Oise)",Valletta,FR,MT,49.00896,2.554117,35.845932,14.491546,1756.7,2,"AF,KM",319 320
CDG-ZAG,CDG,ZAG,"Paris (Roissy-en-France, Val-d'Oise)",Velika Gorica,FR,HR,49.00896,2.554117,45.742901,16.0688,1078.7,2,"AF,OU","319 320,AR8"
CDG-VCE,CDG,VCE,"Paris (Roissy-en-France, Val-d'Oise)",Venezia (VE),FR,IT,49.00896,2.554117,45.505299,12.3519,834.9,3,"AF,AZ,U2","318 320 319 32A,320 319"
CDG-VIE,CDG,VIE,"Paris (Roissy-en-France, Val-d'Oise)",Vienna,FR,AT,49.00896,2.554117,48.110298,16.5697,1034.8,4,"AB,AF,HG,OS","320,320 318 319 32A 321,320 321 318"
CDG-VGO,CDG,VGO,"Paris (Roissy-en-France, Val-d'Oise)",Vigo,FR,ES,49.00896,2.554117,42.2318,-8.62677,1148.5,3,"AF,AZ,UX","E70,E90"
CDG-VNO,CDG,VNO,"Paris (Roissy-en-France, Val-d'Oise)",Vilnius,FR,LT,49.00896,2.554117,54.634102,25.285801,1673.6,1,LT,E75
CDG-WAW,CDG,WAW,"Paris (Roissy-en-France, Val-d'Oise)",Warsaw,FR,PL,49.00896,2.554117,52.165699,20.9671,1342.4,2,"AF,LO","318 319 320 321,E75 E95"
CDG-WRO,CDG,WRO,"Paris (Roissy-en-France, Val-d'Oise)",Wrocław,FR,PL,49.00896,2.554117,51.103719,16.882096,1047.2,1,K2,DH4
CDG-BRU,CDG,BRU,"Paris (Roissy-en-France, Val-d'Oise)",Zaventem,FR,BE,49.00896,2.554117,50.901402,4.48444,251.7,2,"ET,SN","320 319,763"
CDG-LJU,CDG,LJU,"Paris (Roissy-en-France, Val-d'Oise)",Zgornji Brnik,FR,SI,49.00896,2.554117,46.223701,14.4576,943.2,2,"AF,JP","CR9 319 CR2,E70"
CDG-ZRH,CDG,ZRH,"Paris (Roissy-en-France, Val-d'Oise)",Zurich,FR,CH,49.00896,2.554117,47.458056,8.548056,476.1,2,"AF,LX","318,320 AR1 32A 319"
PUF-LYS,PUF,LYS,Pau/Pyrénées (Uzein),"Colombier-Saugnieu, Rhône",FR,FR,43.380001,-0.418611,45.725996,5.090139,508.3,1,A5,CRK AT7 ER4 CRJ CR7
PUF-MRS,PUF,MRS,Pau/Pyrénées (Uzein),"Marignane, Bouches-du-Rhône",FR,FR,43.380001,-0.418611,43.438088,5.2125,454.8,1,T7,BEH
PUF-ORY,PUF,ORY,Pau/Pyrénées (Uzein),"Paris (Orly, Val-de-Marne)",FR,FR,43.380001,-0.418611,48.729499,2.358963,632.2,1,AF,319 CRK
PUF-CDG,PUF,CDG,Pau/Pyrénées (Uzein),"Paris (Roissy-en-France, Val-d'Oise)",FR,FR,43.380001,-0.418611,49.00896,2.554117,666.3,2,"AF,AZ",E90
PGF-CRL,PGF,CRL,Perpignan/Rivesaltes,Charleroi,FR,BE,42.740398,2.87067,50.461963,4.459562,867.1,1,FR,738
PGF-DUB,PGF,DUB,Perpignan/Rivesaltes,Dublin,FR,IE,42.740398,2.87067,53.428713,-6.262121,1366.0,1,EI,320
PGF-STN,PGF,STN,Perpignan/Rivesaltes,"London, Essex",FR,GB,42.740398,2.87067,51.884998,0.235,1035.9,1,FR,738
PGF-NTE,PGF,NTE,Perpignan/Rivesaltes,Nantes,FR,FR,42.740398,2.87067,47.153198,-1.61073,604.1,1,V7,717
PGF-ORY,PGF,ORY,Perpignan/Rivesaltes,"Paris (Orly, Val-de-Marne)",FR,FR,42.740398,2.87067,48.729499,2.358963,667.1,1,A5,CRK CR7
PIS-AJA,PIS,AJA,Poitiers/Biard,Ajaccio,FR,FR,46.5877,0.306666,41.923599,8.80292,851.7,1,A5,AT5
PIS-LYS,PIS,LYS,Poitiers/Biard,"Colombier-Saugnieu, Rhône",FR,FR,46.5877,0.306666,45.725996,5.090139,380.6,2,"A5,AF",AT5
PIS-LRH,PIS,LRH,Poitiers/Biard,La Rochelle,FR,FR,46.5877,0.306666,46.179199,-1.19528,123.8,2,"A5,AF",AT5
PIS-STN,PIS,STN,Poitiers/Biard,"London, Essex",FR,GB,46.5877,0.306666,51.884998,0.235,589.1,1,FR,738
PIS-SNN,PIS,SNN,Poitiers/Biard,Shannon,FR,IE,46.5877,0.306666,52.702,-8.92482,949.4,1,FR,738
RDZ-CRL,RDZ,CRL,Rodez/Marcillac,Charleroi,FR,BE,44.407902,2.48267,50.461963,4.459562,689.3,1,FR,738
RDZ-DUB,RDZ,DUB,Rodez/Marcillac,Dublin,FR,IE,44.407902,2.48267,53.428713,-6.262121,1187.4,1,FR,738
RDZ-STN,RDZ,STN,Rodez/Marcillac,"London, Essex",FR,GB,44.407902,2.48267,51.884998,0.235,847.9,1,FR,738
RDZ-ORY,RDZ,ORY,Rodez/Marcillac,"Paris (Orly, Val-de-Marne)",FR,FR,44.407902,2.48267,48.729499,2.358963,480.6,1,A5,AT7
RNS-BCN,RNS,BCN,"Saint-Jacques-de-la-Lande, Ille-et-Vilaine",Barcelona,FR,ES,48.0695,-1.73479,41.2971,2.07846,810.9,2,"IB,VY",320
RNS-BOD,RNS,BOD,"Saint-Jacques-de-la-Lande, Ille-et-Vilaine",Bordeaux,FR,FR,48.0695,-1.73479,44.82865,-0.715356,368.7,1,CE,BEH
RNS-LYS,RNS,LYS,"Saint-Jacques-de-la-Lande, Ille-et-Vilaine","Colombier-Saugnieu, Rhône",FR,FR,48.0695,-1.73479,45.725996,5.090139,580.1,1,A5,CRK CR7
RNS-EXT,RNS,EXT,"Saint-Jacques-de-la-Lande, Ille-et-Vilaine","Exeter, Devon",FR,GB,48.0695,-1.73479,50.734261,-3.413984,320.2,2,"AF,BE",DH4
RNS-MRS,RNS,MRS,"Saint-Jacques-de-la-Lande, Ille-et-Vilaine","Marignane, Bouches-du-Rhône",FR,FR,48.0695,-1.73479,43.438088,5.2125,744.9,1,AF,319
RNS-NCE,RNS,NCE,"Saint-Jacques-de-la-Lande, Ille-et-Vilaine","Nice, Alpes-Maritimes",FR,FR,48.0695,-1.73479,43.658401,7.21587,848.2,1,A5,CRK CR7
RNS-CDG,RNS,CDG,"Saint-Jacques-de-la-Lande, Ille-et-Vilaine","Paris (Roissy-en-France, Val-d'Oise)",FR,FR,48.0695,-1.73479,49.00896,2.554117,332.5,2,"AF,AZ",AT7
RNS-SOU,RNS,SOU,"Saint-Jacques-de-la-Lande, Ille-et-Vilaine",Southampton,FR,GB,48.0695,-1.73479,50.950298,-1.3568,321.5,2,"AF,BE",DH4
RNS-TLS,RNS,TLS,"Saint-Jacques-de-la-Lande, Ille-et-Vilaine",Toulouse/Blagnac,FR,FR,48.0695,-1.73479,43.629101,1.36382,548.9,1,A5,CRJ CR7
SXB-AJA,SXB,AJA,Strasbourg,Ajaccio,FR,FR,48.5383,7.62823,41.923599,8.80292,741.2,1,V7,717
SXB-AMS,SXB,AMS,Strasbourg,Amsterdam,FR,NL,48.5383,7.62823,52.308601,4.76389,465.7,3,"A5,AF,KL","ER4 CR7 E70,ERJ CRJ EMJ"
SXB-BIA,SXB,BIA,Strasbourg,Bastia,FR,FR,48.5383,7.62823,42.5527,9.48373,681.0,1,V7,717
SXB-BIQ,SXB,BIQ,Strasbourg,Biarritz,FR,FR,48.5383,7.62823,43.468372,-1.523223,903.1,1,V7,717
SXB-BOD,SXB,BOD,Strasbourg,Bordeaux,FR,FR,48.5383,7.62823,44.82865,-0.715356,757.8,2,"A5,V7","717,E70 ER4"
SXB-LYS,SXB,LYS,Strasbourg,"Colombier-Saugnieu, Rhône",FR,FR,48.5383,7.62823,45.725996,5.090139,366.9,1,A5,CR7 CRK
SXB-LIL,SXB,LIL,Strasbourg,Lesquin,FR,FR,48.5383,7.62823,50.566564,3.102429,396.7,1,A5,ER4 CRJ
SXB-LGW,SXB,LGW,Strasbourg,London,FR,GB,48.5383,7.62823,51.148744,-0.185739,630.6,1,U2,319
SXB-STN,SXB,STN,Strasbourg,"London, Essex",FR,GB,48.5383,7.62823,51.884998,0.235,643.9,1,FR,738
SXB-MAD,SXB,MAD,Strasbourg,Madrid,FR,ES,48.5383,7.62823,40.493407,-3.572249,1258.0,1,IB,CR2
SXB-MRS,SXB,MRS,Strasbourg,"Marignane, Bouches-du-Rhône",FR,FR,48.5383,7.62823,43.438088,5.2125,597.0,1,A5,CR7 ER4 E70
SXB-MPL,SXB,MPL,Strasbourg,Montpellier/Méditerranée,FR,FR,48.5383,7.62823,43.576199,3.96301,619.8,2,"A5,V7","717,E70"
SXB-NTE,SXB,NTE,Strasbourg,Nantes,FR,FR,48.5383,7.62823,47.153198,-1.61073,706.0,2,"A5,V7","717,ER4"
SXB-NCE,SXB,NCE,Strasbourg,"Nice, Alpes-Maritimes",FR,FR,48.5383,7.62823,43.658401,7.21587,543.5,1,AF,320 319
SXB-PMO,SXB,PMO,Strasbourg,Palermo,FR,IT,48.5383,7.62823,38.175999,13.091,1233.2,1,V7,717
SXB-ORY,SXB,ORY,Strasbourg,"Paris (Orly, Val-de-Marne)",FR,FR,48.5383,7.62823,48.729499,2.358963,387.7,1,AF,CRK AT7
SXB-OPO,SXB,OPO,Strasbourg,Porto,FR,PT,48.5383,7.62823,41.2481002808,-8.68138980865,1514.4,1,FR,738
SXB-PRG,SXB,PRG,Strasbourg,Prague,FR,CZ,48.5383,7.62823,50.100874,14.259911,510.9,2,"OK,QS",AT4
SXB-FCO,SXB,FCO,Strasbourg,Rome,FR,IT,48.5383,7.62823,41.804532,12.251998,831.5,3,"A5,AF,AZ",ER4 CR7
SXB-TLS,SXB,TLS,Strasbourg,Toulouse/Blagnac,FR,FR,48.5383,7.62823,43.629101,1.36382,728.5,1,AF,319 320
SXB-BRU,SXB,BRU,Strasbourg,Zaventem,FR,BE,48.5383,7.62823,50.901402,4.48444,346.5,1,SN,DH4
LDE-STN,LDE,STN,Tarbes/Lourdes/Pyrénées,"London, Essex",FR,GB,43.178699,-0.006439,51.884998,0.235,968.3,1,FR,738
LDE-MAD,LDE,MAD,Tarbes/Lourdes/Pyrénées,Madrid,FR,ES,43.178699,-0.006439,40.493407,-3.572249,420.0,1,IB,CR9
LDE-BGY,LDE,BGY,Tarbes/Lourdes/Pyrénées,Orio al Serio (BG),FR,IT,43.178699,-0.006439,45.669362,9.708851,819.1,1,FR,738
LDE-ORY,LDE,ORY,Tarbes/Lourdes/Pyrénées,"Paris (Orly, Val-de-Marne)",FR,FR,43.178699,-0.006439,48.729499,2.358963,643.7,1,A5,CR7
LDE-BRU,LDE,BRU,Tarbes/Lourdes/Pyrénées,Zaventem,FR,BE,43.178699,-0.006439,50.901402,4.48444,923.3,1,HQ,319
TLS-AJA,TLS,AJA,Toulouse/Blagnac,Ajaccio,FR,FR,43.629101,1.36382,41.923599,8.80292,635.8,3,"AF,V7,XK","320,717"
TLS-AMS,TLS,AMS,Toulouse/Blagnac,Amsterdam,FR,NL,43.629101,1.36382,52.308601,4.76389,997.5,2,"AF,KL","E90,EMJ"
TLS-BCN,TLS,BCN,Toulouse/Blagnac,Barcelona,FR,ES,43.629101,1.36382,41.2971,2.07846,265.8,2,"IB,VY",320
TLS-BIA,TLS,BIA,Toulouse/Blagnac,Bastia,FR,FR,43.629101,1.36382,42.5527,9.48373,669.8,2,"U2,V7","319,717"
TLS-BRE,TLS,BRE,Toulouse/Blagnac,Bremen,FR,DE,43.629101,1.36382,53.046786,8.78932,1180.8,1,BM,ER4
TLS-BRS,TLS,BRS,Toulouse/Blagnac,Bristol,FR,GB,43.629101,1.36382,51.382326,-2.716453,914.6,2,"ST,U2","320 319,ER4"
TLS-BSL,TLS,BSL,Toulouse/Blagnac,Bâle / Mulhouse,FR,FR,43.629101,1.36382,47.60068,7.521117,651.1,1,U2,319
TLS-LYS,TLS,LYS,Toulouse/Blagnac,"Colombier-Saugnieu, Rhône",FR,FR,43.629101,1.36382,45.725996,5.090139,375.7,3,"AF,AZ,U2","319,319 320 CRK"
TLS-DIJ,TLS,DIJ,Toulouse/Blagnac,Dijon,FR,FR,43.629101,1.36382,47.268902,5.09,498.2,1,T3,J41
TLS-DUB,TLS,DUB,Toulouse/Blagnac,Dublin,FR,IE,43.629101,1.36382,53.428713,-6.262121,1224.2,1,EI,320
TLS-MXP,TLS,MXP,Toulouse/Blagnac,Ferno (VA),FR,IT,43.629101,1.36382,45.6306,8.72811,623.5,1,T7,BEH
TLS-FRA,TLS,FRA,Toulouse/Blagnac,Frankfurt am Main,FR,DE,43.629101,1.36382,50.026706,8.55835,896.7,2,"ET,LH","321 319 735 733,735"
TLS-GVA,TLS,GVA,Toulouse/Blagnac,Geneva,FR,CH,43.629101,1.36382,46.238098,6.10895,472.8,2,"F7,U2","319,AT7"
TLS-ETZ,TLS,ETZ,Toulouse/Blagnac,Goin,FR,FR,43.629101,1.36382,48.982101,6.25132,703.4,1,T7,BEH
TLS-HAM,TLS,HAM,Toulouse/Blagnac,Hamburg,FR,DE,43.629101,1.36382,53.630402,9.98823,1277.9,2,"4U,AF","319,CRJ"
TLS-IST,TLS,IST,Toulouse/Blagnac,Istanbul,FR,TR,43.629101,1.36382,41.274874,28.732136,2250.3,1,TK,320 321
TLS-LIL,TLS,LIL,Toulouse/Blagnac,Lesquin,FR,FR,43.629101,1.36382,50.566564,3.102429,782.5,2,"A5,U2","319,E70"
TLS-LIS,TLS,LIS,Toulouse/Blagnac,Lisbon,FR,PT,43.629101,1.36382,38.7813,-9.13592,1029.4,1,TP,100 ER4
TLS-LGW,TLS,LGW,Toulouse/Blagnac,London,FR,GB,43.629101,1.36382,51.148744,-0.185739,844.2,1,U2,319 320
TLS-LHR,TLS,LHR,Toulouse/Blagnac,London,FR,GB,43.629101,1.36382,51.470748,-0.459909,882.6,2,"AA,BA","320 319,320 319 321"
TLS-MAD,TLS,MAD,Toulouse/Blagnac,Madrid,FR,ES,43.629101,1.36382,40.493407,-3.572249,536.1,1,IB,CRK CR9 CR2
TLS-MAN,TLS,MAN,Toulouse/Blagnac,"Manchester, Greater Manchester",FR,GB,43.629101,1.36382,53.349375,-2.279521,1113.3,1,LS,733
TLS-MRS,TLS,MRS,Toulouse/Blagnac,"Marignane, Bouches-du-Rhône",FR,FR,43.629101,1.36382,43.438088,5.2125,311.0,1,A5,AT5
TLS-MUC,TLS,MUC,Toulouse/Blagnac,Munich,FR,DE,43.629101,1.36382,48.353802,11.7861,960.1,1,LH,E95 319 CR9
TLS-AGP,TLS,AGP,Toulouse/Blagnac,Málaga,FR,ES,43.629101,1.36382,36.6749,-4.49911,919.3,2,"IB,VY",320
TLS-NTE,TLS,NTE,Toulouse/Blagnac,Nantes,FR,FR,43.629101,1.36382,47.153198,-1.61073,455.4,2,"A5,U2","319,CR7"
TLS-NCE,TLS,NCE,Toulouse/Blagnac,"Nice, Alpes-Maritimes",FR,FR,43.629101,1.36382,43.658401,7.21587,470.8,2,"A5,U2","319,AT7"
TLS-PMI,TLS,PMI,Toulouse/Blagnac,Palma de Mallorca,FR,ES,43.629101,1.36382,39.551701,2.73881,467.6,2,"IB,VY",320
TLS-ORY,TLS,ORY,Toulouse/Blagnac,"Paris (Orly, Val-de-Marne)",FR,FR,43.629101,1.36382,48.729499,2.358963,572.3,2,"AF,U2","320 319,320 319 321"
TLS-CDG,TLS,CDG,Toulouse/Blagnac,"Paris (Roissy-en-France, Val-d'Oise)",FR,FR,43.629101,1.36382,49.00896,2.554117,605.1,4,"AF,AZ,SE,U2","319 320,320 319,320 319 321,332"
TLS-FCO,TLS,FCO,Toulouse/Blagnac,Rome,FR,IT,43.629101,1.36382,41.804532,12.251998,911.6,3,"AF,AZ,U2","319,319 320,E75"
TLS-RNS,TLS,RNS,Toulouse/Blagnac,"Saint-Jacques-de-la-Lande, Ille-et-Vilaine",FR,FR,43.629101,1.36382,48.0695,-1.73479,548.9,1,A5,CRJ CR7
TLS-SVQ,TLS,SVQ,Toulouse/Blagnac,Seville,FR,ES,43.629101,1.36382,37.417999,-5.89311,922.9,2,"AF,IB","319,CR2 CR9"
TLS-ATH,TLS,ATH,Toulouse/Blagnac,Spata-Artemida,FR,GR,43.629101,1.36382,37.936401,23.9445,1996.4,1,AF,320
TLS-SXB,TLS,SXB,Toulouse/Blagnac,Strasbourg,FR,FR,43.629101,1.36382,48.5383,7.62823,728.5,1,AF,319 320
TLS-MLA,TLS,MLA,Toulouse/Blagnac,Valletta,FR,MT,43.629101,1.36382,35.845932,14.491546,1414.5,1,AF,320 319
TLS-VCE,TLS,VCE,Toulouse/Blagnac,Venezia (VE),FR,IT,43.629101,1.36382,45.505299,12.3519,894.3,2,"AF,AZ",319 320
TLS-BRU,TLS,BRU,Toulouse/Blagnac,Zaventem,FR,BE,43.629101,1.36382,50.901402,4.48444,842.0,2,"SN,U2","319,AR1"
TUF-DUB,TUF,DUB,"Tours, Indre-et-Loire",Dublin,FR,IE,47.432201,0.727606,53.428713,-6.262121,829.7,1,FR,738
TUF-STN,TUF,STN,"Tours, Indre-et-Loire","London, Essex",FR,GB,47.432201,0.727606,51.884998,0.235,496.4,1,FR,738
TUF-MRS,TUF,MRS,"Tours, Indre-et-Loire","Marignane, Bouches-du-Rhône",FR,FR,47.432201,0.727606,43.438088,5.2125,565.2,1,FR,738
TUF-OPO,TUF,OPO,"Tours, Indre-et-Loire",Porto,FR,PT,47.432201,0.727606,41.2481002808,-8.68138980865,1014.9,1,FR,738
ABZ-AMS,ABZ,AMS,Aberdeen,Amsterdam,GB,NL,57.2019,-2.19778,52.308601,4.76389,703.3,1,KL,737 EMJ F70
ABZ-BHD,ABZ,BHD,Aberdeen,Belfast,GB,GB,57.2019,-2.19778,54.618099,-5.8725,367.3,1,BE,DH4
ABZ-BGO,ABZ,BGO,Aberdeen,Bergen,GB,NO,57.2019,-2.19778,60.2934,5.21814,548.3,2,"SK,WF",DH4 DH3
ABZ-BHX,ABZ,BHX,Aberdeen,"Birmingham, West Midlands",GB,GB,57.2019,-2.19778,52.453899,-1.74803,528.7,1,BE,E75 DH4
ABZ-BRS,ABZ,BRS,Aberdeen,Bristol,GB,GB,57.2019,-2.19778,51.382326,-2.716453,648.0,1,BM,ER4
ABZ-CPH,ABZ,CPH,Aberdeen,Copenhagen,GB,DK,57.2019,-2.19778,55.617900848389,12.656000137329,928.6,1,SK,CR9 CR2
ABZ-MME,ABZ,MME,Aberdeen,"Darlington, Durham",GB,GB,57.2019,-2.19778,54.509201,-1.42941,303.2,1,T3,J41 S20
ABZ-DUB,ABZ,DUB,Aberdeen,Dublin,GB,IE,57.2019,-2.19778,53.428713,-6.262121,491.9,1,EI,AT7
ABZ-EBJ,ABZ,EBJ,Aberdeen,Esbjerg,GB,DK,57.2019,-2.19778,55.525902,8.5534,687.1,1,BM,ER4
ABZ-FRA,ABZ,FRA,Aberdeen,Frankfurt am Main,GB,DE,57.2019,-2.19778,50.026706,8.55835,1065.2,1,LH,735
ABZ-HUY,ABZ,HUY,Aberdeen,"Grimsby, Lincolnshire",GB,GB,57.2019,-2.19778,53.576152,-0.34954,419.7,1,T3,J41 S20
ABZ-KOI,ABZ,KOI,Aberdeen,"Kirkwall, Orkney Islands",GB,GB,57.2019,-2.19778,58.957903,-2.905077,199.6,1,BE,S20 SF3
ABZ-KSU,ABZ,KSU,Aberdeen,Kvernberget,GB,NO,57.2019,-2.19778,63.111801,7.82452,857.9,1,BM,ER4
ABZ-LBA,ABZ,LBA,Aberdeen,"Leeds, West Yorkshire",GB,GB,57.2019,-2.19778,53.865898,-1.66057,372.5,1,T3,J41
ABZ-LSI,ABZ,LSI,Aberdeen,"Lerwick, Shetland",GB,GB,57.2019,-2.19778,59.878899,-1.29556,302.2,1,BE,SF3 S20
ABZ-LCY,ABZ,LCY,Aberdeen,London,GB,GB,57.2019,-2.19778,51.505299,0.055278,649.9,1,BA,S20 E70
ABZ-LGW,ABZ,LGW,Aberdeen,London,GB,GB,57.2019,-2.19778,51.148744,-0.185739,685.6,1,U2,319
ABZ-LHR,ABZ,LHR,Aberdeen,London,GB,GB,57.2019,-2.19778,51.470748,-0.459909,647.1,5,"AA,BA,IB,UN,VS","320,320 319,321 320 319,333"
ABZ-LTN,ABZ,LTN,Aberdeen,"Luton, Luton",GB,GB,57.2019,-2.19778,51.874699,-0.368333,603.9,1,U2,319 320
ABZ-MAN,ABZ,MAN,Aberdeen,"Manchester, Greater Manchester",GB,GB,57.2019,-2.19778,53.349375,-2.279521,428.4,2,"BE,BM","E75 DH4,ER4"
ABZ-NCL,ABZ,NCL,Aberdeen,"Newcastle upon Tyne, Tyne and Wear",GB,GB,57.2019,-2.19778,55.037958,-1.689577,242.7,1,T3,ER4 J41 S20
ABZ-NWI,ABZ,NWI,Aberdeen,"Norwich, Norfolk",GB,GB,57.2019,-2.19778,52.6758,1.28278,550.0,2,"BM,T3","ER4 ER3,S20"
ABZ-EMA,ABZ,EMA,Aberdeen,"Nottingham, Leicestershire",GB,GB,57.2019,-2.19778,52.8311,-1.32806,489.2,1,T3,J41
ABZ-OSL,ABZ,OSL,Aberdeen,Oslo (Gardermoen),GB,NO,57.2019,-2.19778,60.193901,11.1004,835.3,2,"BM,SK","736 73W 73H,ER3"
ABZ-CDG,ABZ,CDG,Aberdeen,"Paris (Roissy-en-France, Val-d'Oise)",GB,FR,57.2019,-2.19778,49.00896,2.554117,964.1,3,"AF,AZ,BE","E70,EMJ"
ABZ-RIX,ABZ,RIX,Aberdeen,Riga,GB,LV,57.2019,-2.19778,56.920752,23.970711,1572.7,1,BT,735
ABZ-SVG,ABZ,SVG,Aberdeen,Stavanger,GB,NO,57.2019,-2.19778,58.876701,5.63778,497.0,3,"SK,T3,WF","736 73G,DH4,ER3 J41"
ABZ-SYY,ABZ,SYY,Aberdeen,"Stornoway, Western Isles",GB,GB,57.2019,-2.19778,58.215599,-6.33111,270.1,1,T3,J41
ABZ-WIC,ABZ,WIC,Aberdeen,Wick,GB,GB,57.2019,-2.19778,58.4589,-3.09306,149.5,1,T3,J41
TRE-GLA,TRE,GLA,"Balemartine, Argyll and Bute",Glasgow,GB,GB,56.499199,-6.86917,55.871899,-4.43306,166.1,1,BE,SF3 DHT
BEB-GLA,BEB,GLA,Balivanich,Glasgow,GB,GB,57.481098,-7.36278,55.871899,-4.43306,253.0,1,BE,SF3
BEB-SYY,BEB,SYY,Balivanich,"Stornoway, Western Isles",GB,GB,57.481098,-7.36278,58.215599,-6.33111,102.0,1,BE,SF3
BHD-ABZ,BHD,ABZ,Belfast,Aberdeen,GB,GB,54.618099,-5.8725,57.2019,-2.19778,367.3,1,BE,DH4
BFS-ALC,BFS,ALC,Belfast,Alicante,GB,ES,54.6575012207,-6.2158298492399995,38.2822,-0.558156,1870.2,2,"LS,U2","319,733"
BFS-AMS,BFS,AMS,Belfast,Amsterdam,GB,NL,54.6575012207,-6.2158298492399995,52.308601,4.76389,771.0,1,U2,319
BFS-KRK,BFS,KRK,Belfast,Balice,GB,PL,54.6575012207,-6.2158298492399995,50.077702,19.7848,1825.4,1,U2,319
BFS-BCN,BFS,BCN,Belfast,Barcelona,GB,ES,54.6575012207,-6.2158298492399995,41.2971,2.07846,1606.1,1,U2,319
BFS-BHX,BFS,BHX,Belfast,"Birmingham, West Midlands",GB,GB,54.6575012207,-6.2158298492399995,52.453899,-1.74803,383.5,1,U2,319
BHD-BHX,BHD,BHX,Belfast,"Birmingham, West Midlands",GB,GB,54.618099,-5.8725,52.453899,-1.74803,363.5,1,BE,DH4 E75
BFS-BRS,BFS,BRS,Belfast,Bristol,GB,GB,54.6575012207,-6.2158298492399995,51.382326,-2.716453,432.8,1,U2,319
BHD-CWL,BHD,CWL,Belfast,Cardiff,GB,GB,54.618099,-5.8725,51.396702,-3.34333,396.1,1,BE,DH4
BHD-IOM,BHD,IOM,Belfast,Castletown,GB,IM,54.618099,-5.8725,54.083081,-4.623871,100.4,1,V9,L4T
BFS-DBV,BFS,DBV,Belfast,Dubrovnik,GB,HR,54.6575012207,-6.2158298492399995,42.562247,18.265543,2227.6,1,LS,733
BFS-EDI,BFS,EDI,Belfast,Edinburgh,GB,GB,54.6575012207,-6.2158298492399995,55.950145,-3.372288,230.3,1,U2,319 320
BHD-EDI,BHD,EDI,Belfast,Edinburgh,GB,GB,54.618099,-5.8725,55.950145,-3.372288,216.8,1,BE,DH4
BHD-EXT,BHD,EXT,Belfast,"Exeter, Devon",GB,GB,54.618099,-5.8725,50.734261,-3.413984,462.5,1,BE,DH4
BFS-FAO,BFS,FAO,Belfast,Faro,GB,PT,54.6575012207,-6.2158298492399995,37.015909,-7.970939,1966.2,2,"LS,U2","319,733"
BHD-FAO,BHD,FAO,Belfast,Faro,GB,PT,54.618099,-5.8725,37.015909,-7.970939,1963.8,1,EI,320
BFS-GLA,BFS,GLA,Belfast,Glasgow,GB,GB,54.6575012207,-6.2158298492399995,55.871899,-4.43306,176.0,1,U2,319 320
BHD-GLA,BHD,GLA,Belfast,Glasgow,GB,GB,54.618099,-5.8725,55.871899,-4.43306,166.6,1,BE,DH4
BHD-INV,BHD,INV,Belfast,Inverness,GB,GB,54.618099,-5.8725,57.5425,-4.0475,344.3,1,BE,DH4
BHD-LBA,BHD,LBA,Belfast,"Leeds, West Yorkshire",GB,GB,54.618099,-5.8725,53.865898,-1.66057,286.1,1,BE,DH4
BFS-LPL,BFS,LPL,Belfast,Liverpool,GB,GB,54.6575012207,-6.2158298492399995,53.334863,-2.849637,264.6,1,U2,320 319
BFS-LGW,BFS,LGW,Belfast,London,GB,GB,54.6575012207,-6.2158298492399995,51.148744,-0.185739,561.6,1,U2,319
BHD-LGW,BHD,LGW,Belfast,London,GB,GB,54.618099,-5.8725,51.148744,-0.185739,542.3,1,EI,320 319
BHD-LHR,BHD,LHR,Belfast,London,GB,GB,54.618099,-5.8725,51.470748,-0.459909,503.1,4,"AA,BA,EI,IB",319
BFS-STN,BFS,STN,Belfast,"London, Essex",GB,GB,54.6575012207,-6.2158298492399995,51.884998,0.235,527.9,1,U2,319 320
BFS-LTN,BFS,LTN,Belfast,"Luton, Luton",GB,GB,54.6575012207,-6.2158298492399995,51.874699,-0.368333,496.7,1,U2,319 320
BFS-MAN,BFS,MAN,Belfast,"Manchester, Greater Manchester",GB,GB,54.6575012207,-6.2158298492399995,53.349375,-2.279521,295.5,1,U2,319
BHD-MAN,BHD,MAN,Belfast,"Manchester, Greater Manchester",GB,GB,54.618099,-5.8725,53.349375,-2.279521,274.0,1,BE,E75 DH4
BFS-AGP,BFS,AGP,Belfast,Málaga,GB,ES,54.6575012207,-6.2158298492399995,36.6749,-4.49911,2003.9,2,"LS,U2","319,733"
BHD-AGP,BHD,AGP,Belfast,Málaga,GB,ES,54.618099,-5.8725,36.6749,-4.49911,1997.9,1,EI,320
BFS-NCL,BFS,NCL,Belfast,"Newcastle upon Tyne, Tyne and Wear",GB,GB,54.6575012207,-6.2158298492399995,55.037958,-1.689577,292.8,1,U2,319 320
BHD-NCL,BHD,NCL,Belfast,"Newcastle upon Tyne, Tyne and Wear",GB,GB,54.618099,-5.8725,55.037958,-1.689577,271.9,1,BE,DH4
BFS-NCE,BFS,NCE,Belfast,"Nice, Alpes-Maritimes",GB,FR,54.6575012207,-6.2158298492399995,43.658401,7.21587,1559.7,1,U2,319
BHD-EMA,BHD,EMA,Belfast,"Nottingham, Leicestershire",GB,GB,54.618099,-5.8725,52.8311,-1.32806,358.9,1,BE,DH4
BFS-PMI,BFS,PMI,Belfast,Palma de Mallorca,GB,ES,54.6575012207,-6.2158298492399995,39.551701,2.73881,1807.8,3,"LS,TCX,U2","319,321,733"
BHD-PMI,BHD,PMI,Belfast,Palma de Mallorca,GB,ES,54.618099,-5.8725,39.551701,2.73881,1794.5,1,EI,320 319
BFS-CDG,BFS,CDG,Belfast,"Paris (Roissy-en-France, Val-d'Oise)",GB,FR,54.6575012207,-6.2158298492399995,49.00896,2.554117,869.2,1,U2,319
BFS-REU,BFS,REU,Belfast,Reus,GB,ES,54.6575012207,-6.2158298492399995,41.147509,1.168354,1597.8,1,LS,733
BHD-SOU,BHD,SOU,Belfast,Southampton,GB,GB,54.618099,-5.8725,50.950298,-1.3568,508.3,1,BE,DH4
BFS-MLA,BFS,MLA,Belfast,Valletta,GB,MT,54.6575012207,-6.2158298492399995,35.845932,14.491546,2625.3,1,U2,319
BHX-ABZ,BHX,ABZ,"Birmingham, West Midlands",Aberdeen,GB,GB,52.453899,-1.74803,57.2019,-2.19778,528.7,1,BE,E75 DH4
BHX-ALC,BHX,ALC,"Birmingham, West Midlands",Alicante,GB,ES,52.453899,-1.74803,38.2822,-0.558156,1578.5,4,"BE,FR,TO,ZB","321 320,738,73H,E75"
BHX-LEI,BHX,LEI,"Birmingham, West Midlands",Almería,GB,ES,52.453899,-1.74803,36.843899,-2.3701,1736.4,1,ZB,321
BHX-AMS,BHX,AMS,"Birmingham, West Midlands",Amsterdam,GB,NL,52.453899,-1.74803,52.308601,4.76389,442.1,2,"BE,KL","737 EMJ,E75 DH4"
BHX-KRK,BHX,KRK,"Birmingham, West Midlands",Balice,GB,PL,52.453899,-1.74803,50.077702,19.7848,1515.4,1,FR,738
BHX-BCN,BHX,BCN,"Birmingham, West Midlands",Barcelona,GB,ES,52.453899,-1.74803,41.2971,2.07846,1273.7,2,"FR,ZB","320 321,738"
BHX-BFS,BHX,BFS,"Birmingham, West Midlands",Belfast,GB,GB,52.453899,-1.74803,54.6575012207,-6.2158298492399995,383.5,1,U2,319
BHX-BHD,BHX,BHD,"Birmingham, West Midlands",Belfast,GB,GB,52.453899,-1.74803,54.618099,-5.8725,363.5,1,BE,DH4 E75
BHX-BTS,BHX,BTS,"Birmingham, West Midlands",Bratislava,GB,SK,52.453899,-1.74803,48.1702,17.2127,1423.1,1,FR,738
BHX-BZG,BHX,BZG,"Birmingham, West Midlands",Bydgoszcz,GB,PL,52.453899,-1.74803,53.096802,17.977699,1324.6,1,FR,738
BHX-IOM,BHX,IOM,"Birmingham, West Midlands",Castletown,GB,IM,52.453899,-1.74803,54.083081,-4.623871,263.4,1,BE,DH4
BHX-NOC,BHX,NOC,"Birmingham, West Midlands",Charlestown,GB,IE,52.453899,-1.74803,53.910439,-8.817002,497.9,1,BE,DH4
BHX-LYS,BHX,LYS,"Birmingham, West Midlands","Colombier-Saugnieu, Rhône",GB,FR,52.453899,-1.74803,45.725996,5.090139,897.8,2,"AF,BE",E75
BHX-CPH,BHX,CPH,"Birmingham, West Midlands",Copenhagen,GB,DK,52.453899,-1.74803,55.617900848389,12.656000137329,1002.0,1,SK,CR9 319 320
BHX-ORK,BHX,ORK,"Birmingham, West Midlands",Cork,GB,IE,52.453899,-1.74803,51.841301,-8.49111,464.9,1,EI,AT7
BHX-LDY,BHX,LDY,"Birmingham, West Midlands","Derry, Derry and Strabane",GB,GB,52.453899,-1.74803,55.042801,-7.16111,457.5,1,FR,738
BHX-DUB,BHX,DUB,"Birmingham, West Midlands",Dublin,GB,IE,52.453899,-1.74803,53.428713,-6.262121,321.3,2,"EI,FR","320,738"
BHX-DBV,BHX,DBV,"Birmingham, West Midlands",Dubrovnik,GB,HR,52.453899,-1.74803,42.562247,18.265543,1852.4,3,"BE,TO,ZB","321 320,73H,E75"
BHX-DUS,BHX,DUS,"Birmingham, West Midlands",Düsseldorf,GB,DE,52.453899,-1.74803,51.289501,6.76678,598.4,2,"BE,LH","CR9,E75 DH4 E95"
BHX-EDI,BHX,EDI,"Birmingham, West Midlands",Edinburgh,GB,GB,52.453899,-1.74803,55.950145,-3.372288,402.8,1,BE,DH4 E75
BHX-FAO,BHX,FAO,"Birmingham, West Midlands",Faro,GB,PT,52.453899,-1.74803,37.015909,-7.970939,1784.0,3,"FR,TO,ZB","321,738,73H 75W"
BHX-MXP,BHX,MXP,"Birmingham, West Midlands",Ferno (VA),GB,IT,52.453899,-1.74803,45.6306,8.72811,1074.4,1,BE,E75
BHX-FLR,BHX,FLR,"Birmingham, West Midlands",Firenze (FI),GB,IT,52.453899,-1.74803,43.808558,11.202822,1355.5,1,BE,E75
BHX-FRA,BHX,FRA,"Birmingham, West Midlands",Frankfurt am Main,GB,DE,52.453899,-1.74803,50.026706,8.55835,765.7,1,LH,319 733 32A 321 320
BHX-FNC,BHX,FNC,"Birmingham, West Midlands",Funchal,GB,PT,52.453899,-1.74803,32.697812,-16.774613,2506.5,2,"TO,ZB","320 321,75W"
BHX-GDN,BHX,GDN,"Birmingham, West Midlands",Gdańsk,GB,PL,52.453899,-1.74803,54.377602,18.4662,1351.8,1,FR,738
BHX-GIB,BHX,GIB,"Birmingham, West Midlands",Gibraltar,GB,GI,52.453899,-1.74803,36.151679,-5.34978,1834.7,1,ZB,320
BHX-GLA,BHX,GLA,"Birmingham, West Midlands",Glasgow,GB,GB,52.453899,-1.74803,55.871899,-4.43306,418.3,1,BE,DH4 E75
BHX-GOT,BHX,GOT,"Birmingham, West Midlands",Göteborg,GB,SE,52.453899,-1.74803,57.6628,12.2798,1061.6,1,BM,ER4
BHX-HAM,BHX,HAM,"Birmingham, West Midlands",Hamburg,GB,DE,52.453899,-1.74803,53.630402,9.98823,794.5,1,4U,CRJ
BHX-HAJ,BHX,HAJ,"Birmingham, West Midlands",Hannover,GB,DE,52.453899,-1.74803,52.461102,9.68508,773.9,1,BE,E75
BHX-HER,BHX,HER,"Birmingham, West Midlands",Heraklion,GB,GR,52.453899,-1.74803,35.339699,25.1803,2846.8,1,ZB,321 320
BHX-IBZ,BHX,IBZ,"Birmingham, West Midlands",Ibiza (Eivissa),GB,ES,52.453899,-1.74803,38.872898,1.37312,1529.1,1,FR,738
BHX-INV,BHX,INV,"Birmingham, West Midlands",Inverness,GB,GB,52.453899,-1.74803,57.5425,-4.0475,584.4,1,BE,DH4 E75
BHX-IST,BHX,IST,"Birmingham, West Midlands",Istanbul,GB,TR,52.453899,-1.74803,41.274874,28.732136,2602.3,1,TK,739 738
BHX-KTW,BHX,KTW,"Birmingham, West Midlands",Katowice,GB,PL,52.453899,-1.74803,50.476015,19.080705,1454.3,1,FR,738
BHX-KUN,BHX,KUN,"Birmingham, West Midlands",Kaunas,GB,LT,52.453899,-1.74803,54.963965,24.08582,1712.8,1,FR,738
BHX-CGN,BHX,CGN,"Birmingham, West Midlands",Köln (Cologne),GB,DE,52.453899,-1.74803,50.865898,7.14274,637.7,1,BE,DH4 E75
BHX-MAH,BHX,MAH,"Birmingham, West Midlands",Mahón (Maó),GB,ES,52.453899,-1.74803,39.862598,4.21865,1472.3,1,ZB,321
BHX-MUC,BHX,MUC,"Birmingham, West Midlands",Munich,GB,DE,52.453899,-1.74803,48.353802,11.7861,1059.8,1,LH,E95
BHX-AGP,BHX,AGP,"Birmingham, West Midlands",Málaga,GB,ES,52.453899,-1.74803,36.6749,-4.49911,1767.7,2,"FR,ZB","321,738"
BHX-NCL,BHX,NCL,"Birmingham, West Midlands","Newcastle upon Tyne, Tyne and Wear",GB,GB,52.453899,-1.74803,55.037958,-1.689577,287.4,1,T3,J32
BHX-NCE,BHX,NCE,"Birmingham, West Midlands","Nice, Alpes-Maritimes",GB,FR,52.453899,-1.74803,43.658401,7.21587,1181.4,1,ZB,320 321
BHX-PMI,BHX,PMI,"Birmingham, West Midlands",Palma de Mallorca,GB,ES,52.453899,-1.74803,39.551701,2.73881,1475.2,5,"FR,TCX,TO,TOM,ZB","320 321,738,752,75W,75W 73H"
BHX-CDG,BHX,CDG,"Birmingham, West Midlands","Paris (Roissy-en-France, Val-d'Oise)",GB,FR,52.453899,-1.74803,49.00896,2.554117,488.1,2,"AF,BE","319 320,E95"
BHX-OPO,BHX,OPO,"Birmingham, West Midlands",Porto,GB,PT,52.453899,-1.74803,41.2481002808,-8.68138980865,1351.5,1,BE,E75
BHX-REU,BHX,REU,"Birmingham, West Midlands",Reus,GB,ES,52.453899,-1.74803,41.147509,1.168354,1276.4,1,FR,738
BHX-FCO,BHX,FCO,"Birmingham, West Midlands",Rome,GB,IT,52.453899,-1.74803,41.804532,12.251998,1583.2,1,ZB,321 320
BHX-GCI,BHX,GCI,"Birmingham, West Midlands",Saint Peter Port,GB,GG,52.453899,-1.74803,49.435001,-2.60197,341.0,1,BE,DH4
BHX-SNN,BHX,SNN,"Birmingham, West Midlands",Shannon,GB,IE,52.453899,-1.74803,52.702,-8.92482,485.5,1,EI,AT4 AT7
BHX-SPU,BHX,SPU,"Birmingham, West Midlands",Split,GB,HR,52.453899,-1.74803,43.538898,16.298,1661.4,1,ZB,320
BHX-JER,BHX,JER,"Birmingham, West Midlands",St. Peter,GB,JE,52.453899,-1.74803,49.207901,-2.19551,362.3,1,BE,DH4 E75
BHX-ARN,BHX,ARN,"Birmingham, West Midlands",Stockholm,GB,SE,52.453899,-1.74803,59.64849,17.928829,1451.9,1,SK,717
BHX-STR,BHX,STR,"Birmingham, West Midlands",Stuttgart,GB,DE,52.453899,-1.74803,48.689899,9.22196,879.3,1,BE,E75 DH4
BHX-MLA,BHX,MLA,"Birmingham, West Midlands",Valletta,GB,MT,52.453899,-1.74803,35.845932,14.491546,2244.7,2,"FR,KM","320 319,738"
BHX-VCE,BHX,VCE,"Birmingham, West Midlands",Venezia (VE),GB,IT,52.453899,-1.74803,45.505299,12.3519,1283.1,1,ZB,320 321
BHX-BRU,BHX,BRU,"Birmingham, West Midlands",Zaventem,GB,BE,52.453899,-1.74803,50.901402,4.48444,462.9,2,"SN,UA","DH4,DH4 AR1"
BHX-ZRH,BHX,ZRH,"Birmingham, West Midlands",Zurich,GB,CH,52.453899,-1.74803,47.458056,8.548056,921.1,1,LX,100 AR1
BOH-ALC,BOH,ALC,Bournemouth,Alicante,GB,ES,50.780483,-1.839576,38.2822,-0.558156,1393.4,1,FR,738
BOH-CCF,BOH,CCF,Bournemouth,Carcassonne,GB,FR,50.780483,-1.839576,43.216,2.30632,897.6,1,FR,738
BOH-DUB,BOH,DUB,Bournemouth,Dublin,GB,IE,50.780483,-1.839576,53.428713,-6.262121,421.7,1,EI,AT4
BOH-FAO,BOH,FAO,Bournemouth,Faro,GB,PT,50.780483,-1.839576,37.015909,-7.970939,1606.1,1,FR,738
BOH-GRO,BOH,GRO,Bournemouth,Girona,GB,ES,50.780483,-1.839576,41.904639,2.761774,1047.7,1,FR,738
BOH-IBZ,BOH,IBZ,Bournemouth,Ibiza (Eivissa),GB,ES,50.780483,-1.839576,38.872898,1.37312,1347.7,1,FR,738
BOH-AGP,BOH,AGP,Bournemouth,Málaga,GB,ES,50.780483,-1.839576,36.6749,-4.49911,1582.7,1,FR,738
BOH-PMI,BOH,PMI,Bournemouth,Palma de Mallorca,GB,ES,50.780483,-1.839576,39.551701,2.73881,1298.5,2,"FR,TO","738,73H"
BOH-PSA,BOH,PSA,Bournemouth,Pisa (PI),GB,IT,50.780483,-1.839576,43.683899,10.3927,1212.0,1,FR,738
BOH-MLA,BOH,MLA,Bournemouth,Valletta,GB,MT,50.780483,-1.839576,35.845932,14.491546,2112.3,1,FR,738
BRS-ABZ,BRS,ABZ,Bristol,Aberdeen,GB,GB,51.382326,-2.716453,57.2019,-2.19778,648.0,1,BM,ER4
BRS-ALC,BRS,ALC,Bristol,Alicante,GB,ES,51.382326,-2.716453,38.2822,-0.558156,1466.4,3,"FR,TO,U2","319 320,738,75W"
BRS-AMS,BRS,AMS,Bristol,Amsterdam,GB,NL,51.382326,-2.716453,52.308601,4.76389,523.8,3,"AZ,KL,U2","320 319,E90,EMJ"
BRS-KRK,BRS,KRK,Bristol,Balice,GB,PL,51.382326,-2.716453,50.077702,19.7848,1584.1,1,U2,319
BRS-BCN,BRS,BCN,Bristol,Barcelona,GB,ES,51.382326,-2.716453,41.2971,2.07846,1179.6,1,U2,319
BRS-BFS,BRS,BFS,Bristol,Belfast,GB,GB,51.382326,-2.716453,54.6575012207,-6.2158298492399995,432.8,1,U2,319
BRS-EGC,BRS,EGC,Bristol,Bergerac,GB,FR,51.382326,-2.716453,44.825298,0.518611,767.5,1,FR,738
BRS-BLQ,BRS,BLQ,Bristol,Bologna,GB,IT,51.382326,-2.716453,44.5354,11.2887,1287.7,1,FR,738
BRS-BOD,BRS,BOD,Bristol,Bordeaux,GB,FR,51.382326,-2.716453,44.82865,-0.715356,743.7,1,U2,319 320
BRS-BUD,BRS,BUD,Bristol,Budapest,GB,HU,51.382326,-2.716453,47.43018,19.262393,1642.9,1,FR,738
BRS-BZR,BRS,BZR,Bristol,Béziers,GB,FR,51.382326,-2.716453,43.323502,3.3539,1005.2,1,FR,738
BRS-NOC,BRS,NOC,Bristol,Charlestown,GB,IE,51.382326,-2.716453,53.910439,-8.817002,498.1,1,FR,738
BRS-CPH,BRS,CPH,Bristol,Copenhagen,GB,DK,51.382326,-2.716453,55.617900848389,12.656000137329,1117.4,1,U2,319
BRS-ORK,BRS,ORK,Bristol,Cork,GB,IE,51.382326,-2.716453,51.841301,-8.49111,401.9,1,EI,AT7
BRS-DUB,BRS,DUB,Bristol,Dublin,GB,IE,51.382326,-2.716453,53.428713,-6.262121,331.0,2,"EI,FR","738,AT7 AT4"
BRS-EDI,BRS,EDI,Bristol,Edinburgh,GB,GB,51.382326,-2.716453,55.950145,-3.372288,509.7,1,U2,320 319
BRS-FAO,BRS,FAO,Bristol,Faro,GB,PT,51.382326,-2.716453,37.015909,-7.970939,1650.4,2,"FR,U2","319 320,738"
BRS-MXP,BRS,MXP,Bristol,Ferno (VA),GB,IT,51.382326,-2.716453,45.6306,8.72811,1056.3,1,BM,ER4
BRS-FRA,BRS,FRA,Bristol,Frankfurt am Main,GB,DE,51.382326,-2.716453,50.026706,8.55835,807.3,1,BM,ER4
BRS-FNC,BRS,FNC,Bristol,Funchal,GB,PT,51.382326,-2.716453,32.697812,-16.774613,2370.6,1,U2,320
BRS-GDN,BRS,GDN,Bristol,Gdańsk,GB,PL,51.382326,-2.716453,54.377602,18.4662,1453.9,1,FR,738
BRS-GVA,BRS,GVA,Bristol,Geneva,GB,CH,51.382326,-2.716453,46.238098,6.10895,862.0,1,U2,320 319
BRS-GRO,BRS,GRO,Bristol,Girona,GB,ES,51.382326,-2.716453,41.904639,2.761774,1133.0,1,FR,738
BRS-GLA,BRS,GLA,Bristol,Glasgow,GB,GB,51.382326,-2.716453,55.871899,-4.43306,511.8,1,U2,319
BRS-HAM,BRS,HAM,Bristol,Hamburg,GB,DE,51.382326,-2.716453,53.630402,9.98823,894.1,1,BM,ER3
BRS-HER,BRS,HER,Bristol,Heraklion,GB,GR,51.382326,-2.716453,35.339699,25.1803,2845.7,1,U2,320
BRS-IBZ,BRS,IBZ,Bristol,Ibiza (Eivissa),GB,ES,51.382326,-2.716453,38.872898,1.37312,1426.9,1,FR,738
BRS-INV,BRS,INV,Bristol,Inverness,GB,GB,51.382326,-2.716453,57.5425,-4.0475,690.3,1,U2,319
BRS-RZE,BRS,RZE,Bristol,Jasionka,GB,PL,51.382326,-2.716453,50.109791,22.024155,1738.2,1,FR,738
BRS-KUN,BRS,KUN,Bristol,Kaunas,GB,LT,51.382326,-2.716453,54.963965,24.08582,1818.2,1,FR,738
BRS-CFU,BRS,CFU,Bristol,Kerkyra (Corfu),GB,GR,51.382326,-2.716453,39.60145,19.912179,2182.1,2,"TO,U2","320,75W"
BRS-LIG,BRS,LIG,Bristol,Limoges/Bellegarde,GB,FR,51.382326,-2.716453,45.862801,1.17944,677.0,1,FR,738
BRS-LIS,BRS,LIS,Bristol,Lisbon,GB,PT,51.382326,-2.716453,38.7813,-9.13592,1487.6,1,U2,320
BRS-MAD,BRS,MAD,Bristol,Madrid,GB,ES,51.382326,-2.716453,40.493407,-3.572249,1212.6,1,U2,320 319
BRS-MAH,BRS,MAH,Bristol,Mahón (Maó),GB,ES,51.382326,-2.716453,39.862598,4.21865,1388.3,1,TO,75W
BRS-MUC,BRS,MUC,Bristol,Munich,GB,DE,51.382326,-2.716453,48.353802,11.7861,1090.5,1,BM,ER4
BRS-AGP,BRS,AGP,Bristol,Málaga,GB,ES,51.382326,-2.716453,36.6749,-4.49911,1641.5,2,"FR,U2","320 319,738"
BRS-NCL,BRS,NCL,Bristol,"Newcastle upon Tyne, Tyne and Wear",GB,GB,51.382326,-2.716453,55.037958,-1.689577,412.2,1,U2,319 320
BRS-NCE,BRS,NCE,Bristol,"Nice, Alpes-Maritimes",GB,FR,51.382326,-2.716453,43.658401,7.21587,1135.5,1,U2,319 320
BRS-WMI,BRS,WMI,Bristol,Nowy Dwór Mazowiecki,GB,PL,51.382326,-2.716453,52.451099,20.6518,1600.1,1,FR,738
BRS-BGY,BRS,BGY,Bristol,Orio al Serio (BG),GB,IT,51.382326,-2.716453,45.669362,9.708851,1111.6,1,FR,738
BRS-PMI,BRS,PMI,Bristol,Palma de Mallorca,GB,ES,51.382326,-2.716453,39.551701,2.73881,1381.6,5,"FR,TCX,TO,TOM,U2","320,320 319,738,75W"
BRS-CDG,BRS,CDG,Bristol,"Paris (Roissy-en-France, Val-d'Oise)",GB,FR,51.382326,-2.716453,49.00896,2.554117,458.5,1,U2,319 320
BRS-PSA,BRS,PSA,Bristol,Pisa (PI),GB,IT,51.382326,-2.716453,43.683899,10.3927,1300.9,1,U2,320 319
BRS-POZ,BRS,POZ,Bristol,Poznań,GB,PL,51.382326,-2.716453,52.421598,16.823359,1341.4,1,FR,738
BRS-PRG,BRS,PRG,Bristol,Prague,GB,CZ,51.382326,-2.716453,50.100874,14.259911,1200.3,1,U2,319
BRS-REU,BRS,REU,Bristol,Reus,GB,ES,51.382326,-2.716453,41.147509,1.168354,1176.1,2,"FR,TO","738,75W"
BRS-KEF,BRS,KEF,Bristol,Reykjavík,GB,IS,51.382326,-2.716453,63.985001,-22.6056,1817.6,1,U2,320 319
BRS-FCO,BRS,FCO,Bristol,Rome,GB,IT,51.382326,-2.716453,41.804532,12.251998,1557.3,1,U2,320
BRS-GCI,BRS,GCI,Bristol,Saint Peter Port,GB,GG,51.382326,-2.716453,49.435001,-2.60197,216.7,1,GR,AT7
BRS-SNN,BRS,SNN,Bristol,Shannon,GB,IE,51.382326,-2.716453,52.702,-8.92482,449.1,1,EI,AT4
BRS-JER,BRS,JER,Bristol,St. Peter,GB,JE,51.382326,-2.716453,49.207901,-2.19551,244.6,1,SI,AT4 ATR
BRS-TLS,BRS,TLS,Bristol,Toulouse/Blagnac,GB,FR,51.382326,-2.716453,43.629101,1.36382,914.6,2,"ST,U2","320 319,ER4"
BRS-TSF,BRS,TSF,Bristol,Treviso (TV),GB,IT,51.382326,-2.716453,45.648399,12.1944,1266.5,1,FR,738
BRS-VLC,BRS,VLC,Bristol,Valencia,GB,ES,51.382326,-2.716453,39.489162,-0.480961,1333.7,1,FR,738
BRS-MLA,BRS,MLA,Bristol,Valletta,GB,MT,51.382326,-2.716453,35.845932,14.491546,2202.9,2,"FR,KM","320,738"
BRS-WRO,BRS,WRO,Bristol,Wrocław,GB,PL,51.382326,-2.716453,51.103719,16.882096,1360.5,1,FR,738
BRS-BRU,BRS,BRU,Bristol,Zaventem,GB,BE,51.382326,-2.716453,50.901402,4.48444,505.0,1,SN,ER4
BRS-ZRH,BRS,ZRH,Bristol,Zurich,GB,CH,51.382326,-2.716453,47.458056,8.548056,922.9,1,2L,100
CAL-GLA,CAL,GLA,Campbeltown,Glasgow,GB,GB,55.437199,-5.68639,55.871899,-4.43306,92.3,1,BE,DHT
CWL-ALC,CWL,ALC,Cardiff,Alicante,GB,ES,51.396702,-3.34333,38.2822,-0.558156,1474.4,3,"IB,TO,VY","320,73H"
CWL-AMS,CWL,AMS,Cardiff,Amsterdam,GB,NL,51.396702,-3.34333,52.308601,4.76389,565.7,2,"AZ,KL",F70
CWL-BCN,CWL,BCN,Cardiff,Barcelona,GB,ES,51.396702,-3.34333,41.2971,2.07846,1196.8,2,"IB,VY",320
CWL-BHD,CWL,BHD,Cardiff,Belfast,GB,GB,51.396702,-3.34333,54.618099,-5.8725,396.1,1,BE,DH4
CWL-DUB,CWL,DUB,Cardiff,Dublin,GB,IE,51.396702,-3.34333,53.428713,-6.262121,300.4,1,EI,AT7
CWL-DUS,CWL,DUS,Cardiff,Düsseldorf,GB,DE,51.396702,-3.34333,51.289501,6.76678,701.8,1,4U,CRJ
CWL-EDI,CWL,EDI,Cardiff,Edinburgh,GB,GB,51.396702,-3.34333,55.950145,-3.372288,506.3,2,"AF,WX",F50
CWL-GLA,CWL,GLA,Cardiff,Glasgow,GB,GB,51.396702,-3.34333,55.871899,-4.43306,502.8,2,"AF,WX",F50
CWL-HER,CWL,HER,Cardiff,Heraklion,GB,GR,51.396702,-3.34333,35.339699,25.1803,2885.0,1,TO,73H
CWL-AGP,CWL,AGP,Cardiff,Málaga,GB,ES,51.396702,-3.34333,36.6749,-4.49911,1639.5,3,"IB,TO,VY","320,73H"
CWL-NCL,CWL,NCL,Cardiff,"Newcastle upon Tyne, Tyne and Wear",GB,GB,51.396702,-3.34333,55.037958,-1.689577,419.6,1,T3,J41 S20
CWL-PMI,CWL,PMI,Cardiff,Palma de Mallorca,GB,ES,51.396702,-3.34333,39.551701,2.73881,1398.7,1,TO,73H
CWL-ORY,CWL,ORY,Cardiff,"Paris (Orly, Val-de-Marne)",GB,FR,51.396702,-3.34333,48.729499,2.358963,503.4,2,"AF,WX",F50
CWL-JER,CWL,JER,Cardiff,St. Peter,GB,JE,51.396702,-3.34333,49.207901,-2.19551,256.7,3,"AF,BE,WX","DH4,F50"
CWL-MLA,CWL,MLA,Cardiff,Valletta,GB,MT,51.396702,-3.34333,35.845932,14.491546,2235.1,1,KM,320
MME-ABZ,MME,ABZ,"Darlington, Durham",Aberdeen,GB,GB,54.509201,-1.42941,57.2019,-2.19778,303.2,1,T3,J41 S20
MME-AMS,MME,AMS,"Darlington, Durham",Amsterdam,GB,NL,54.509201,-1.42941,52.308601,4.76389,477.7,2,"AZ,KL",F70
LDY-BHX,LDY,BHX,"Derry, Derry and Strabane","Birmingham, West Midlands",GB,GB,55.042801,-7.16111,52.453899,-1.74803,457.5,1,FR,738
LDY-FAO,LDY,FAO,"Derry, Derry and Strabane",Faro,GB,PT,55.042801,-7.16111,37.015909,-7.970939,2005.4,1,FR,738
LDY-LPL,LDY,LPL,"Derry, Derry and Strabane",Liverpool,GB,GB,55.042801,-7.16111,53.334863,-2.849637,338.7,1,FR,738
LDY-STN,LDY,STN,"Derry, Derry and Strabane","London, Essex",GB,GB,55.042801,-7.16111,51.884998,0.235,602.0,1,FR,738
LDY-PIK,LDY,PIK,"Derry, Derry and Strabane","Prestwick, South Ayrshire",GB,GB,55.042801,-7.16111,55.501499,-4.577182,171.4,1,FR,738
DND-STN,DND,STN,Dundee,"London, Essex",GB,GB,56.452499,-3.02583,51.884998,0.235,550.3,1,BE,D38
EOI-KOI,EOI,KOI,Eday,"Kirkwall, Orkney Islands",GB,GB,59.19060134887695,-2.7722198963165283,58.957903,-2.905077,27.0,1,LM,BNI
EDI-ALC,EDI,ALC,Edinburgh,Alicante,GB,ES,55.950145,-3.372288,38.2822,-0.558156,1975.7,3,"FR,LS,U2","319,733,738"
EDI-AMS,EDI,AMS,Edinburgh,Amsterdam,GB,NL,55.950145,-3.372288,52.308601,4.76389,666.4,2,"KL,U2","320 319,737 EMJ"
EDI-KRK,EDI,KRK,Edinburgh,Balice,GB,PL,55.950145,-3.372288,50.077702,19.7848,1671.0,2,"FR,U2","319 320,738"
EDI-BCN,EDI,BCN,Edinburgh,Barcelona,GB,ES,55.950145,-3.372288,41.2971,2.07846,1676.6,3,"FR,IB,VY","320,738"
EDI-BFS,EDI,BFS,Edinburgh,Belfast,GB,GB,55.950145,-3.372288,54.6575012207,-6.2158298492399995,230.3,1,U2,319 320
EDI-BHD,EDI,BHD,Edinburgh,Belfast,GB,GB,55.950145,-3.372288,54.618099,-5.8725,216.8,1,BE,DH4
EDI-BGO,EDI,BGO,Edinburgh,Bergen,GB,NO,55.950145,-3.372288,60.2934,5.21814,697.4,1,DY,73H
EDI-BHX,EDI,BHX,Edinburgh,"Birmingham, West Midlands",GB,GB,55.950145,-3.372288,52.453899,-1.74803,402.8,1,BE,DH4 E75
EDI-BLQ,EDI,BLQ,Edinburgh,Bologna,GB,IT,55.950145,-3.372288,44.5354,11.2887,1635.6,1,FR,738
EDI-BOD,EDI,BOD,Edinburgh,Bordeaux,GB,FR,55.950145,-3.372288,44.82865,-0.715356,1250.7,1,FR,738
EDI-BTS,EDI,BTS,Edinburgh,Bratislava,GB,SK,55.950145,-3.372288,48.1702,17.2127,1642.4,1,FR,738
EDI-BRE,EDI,BRE,Edinburgh,Bremen,GB,DE,55.950145,-3.372288,53.046786,8.78932,847.6,1,FR,738
EDI-BRS,EDI,BRS,Edinburgh,Bristol,GB,GB,55.950145,-3.372288,51.382326,-2.716453,509.7,1,U2,320 319
EDI-BUD,EDI,BUD,Edinburgh,Budapest,GB,HU,55.950145,-3.372288,47.43018,19.262393,1812.8,1,LS,733
EDI-BSL,EDI,BSL,Edinburgh,Bâle / Mulhouse,GB,FR,55.950145,-3.372288,47.60068,7.521117,1190.3,1,U2,320 319
EDI-BZR,EDI,BZR,Edinburgh,Béziers,GB,FR,55.950145,-3.372288,43.323502,3.3539,1483.5,1,FR,738
EDI-CWL,EDI,CWL,Edinburgh,Cardiff,GB,GB,55.950145,-3.372288,51.396702,-3.34333,506.3,2,"AF,WX",F50
EDI-CRL,EDI,CRL,Edinburgh,Charleroi,GB,BE,55.950145,-3.372288,50.461963,4.459562,801.8,1,FR,738
EDI-LYS,EDI,LYS,Edinburgh,"Colombier-Saugnieu, Rhône",GB,FR,55.950145,-3.372288,45.725996,5.090139,1280.6,1,U2,319
EDI-CPH,EDI,CPH,Edinburgh,Copenhagen,GB,DK,55.950145,-3.372288,55.617900848389,12.656000137329,1000.6,2,"DY,U2","319,73H"
EDI-ORK,EDI,ORK,Edinburgh,Cork,GB,IE,55.950145,-3.372288,51.841301,-8.49111,566.4,1,EI,AT7
EDI-DUB,EDI,DUB,Edinburgh,Dublin,GB,IE,55.950145,-3.372288,53.428713,-6.262121,336.2,2,"EI,FR","738,AT7"
EDI-DBV,EDI,DBV,Edinburgh,Dubrovnik,GB,HR,55.950145,-3.372288,42.562247,18.265543,2146.8,2,"LS,U2","320,733"
EDI-EXT,EDI,EXT,Edinburgh,"Exeter, Devon",GB,GB,55.950145,-3.372288,50.734261,-3.413984,580.0,1,BE,DH4
EDI-FAO,EDI,FAO,Edinburgh,Faro,GB,PT,55.950145,-3.372288,37.015909,-7.970939,2133.5,2,"FR,LS","733,738"
EDI-MXP,EDI,MXP,Edinburgh,Ferno (VA),GB,IT,55.950145,-3.372288,45.6306,8.72811,1424.0,1,U2,319
EDI-FRA,EDI,FRA,Edinburgh,Frankfurt am Main,GB,DE,55.950145,-3.372288,50.026706,8.55835,1032.7,1,LH,321 32A 320 319
EDI-HHN,EDI,HHN,Edinburgh,Frankfurt am Main (Lautzenhausen),GB,DE,55.950145,-3.372288,49.946353,7.261734,974.4,1,FR,738
EDI-GDN,EDI,GDN,Edinburgh,Gdańsk,GB,PL,55.950145,-3.372288,54.377602,18.4662,1392.2,1,FR,738
EDI-GVA,EDI,GVA,Edinburgh,Geneva,GB,CH,55.950145,-3.372288,46.238098,6.10895,1264.2,1,U2,319 320
EDI-HAM,EDI,HAM,Edinburgh,Hamburg,GB,DE,55.950145,-3.372288,53.630402,9.98823,892.9,1,U2,319
EDI-HER,EDI,HER,Edinburgh,Heraklion,GB,GR,55.950145,-3.372288,35.339699,25.1803,3147.2,1,U2,320
EDI-IST,EDI,IST,Edinburgh,Istanbul,GB,TR,55.950145,-3.372288,41.274874,28.732136,2828.9,1,TK,738 739
EDI-KUN,EDI,KUN,Edinburgh,Kaunas,GB,LT,55.950145,-3.372288,54.963965,24.08582,1723.3,1,FR,738
EDI-CFU,EDI,CFU,Edinburgh,Kerkyra (Corfu),GB,GR,55.950145,-3.372288,39.60145,19.912179,2492.7,1,FR,738
EDI-KOI,EDI,KOI,Edinburgh,"Kirkwall, Orkney Islands",GB,GB,55.950145,-3.372288,58.957903,-2.905077,335.6,1,BE,SF3
EDI-CGN,EDI,CGN,Edinburgh,Köln (Cologne),GB,DE,55.950145,-3.372288,50.865898,7.14274,895.8,1,4U,319
EDI-LSI,EDI,LSI,Edinburgh,"Lerwick, Shetland",GB,GB,55.950145,-3.372288,59.878899,-1.29556,453.7,1,BE,SF3
EDI-LIS,EDI,LIS,Edinburgh,Lisbon,GB,PT,55.950145,-3.372288,38.7813,-9.13592,1956.1,1,U2,319 320
EDI-LCY,EDI,LCY,Edinburgh,London,GB,GB,55.950145,-3.372288,51.505299,0.055278,543.1,1,BA,E90 E70
EDI-LGW,EDI,LGW,Edinburgh,London,GB,GB,55.950145,-3.372288,51.148744,-0.185739,573.7,2,"BA,U2","319 320,734 319"
EDI-LHR,EDI,LHR,Edinburgh,London,GB,GB,55.950145,-3.372288,51.470748,-0.459909,533.6,5,"AA,BA,IB,UN,VS","320,321 320,333,767 320 319 321,767 320 321"
EDI-STN,EDI,STN,Edinburgh,"London, Essex",GB,GB,55.950145,-3.372288,51.884998,0.235,509.9,1,U2,320 319
EDI-LTN,EDI,LTN,Edinburgh,"Luton, Luton",GB,GB,55.950145,-3.372288,51.874699,-0.368333,493.9,1,U2,320 319
EDI-MAD,EDI,MAD,Edinburgh,Madrid,GB,ES,55.950145,-3.372288,40.493407,-3.572249,1718.8,1,U2,319 320
EDI-MAH,EDI,MAH,Edinburgh,Mahón (Maó),GB,ES,55.950145,-3.372288,39.862598,4.21865,1873.5,1,LS,733
EDI-MAN,EDI,MAN,Edinburgh,"Manchester, Greater Manchester",GB,GB,55.950145,-3.372288,53.349375,-2.279521,297.6,1,BE,DH4 E75
EDI-MRS,EDI,MRS,Edinburgh,"Marignane, Bouches-du-Rhône",GB,FR,55.950145,-3.372288,43.438088,5.2125,1519.4,1,FR,738
EDI-MUC,EDI,MUC,Edinburgh,Munich,GB,DE,55.950145,-3.372288,48.353802,11.7861,1330.3,1,U2,319
EDI-AGP,EDI,AGP,Edinburgh,Málaga,GB,ES,55.950145,-3.372288,36.6749,-4.49911,2145.0,2,"FR,LS","733,738"
EDI-NAP,EDI,NAP,Edinburgh,Napoli,GB,IT,55.950145,-3.372288,40.886002,14.2908,2109.5,1,U2,320 319
EDI-NCE,EDI,NCE,Edinburgh,"Nice, Alpes-Maritimes",GB,FR,55.950145,-3.372288,43.658401,7.21587,1559.8,1,U2,319
EDI-NWI,EDI,NWI,Edinburgh,"Norwich, Norfolk",GB,GB,55.950145,-3.372288,52.6758,1.28278,472.8,1,BE,D38
EDI-EMA,EDI,EMA,Edinburgh,"Nottingham, Leicestershire",GB,GB,55.950145,-3.372288,52.8311,-1.32806,371.2,1,BE,DH4
EDI-OSL,EDI,OSL,Edinburgh,Oslo (Gardermoen),GB,NO,55.950145,-3.372288,60.193901,11.1004,970.2,2,"DY,SK","73H,73W"
EDI-PMI,EDI,PMI,Edinburgh,Palma de Mallorca,GB,ES,55.950145,-3.372288,39.551701,2.73881,1878.0,4,"FR,LS,TO,U2","319,733,738,73H"
EDI-CDG,EDI,CDG,Edinburgh,"Paris (Roissy-en-France, Val-d'Oise)",GB,FR,55.950145,-3.372288,49.00896,2.554117,869.2,5,"AF,AZ,BE,KQ,U2","319,AR8,ARJ"
EDI-PSA,EDI,PSA,Edinburgh,Pisa (PI),GB,IT,55.950145,-3.372288,43.683899,10.3927,1677.3,1,FR,738
EDI-POZ,EDI,POZ,Edinburgh,Poznań,GB,PL,55.950145,-3.372288,52.421598,16.823359,1365.7,1,FR,738
EDI-PRG,EDI,PRG,Edinburgh,Prague,GB,CZ,55.950145,-3.372288,50.100874,14.259911,1341.3,2,"LS,U2","319 320,733"
EDI-KEF,EDI,KEF,Edinburgh,Reykjavík,GB,IS,55.950145,-3.372288,63.985001,-22.6056,1384.6,1,U2,319
EDI-CIA,EDI,CIA,Edinburgh,Rome,GB,IT,55.950145,-3.372288,41.798769,12.595331,1949.5,1,FR,738
EDI-SDR,EDI,SDR,Edinburgh,Santander,GB,ES,55.950145,-3.372288,43.427101,-3.82001,1392.9,1,FR,738
EDI-SNN,EDI,SNN,Edinburgh,Shannon,GB,IE,55.950145,-3.372288,52.702,-8.92482,509.7,1,EI,AT7
EDI-SOU,EDI,SOU,Edinburgh,Southampton,GB,GB,55.950145,-3.372288,50.950298,-1.3568,571.7,1,BE,DH4
EDI-SEN,EDI,SEN,Edinburgh,"Southend-on-Sea, Essex",GB,GB,55.950145,-3.372288,51.570562,0.693627,555.3,1,U2,319
EDI-ATH,EDI,ATH,Edinburgh,Spata-Artemida,GB,GR,55.950145,-3.372288,37.936401,23.9445,2848.0,1,U2,319 320
EDI-JER,EDI,JER,Edinburgh,St. Peter,GB,JE,55.950145,-3.372288,49.207901,-2.19551,753.9,1,BE,DH4
EDI-SVG,EDI,SVG,Edinburgh,Stavanger,GB,NO,55.950145,-3.372288,58.876701,5.63778,629.4,1,SK,738 73W
EDI-ARN,EDI,ARN,Edinburgh,Stockholm,GB,SE,55.950145,-3.372288,59.64849,17.928829,1320.7,2,"DY,SK","717 73G 73H,73H"
EDI-SYY,EDI,SYY,Edinburgh,"Stornoway, Western Isles",GB,GB,55.950145,-3.372288,58.215599,-6.33111,308.8,1,BE,D38
EDI-MLA,EDI,MLA,Edinburgh,Valletta,GB,MT,55.950145,-3.372288,35.845932,14.491546,2611.0,1,FR,738
EDI-VCE,EDI,VCE,Edinburgh,Venezia (VE),GB,IT,55.950145,-3.372288,45.505299,12.3519,1597.1,1,LS,733
EDI-NRN,EDI,NRN,Edinburgh,Weeze,GB,DE,55.950145,-3.372288,51.601362,6.141228,789.2,1,FR,738
EDI-WIC,EDI,WIC,Edinburgh,Wick,GB,GB,55.950145,-3.372288,58.4589,-3.09306,279.5,1,BE,D38
EDI-BRU,EDI,BRU,Edinburgh,Zaventem,GB,BE,55.950145,-3.372288,50.901402,4.48444,764.7,2,"SN,UA","319 AR1,DH4"
BRR-GLA,BRR,GLA,Eoligarry,Glasgow,GB,GB,57.0228,-7.44306,55.871899,-4.43306,224.9,1,BE,DHT
EXT-ALC,EXT,ALC,"Exeter, Devon",Alicante,GB,ES,50.734261,-3.413984,38.2822,-0.558156,1402.7,1,BE,E95
EXT-AMS,EXT,AMS,"Exeter, Devon",Amsterdam,GB,NL,50.734261,-3.413984,52.308601,4.76389,591.9,1,BE,DH4
EXT-BHD,EXT,BHD,"Exeter, Devon",Belfast,GB,GB,50.734261,-3.413984,54.618099,-5.8725,462.5,1,BE,DH4
EXT-EGC,EXT,EGC,"Exeter, Devon",Bergerac,GB,FR,50.734261,-3.413984,44.825298,0.518611,719.5,2,"AF,BE",DH4
EXT-DUB,EXT,DUB,"Exeter, Devon",Dublin,GB,IE,50.734261,-3.413984,53.428713,-6.262121,357.2,1,BE,E95
EXT-DUS,EXT,DUS,"Exeter, Devon",Düsseldorf,GB,DE,50.734261,-3.413984,51.289501,6.76678,714.3,1,BE,DH4
EXT-EDI,EXT,EDI,"Exeter, Devon",Edinburgh,GB,GB,50.734261,-3.413984,55.950145,-3.372288,580.0,1,BE,DH4
EXT-FAO,EXT,FAO,"Exeter, Devon",Faro,GB,PT,50.734261,-3.413984,37.015909,-7.970939,1567.8,2,"BE,TO","73H,E95"
EXT-GLA,EXT,GLA,"Exeter, Devon",Glasgow,GB,GB,50.734261,-3.413984,55.871899,-4.43306,575.3,1,BE,DH4
EXT-MAN,EXT,MAN,"Exeter, Devon","Manchester, Greater Manchester",GB,GB,50.734261,-3.413984,53.349375,-2.279521,301.0,1,BE,DH4
EXT-AGP,EXT,AGP,"Exeter, Devon",Málaga,GB,ES,50.734261,-3.413984,36.6749,-4.49911,1565.7,1,BE,E95
EXT-NQY,EXT,NQY,"Exeter, Devon",Newquay,GB,GB,50.734261,-3.413984,50.440601,-4.99541,116.3,1,IOS,DHT
EXT-PMI,EXT,PMI,"Exeter, Devon",Palma de Mallorca,GB,ES,50.734261,-3.413984,39.551701,2.73881,1332.6,3,"BE,TO,TOM","73H,E95"
EXT-CDG,EXT,CDG,"Exeter, Devon","Paris (Roissy-en-France, Val-d'Oise)",GB,FR,50.734261,-3.413984,49.00896,2.554117,468.6,2,"AF,BE",DH4
EXT-GCI,EXT,GCI,"Exeter, Devon",Saint Peter Port,GB,GG,50.734261,-3.413984,49.435001,-2.60197,155.7,1,BE,DH4
EXT-RNS,EXT,RNS,"Exeter, Devon","Saint-Jacques-de-la-Lande, Ille-et-Vilaine",GB,FR,50.734261,-3.413984,48.0695,-1.73479,320.2,2,"AF,BE",DH4
EXT-JER,EXT,JER,"Exeter, Devon",St. Peter,GB,JE,50.734261,-3.413984,49.207901,-2.19551,190.8,1,BE,DH4
EXT-MLA,EXT,MLA,"Exeter, Devon",Valletta,GB,MT,50.734261,-3.413984,35.845932,14.491546,2188.5,1,KM,320
GLA-ALC,GLA,ALC,Glasgow,Alicante,GB,ES,55.871899,-4.43306,38.2822,-0.558156,1977.0,3,"LS,TO,U2","319 320,738 733 73H,75W"
GLA-AMS,GLA,AMS,Glasgow,Amsterdam,GB,NL,55.871899,-4.43306,52.308601,4.76389,718.0,3,"AZ,KL,U2","319,737,737 EMJ"
GLA-TRE,GLA,TRE,Glasgow,"Balemartine, Argyll and Bute",GB,GB,55.871899,-4.43306,56.499199,-6.86917,166.1,1,BE,SF3 DHT
GLA-BEB,GLA,BEB,Glasgow,Balivanich,GB,GB,55.871899,-4.43306,57.481098,-7.36278,253.0,1,BE,SF3
GLA-BCN,GLA,BCN,Glasgow,Barcelona,GB,ES,55.871899,-4.43306,41.2971,2.07846,1688.1,1,LS,73H
GLA-BFS,GLA,BFS,Glasgow,Belfast,GB,GB,55.871899,-4.43306,54.6575012207,-6.2158298492399995,176.0,1,U2,319 320
GLA-BHD,GLA,BHD,Glasgow,Belfast,GB,GB,55.871899,-4.43306,54.618099,-5.8725,166.6,1,BE,DH4
GLA-BHX,GLA,BHX,Glasgow,"Birmingham, West Midlands",GB,GB,55.871899,-4.43306,52.453899,-1.74803,418.3,1,BE,DH4 E75
GLA-BRS,GLA,BRS,Glasgow,Bristol,GB,GB,55.871899,-4.43306,51.382326,-2.716453,511.8,1,U2,319
GLA-CAL,GLA,CAL,Glasgow,Campbeltown,GB,GB,55.871899,-4.43306,55.437199,-5.68639,92.3,1,BE,DHT
GLA-CWL,GLA,CWL,Glasgow,Cardiff,GB,GB,55.871899,-4.43306,51.396702,-3.34333,502.8,2,"AF,WX",F50
GLA-ORK,GLA,ORK,Glasgow,Cork,GB,IE,55.871899,-4.43306,51.841301,-8.49111,521.0,1,EI,AT7
GLA-CFN,GLA,CFN,Glasgow,Donegal,GB,IE,55.871899,-4.43306,55.0442008972168,-8.340999603271484,263.0,1,BE,SF3
GLA-DUB,GLA,DUB,Glasgow,Dublin,GB,IE,55.871899,-4.43306,53.428713,-6.262121,296.0,1,EI,AT7 AT4
GLA-DUS,GLA,DUS,Glasgow,Düsseldorf,GB,DE,55.871899,-4.43306,51.289501,6.76678,896.2,1,LH,CR9
GLA-BRR,GLA,BRR,Glasgow,Eoligarry,GB,GB,55.871899,-4.43306,57.0228,-7.44306,224.9,1,BE,DHT
GLA-EXT,GLA,EXT,Glasgow,"Exeter, Devon",GB,GB,55.871899,-4.43306,50.734261,-3.413984,575.3,1,BE,DH4
GLA-FAO,GLA,FAO,Glasgow,Faro,GB,PT,55.871899,-4.43306,37.015909,-7.970939,2113.5,3,"LS,TO,U2","319,738 73H,75W"
GLA-FNC,GLA,FNC,Glasgow,Funchal,GB,PT,55.871899,-4.43306,32.697812,-16.774613,2748.1,1,TOM,75W
GLA-GDN,GLA,GDN,Glasgow,Gdańsk,GB,PL,55.871899,-4.43306,54.377602,18.4662,1458.6,1,W6,320
GLA-HER,GLA,HER,Glasgow,Heraklion,GB,GR,55.871899,-4.43306,35.339699,25.1803,3197.3,1,LS,73H
GLA-IBZ,GLA,IBZ,Glasgow,Ibiza (Eivissa),GB,ES,55.871899,-4.43306,38.872898,1.37312,1938.4,2,"LS,TO","738 73H,75W"
GLA-ILY,GLA,ILY,Glasgow,"Isle of Islay, Argyll and Bute",GB,GB,55.871899,-4.43306,55.682708,-6.257525,116.0,1,BE,SF3
GLA-KOI,GLA,KOI,Glasgow,"Kirkwall, Orkney Islands",GB,GB,55.871899,-4.43306,58.957903,-2.905077,355.1,1,BE,SF3
GLA-LBA,GLA,LBA,Glasgow,"Leeds, West Yorkshire",GB,GB,55.871899,-4.43306,53.865898,-1.66057,285.0,1,BE,SF3
GLA-LSI,GLA,LSI,Glasgow,"Lerwick, Shetland",GB,GB,55.871899,-4.43306,59.878899,-1.29556,482.5,1,BE,SF3
GLA-LCY,GLA,LCY,Glasgow,London,GB,GB,55.871899,-4.43306,51.505299,0.055278,568.1,1,BA,E90 E70
GLA-LGW,GLA,LGW,Glasgow,London,GB,GB,55.871899,-4.43306,51.148744,-0.185739,595.3,2,"BA,U2","320 319,734 319"
GLA-LHR,GLA,LHR,Glasgow,London,GB,GB,55.871899,-4.43306,51.470748,-0.459909,554.8,3,"AA,BA,IB","319 320 321,319 321 320 767,321 320"
GLA-STN,GLA,STN,Glasgow,"London, Essex",GB,GB,55.871899,-4.43306,51.884998,0.235,538.4,1,U2,319 320
GLA-LTN,GLA,LTN,Glasgow,"Luton, Luton",GB,GB,55.871899,-4.43306,51.874699,-0.368333,518.0,1,U2,319 320
GLA-MAN,GLA,MAN,Glasgow,"Manchester, Greater Manchester",GB,GB,55.871899,-4.43306,53.349375,-2.279521,312.9,1,BE,DH4
GLA-AGP,GLA,AGP,Glasgow,Málaga,GB,ES,55.871899,-4.43306,36.6749,-4.49911,2134.6,3,"LS,TO,U2","320 319,73H 738,75W"
GLA-EMA,GLA,EMA,Glasgow,"Nottingham, Leicestershire",GB,GB,55.871899,-4.43306,52.8311,-1.32806,393.4,1,BE,DH4
GLA-PMI,GLA,PMI,Glasgow,Palma de Mallorca,GB,ES,55.871899,-4.43306,39.551701,2.73881,1889.9,4,"LS,TO,TOM,U2","319,73H 738,75W"
GLA-CDG,GLA,CDG,Glasgow,"Paris (Roissy-en-France, Val-d'Oise)",GB,FR,55.871899,-4.43306,49.00896,2.554117,897.1,1,U2,319
GLA-KEF,GLA,KEF,Glasgow,Reykjavík,GB,IS,55.871899,-4.43306,63.985001,-22.6056,1347.5,1,FI,75W
GLA-FCO,GLA,FCO,Glasgow,Rome,GB,IT,55.871899,-4.43306,41.804532,12.251998,1973.6,1,LS,738
GLA-SOU,GLA,SOU,Glasgow,Southampton,GB,GB,55.871899,-4.43306,50.950298,-1.3568,583.9,1,BE,DH4
GLA-JER,GLA,JER,Glasgow,St. Peter,GB,JE,55.871899,-4.43306,49.207901,-2.19551,756.2,2,"BE,U2","319,DH4"
GLA-SYY,GLA,SYY,Glasgow,"Stornoway, Western Isles",GB,GB,55.871899,-4.43306,58.215599,-6.33111,284.7,1,BE,SF3
GLA-MLA,GLA,MLA,Glasgow,Valletta,GB,MT,55.871899,-4.43306,35.845932,14.491546,2646.5,1,KM,320
GLA-WAW,GLA,WAW,Glasgow,Warsaw,GB,PL,55.871899,-4.43306,52.165699,20.9671,1699.2,1,W6,320
HUY-ABZ,HUY,ABZ,"Grimsby, Lincolnshire",Aberdeen,GB,GB,53.576152,-0.34954,57.2019,-2.19778,419.7,1,T3,J41 S20
HUY-AMS,HUY,AMS,"Grimsby, Lincolnshire",Amsterdam,GB,NL,53.576152,-0.34954,52.308601,4.76389,370.4,2,"AZ,KL",F70
HUY-NWI,HUY,NWI,"Grimsby, Lincolnshire","Norwich, Norfolk",GB,GB,53.576152,-0.34954,52.6758,1.28278,147.9,1,T3,S20
HUY-JER,HUY,JER,"Grimsby, Lincolnshire",St. Peter,GB,JE,53.576152,-0.34954,49.207901,-2.19551,502.3,1,BE,E75
INV-AMS,INV,AMS,Inverness,Amsterdam,GB,NL,57.5425,-4.0475,52.308601,4.76389,808.5,1,BE,DH4
INV-BHD,INV,BHD,Inverness,Belfast,GB,GB,57.5425,-4.0475,54.618099,-5.8725,344.3,1,BE,DH4
INV-BHX,INV,BHX,Inverness,"Birmingham, West Midlands",GB,GB,57.5425,-4.0475,52.453899,-1.74803,584.4,1,BE,DH4 E75
INV-BRS,INV,BRS,Inverness,Bristol,GB,GB,57.5425,-4.0475,51.382326,-2.716453,690.3,1,U2,319
INV-EDI,INV,EDI,Inverness,Edinburgh,GB,GB,57.5425,-4.0475,55.950145,-3.372288,181.8,1,BE,D38
INV-KOI,INV,KOI,Inverness,"Kirkwall, Orkney Islands",GB,GB,57.5425,-4.0475,58.957903,-2.905077,171.0,1,BE,SF3
INV-LSI,INV,LSI,Inverness,"Lerwick, Shetland",GB,GB,57.5425,-4.0475,59.878899,-1.29556,304.5,1,BE,SF3
INV-LGW,INV,LGW,Inverness,London,GB,GB,57.5425,-4.0475,51.148744,-0.185739,753.4,1,U2,319
INV-LTN,INV,LTN,Inverness,"Luton, Luton",GB,GB,57.5425,-4.0475,51.874699,-0.368333,672.8,1,U2,319
INV-MAN,INV,MAN,Inverness,"Manchester, Greater Manchester",GB,GB,57.5425,-4.0475,53.349375,-2.279521,479.4,1,BE,DH4
INV-SYY,INV,SYY,Inverness,"Stornoway, Western Isles",GB,GB,57.5425,-4.0475,58.215599,-6.33111,154.4,1,BE,SF3 D38
ILY-GLA,ILY,GLA,"Isle of Islay, Argyll and Bute",Glasgow,GB,GB,55.682708,-6.257525,55.871899,-4.43306,116.0,1,BE,SF3
KOI-ABZ,KOI,ABZ,"Kirkwall, Orkney Islands",Aberdeen,GB,GB,58.957903,-2.905077,57.2019,-2.19778,199.6,1,BE,SF3 S20
KOI-EOI,KOI,EOI,"Kirkwall, Orkney Islands",Eday,GB,GB,58.957903,-2.905077,59.19060134887695,-2.7722198963165283,27.0,1,LM,BNI
KOI-EDI,KOI,EDI,"Kirkwall, Orkney Islands",Edinburgh,GB,GB,58.957903,-2.905077,55.950145,-3.372288,335.6,1,BE,SF3
KOI-GLA,KOI,GLA,"Kirkwall, Orkney Islands",Glasgow,GB,GB,58.957903,-2.905077,55.871899,-4.43306,355.1,1,BE,SF3
KOI-INV,KOI,INV,"Kirkwall, Orkney Islands",Inverness,GB,GB,58.957903,-2.905077,57.5425,-4.0475,171.0,1,BE,SF3
KOI-LSI,KOI,LSI,"Kirkwall, Orkney Islands","Lerwick, Shetland",GB,GB,58.957903,-2.905077,59.878899,-1.29556,137.0,1,BE,SF3
LBA-ABZ,LBA,ABZ,"Leeds, West Yorkshire",Aberdeen,GB,GB,53.865898,-1.66057,57.2019,-2.19778,372.5,1,T3,J41
LBA-ALC,LBA,ALC,"Leeds, West Yorkshire",Alicante,GB,ES,53.865898,-1.66057,38.2822,-0.558156,1734.9,2,"FR,LS","738,75W 733 752 73H"
LBA-AMS,LBA,AMS,"Leeds, West Yorkshire",Amsterdam,GB,NL,53.865898,-1.66057,52.308601,4.76389,462.5,3,"AZ,KL,LS","733,F70,F70 EMJ"
LBA-KRK,LBA,KRK,"Leeds, West Yorkshire",Balice,GB,PL,53.865898,-1.66057,50.077702,19.7848,1521.6,1,FR,738
LBA-BCN,LBA,BCN,"Leeds, West Yorkshire",Barcelona,GB,ES,53.865898,-1.66057,41.2971,2.07846,1424.9,2,"LS,ZB","320,733"
LBA-BHD,LBA,BHD,"Leeds, West Yorkshire",Belfast,GB,GB,53.865898,-1.66057,54.618099,-5.8725,286.1,1,BE,DH4
LBA-BUD,LBA,BUD,"Leeds, West Yorkshire",Budapest,GB,HU,53.865898,-1.66057,47.43018,19.262393,1631.4,1,LS,733
LBA-CPH,LBA,CPH,"Leeds, West Yorkshire",Copenhagen,GB,DK,53.865898,-1.66057,55.617900848389,12.656000137329,937.6,1,SK,CR9
LBA-DUB,LBA,DUB,"Leeds, West Yorkshire",Dublin,GB,IE,53.865898,-1.66057,53.428713,-6.262121,307.1,1,FR,738
LBA-DBV,LBA,DBV,"Leeds, West Yorkshire",Dubrovnik,GB,HR,53.865898,-1.66057,42.562247,18.265543,1927.1,1,LS,733
LBA-DUS,LBA,DUS,"Leeds, West Yorkshire",Düsseldorf,GB,DE,53.865898,-1.66057,51.289501,6.76678,636.9,1,LS,733
LBA-FAO,LBA,FAO,"Leeds, West Yorkshire",Faro,GB,PT,53.865898,-1.66057,37.015909,-7.970939,1935.3,3,"FR,LS,ZB","320,733 73H 752,738"
LBA-FNC,LBA,FNC,"Leeds, West Yorkshire",Funchal,GB,PT,53.865898,-1.66057,32.697812,-16.774613,2640.1,1,LS,73H
LBA-GDN,LBA,GDN,"Leeds, West Yorkshire",Gdańsk,GB,PL,53.865898,-1.66057,54.377602,18.4662,1308.4,1,FR,738
LBA-GRO,LBA,GRO,"Leeds, West Yorkshire",Girona,GB,ES,53.865898,-1.66057,41.904639,2.761774,1369.6,1,FR,738
LBA-GLA,LBA,GLA,"Leeds, West Yorkshire",Glasgow,GB,GB,53.865898,-1.66057,55.871899,-4.43306,285.0,1,BE,SF3
LBA-HER,LBA,HER,"Leeds, West Yorkshire",Heraklion,GB,GR,53.865898,-1.66057,35.339699,25.1803,2926.3,2,"LS,ZB","320,75W 73H"
LBA-IBZ,LBA,IBZ,"Leeds, West Yorkshire",Ibiza (Eivissa),GB,ES,53.865898,-1.66057,38.872898,1.37312,1682.9,3,"FR,LS,TO","733 73H,738,73H"
LBA-CFU,LBA,CFU,"Leeds, West Yorkshire",Kerkyra (Corfu),GB,GR,53.865898,-1.66057,39.60145,19.912179,2267.3,1,FR,738
LBA-LIG,LBA,LIG,"Leeds, West Yorkshire",Limoges/Bellegarde,GB,FR,53.865898,-1.66057,45.862801,1.17944,912.7,1,FR,738
LBA-LHR,LBA,LHR,"Leeds, West Yorkshire",London,GB,GB,53.865898,-1.66057,51.470748,-0.459909,278.4,3,"AA,BA,IB",319
LBA-MAH,LBA,MAH,"Leeds, West Yorkshire",Mahón (Maó),GB,ES,53.865898,-1.66057,39.862598,4.21865,1618.6,2,"LS,ZB","320,733"
LBA-MPL,LBA,MPL,"Leeds, West Yorkshire",Montpellier/Méditerranée,GB,FR,53.865898,-1.66057,43.576199,3.96301,1215.3,1,FR,738
LBA-AGP,LBA,AGP,"Leeds, West Yorkshire",Málaga,GB,ES,53.865898,-1.66057,36.6749,-4.49911,1924.0,2,"FR,LS","738,73H 733 752 75W"
LBA-NCE,LBA,NCE,"Leeds, West Yorkshire","Nice, Alpes-Maritimes",GB,FR,53.865898,-1.66057,43.658401,7.21587,1306.0,1,LS,733
LBA-BGY,LBA,BGY,"Leeds, West Yorkshire",Orio al Serio (BG),GB,IT,53.865898,-1.66057,45.669362,9.708851,1220.8,1,FR,738
LBA-PMI,LBA,PMI,"Leeds, West Yorkshire",Palma de Mallorca,GB,ES,53.865898,-1.66057,39.551701,2.73881,1625.8,4,"FR,LS,TO,ZB","320,738,73H,752 733 73H 75W"
LBA-CDG,LBA,CDG,"Leeds, West Yorkshire","Paris (Roissy-en-France, Val-d'Oise)",GB,FR,53.865898,-1.66057,49.00896,2.554117,613.8,1,LS,733
LBA-PSA,LBA,PSA,"Leeds, West Yorkshire",Pisa (PI),GB,IT,53.865898,-1.66057,43.683899,10.3927,1431.9,2,"FR,LS","733,738"
LBA-PRG,LBA,PRG,"Leeds, West Yorkshire",Prague,GB,CZ,53.865898,-1.66057,50.100874,14.259911,1164.8,1,LS,733
LBA-FCO,LBA,FCO,"Leeds, West Yorkshire",Rome,GB,IT,53.865898,-1.66057,41.804532,12.251998,1689.9,1,LS,733
LBA-SOU,LBA,SOU,"Leeds, West Yorkshire",Southampton,GB,GB,53.865898,-1.66057,50.950298,-1.3568,324.9,1,T3,J41
LBA-JER,LBA,JER,"Leeds, West Yorkshire",St. Peter,GB,JE,53.865898,-1.66057,49.207901,-2.19551,519.3,1,LS,733
LBA-TSF,LBA,TSF,"Leeds, West Yorkshire",Treviso (TV),GB,IT,53.865898,-1.66057,45.648399,12.1944,1346.8,1,FR,738
LBA-MLA,LBA,MLA,"Leeds, West Yorkshire",Valletta,GB,MT,53.865898,-1.66057,35.845932,14.491546,2361.6,1,FR,738
LBA-VCE,LBA,VCE,"Leeds, West Yorkshire",Venezia (VE),GB,IT,53.865898,-1.66057,45.505299,12.3519,1366.8,1,LS,733
LBA-ZTH,LBA,ZTH,"Leeds, West Yorkshire",Zakynthos,GB,GR,53.865898,-1.66057,37.7509,20.8843,2481.9,1,LS,73H
LSI-ABZ,LSI,ABZ,"Lerwick, Shetland",Aberdeen,GB,GB,59.878899,-1.29556,57.2019,-2.19778,302.2,1,BE,SF3 S20
LSI-EDI,LSI,EDI,"Lerwick, Shetland",Edinburgh,GB,GB,59.878899,-1.29556,55.950145,-3.372288,453.7,1,BE,SF3
LSI-GLA,LSI,GLA,"Lerwick, Shetland",Glasgow,GB,GB,59.878899,-1.29556,55.871899,-4.43306,482.5,1,BE,SF3
LSI-INV,LSI,INV,"Lerwick, Shetland",Inverness,GB,GB,59.878899,-1.29556,57.5425,-4.0475,304.5,1,BE,SF3
LSI-KOI,LSI,KOI,"Lerwick, Shetland","Kirkwall, Orkney Islands",GB,GB,59.878899,-1.29556,58.957903,-2.905077,137.0,1,BE,SF3
LPL-ALC,LPL,ALC,Liverpool,Alicante,GB,ES,53.334863,-2.849637,38.2822,-0.558156,1683.0,2,"FR,U2","320 319,738"
LPL-AMS,LPL,AMS,Liverpool,Amsterdam,GB,NL,53.334863,-2.849637,52.308601,4.76389,523.9,1,U2,319 320
LPL-KRK,LPL,KRK,Liverpool,Balice,GB,PL,53.334863,-2.849637,50.077702,19.7848,1593.9,2,"FR,U2","319,738"
LPL-BCN,LPL,BCN,Liverpool,Barcelona,GB,ES,53.334863,-2.849637,41.2971,2.07846,1388.3,2,"FR,U2","319,738"
LPL-BFS,LPL,BFS,Liverpool,Belfast,GB,GB,53.334863,-2.849637,54.6575012207,-6.2158298492399995,264.6,1,U2,320 319
LPL-EGC,LPL,EGC,Liverpool,Bergerac,GB,FR,53.334863,-2.849637,44.825298,0.518611,977.2,1,FR,738
LPL-BTS,LPL,BTS,Liverpool,Bratislava,GB,SK,53.334863,-2.849637,48.1702,17.2127,1517.3,1,FR,738
LPL-CCF,LPL,CCF,Liverpool,Carcassonne,GB,FR,53.334863,-2.849637,43.216,2.30632,1187.3,1,FR,738
LPL-IOM,LPL,IOM,Liverpool,Castletown,GB,IM,53.334863,-2.849637,54.083081,-4.623871,143.4,2,"BE,U2","319,DH4"
LPL-NOC,LPL,NOC,Liverpool,Charlestown,GB,IE,53.334863,-2.849637,53.910439,-8.817002,398.6,1,FR,738
LPL-ORK,LPL,ORK,Liverpool,Cork,GB,IE,53.334863,-2.849637,51.841301,-8.49111,415.6,1,FR,738
LPL-LDY,LPL,LDY,Liverpool,"Derry, Derry and Strabane",GB,GB,53.334863,-2.849637,55.042801,-7.16111,338.7,1,FR,738
LPL-DUB,LPL,DUB,Liverpool,Dublin,GB,IE,53.334863,-2.849637,53.428713,-6.262121,226.6,1,FR,738
LPL-FAO,LPL,FAO,Liverpool,Faro,GB,PT,53.334863,-2.849637,37.015909,-7.970939,1857.3,2,"FR,U2","320 319,738"
LPL-GDN,LPL,GDN,Liverpool,Gdańsk,GB,PL,53.334863,-2.849637,54.377602,18.4662,1397.4,1,W6,320
LPL-GVA,LPL,GVA,Liverpool,Geneva,GB,CH,53.334863,-2.849637,46.238098,6.10895,1016.4,1,U2,319 320
LPL-IBZ,LPL,IBZ,Liverpool,Ibiza (Eivissa),GB,ES,53.334863,-2.849637,38.872898,1.37312,1640.0,1,FR,738
LPL-LIG,LPL,LIG,Liverpool,Limoges/Bellegarde,GB,FR,53.334863,-2.849637,45.862801,1.17944,879.8,1,FR,738
LPL-LIS,LPL,LIS,Liverpool,Lisbon,GB,PT,53.334863,-2.849637,38.7813,-9.13592,1687.8,1,U2,319 320
LPL-MAD,LPL,MAD,Liverpool,Madrid,GB,ES,53.334863,-2.849637,40.493407,-3.572249,1428.9,1,U2,320 319
LPL-AGP,LPL,AGP,Liverpool,Málaga,GB,ES,53.334863,-2.849637,36.6749,-4.49911,1856.9,2,"FR,U2","319,738"
LPL-NAP,LPL,NAP,Liverpool,Napoli,GB,IT,53.334863,-2.849637,40.886002,14.2908,1887.4,1,U2,319 320
LPL-NCE,LPL,NCE,Liverpool,"Nice, Alpes-Maritimes",GB,FR,53.334863,-2.849637,43.658401,7.21587,1304.1,1,U2,319 320
LPL-WMI,LPL,WMI,Liverpool,Nowy Dwór Mazowiecki,GB,PL,53.334863,-2.849637,52.451099,20.6518,1572.5,1,FR,738
LPL-FNI,LPL,FNI,Liverpool,Nîmes/Garons,GB,FR,53.334863,-2.849637,43.757401,4.41635,1190.3,1,FR,738
LPL-PMI,LPL,PMI,Liverpool,Palma de Mallorca,GB,ES,53.334863,-2.849637,39.551701,2.73881,1590.1,2,"FR,U2","320 319,738"
LPL-CDG,LPL,CDG,Liverpool,"Paris (Roissy-en-France, Val-d'Oise)",GB,FR,53.334863,-2.849637,49.00896,2.554117,610.6,1,U2,319 320
LPL-PSA,LPL,PSA,Liverpool,Pisa (PI),GB,IT,53.334863,-2.849637,43.683899,10.3927,1445.7,1,FR,738
LPL-OPO,LPL,OPO,Liverpool,Porto,GB,PT,53.334863,-2.849637,41.2481002808,-8.68138980865,1412.9,1,FR,738
LPL-POZ,LPL,POZ,Liverpool,Poznań,GB,PL,53.334863,-2.849637,52.421598,16.823359,1319.9,1,FR,738
LPL-REU,LPL,REU,Liverpool,Reus,GB,ES,53.334863,-2.849637,41.147509,1.168354,1388.1,1,FR,738
LPL-TRF,LPL,TRF,Liverpool,Sandefjord(Torp),GB,NO,53.334863,-2.849637,59.186699,10.2586,1035.6,1,FR,738
LPL-SNN,LPL,SNN,Liverpool,Shannon,GB,IE,53.334863,-2.849637,52.702,-8.92482,412.3,1,FR,738
LPL-JER,LPL,JER,Liverpool,St. Peter,GB,JE,53.334863,-2.849637,49.207901,-2.19551,461.1,1,U2,319
LPL-SZZ,LPL,SZZ,Liverpool,Szczecin(Glewice),GB,PL,53.334863,-2.849637,53.584702,14.9022,1172.5,1,FR,738
LPL-MLA,LPL,MLA,Liverpool,Valletta,GB,MT,53.334863,-2.849637,35.845932,14.491546,2367.0,1,FR,738
LPL-VNO,LPL,VNO,Liverpool,Vilnius,GB,LT,53.334863,-2.849637,54.634102,25.285801,1832.9,1,FR,738
LPL-WAW,LPL,WAW,Liverpool,Warsaw,GB,PL,53.334863,-2.849637,52.165699,20.9671,1600.8,1,W6,320
LPL-WRO,LPL,WRO,Liverpool,Wrocław,GB,PL,53.334863,-2.849637,51.103719,16.882096,1362.3,1,FR,738
LGW-AAL,LGW,AAL,London,Aalborg,GB,DK,51.148744,-0.185739,57.094763,9.84993,928.2,1,DY,73H
LCY-ABZ,LCY,ABZ,London,Aberdeen,GB,GB,51.505299,0.055278,57.2019,-2.19778,649.9,1,BA,E70 S20
LGW-ABZ,LGW,ABZ,London,Aberdeen,GB,GB,51.148744,-0.185739,57.2019,-2.19778,685.6,1,U2,319
LHR-ABZ,LHR,ABZ,London,Aberdeen,GB,GB,51.470748,-0.459909,57.2019,-2.19778,647.1,5,"AA,BA,IB,UN,VS","319 321 320,320,320 319,320 319 321,333"
LGW-AJA,LGW,AJA,London,Ajaccio,GB,FR,51.148744,-0.185739,41.923599,8.80292,1232.9,1,U2,320
LGW-ALC,LGW,ALC,London,Alicante,GB,ES,51.148744,-0.185739,38.2822,-0.558156,1431.0,6,"BA,DY,IB,TO,U2,ZB","319 320,319 734,321 752,73H,75W"
LGW-LEI,LGW,LEI,London,Almería,GB,ES,51.148744,-0.185739,36.843899,-2.3701,1600.0,1,U2,319 320
LCY-AMS,LCY,AMS,London,Amsterdam,GB,NL,51.505299,0.055278,52.308601,4.76389,335.1,4,"AF,BA,KL,WX","AR8,ARJ,E90 E70"
LGW-AMS,LGW,AMS,London,Amsterdam,GB,NL,51.148744,-0.185739,52.308601,4.76389,364.4,2,"BA,U2","319 734,320 319"
LHR-AMS,LHR,AMS,London,Amsterdam,GB,NL,51.470748,-0.459909,52.308601,4.76389,370.3,5,"AA,BA,CI,KL,MU","320 319 321,737,737 F70,737 F70 EMJ,767 320 319 321"
LCY-ANR,LCY,ANR,London,Antwerp,GB,BE,51.505299,0.055278,51.190667,4.463153,308.1,2,"AF,WX",F50
LGW-KRK,LGW,KRK,London,Balice,GB,PL,51.148744,-0.185739,50.077702,19.7848,1409.8,1,U2,319 320
LGW-BCN,LGW,BCN,London,Barcelona,GB,ES,51.148744,-0.185739,41.2971,2.07846,1109.1,6,"BA,DY,IB,U2,VY,ZB","319 320,319 320 734,319 734 320,320,321 752,73H"
LHR-BCN,LHR,BCN,London,Barcelona,GB,ES,51.470748,-0.459909,41.2971,2.07846,1147.7,3,"AA,BA,IB","319 320 321,319 320 321 767"
LGW-BRI,LGW,BRI,London,Bari,GB,IT,51.148744,-0.185739,41.138901,16.760599,1708.4,2,"BA,U2","319,734"
LGW-BIA,LGW,BIA,London,Bastia,GB,FR,51.148744,-0.185739,42.5527,9.48373,1203.8,1,U2,319
LGW-BFS,LGW,BFS,London,Belfast,GB,GB,51.148744,-0.185739,54.6575012207,-6.2158298492399995,561.6,1,U2,319
LGW-BHD,LGW,BHD,London,Belfast,GB,GB,51.148744,-0.185739,54.618099,-5.8725,542.3,1,EI,320 319
LHR-BHD,LHR,BHD,London,Belfast,GB,GB,51.470748,-0.459909,54.618099,-5.8725,503.1,4,"AA,BA,EI,IB",319
LHR-BEG,LHR,BEG,London,Belgrade,GB,RS,51.470748,-0.459909,44.818401,20.309099,1701.4,1,JU,319 733
LGW-BGO,LGW,BGO,London,Bergen,GB,NO,51.148744,-0.185739,60.2934,5.21814,1070.8,2,"DY,U2","319,73H"
LHR-BGO,LHR,BGO,London,Bergen,GB,NO,51.470748,-0.459909,60.2934,5.21814,1042.1,2,"AA,BA",319
LCY-BRN,LCY,BRN,London,Bern,GB,CH,51.505299,0.055278,46.912736,7.498819,743.1,1,SX,D38
LHR-BIO,LHR,BIO,London,Bilbao,GB,ES,51.470748,-0.459909,43.301102,-2.91061,926.8,2,"IB,VY",320
LCY-BLL,LCY,BLL,London,Billund,GB,DK,51.505299,0.055278,55.740335,9.157019,761.9,1,BA,D38
LGW-BLQ,LGW,BLQ,London,Bologna,GB,IT,51.148744,-0.185739,44.5354,11.2887,1126.5,1,U2,320 319
LHR-BLQ,LHR,BLQ,London,Bologna,GB,IT,51.470748,-0.459909,44.5354,11.2887,1163.1,2,"AA,BA",320 319
LGW-BOD,LGW,BOD,London,Bordeaux,GB,FR,51.148744,-0.185739,44.82865,-0.715356,703.9,2,"BA,U2","319,734 319"
LCY-BES,LCY,BES,London,Brest,GB,FR,51.505299,0.055278,48.447899,-4.41854,466.7,2,"AF,WX",F50
LCY-BVE,LCY,BVE,London,Brive,GB,FR,51.505299,0.055278,45.039722,1.485556,726.7,2,"AF,WX",AR8
LGW-BUD,LGW,BUD,London,Budapest,GB,HU,51.148744,-0.185739,47.43018,19.262393,1464.9,2,"DY,U2","319,73H"
LHR-BUD,LHR,BUD,London,Budapest,GB,HU,51.470748,-0.459909,47.43018,19.262393,1489.5,3,"AA,BA,IB",320
LCY-BSL,LCY,BSL,London,Bâle / Mulhouse,GB,FR,51.505299,0.055278,47.60068,7.521117,691.2,1,LX,AR1
LGW-BSL,LGW,BSL,London,Bâle / Mulhouse,GB,FR,51.148744,-0.185739,47.60068,7.521117,682.8,1,U2,320 319
LHR-BSL,LHR,BSL,London,Bâle / Mulhouse,GB,FR,51.470748,-0.459909,47.60068,7.521117,718.3,3,"AA,AB,BA","319 320 321,319 321"
LGW-VRN,LGW,VRN,London,Caselle (VR),GB,IT,51.148744,-0.185739,45.394955,10.887303,1037.8,4,"BA,TO,U2,ZB","319,321,734 319 320,75W 73H"
LGW-TRN,LGW,TRN,London,Caselle Torinese (TO),GB,IT,51.148744,-0.185739,45.200802,7.64963,879.4,1,BA,319 320 734
LCY-IOM,LCY,IOM,London,Castletown,GB,IM,51.505299,0.055278,54.083081,-4.623871,425.4,1,BA,S20
LGW-IOM,LGW,IOM,London,Castletown,GB,IM,51.148744,-0.185739,54.083081,-4.623871,442.8,1,U2,319
LGW-CTA,LGW,CTA,London,Catania,GB,IT,51.148744,-0.185739,37.466801,15.0664,1938.1,6,"AP,AZ,BA,DY,TO,U2","319,320,734 319,73H,75W"
LGW-NOC,LGW,NOC,London,Charlestown,GB,IE,51.148744,-0.185739,53.910439,-8.817002,659.1,1,EI,319
LGW-LYS,LGW,LYS,London,"Colombier-Saugnieu, Rhône",GB,FR,51.148744,-0.185739,45.725996,5.090139,717.3,1,U2,319
LHR-LYS,LHR,LYS,London,"Colombier-Saugnieu, Rhône",GB,FR,51.470748,-0.459909,45.725996,5.090139,757.5,2,"AA,BA",319
LGW-CPH,LGW,CPH,London,Copenhagen,GB,DK,51.148744,-0.185739,55.617900848389,12.656000137329,983.9,2,"DY,U2","319 320,73H"
LHR-CPH,LHR,CPH,London,Copenhagen,GB,DK,51.470748,-0.459909,55.617900848389,12.656000137329,979.5,3,"AA,BA,SK","320 321 CR9,321 320 319"
LGW-ORK,LGW,ORK,London,Cork,GB,IE,51.148744,-0.185739,51.841301,-8.49111,579.8,1,FR,738
LHR-ORK,LHR,ORK,London,Cork,GB,IE,51.470748,-0.459909,51.841301,-8.49111,555.3,1,EI,320
LHR-LCG,LHR,LCG,London,Culleredo,GB,ES,51.470748,-0.459909,43.302101,-8.37726,1085.0,2,"IB,VY",320
LCY-DOL,LCY,DOL,London,Deauville,GB,FR,51.505299,0.055278,49.365237,0.154481,238.1,2,"AF,WX",F50
LCY-DRS,LCY,DRS,London,Dresden,GB,DE,51.505299,0.055278,51.134123,13.767831,952.4,2,"AF,WX",AR8
LCY-DUB,LCY,DUB,London,Dublin,GB,IE,51.505299,0.055278,53.428713,-6.262121,478.2,2,"AF,WX",AR8
LGW-DUB,LGW,DUB,London,Dublin,GB,IE,51.148744,-0.185739,53.428713,-6.262121,484.6,2,"EI,FR","320,738"
LHR-DUB,LHR,DUB,London,Dublin,GB,IE,51.470748,-0.459909,53.428713,-6.262121,449.3,3,"AA,BA,EI","319,320"
LGW-DBV,LGW,DBV,London,Dubrovnik,GB,HR,51.148744,-0.185739,42.562247,18.265543,1689.6,5,"BA,DY,TO,U2,ZB","319 320,321 752,734 319,73H,75W"
LCY-DUS,LCY,DUS,London,Düsseldorf,GB,DE,51.505299,0.055278,51.289501,6.76678,466.1,1,BA,AR8 E70
LGW-DUS,LGW,DUS,London,Düsseldorf,GB,DE,51.148744,-0.185739,51.289501,6.76678,484.3,1,U2,319
LHR-DUS,LHR,DUS,London,Düsseldorf,GB,DE,51.470748,-0.459909,51.289501,6.76678,501.8,3,"AA,BA,LH","319 320,320 CR9"
LCY-EDI,LCY,EDI,London,Edinburgh,GB,GB,51.505299,0.055278,55.950145,-3.372288,543.1,1,BA,E90 E70
LGW-EDI,LGW,EDI,London,Edinburgh,GB,GB,51.148744,-0.185739,55.950145,-3.372288,573.7,2,"BA,U2","320 319,734 319"
LHR-EDI,LHR,EDI,London,Edinburgh,GB,GB,51.470748,-0.459909,55.950145,-3.372288,533.6,5,"AA,BA,IB,UN,VS","319 767 321 320,320,320 321 319,333,767 321 320 319"
LGW-ERF,LGW,ERF,London,Erfurt,GB,DE,51.148744,-0.185739,50.978281,10.960713,778.4,1,ST,319
LGW-FAO,LGW,FAO,London,Faro,GB,PT,51.148744,-0.185739,37.015909,-7.970939,1687.8,5,"BA,DY,TO,U2,ZB","319 734 320,320 319,73H,752 321 332"
LHR-FAO,LHR,FAO,London,Faro,GB,PT,51.470748,-0.459909,37.015909,-7.970939,1712.8,1,BA,320
LGW-MXP,LGW,MXP,London,Ferno (VA),GB,IT,51.148744,-0.185739,45.6306,8.72811,898.7,1,U2,319 320
LHR-MXP,LHR,MXP,London,Ferno (VA),GB,IT,51.470748,-0.459909,45.6306,8.72811,936.3,2,"AA,BA",319 320 321
LCY-FLR,LCY,FLR,London,Firenze (FI),GB,IT,51.505299,0.055278,43.808558,11.202822,1193.1,3,"AF,BA,WX","AR8,E70 E90"
LGW-FLR,LGW,FLR,London,Firenze (FI),GB,IT,51.148744,-0.185739,43.808558,11.202822,1180.2,2,"IB,VY","319,320"
LCY-FRA,LCY,FRA,London,Frankfurt am Main,GB,DE,51.505299,0.055278,50.026706,8.55835,619.8,3,"AB,BA,LH","E70 E90 AR8,E90"
LHR-FRA,LHR,FRA,London,Frankfurt am Main,GB,DE,51.470748,-0.459909,50.026706,8.55835,654.0,4,"AA,AB,BA,LH","319 320,319 320 32A 321 733,767 319 320"
LGW-FNC,LGW,FNC,London,Funchal,GB,PT,51.148744,-0.185739,32.697812,-16.774613,2455.8,4,"TO,TP,U2,ZB","319 320,320 319,321,75W"
LCY-GVA,LCY,GVA,London,Geneva,GB,CH,51.505299,0.055278,46.238098,6.10895,733.7,1,LX,AR1
LGW-GVA,LGW,GVA,London,Geneva,GB,CH,51.148744,-0.185739,46.238098,6.10895,714.7,1,U2,320 319
LHR-GVA,LHR,GVA,London,Geneva,GB,CH,51.470748,-0.459909,46.238098,6.10895,754.0,3,"AA,BA,LX","319 320 321,320 319"
LGW-GOA,LGW,GOA,London,Genova (GE),GB,IT,51.148744,-0.185739,44.412039,8.840732,1006.5,1,BA,320 319 734
LGW-GIB,LGW,GIB,London,Gibraltar,GB,GI,51.148744,-0.185739,36.151679,-5.34978,1717.5,1,U2,320 319
LHR-GIB,LHR,GIB,London,Gibraltar,GB,GI,51.470748,-0.459909,36.151679,-5.34978,1747.0,2,"AA,BA",320
LCY-GLA,LCY,GLA,London,Glasgow,GB,GB,51.505299,0.055278,55.871899,-4.43306,568.1,1,BA,E90 E70
LGW-GLA,LGW,GLA,London,Glasgow,GB,GB,51.148744,-0.185739,55.871899,-4.43306,595.3,2,"BA,U2","319 320,734 319"
LHR-GLA,LHR,GLA,London,Glasgow,GB,GB,51.470748,-0.459909,55.871899,-4.43306,554.8,3,"AA,BA,IB","319 320 321 767,320 319 321 767"
LCY-GRX,LCY,GRX,London,Granada,GB,ES,51.505299,0.055278,37.188702,-3.77736,1620.3,2,"BA,IB",E90
LGW-GOT,LGW,GOT,London,Göteborg,GB,SE,51.148744,-0.185739,57.6628,12.2798,1081.2,1,DY,73H
LHR-GOT,LHR,GOT,London,Göteborg,GB,SE,51.470748,-0.459909,57.6628,12.2798,1068.7,4,"AA,BA,IB,SK","320,320 321 319,73H 73W 736"
LGW-HAM,LGW,HAM,London,Hamburg,GB,DE,51.148744,-0.185739,53.630402,9.98823,742.7,1,U2,319
LHR-HAM,LHR,HAM,London,Hamburg,GB,DE,51.470748,-0.459909,53.630402,9.98823,745.3,4,"4U,AA,AB,BA","319 321 320,319 CRJ,321 319 320"
LHR-HAJ,LHR,HAJ,London,Hannover,GB,DE,51.470748,-0.459909,52.461102,9.68508,703.1,3,"AA,AB,BA",319
LGW-HEL,LGW,HEL,London,Helsinki (Vantaa),GB,FI,51.148744,-0.185739,60.318363,24.963341,1858.0,1,DY,73H
LHR-HEL,LHR,HEL,London,Helsinki (Vantaa),GB,FI,51.470748,-0.459909,60.318363,24.963341,1847.9,4,"AA,AY,BA,MH","320,320 321,320 32B 321"
LGW-HER,LGW,HER,London,Heraklion,GB,GR,51.148744,-0.185739,35.339699,25.1803,2679.7,3,"TO,U2,ZB","320 319,321,73H"
LCY-IBZ,LCY,IBZ,London,Ibiza (Eivissa),GB,ES,51.505299,0.055278,38.872898,1.37312,1408.4,2,"BA,IB",E70 E90
LGW-IBZ,LGW,IBZ,London,Ibiza (Eivissa),GB,ES,51.148744,-0.185739,38.872898,1.37312,1370.4,3,"DY,TO,U2","319 320,73H"
LHR-IBZ,LHR,IBZ,London,Ibiza (Eivissa),GB,ES,51.470748,-0.459909,38.872898,1.37312,1408.0,2,"BA,IB",319 320
LGW-INN,LGW,INN,London,Innsbruck,GB,AT,51.148744,-0.185739,47.260201,11.344,941.2,1,U2,319
LGW-INV,LGW,INV,London,Inverness,GB,GB,51.148744,-0.185739,57.5425,-4.0475,753.4,1,U2,319
LGW-IST,LGW,IST,London,Istanbul,GB,TR,51.148744,-0.185739,41.274874,28.732136,2459.5,1,TK,739 321 738
LHR-IST,LHR,IST,London,Istanbul,GB,TR,51.470748,-0.459909,41.274874,28.732136,2487.4,3,"AA,BA,TK","320 767,321 77W,767 320"
LGW-KLX,LGW,KLX,London,Kalamata,GB,GR,51.148744,-0.185739,37.06829833984375,22.02549934387207,2348.7,1,U2,320 319
LGW-KUN,LGW,KUN,London,Kaunas,GB,LT,51.148744,-0.185739,54.963965,24.08582,1667.3,1,FR,738
LGW-EFL,LGW,EFL,London,Kefallinia Island,GB,GR,51.148744,-0.185739,38.12009811401367,20.500499725341797,2172.1,1,U2,319 320
LGW-CFU,LGW,CFU,London,Kerkyra (Corfu),GB,GR,51.148744,-0.185739,39.60145,19.912179,2016.5,2,"TO,U2","320,73H 75W"
LGW-CGN,LGW,CGN,London,Köln (Cologne),GB,DE,51.148744,-0.185739,50.865898,7.14274,513.5,1,U2,319
LHR-CGN,LHR,CGN,London,Köln (Cologne),GB,DE,51.470748,-0.459909,50.865898,7.14274,534.1,1,4U,319 320
LHR-LBA,LHR,LBA,London,"Leeds, West Yorkshire",GB,GB,51.470748,-0.459909,53.865898,-1.66057,278.4,3,"AA,BA,IB",319
LGW-LIS,LGW,LIS,London,Lisbon,GB,PT,51.148744,-0.185739,38.7813,-9.13592,1542.3,3,"S4,TP,U2","319,319 320"
LHR-LIS,LHR,LIS,London,Lisbon,GB,PT,51.470748,-0.459909,38.7813,-9.13592,1564.0,7,"AA,AY,BA,NH,S4,TP,US","319,319 320,319 320 321,320,320 321 319"
LCY-LUX,LCY,LUX,London,Luxembourg,GB,LU,51.505299,0.055278,49.626845,6.212134,482.2,1,LG,DH4
LGW-LUX,LGW,LUX,London,Luxembourg,GB,LU,51.148744,-0.185739,49.626845,6.212134,483.9,1,U2,319
LHR-LUX,LHR,LUX,London,Luxembourg,GB,LU,51.470748,-0.459909,49.626845,6.212134,513.8,2,"AA,BA",319
LCY-MAD,LCY,MAD,London,Madrid,GB,ES,51.505299,0.055278,40.493407,-3.572249,1255.7,2,"BA,IB",E90
LGW-MAD,LGW,MAD,London,Madrid,GB,ES,51.148744,-0.185739,40.493407,-3.572249,1213.2,2,"U2,UX","319 320,738"
LHR-MAD,LHR,MAD,London,Madrid,GB,ES,51.470748,-0.459909,40.493407,-3.572249,1243.8,2,"BA,IB","321 320 343 333,767 320 319 321"
LCY-MAH,LCY,MAH,London,Mahón (Maó),GB,ES,51.505299,0.055278,39.862598,4.21865,1333.8,1,BA,E90
LGW-MAH,LGW,MAH,London,Mahón (Maó),GB,ES,51.148744,-0.185739,39.862598,4.21865,1300.4,3,"TO,U2,ZB","319 320,321,73H"
LHR-MAN,LHR,MAN,London,"Manchester, Greater Manchester",GB,GB,51.470748,-0.459909,53.349375,-2.279521,242.6,5,"AA,BA,IB,UN,VS","319 320 321,320,320 319 321,333"
LGW-MRS,LGW,MRS,London,"Marignane, Bouches-du-Rhône",GB,FR,51.148744,-0.185739,43.438088,5.2125,948.5,1,U2,319 320
LHR-MRS,LHR,MRS,London,"Marignane, Bouches-du-Rhône",GB,FR,51.470748,-0.459909,43.438088,5.2125,989.1,2,"AA,BA",319 320
LGW-MSQ,LGW,MSQ,London,Minsk,GB,BY,51.148744,-0.185739,53.888071,28.039964,1920.8,1,B2,735 E75
LGW-MPL,LGW,MPL,London,Montpellier/Méditerranée,GB,FR,51.148744,-0.185739,43.576199,3.96301,897.8,1,U2,319
LGW-DME,LGW,DME,London,Moscow,GB,RU,51.148744,-0.185739,55.408798,37.9063,2543.0,2,"U2,UN",320
LHR-DME,LHR,DME,London,Moscow,GB,RU,51.470748,-0.459909,55.408798,37.9063,2544.9,1,BA,321 767 744
LHR-SVO,LHR,SVO,London,Moscow,GB,RU,51.470748,-0.459909,55.976858,37.41121,2508.1,1,SU,320 333 321
LHR-VKO,LHR,VKO,London,Moscow,GB,RU,51.470748,-0.459909,55.591499,37.261501,2502.5,2,"UN,VS","73H 73G 738,73H 73G 763 738"
LGW-MUC,LGW,MUC,London,Munich,GB,DE,51.148744,-0.185739,48.353802,11.7861,913.3,1,U2,319 320
LHR-MUC,LHR,MUC,London,Munich,GB,DE,51.470748,-0.459909,48.353802,11.7861,941.5,4,"AA,AB,BA,LH","319 320 321,320 321 319"
LGW-JMK,LGW,JMK,London,Mykonos,GB,GR,51.148744,-0.185739,37.435101,25.348101,2519.1,2,"TO,U2","320,73H"
LHR-JMK,LHR,JMK,London,Mykonos,GB,GR,51.470748,-0.459909,37.435101,25.348101,2552.5,1,BA,320
LCY-AGP,LCY,AGP,London,Málaga,GB,ES,51.505299,0.055278,36.6749,-4.49911,1687.9,2,"BA,IB",E90
LGW-AGP,LGW,AGP,London,Málaga,GB,ES,51.148744,-0.185739,36.6749,-4.49911,1645.4,6,"BA,DY,IB,TO,U2,ZB","319 734 320,320 319,321 752,73H"
LHR-AGP,LHR,AGP,London,Málaga,GB,ES,51.470748,-0.459909,36.6749,-4.49911,1675.9,2,"AA,BA",320
LCY-NTE,LCY,NTE,London,Nantes,GB,FR,51.505299,0.055278,47.153198,-1.61073,498.7,2,"AF,WX",AR8 F50
LGW-NTE,LGW,NTE,London,Nantes,GB,FR,51.148744,-0.185739,47.153198,-1.61073,456.2,1,U2,319
LGW-NAP,LGW,NAP,London,Napoli,GB,IT,51.148744,-0.185739,40.886002,14.2908,1591.9,4,"BA,IG,TO,U2","319 320,320 734 319,737,75W 73H"
LGW-NCL,LGW,NCL,London,"Newcastle upon Tyne, Tyne and Wear",GB,GB,51.148744,-0.185739,55.037958,-1.689577,443.9,1,U2,319
LHR-NCL,LHR,NCL,London,"Newcastle upon Tyne, Tyne and Wear",GB,GB,51.470748,-0.459909,55.037958,-1.689577,405.0,3,"AA,BA,IB","319 321 320,320 319,321 320 319"
LGW-NQY,LGW,NQY,London,Newquay,GB,GB,51.148744,-0.185739,50.440601,-4.99541,347.0,2,"BA,BE",DH4
LCY-NCE,LCY,NCE,London,"Nice, Alpes-Maritimes",GB,FR,51.505299,0.055278,43.658401,7.21587,1023.5,1,BA,E70 E90
LGW-NCE,LGW,NCE,London,"Nice, Alpes-Maritimes",GB,FR,51.148744,-0.185739,43.658401,7.21587,1000.9,4,"BA,DY,U2,ZB","320 319,320 734 319,321,73H"
LHR-NCE,LHR,NCE,London,"Nice, Alpes-Maritimes",GB,FR,51.470748,-0.459909,43.658401,7.21587,1041.0,2,"AA,BA",320 321 319
LGW-OLB,LGW,OLB,London,Olbia (SS),GB,IT,51.148744,-0.185739,40.898953,9.518457,1361.4,3,"BA,IG,U2","319,320,737"
LGW-OSL,LGW,OSL,London,Oslo (Gardermoen),GB,NO,51.148744,-0.185739,60.193901,11.1004,1226.2,1,DY,73H
LHR-OSL,LHR,OSL,London,Oslo (Gardermoen),GB,NO,51.470748,-0.459909,60.193901,11.1004,1205.5,4,"AA,BA,IB,SK","319 320 321,738 73G 73H 736 73W"
LGW-OTP,LGW,OTP,London,Otopeni,GB,RO,51.148744,-0.185739,44.571792,26.103285,2079.6,1,U2,319 320
LHR-OTP,LHR,OTP,London,Otopeni,GB,RO,51.470748,-0.459909,44.571792,26.103285,2104.9,3,"AA,BA,RO","318,320"
LGW-PMO,LGW,PMO,London,Palermo,GB,IT,51.148744,-0.185739,38.175999,13.091,1778.3,3,"AP,AZ,U2","319,320"
LCY-PMI,LCY,PMI,London,Palma de Mallorca,GB,ES,51.505299,0.055278,39.551701,2.73881,1345.3,2,"BA,IB",E90
LGW-PMI,LGW,PMI,London,Palma de Mallorca,GB,ES,51.148744,-0.185739,39.551701,2.73881,1309.3,6,"DY,TCX,TO,TOM,U2,ZB","319 320,321,321 752,73H,73H 75W"
LHR-PMI,LHR,PMI,London,Palma de Mallorca,GB,ES,51.470748,-0.459909,39.551701,2.73881,1348.2,2,"BA,IB",319 320
LCY-ORY,LCY,ORY,London,"Paris (Orly, Val-de-Marne)",GB,FR,51.505299,0.055278,48.729499,2.358963,349.6,2,"AF,WX",F50
LHR-ORY,LHR,ORY,London,"Paris (Orly, Val-de-Marne)",GB,FR,51.470748,-0.459909,48.729499,2.358963,365.1,3,"AB,BA,IB","319 320,320 319"
LGW-CDG,LGW,CDG,London,"Paris (Roissy-en-France, Val-d'Oise)",GB,FR,51.148744,-0.185739,49.00896,2.554117,307.9,1,U2,319
LHR-CDG,LHR,CDG,London,"Paris (Roissy-en-France, Val-d'Oise)",GB,FR,51.470748,-0.459909,49.00896,2.554117,347.6,3,"AA,AF,BA","320 319 321,321 320 319"
LGW-PSA,LGW,PSA,London,Pisa (PI),GB,IT,51.148744,-0.185739,43.683899,10.3927,1147.8,2,"BA,U2","319 320,734 319"
LHR-PSA,LHR,PSA,London,Pisa (PI),GB,IT,51.470748,-0.459909,43.683899,10.3927,1186.0,2,"AA,BA",320 321
LGW-PDL,LGW,PDL,London,Ponta Delgada,GB,PT,51.148744,-0.185739,37.7411994934,-25.6979007721,2493.6,1,S4,320
LGW-OPO,LGW,OPO,London,Porto,GB,PT,51.148744,-0.185739,41.2481002808,-8.68138980865,1278.5,2,"TP,U2","319 320,320 319"
LHR-OPO,LHR,OPO,London,Porto,GB,PT,51.470748,-0.459909,41.2481002808,-8.68138980865,1298.2,1,BA,320 319
LGW-PRG,LGW,PRG,London,Prague,GB,CZ,51.148744,-0.185739,50.100874,14.259911,1024.0,1,U2,319 320
LHR-PRG,LHR,PRG,London,Prague,GB,CZ,51.470748,-0.459909,50.100874,14.259911,1044.1,2,"AA,BA",320
LGW-PVK,LGW,PVK,London,Preveza,GB,GR,51.148744,-0.185739,38.925499,20.765301,2121.6,2,"TO,TOM","73H,73H 75W"
LGW-PRN,LGW,PRN,London,Prishtina,GB,XK,51.148744,-0.185739,42.5728,21.035801,1864.3,1,ST,73G
LGW-KEF,LGW,KEF,London,Reykjavík,GB,IS,51.148744,-0.185739,63.985001,-22.6056,1935.4,3,"FI,W2,WW","320,75W"
LHR-KEF,LHR,KEF,London,Reykjavík,GB,IS,51.470748,-0.459909,63.985001,-22.6056,1895.1,1,FI,75W
LGW-RIX,LGW,RIX,London,Riga,GB,LV,51.148744,-0.185739,56.920752,23.970711,1691.8,1,BT,73C 735
LHR-RJK,LHR,RJK,London,Rijeka(Omišalj),GB,HR,51.470748,-0.459909,45.216376,14.57085,1306.9,1,OU,320
LGW-TIA,LGW,TIA,London,Rinas,GB,AL,51.148744,-0.185739,41.4147,19.7206,1864.2,1,BA,734
LCY-FCO,LCY,FCO,London,Rome,GB,IT,51.505299,0.055278,41.804532,12.251998,1421.0,2,"AF,AZ",E90
LGW-FCO,LGW,FCO,London,Rome,GB,IT,51.148744,-0.185739,41.804532,12.251998,1405.7,3,"BA,DY,U2","319 320,734 320 319,73H"
LHR-FCO,LHR,FCO,London,Rome,GB,IT,51.470748,-0.459909,41.804532,12.251998,1444.1,3,"AA,AZ,BA","321 320 319,32S 321 320,767 321 320 319"
LCY-RTM,LCY,RTM,London,Rotterdam,GB,NL,51.505299,0.055278,51.956902,4.43722,305.9,4,"AF,BA,KL,WX","F50 AR8,F50 ARJ,S20"
LHR-RTM,LHR,RTM,London,Rotterdam,GB,NL,51.470748,-0.459909,51.956902,4.43722,341.6,2,"AA,BA",319
LGW-GCI,LGW,GCI,London,Saint Peter Port,GB,GG,51.148744,-0.185739,49.435001,-2.60197,256.4,1,GR,E95 AT7
LGW-SZG,LGW,SZG,London,Salzburg,GB,AT,51.148744,-0.185739,47.793301,13.0043,1021.7,2,"AB,BA",734
LGW-TRF,LGW,TRF,London,Sandefjord(Torp),GB,NO,51.148744,-0.185739,59.186699,10.2586,1110.3,1,DY,73H
LGW-SCQ,LGW,SCQ,London,Santiago de Compostela,GB,ES,51.148744,-0.185739,42.896301,-8.41514,1108.1,1,U2,319
LGW-JTR,LGW,JTR,London,Santorini Island,GB,GR,51.148744,-0.185739,36.400045,25.478638,2610.2,3,"DY,TO,U2","320,73H,75W"
LHR-JTR,LHR,JTR,London,Santorini Island,GB,GR,51.470748,-0.459909,36.400045,25.478638,2644.2,1,BA,320
LCY-LIN,LCY,LIN,London,Segrate (MI),GB,IT,51.505299,0.055278,45.445099,9.27674,955.8,2,"AF,AZ",E90
LGW-LIN,LGW,LIN,London,Segrate (MI),GB,IT,51.148744,-0.185739,45.445099,9.27674,943.2,1,U2,319 320
LHR-LIN,LHR,LIN,London,Segrate (MI),GB,IT,51.470748,-0.459909,45.445099,9.27674,980.5,4,"AA,AZ,BA,BT","319,319 320 321,32S 320 321"
LGW-SVQ,LGW,SVQ,London,Seville,GB,ES,51.148744,-0.185739,37.417999,-5.89311,1591.7,2,"FR,U2","319,738"
LGW-SNN,LGW,SNN,London,Shannon,GB,IE,51.148744,-0.185739,52.702,-8.92482,623.2,1,FR,738
LHR-SNN,LHR,SNN,London,Shannon,GB,IE,51.470748,-0.459909,52.702,-8.92482,594.0,1,EI,320
LGW-SOF,LGW,SOF,London,Sofia,GB,BG,51.148744,-0.185739,42.696357,23.417671,2011.6,1,U2,319 320
LHR-SOF,LHR,SOF,London,Sofia,GB,BG,51.470748,-0.459909,42.696357,23.417671,2041.2,3,"AA,BA,FB","320,320 319 E90"
LGW-ATH,LGW,ATH,London,Spata-Artemida,GB,GR,51.148744,-0.185739,37.936401,23.9445,2392.8,1,U2,319 320
LHR-ATH,LHR,ATH,London,Spata-Artemida,GB,GR,51.470748,-0.459909,37.936401,23.9445,2426.7,5,"A3,AA,BA,OA,US","321,321 320,767 320"
LGW-SPU,LGW,SPU,London,Split,GB,HR,51.148744,-0.185739,43.538898,16.298,1497.5,3,"DY,OU,U2","319 320,320,73H"
LHR-SPU,LHR,SPU,London,Split,GB,HR,51.470748,-0.459909,43.538898,16.298,1531.2,1,OU,320
LCY-JER,LCY,JER,London,St. Peter,GB,JE,51.505299,0.055278,49.207901,-2.19551,301.2,1,SI,AT5 AT4
LGW-JER,LGW,JER,London,St. Peter,GB,JE,51.148744,-0.185739,49.207901,-2.19551,258.9,2,"BA,U2","319,734 319"
LHR-LED,LHR,LED,London,St. Petersburg,GB,RU,51.470748,-0.459909,59.800301,30.262501,2113.5,1,BA,321
LGW-SVG,LGW,SVG,London,Stavanger,GB,NO,51.148744,-0.185739,58.876701,5.63778,935.3,1,DY,73H
LHR-SVG,LHR,SVG,London,Stavanger,GB,NO,51.470748,-0.459909,58.876701,5.63778,909.1,3,"AA,BA,SK","319,73W 73G 736 738 73H"
LCY-ARN,LCY,ARN,London,Stockholm,GB,SE,51.505299,0.055278,59.64849,17.928829,1435.1,1,BA,E70
LGW-ARN,LGW,ARN,London,Stockholm,GB,SE,51.148744,-0.185739,59.64849,17.928829,1475.4,1,DY,73H
LHR-ARN,LHR,ARN,London,Stockholm,GB,SE,51.470748,-0.459909,59.64849,17.928829,1462.7,6,"AA,AY,BA,IB,SK,TG","321 319 767 320,73W 736 73H,73W 73H 736 73G 717"
LGW-SXB,LGW,SXB,London,Strasbourg,GB,FR,51.148744,-0.185739,48.5383,7.62823,630.6,1,U2,319
LHR-STR,LHR,STR,London,Stuttgart,GB,DE,51.470748,-0.459909,48.689899,9.22196,756.1,4,"4U,AA,AB,BA","319 320,319 321 320"
LGW-TLL,LGW,TLL,London,Tallinn,GB,EE,51.148744,-0.185739,59.413246,24.83264,1815.6,1,U2,319 320
LGW-SKG,LGW,SKG,London,Thessaloniki,GB,GR,51.148744,-0.185739,40.51928,22.970009,2134.0,3,"BA,TO,U2","319 320,734,73H"
LGW-TIV,LGW,TIV,London,Tivat,GB,ME,51.148744,-0.185739,42.404701,18.723301,1729.5,1,YM,100
LGW-TLS,LGW,TLS,London,Toulouse/Blagnac,GB,FR,51.148744,-0.185739,43.629101,1.36382,844.2,1,U2,319 320
LHR-TLS,LHR,TLS,London,Toulouse/Blagnac,GB,FR,51.470748,-0.459909,43.629101,1.36382,882.6,2,"AA,BA","319 320,319 320 321"
LGW-TOS,LGW,TOS,London,Tromsø,GB,NO,51.148744,-0.185739,69.683296,18.9189,2289.2,1,DY,73H
LGW-TRD,LGW,TRD,London,Trondheim,GB,NO,51.148744,-0.185739,63.457802,10.924,1517.7,1,DY,73H
LGW-VLC,LGW,VLC,London,Valencia,GB,ES,51.148744,-0.185739,39.489162,-0.480961,1296.7,1,U2,320 319
LGW-MLA,LGW,MLA,London,Valletta,GB,MT,51.148744,-0.185739,35.845932,14.491546,2064.6,4,"BA,KM,TO,U2","319 734,320 319,73H"
LHR-MLA,LHR,MLA,London,Valletta,GB,MT,51.470748,-0.459909,35.845932,14.491546,2104.2,1,KM,320 319
LGW-ZAG,LGW,ZAG,London,Velika Gorica,GB,HR,51.148744,-0.185739,45.742901,16.0688,1337.2,1,U2,319
LHR-ZAG,LHR,ZAG,London,Velika Gorica,GB,HR,51.470748,-0.459909,45.742901,16.0688,1367.8,3,"AA,BA,OU",319 320
LCY-VCE,LCY,VCE,London,Venezia (VE),GB,IT,51.505299,0.055278,45.505299,12.3519,1122.7,1,BA,E90 E70
LGW-VCE,LGW,VCE,London,Venezia (VE),GB,IT,51.148744,-0.185739,45.505299,12.3519,1117.0,4,"BA,TO,U2,ZB","319 320,321,734 319 320,73H"
LHR-VCE,LHR,VCE,London,Venezia (VE),GB,IT,51.470748,-0.459909,45.505299,12.3519,1151.3,2,"AA,BA",320 319
LGW-VIE,LGW,VIE,London,Vienna,GB,AT,51.148744,-0.185739,48.110298,16.5697,1250.1,1,U2,319 320
LHR-VIE,LHR,VIE,London,Vienna,GB,AT,51.470748,-0.459909,48.110298,16.5697,1274.9,4,"AA,AB,BA,OS","320,320 319,321 320"
LHR-WAW,LHR,WAW,London,Warsaw,GB,PL,51.470748,-0.459909,52.165699,20.9671,1469.5,5,"AA,BA,IB,LO,NH","320,734,734 E95"
LGW-ZTH,LGW,ZTH,London,Zakynthos,GB,GR,51.148744,-0.185739,37.7509,20.8843,2225.2,2,"TO,U2","320,73H"
LGW-BRU,LGW,BRU,London,Zaventem,GB,BE,51.148744,-0.185739,50.901402,4.48444,327.7,1,U2,319
LHR-BRU,LHR,BRU,London,Zaventem,GB,BE,51.470748,-0.459909,50.901402,4.48444,350.3,3,"AA,BA,SN","319 AR1,320 319 321"
LCY-ZRH,LCY,ZRH,London,Zurich,GB,CH,51.505299,0.055278,47.458056,8.548056,760.1,3,"AB,BA,LX","AR1,E90 E70"
LGW-ZRH,LGW,ZRH,London,Zurich,GB,CH,51.148744,-0.185739,47.458056,8.548056,753.8,1,U2,319 320
LHR-ZRH,LHR,ZRH,London,Zurich,GB,CH,51.470748,-0.459909,47.458056,8.548056,788.3,4,"AA,AB,BA,LX","319 320 321,320 319 321,320 321 32A"
LGW-AES,LGW,AES,London,Ålesund,GB,NO,51.148744,-0.185739,62.560443,6.110845,1323.9,1,DY,73H
STN-AAR,STN,AAR,"London, Essex",Aarhus,GB,DK,51.884998,0.235,56.303331,10.618286,835.2,1,FR,738
STN-AHO,STN,AHO,"London, Essex",Alghero,GB,IT,51.884998,0.235,40.632099,8.29077,1394.1,1,FR,738
STN-ALC,STN,ALC,"London, Essex",Alicante,GB,ES,51.884998,0.235,38.2822,-0.558156,1513.8,1,FR,738
STN-LEI,STN,LEI,"London, Essex",Almería,GB,ES,51.884998,0.235,36.843899,-2.3701,1685.0,1,FR,738
STN-AMS,STN,AMS,"London, Essex",Amsterdam,GB,NL,51.884998,0.235,52.308601,4.76389,312.9,1,U2,320 319
STN-KRK,STN,KRK,"London, Essex",Balice,GB,PL,51.884998,0.235,50.077702,19.7848,1379.0,1,FR,738
STN-BCN,STN,BCN,"London, Essex",Barcelona,GB,ES,51.884998,0.235,41.2971,2.07846,1185.6,1,FR,738
STN-BRI,STN,BRI,"London, Essex",Bari,GB,IT,51.884998,0.235,41.138901,16.760599,1732.3,1,FR,738
STN-BFS,STN,BFS,"London, Essex",Belfast,GB,GB,51.884998,0.235,54.6575012207,-6.2158298492399995,527.9,1,U2,319 320
STN-EGC,STN,EGC,"London, Essex",Bergerac,GB,FR,51.884998,0.235,44.825298,0.518611,785.3,1,FR,738
STN-BIQ,STN,BIQ,"London, Essex",Biarritz,GB,FR,51.884998,0.235,43.468372,-1.523223,945.0,1,FR,738
STN-BIO,STN,BIO,"London, Essex",Bilbao,GB,ES,51.884998,0.235,43.301102,-2.91061,983.0,1,U2,320 319
STN-BLL,STN,BLL,"London, Essex",Billund,GB,DK,51.884998,0.235,55.740335,9.157019,725.0,1,FR,738
STN-BLQ,STN,BLQ,"London, Essex",Bologna,GB,IT,51.884998,0.235,44.5354,11.2887,1154.7,1,FR,738
STN-BOD,STN,BOD,"London, Essex",Bordeaux,GB,FR,51.884998,0.235,44.82865,-0.715356,787.7,1,FR,738
STN-BTS,STN,BTS,"London, Essex",Bratislava,GB,SK,51.884998,0.235,48.1702,17.2127,1277.7,1,FR,738
STN-BRE,STN,BRE,"London, Essex",Bremen,GB,DE,51.884998,0.235,53.046786,8.78932,593.3,1,FR,738
STN-BDS,STN,BDS,"London, Essex",Brindisi,GB,IT,51.884998,0.235,40.6576,17.947001,1838.2,1,FR,738
STN-BVE,STN,BVE,"London, Essex",Brive,GB,FR,51.884998,0.235,45.039722,1.485556,766.7,1,FR,738
STN-BRQ,STN,BRQ,"London, Essex",Brno,GB,CZ,51.884998,0.235,49.151276,16.693972,1199.8,1,FR,738
STN-BUD,STN,BUD,"London, Essex",Budapest,GB,HU,51.884998,0.235,47.43018,19.262393,1451.3,1,FR,738
STN-BZG,STN,BZG,"London, Essex",Bydgoszcz,GB,PL,51.884998,0.235,53.096802,17.977699,1205.7,1,FR,738
STN-BSL,STN,BSL,"London, Essex",Bâle / Mulhouse,GB,FR,51.884998,0.235,47.60068,7.521117,707.2,1,FR,738
STN-CAG,STN,CAG,"London, Essex",Cagliari,GB,IT,51.884998,0.235,39.251499,9.05428,1560.9,1,U2,319
STN-CCF,STN,CCF,"London, Essex",Carcassonne,GB,FR,51.884998,0.235,43.216,2.30632,976.3,1,FR,738
STN-TRN,STN,TRN,"London, Essex",Caselle Torinese (TO),GB,IT,51.884998,0.235,45.200802,7.64963,921.1,1,FR,738
STN-NOC,STN,NOC,"London, Essex",Charlestown,GB,IE,51.884998,0.235,53.910439,-8.817002,647.0,1,FR,738
STN-LYS,STN,LYS,"London, Essex","Colombier-Saugnieu, Rhône",GB,FR,51.884998,0.235,45.725996,5.090139,771.2,1,U2,319 320
STN-CIY,STN,CIY,"London, Essex",Comiso,GB,IT,51.884998,0.235,36.99583,14.60889,2002.8,1,FR,738
STN-CPH,STN,CPH,"London, Essex",Copenhagen,GB,DK,51.884998,0.235,55.617900848389,12.656000137329,914.3,1,U2,319 320
STN-ORK,STN,ORK,"London, Essex",Cork,GB,IE,51.884998,0.235,51.841301,-8.49111,598.9,1,FR,738
STN-LDY,STN,LDY,"London, Essex","Derry, Derry and Strabane",GB,GB,51.884998,0.235,55.042801,-7.16111,602.0,1,FR,738
STN-DNR,STN,DNR,"London, Essex",Dinard,GB,FR,51.884998,0.235,48.5877,-2.07996,401.9,1,FR,738
STN-DTM,STN,DTM,"London, Essex",Dortmund,GB,DE,51.884998,0.235,51.518299,7.61224,509.8,1,FR,738
STN-DUB,STN,DUB,"London, Essex",Dublin,GB,IE,51.884998,0.235,53.428713,-6.262121,470.4,1,FR,738
STN-DBV,STN,DBV,"London, Essex",Dubrovnik,GB,HR,51.884998,0.235,42.562247,18.265543,1703.5,1,U2,319
STN-DND,STN,DND,"London, Essex",Dundee,GB,GB,51.884998,0.235,56.452499,-3.02583,550.3,1,BE,D38
STN-DUS,STN,DUS,"London, Essex",Düsseldorf,GB,DE,51.884998,0.235,51.289501,6.76678,455.9,1,AB,DH4
STN-EDI,STN,EDI,"London, Essex",Edinburgh,GB,GB,51.884998,0.235,55.950145,-3.372288,509.9,1,U2,320 319
STN-EIN,STN,EIN,"London, Essex",Eindhoven,GB,NL,51.884998,0.235,51.4500999451,5.37452983856,357.7,1,FR,738
STN-AOI,STN,AOI,"London, Essex",Falconara Marittima (AN),GB,IT,51.884998,0.235,43.616299,13.3623,1341.1,1,FR,738
STN-FAO,STN,FAO,"London, Essex",Faro,GB,PT,51.884998,0.235,37.015909,-7.970939,1774.3,2,"FR,TO","738,73H"
STN-KIR,STN,KIR,"London, Essex",Farranfore,GB,IE,51.884998,0.235,52.180901,-9.52378,667.9,1,FR,738
STN-HHN,STN,HHN,"London, Essex",Frankfurt am Main (Lautzenhausen),GB,DE,51.884998,0.235,49.946353,7.261734,537.4,1,FR,738
STN-GDN,STN,GDN,"London, Essex",Gdańsk,GB,PL,51.884998,0.235,54.377602,18.4662,1243.7,1,FR,738
STN-GOA,STN,GOA,"London, Essex",Genova (GE),GB,IT,51.884998,0.235,44.412039,8.840732,1046.4,1,FR,738
STN-GRO,STN,GRO,"London, Essex",Girona,GB,ES,51.884998,0.235,41.904639,2.761774,1126.1,1,FR,738
STN-GLA,STN,GLA,"London, Essex",Glasgow,GB,GB,51.884998,0.235,55.871899,-4.43306,538.4,1,U2,319 320
STN-HAJ,STN,HAJ,"London, Essex",Hannover,GB,DE,51.884998,0.235,52.461102,9.68508,647.1,1,4U,319
STN-TLN,STN,TLN,"London, Essex","Hyères, Var",GB,FR,51.884998,0.235,43.097301,6.14603,1072.5,1,FR,738
STN-IBZ,STN,IBZ,"London, Essex",Ibiza (Eivissa),GB,ES,51.884998,0.235,38.872898,1.37312,1449.6,3,"FR,TO,U2","320 319,738,73H"
STN-RZE,STN,RZE,"London, Essex",Jasionka,GB,PL,51.884998,0.235,50.109791,22.024155,1531.7,1,FR,738
STN-XRY,STN,XRY,"London, Essex",Jerez de la Frontera,GB,ES,51.884998,0.235,36.744598,-6.06011,1754.8,1,FR,738
STN-HAU,STN,HAU,"London, Essex",Karmøy,GB,NO,51.884998,0.235,59.345299,5.20836,885.8,1,FR,738
STN-KTW,STN,KTW,"London, Essex",Katowice,GB,PL,51.884998,0.235,50.476015,19.080705,1319.2,1,FR,738
STN-KUN,STN,KUN,"London, Essex",Kaunas,GB,LT,51.884998,0.235,54.963965,24.08582,1608.6,1,FR,738
STN-EFL,STN,EFL,"London, Essex",Kefallinia Island,GB,GR,51.884998,0.235,38.12009811401367,20.500499725341797,2195.3,1,FR,738
STN-CFU,STN,CFU,"London, Essex",Kerkyra (Corfu),GB,GR,51.884998,0.235,39.60145,19.912179,2036.7,1,FR,738
STN-CGN,STN,CGN,"London, Essex",Köln (Cologne),GB,DE,51.884998,0.235,50.865898,7.14274,492.5,1,4U,319
STN-LRH,STN,LRH,"London, Essex",La Rochelle,GB,FR,51.884998,0.235,46.179199,-1.19528,642.9,1,FR,738
STN-SUF,STN,SUF,"London, Essex",Lamezia Terme (CZ),GB,IT,51.884998,0.235,38.906214,16.246007,1900.8,1,FR,738
STN-LIG,STN,LIG,"London, Essex",Limoges/Bellegarde,GB,FR,51.884998,0.235,45.862801,1.17944,673.2,1,FR,738
STN-LNZ,STN,LNZ,"London, Essex",Linz,GB,AT,51.884998,0.235,48.235362,14.188128,1073.4,1,FR,738
STN-LIS,STN,LIS,"London, Essex",Lisbon,GB,PT,51.884998,0.235,38.7813,-9.13592,1627.7,1,FR,738
STN-LUZ,STN,LUZ,"London, Essex",Lublin,GB,PL,51.884998,0.235,51.240157,22.713461,1549.3,1,FR,738
STN-MAD,STN,MAD,"London, Essex",Madrid,GB,ES,51.884998,0.235,40.493407,-3.572249,1299.7,1,FR,738
STN-MAH,STN,MAH,"London, Essex",Mahón (Maó),GB,ES,51.884998,0.235,39.862598,4.21865,1371.4,1,TO,73H
STN-MMX,STN,MMX,"London, Essex",Malmö,GB,SE,51.884998,0.235,55.535564,13.376327,953.4,1,FR,738
STN-MRS,STN,MRS,"London, Essex","Marignane, Bouches-du-Rhône",GB,FR,51.884998,0.235,43.438088,5.2125,1009.9,1,FR,738
STN-FMM,STN,FMM,"London, Essex",Memmingen,GB,DE,51.884998,0.235,47.988092,10.238248,835.8,1,FR,738
STN-OSR,STN,OSR,"London, Essex",Mošnov,GB,CZ,51.884998,0.235,49.696301,18.111099,1276.5,1,FR,738
STN-MUC,STN,MUC,"London, Essex",Munich,GB,DE,51.884998,0.235,48.353802,11.7861,911.0,1,U2,319
STN-AGP,STN,AGP,"London, Essex",Málaga,GB,ES,51.884998,0.235,36.6749,-4.49911,1731.8,2,"FR,U2","319,738"
STN-NAP,STN,NAP,"London, Essex",Napoli,GB,IT,51.884998,0.235,40.886002,14.2908,1624.7,1,U2,319 320
STN-NCE,STN,NCE,"London, Essex","Nice, Alpes-Maritimes",GB,FR,51.884998,0.235,43.658401,7.21587,1051.9,1,U2,319 320
STN-WMI,STN,WMI,"London, Essex",Nowy Dwór Mazowiecki,GB,PL,51.884998,0.235,52.451099,20.6518,1389.2,1,FR,738
STN-NUE,STN,NUE,"London, Essex",Nuremberg,GB,DE,51.884998,0.235,49.498699,11.078056,807.6,1,FR,738
STN-NYO,STN,NYO,"London, Essex",Nyköping,GB,SE,51.884998,0.235,58.789656,16.911479,1298.7,1,FR,738
STN-BGY,STN,BGY,"London, Essex",Orio al Serio (BG),GB,IT,51.884998,0.235,45.669362,9.708851,978.1,1,FR,738
STN-OSI,STN,OSI,"London, Essex",Osijek(Klisa),GB,HR,51.884998,0.235,45.462355,18.811278,1533.6,1,FR,738
STN-OTP,STN,OTP,"London, Essex",Otopeni,GB,RO,51.884998,0.235,44.571792,26.103285,2067.5,1,FR,738
STN-PMO,STN,PMO,"London, Essex",Palermo,GB,IT,51.884998,0.235,38.175999,13.091,1822.8,1,FR,738
STN-PMI,STN,PMI,"London, Essex",Palma de Mallorca,GB,ES,51.884998,0.235,39.551701,2.73881,1384.9,4,"FR,TO,TOM,U2","319,738,73H"
STN-PMF,STN,PMF,"London, Essex",Parma (PR),GB,IT,51.884998,0.235,44.826351,10.29705,1079.2,1,FR,738
STN-PGF,STN,PGF,"London, Essex",Perpignan/Rivesaltes,GB,FR,51.884998,0.235,42.740398,2.87067,1035.9,1,FR,738
STN-PEG,STN,PEG,"London, Essex",Perugia (PG),GB,IT,51.884998,0.235,43.095901,12.5132,1340.4,1,FR,738
STN-PSR,STN,PSR,"London, Essex",Pescara,GB,IT,51.884998,0.235,42.431079,14.182981,1484.2,1,FR,738
STN-PSA,STN,PSA,"London, Essex",Pisa (PI),GB,IT,51.884998,0.235,43.683899,10.3927,1184.1,1,FR,738
STN-PDV,STN,PDV,"London, Essex",Plovdiv,GB,BG,51.884998,0.235,42.067799,24.8508,2147.7,1,FR,738
STN-TGD,STN,TGD,"London, Essex",Podgorica,GB,ME,51.884998,0.235,42.359402,19.2519,1777.8,1,FR,738
STN-PIS,STN,PIS,"London, Essex",Poitiers/Biard,GB,FR,51.884998,0.235,46.5877,0.306666,589.1,1,FR,738
STN-OPO,STN,OPO,"London, Essex",Porto,GB,PT,51.884998,0.235,41.2481002808,-8.68138980865,1362.8,1,FR,738
STN-POZ,STN,POZ,"London, Essex",Poznań,GB,PL,51.884998,0.235,52.421598,16.823359,1130.8,1,FR,738
STN-PRG,STN,PRG,"London, Essex",Prague,GB,CZ,51.884998,0.235,50.100874,14.259911,999.8,2,"FR,U2","319,738"
STN-PUY,STN,PUY,"London, Essex",Pula,GB,HR,51.884998,0.235,44.893501,13.9222,1271.6,1,FR,738
STN-OVD,STN,OVD,"London, Essex",Ranón,GB,ES,51.884998,0.235,43.563599,-6.03462,1036.4,1,U2,319
STN-REU,STN,REU,"London, Essex",Reus,GB,ES,51.884998,0.235,41.147509,1.168354,1196.1,1,FR,738
STN-FKB,STN,FKB,"London, Essex",Rheinmünster,GB,DE,51.884998,0.235,48.7794,8.0805,654.7,1,FR,738
STN-RIX,STN,RIX,"London, Essex",Riga,GB,LV,51.884998,0.235,56.920752,23.970711,1625.1,1,FR,738
STN-RDZ,STN,RDZ,"London, Essex",Rodez/Marcillac,GB,FR,51.884998,0.235,44.407902,2.48267,847.9,1,FR,738
STN-CIA,STN,CIA,"London, Essex",Rome,GB,IT,51.884998,0.235,41.798769,12.595331,1459.4,1,FR,738
STN-TRS,STN,TRS,"London, Essex",Ronchi dei Legionari/Trieste,GB,IT,51.884998,0.235,45.827862,13.466672,1176.5,1,FR,738
STN-GCI,STN,GCI,"London, Essex",Saint Peter Port,GB,GG,51.884998,0.235,49.435001,-2.60197,337.9,1,GR,AT7
STN-SZG,STN,SZG,"London, Essex",Salzburg,GB,AT,51.884998,0.235,47.793301,13.0043,1020.6,1,FR,738
STN-TRF,STN,TRF,"London, Essex",Sandefjord(Torp),GB,NO,51.884998,0.235,59.186699,10.2586,1025.8,1,FR,738
STN-SDR,STN,SDR,"London, Essex",Santander,GB,ES,51.884998,0.235,43.427101,-3.82001,987.9,1,FR,738
STN-SCQ,STN,SCQ,"London, Essex",Santiago de Compostela,GB,ES,51.884998,0.235,42.896301,-8.41514,1191.1,1,FR,738
STN-LEJ,STN,LEJ,"London, Essex",Schkeuditz,GB,DE,51.884998,0.235,51.420657,12.232705,828.4,1,FR,738
STN-SVQ,STN,SVQ,"London, Essex",Seville,GB,ES,51.884998,0.235,37.417999,-5.89311,1678.6,1,FR,738
STN-SNN,STN,SNN,"London, Essex",Shannon,GB,IE,51.884998,0.235,52.702,-8.92482,629.1,1,FR,738
STN-SFT,STN,SFT,"London, Essex",Skellefteå,GB,SE,51.884998,0.235,64.62480163574219,21.076900482177734,1851.4,1,FR,738
STN-SOF,STN,SOF,"London, Essex",Sofia,GB,BG,51.884998,0.235,42.696357,23.417671,2012.2,1,U2,319 320
STN-ATH,STN,ATH,"London, Essex",Spata-Artemida,GB,GR,51.884998,0.235,37.936401,23.9445,2407.9,1,FR,738
STN-JER,STN,JER,"London, Essex",St. Peter,GB,JE,51.884998,0.235,49.207901,-2.19551,343.6,1,GR,AT7
STN-VST,STN,VST,"London, Essex",Stockholm / Västerås,GB,SE,51.884998,0.235,59.589401,16.6336,1330.8,1,FR,738
STN-SXB,STN,SXB,"London, Essex",Strasbourg,GB,FR,51.884998,0.235,48.5383,7.62823,643.9,1,FR,738
STN-STR,STN,STR,"London, Essex",Stuttgart,GB,DE,51.884998,0.235,48.689899,9.22196,730.0,1,4U,319
STN-SZZ,STN,SZZ,"London, Essex",Szczecin(Glewice),GB,PL,51.884998,0.235,53.584702,14.9022,1003.6,1,FR,738
STN-TLL,STN,TLL,"London, Essex",Tallinn,GB,EE,51.884998,0.235,59.413246,24.83264,1741.4,1,FR,738
STN-TMP,STN,TMP,"London, Essex",Tampere / Pirkkala,GB,FI,51.884998,0.235,61.414101,23.604401,1762.6,1,FR,738
STN-LDE,STN,LDE,"London, Essex",Tarbes/Lourdes/Pyrénées,GB,FR,51.884998,0.235,43.178699,-0.006439,968.3,1,FR,738
STN-SKG,STN,SKG,"London, Essex",Thessaloniki,GB,GR,51.884998,0.235,40.51928,22.970009,2143.5,1,FR,738
STN-TUF,STN,TUF,"London, Essex","Tours, Indre-et-Loire",GB,FR,51.884998,0.235,47.432201,0.727606,496.4,1,FR,738
STN-TSF,STN,TSF,"London, Essex",Treviso (TV),GB,IT,51.884998,0.235,45.648399,12.1944,1115.3,1,FR,738
STN-VLC,STN,VLC,"London, Essex",Valencia,GB,ES,51.884998,0.235,39.489162,-0.480961,1379.5,1,FR,738
STN-MLA,STN,MLA,"London, Essex",Valletta,GB,MT,51.884998,0.235,35.845932,14.491546,2109.8,1,FR,738
STN-VNO,STN,VNO,"London, Essex",Vilnius,GB,LT,51.884998,0.235,54.634102,25.285801,1684.7,1,FR,738
STN-NRN,STN,NRN,"London, Essex",Weeze,GB,DE,51.884998,0.235,51.601362,6.141228,407.8,1,FR,738
STN-WRO,STN,WRO,"London, Essex",Wrocław,GB,PL,51.884998,0.235,51.103719,16.882096,1153.2,1,FR,738
STN-ZAD,STN,ZAD,"London, Essex",Zadar,GB,HR,51.884998,0.235,44.096986,15.353565,1415.1,1,FR,738
STN-ZAZ,STN,ZAZ,"London, Essex",Zaragoza,GB,ES,51.884998,0.235,41.666199,-1.04155,1140.4,1,FR,738
STN-LJU,STN,LJU,"London, Essex",Zgornji Brnik,GB,SI,51.884998,0.235,46.223701,14.4576,1209.5,1,U2,319
LTN-ABZ,LTN,ABZ,"Luton, Luton",Aberdeen,GB,GB,51.874699,-0.368333,57.2019,-2.19778,603.9,1,U2,319 320
LTN-AHO,LTN,AHO,"Luton, Luton",Alghero,GB,IT,51.874699,-0.368333,40.632099,8.29077,1414.0,1,FR,738
LTN-ALC,LTN,ALC,"Luton, Luton",Alicante,GB,ES,51.874699,-0.368333,38.2822,-0.558156,1511.5,2,"U2,ZB","319 320,321 320"
LTN-AMS,LTN,AMS,"Luton, Luton",Amsterdam,GB,NL,51.874699,-0.368333,52.308601,4.76389,353.9,1,U2,320 319
LTN-BCN,LTN,BCN,"Luton, Luton",Barcelona,GB,ES,51.874699,-0.368333,41.2971,2.07846,1190.8,1,U2,319 320
LTN-BFS,LTN,BFS,"Luton, Luton",Belfast,GB,GB,51.874699,-0.368333,54.6575012207,-6.2158298492399995,496.7,1,U2,319 320
LTN-BEG,LTN,BEG,"Luton, Luton",Belgrade,GB,RS,51.874699,-0.368333,44.818401,20.309099,1709.5,1,W6,320
LTN-BOD,LTN,BOD,"Luton, Luton",Bordeaux,GB,FR,51.874699,-0.368333,44.82865,-0.715356,783.9,1,U2,319
LTN-BTS,LTN,BTS,"Luton, Luton",Bratislava,GB,SK,51.874699,-0.368333,48.1702,17.2127,1318.0,1,FR,738
LTN-BUD,LTN,BUD,"Luton, Luton",Budapest,GB,HU,51.874699,-0.368333,47.43018,19.262393,1491.6,2,"U2,W6","319 320,320"
LTN-BOJ,LTN,BOJ,"Luton, Luton",Burgas,GB,BG,51.874699,-0.368333,42.569917,27.515173,2326.6,1,W6,320
LTN-BZR,LTN,BZR,"Luton, Luton",Béziers,GB,FR,51.874699,-0.368333,43.323502,3.3539,990.6,1,FR,738
LTN-CTA,LTN,CTA,"Luton, Luton",Catania,GB,IT,51.874699,-0.368333,37.466801,15.0664,2005.2,1,U2,320 319
LTN-NOC,LTN,NOC,"Luton, Luton",Charlestown,GB,IE,51.874699,-0.368333,53.910439,-8.817002,609.8,1,FR,738
LTN-CLJ,LTN,CLJ,"Luton, Luton",Cluj-Napoca,GB,RO,51.874699,-0.368333,46.786042,23.685733,1822.8,1,W6,320
LTN-CRA,LTN,CRA,"Luton, Luton",Craiova,GB,RO,51.874699,-0.368333,44.3181,23.888599,1975.4,1,W6,320
LTN-DEB,LTN,DEB,"Luton, Luton",Debrecen,GB,HU,51.874699,-0.368333,47.489469,21.616278,1647.8,1,W6,320
LTN-DTM,LTN,DTM,"Luton, Luton",Dortmund,GB,DE,51.874699,-0.368333,51.518299,7.61224,551.2,1,U2,319
LTN-DUB,LTN,DUB,"Luton, Luton",Dublin,GB,IE,51.874699,-0.368333,53.428713,-6.262121,433.3,1,FR,738
LTN-EDI,LTN,EDI,"Luton, Luton",Edinburgh,GB,GB,51.874699,-0.368333,55.950145,-3.372288,493.9,1,U2,320 319
LTN-FAO,LTN,FAO,"Luton, Luton",Faro,GB,PT,51.874699,-0.368333,37.015909,-7.970939,1756.7,3,"TO,U2,ZB","319 320,320 321,75W 73H"
LTN-KIR,LTN,KIR,"Luton, Luton",Farranfore,GB,IE,51.874699,-0.368333,52.180901,-9.52378,626.9,1,FR,738
LTN-MXP,LTN,MXP,"Luton, Luton",Ferno (VA),GB,IT,51.874699,-0.368333,45.6306,8.72811,961.3,1,U2,320 319
LTN-GDN,LTN,GDN,"Luton, Luton",Gdańsk,GB,PL,51.874699,-0.368333,54.377602,18.4662,1283.0,1,W6,320
LTN-GVA,LTN,GVA,"Luton, Luton",Geneva,GB,CH,51.874699,-0.368333,46.238098,6.10895,783.9,1,U2,319 320
LTN-GIB,LTN,GIB,"Luton, Luton",Gibraltar,GB,GI,51.874699,-0.368333,36.151679,-5.34978,1792.1,1,ZB,320
LTN-GRO,LTN,GRO,"Luton, Luton",Girona,GB,ES,51.874699,-0.368333,41.904639,2.761774,1133.6,1,FR,738
LTN-GLA,LTN,GLA,"Luton, Luton",Glasgow,GB,GB,51.874699,-0.368333,55.871899,-4.43306,518.0,1,U2,319 320
LTN-HAM,LTN,HAM,"Luton, Luton",Hamburg,GB,DE,51.874699,-0.368333,53.630402,9.98823,723.1,1,U2,319 320
LTN-HER,LTN,HER,"Luton, Luton",Heraklion,GB,GR,51.874699,-0.368333,35.339699,25.1803,2732.9,1,U2,320
LTN-IAS,LTN,IAS,"Luton, Luton",Iaşi,GB,RO,51.874699,-0.368333,47.179633,27.621431,2072.4,1,RO,733
LTN-IBZ,LTN,IBZ,"Luton, Luton",Ibiza (Eivissa),GB,ES,51.874699,-0.368333,38.872898,1.37312,1452.0,2,"TO,U2","320 319,73H"
LTN-SKP,LTN,SKP,"Luton, Luton",Ilinden,GB,MK,51.874699,-0.368333,41.958087,21.622581,1989.1,1,W6,320
LTN-INV,LTN,INV,"Luton, Luton",Inverness,GB,GB,51.874699,-0.368333,57.5425,-4.0475,672.8,1,U2,319
LTN-IST,LTN,IST,"Luton, Luton",Istanbul,GB,TR,51.874699,-0.368333,41.274874,28.732136,2493.8,1,KK,320
LTN-RZE,LTN,RZE,"Luton, Luton",Jasionka,GB,PL,51.874699,-0.368333,50.109791,22.024155,1573.1,1,FR,738
LTN-KTW,LTN,KTW,"Luton, Luton",Katowice,GB,PL,51.874699,-0.368333,50.476015,19.080705,1360.6,1,W6,320
LTN-KUN,LTN,KUN,"Luton, Luton",Kaunas,GB,LT,51.874699,-0.368333,54.963965,24.08582,1647.5,1,FR,738
LTN-CFU,LTN,CFU,"Luton, Luton",Kerkyra (Corfu),GB,GR,51.874699,-0.368333,39.60145,19.912179,2070.5,1,U2,320
LTN-KSC,LTN,KSC,"Luton, Luton",Košice,GB,SK,51.874699,-0.368333,48.663101,21.2411,1570.5,1,W6,320
LTN-LIS,LTN,LIS,"Luton, Luton",Lisbon,GB,PT,51.874699,-0.368333,38.7813,-9.13592,1606.4,1,U2,319 320
LTN-LUZ,LTN,LUZ,"Luton, Luton",Lublin,GB,PL,51.874699,-0.368333,51.240157,22.713461,1590.6,1,W6,320
LTN-MAD,LTN,MAD,"Luton, Luton",Madrid,GB,ES,51.874699,-0.368333,40.493407,-3.572249,1289.0,1,U2,319 320
LTN-MAH,LTN,MAH,"Luton, Luton",Mahón (Maó),GB,ES,51.874699,-0.368333,39.862598,4.21865,1381.4,1,ZB,321
LTN-MPL,LTN,MPL,"Luton, Luton",Montpellier/Méditerranée,GB,FR,51.874699,-0.368333,43.576199,3.96301,977.5,1,U2,319
LTN-AGP,LTN,AGP,"Luton, Luton",Málaga,GB,ES,51.874699,-0.368333,36.6749,-4.49911,1721.1,3,"TO,U2,ZB","319 320,321 320,73H"
LTN-NAP,LTN,NAP,"Luton, Luton",Napoli,GB,IT,51.874699,-0.368333,40.886002,14.2908,1654.4,1,ZB,320
LTN-NCE,LTN,NCE,"Luton, Luton","Nice, Alpes-Maritimes",GB,FR,51.874699,-0.368333,43.658401,7.21587,1073.9,1,U2,319 320
LTN-FNI,LTN,FNI,"Luton, Luton",Nîmes/Garons,GB,FR,51.874699,-0.368333,43.757401,4.41635,970.2,1,FR,738
LTN-OTP,LTN,OTP,"Luton, Luton",Otopeni,GB,RO,51.874699,-0.368333,44.571792,26.103285,2107.6,1,W6,320
LTN-PMI,LTN,PMI,"Luton, Luton",Palma de Mallorca,GB,ES,51.874699,-0.368333,39.551701,2.73881,1391.0,3,"TO,U2,ZB","320 319,321 320,75W 73H"
LTN-CDG,LTN,CDG,"Luton, Luton","Paris (Roissy-en-France, Val-d'Oise)",GB,FR,51.874699,-0.368333,49.00896,2.554117,379.9,1,U2,319 320
LTN-PSA,LTN,PSA,"Luton, Luton",Pisa (PI),GB,IT,51.874699,-0.368333,43.683899,10.3927,1212.4,1,U2,320 319
LTN-POZ,LTN,POZ,"Luton, Luton",Poznań,GB,PL,51.874699,-0.368333,52.421598,16.823359,1171.8,1,W6,320
LTN-PRG,LTN,PRG,"Luton, Luton",Prague,GB,CZ,51.874699,-0.368333,50.100874,14.259911,1040.9,1,W6,320
LTN-TGM,LTN,TGM,"Luton, Luton",Recea,GB,RO,51.874699,-0.368333,46.467701,24.4125,1888.4,1,W6,320
LTN-REU,LTN,REU,"Luton, Luton",Reus,GB,ES,51.874699,-0.368333,41.147509,1.168354,1198.5,2,"FR,TO","738,73H"
LTN-KEF,LTN,KEF,"Luton, Luton",Reykjavík,GB,IS,51.874699,-0.368333,63.985001,-22.6056,1861.8,1,U2,319
LTN-RIX,LTN,RIX,"Luton, Luton",Riga,GB,LV,51.874699,-0.368333,56.920752,23.970711,1661.8,1,W6,320
LTN-FCO,LTN,FCO,"Luton, Luton",Rome,GB,IT,51.874699,-0.368333,41.804532,12.251998,1470.7,1,ZB,320
LTN-SOF,LTN,SOF,"Luton, Luton",Sofia,GB,BG,51.874699,-0.368333,42.696357,23.417671,2050.5,1,W6,320
LTN-TSR,LTN,TSR,"Luton, Luton",Timişoara,GB,RO,51.874699,-0.368333,45.809898,21.3379,1717.4,1,W6,320
LTN-MLA,LTN,MLA,"Luton, Luton",Valletta,GB,MT,51.874699,-0.368333,35.845932,14.491546,2134.8,1,FR,738
LTN-VAR,LTN,VAR,"Luton, Luton",Varna,GB,BG,51.874699,-0.368333,43.232101,27.8251,2304.7,1,W6,320
LTN-VCE,LTN,VCE,"Luton, Luton",Venezia (VE),GB,IT,51.874699,-0.368333,45.505299,12.3519,1169.2,1,U2,319
LTN-VNO,LTN,VNO,"Luton, Luton",Vilnius,GB,LT,51.874699,-0.368333,54.634102,25.285801,1723.9,1,W6,320
LTN-WAW,LTN,WAW,"Luton, Luton",Warsaw,GB,PL,51.874699,-0.368333,52.165699,20.9671,1455.0,1,W6,320
LTN-WRO,LTN,WRO,"Luton, Luton",Wrocław,GB,PL,51.874699,-0.368333,51.103719,16.882096,1194.6,1,W6,320
LTN-LJU,LTN,LJU,"Luton, Luton",Zgornji Brnik,GB,SI,51.874699,-0.368333,46.223701,14.4576,1246.5,1,W6,320
LTN-ZRH,LTN,ZRH,"Luton, Luton",Zurich,GB,CH,51.874699,-0.368333,47.458056,8.548056,807.1,1,U2,319 320
MAN-ABZ,MAN,ABZ,"Manchester, Greater Manchester",Aberdeen,GB,GB,53.349375,-2.279521,57.2019,-2.19778,428.4,2,"BE,BM","E75 DH4,ER4"
MAN-ALC,MAN,ALC,"Manchester, Greater Manchester",Alicante,GB,ES,53.349375,-2.279521,38.2822,-0.558156,1680.6,5,"FR,LS,TO,U2,ZB","319 320,321 320,738,73H 75W 76W,75W 733 73H"
MAN-LEI,MAN,LEI,"Manchester, Greater Manchester",Almería,GB,ES,53.349375,-2.279521,36.843899,-2.3701,1835.3,2,"TO,ZB","321,73H"
MAN-AMS,MAN,AMS,"Manchester, Greater Manchester",Amsterdam,GB,NL,53.349375,-2.279521,52.308601,4.76389,486.9,2,"KL,U2","320 319,737 EMJ F70"
MAN-KRK,MAN,KRK,"Manchester, Greater Manchester",Balice,GB,PL,53.349375,-2.279521,50.077702,19.7848,1556.2,1,FR,738
MAN-BCN,MAN,BCN,"Manchester, Greater Manchester",Barcelona,GB,ES,53.349375,-2.279521,41.2971,2.07846,1379.2,3,"FR,LS,ZB","321,738,738 733 73H"
MAN-BVA,MAN,BVA,"Manchester, Greater Manchester",Beauvais,GB,FR,53.349375,-2.279521,49.454399,2.11278,529.3,1,FR,738
MAN-BFS,MAN,BFS,"Manchester, Greater Manchester",Belfast,GB,GB,53.349375,-2.279521,54.6575012207,-6.2158298492399995,295.5,1,U2,319
MAN-BHD,MAN,BHD,"Manchester, Greater Manchester",Belfast,GB,GB,53.349375,-2.279521,54.618099,-5.8725,274.0,1,BE,E75 DH4
MAN-BGO,MAN,BGO,"Manchester, Greater Manchester",Bergen,GB,NO,53.349375,-2.279521,60.2934,5.21814,895.6,1,SK,736
MAN-BIO,MAN,BIO,"Manchester, Greater Manchester",Bilbao,GB,ES,53.349375,-2.279521,43.301102,-2.91061,1118.3,1,U2,319
MAN-BLL,MAN,BLL,"Manchester, Greater Manchester",Billund,GB,DK,53.349375,-2.279521,55.740335,9.157019,783.0,1,BA,FRJ
MAN-BLQ,MAN,BLQ,"Manchester, Greater Manchester",Bologna,GB,IT,53.349375,-2.279521,44.5354,11.2887,1389.4,1,FR,738
MAN-BRE,MAN,BRE,"Manchester, Greater Manchester",Bremen,GB,DE,53.349375,-2.279521,53.046786,8.78932,737.3,1,FR,738
MAN-BUD,MAN,BUD,"Manchester, Greater Manchester",Budapest,GB,HU,53.349375,-2.279521,47.43018,19.262393,1654.7,2,"FR,LS","733,738"
MAN-BSL,MAN,BSL,"Manchester, Greater Manchester",Bâle / Mulhouse,GB,FR,53.349375,-2.279521,47.60068,7.521117,941.7,1,U2,320 319
MAN-BZR,MAN,BZR,"Manchester, Greater Manchester",Béziers,GB,FR,53.349375,-2.279521,43.323502,3.3539,1189.1,1,FR,738
MAN-VRN,MAN,VRN,"Manchester, Greater Manchester",Caselle (VR),GB,IT,53.349375,-2.279521,45.394955,10.887303,1296.7,2,"TO,ZB","321 752,75W"
MAN-IOM,MAN,IOM,"Manchester, Greater Manchester",Castletown,GB,IM,53.349375,-2.279521,54.083081,-4.623871,174.5,1,BE,DH4 E75
MAN-CTA,MAN,CTA,"Manchester, Greater Manchester",Catania,GB,IT,53.349375,-2.279521,37.466801,15.0664,2213.0,2,"TO,U2","319,75W"
MAN-CRL,MAN,CRL,"Manchester, Greater Manchester",Charleroi,GB,BE,53.349375,-2.279521,50.461963,4.459562,562.5,1,FR,738
MAN-NOC,MAN,NOC,"Manchester, Greater Manchester",Charlestown,GB,IE,53.349375,-2.279521,53.910439,-8.817002,435.4,1,BE,DH4 E75
MAN-CPH,MAN,CPH,"Manchester, Greater Manchester",Copenhagen,GB,DK,53.349375,-2.279521,55.617900848389,12.656000137329,995.0,3,"SK,TG,U2","319 320,320 321 319 717 CR9,320 CR9"
MAN-ORK,MAN,ORK,"Manchester, Greater Manchester",Cork,GB,IE,53.349375,-2.279521,51.841301,-8.49111,451.6,1,EI,AT7
MAN-DUB,MAN,DUB,"Manchester, Greater Manchester",Dublin,GB,IE,53.349375,-2.279521,53.428713,-6.262121,264.2,2,"EI,FR","320,738"
MAN-DBV,MAN,DBV,"Manchester, Greater Manchester",Dubrovnik,GB,HR,53.349375,-2.279521,42.562247,18.265543,1932.1,3,"LS,TO,ZB","321 320,733,73H"
MAN-DUS,MAN,DUS,"Manchester, Greater Manchester",Düsseldorf,GB,DE,53.349375,-2.279521,51.289501,6.76678,655.6,2,"BE,LH","319 CR9,E75 DH4"
MAN-EDI,MAN,EDI,"Manchester, Greater Manchester",Edinburgh,GB,GB,53.349375,-2.279521,55.950145,-3.372288,297.6,1,BE,DH4 E75
MAN-EXT,MAN,EXT,"Manchester, Greater Manchester","Exeter, Devon",GB,GB,53.349375,-2.279521,50.734261,-3.413984,301.0,1,BE,DH4
MAN-FAO,MAN,FAO,"Manchester, Greater Manchester",Faro,GB,PT,53.349375,-2.279521,37.015909,-7.970939,1868.7,4,"FR,LS,TO,ZB","321 752 320,738,738 752 75W,73H"
MAN-MXP,MAN,MXP,"Manchester, Greater Manchester",Ferno (VA),GB,IT,53.349375,-2.279521,45.6306,8.72811,1167.4,1,BE,E75
MAN-FRA,MAN,FRA,"Manchester, Greater Manchester",Frankfurt am Main,GB,DE,53.349375,-2.279521,50.026706,8.55835,832.3,1,LH,32A 319 321 320 733
MAN-FNC,MAN,FNC,"Manchester, Greater Manchester",Funchal,GB,PT,53.349375,-2.279521,32.697812,-16.774613,2569.7,2,"LS,TO","75W,75W 733"
MAN-GDN,MAN,GDN,"Manchester, Greater Manchester",Gdańsk,GB,PL,53.349375,-2.279521,54.377602,18.4662,1360.2,1,FR,738
MAN-GVA,MAN,GVA,"Manchester, Greater Manchester",Geneva,GB,CH,53.349375,-2.279521,46.238098,6.10895,992.5,1,U2,319 320
MAN-GIB,MAN,GIB,"Manchester, Greater Manchester",Gibraltar,GB,GI,53.349375,-2.279521,36.151679,-5.34978,1927.1,1,ZB,320
MAN-GRO,MAN,GRO,"Manchester, Greater Manchester",Girona,GB,ES,53.349375,-2.279521,41.904639,2.761774,1326.6,1,FR,738
MAN-GLA,MAN,GLA,"Manchester, Greater Manchester",Glasgow,GB,GB,53.349375,-2.279521,55.871899,-4.43306,312.9,1,BE,DH4
MAN-GOT,MAN,GOT,"Manchester, Greater Manchester",Göteborg,GB,SE,53.349375,-2.279521,57.6628,12.2798,1031.8,1,BA,FRJ
MAN-HAM,MAN,HAM,"Manchester, Greater Manchester",Hamburg,GB,DE,53.349375,-2.279521,53.630402,9.98823,811.2,2,"4U,U2","320 319,CRJ"
MAN-HAJ,MAN,HAJ,"Manchester, Greater Manchester",Hannover,GB,DE,53.349375,-2.279521,52.461102,9.68508,807.5,1,BE,E75
MAN-HEL,MAN,HEL,"Manchester, Greater Manchester",Helsinki (Vantaa),GB,FI,53.349375,-2.279521,60.318363,24.963341,1812.1,3,"AA,AY,BA","E70,E90"
MAN-HER,MAN,HER,"Manchester, Greater Manchester",Heraklion,GB,GR,53.349375,-2.279521,35.339699,25.1803,2929.4,3,"LS,TO,U2","319 320,73H,75W 738"
MAN-IBZ,MAN,IBZ,"Manchester, Greater Manchester",Ibiza (Eivissa),GB,ES,53.349375,-2.279521,38.872898,1.37312,1633.6,4,"DE,FR,LS,TO","733 73H 738 75W,738,73H 75W 76W,757"
MAN-INV,MAN,INV,"Manchester, Greater Manchester",Inverness,GB,GB,53.349375,-2.279521,57.5425,-4.0475,479.4,1,BE,DH4
MAN-IST,MAN,IST,"Manchester, Greater Manchester",Istanbul,GB,TR,53.349375,-2.279521,41.274874,28.732136,2665.5,1,TK,321
MAN-RZE,MAN,RZE,"Manchester, Greater Manchester",Jasionka,GB,PL,53.349375,-2.279521,50.109791,22.024155,1703.3,1,FR,738
MAN-CFU,MAN,CFU,"Manchester, Greater Manchester",Kerkyra (Corfu),GB,GR,53.349375,-2.279521,39.60145,19.912179,2268.4,3,"FR,TO,U2","320,738,73H 76W"
MAN-CGN,MAN,CGN,"Manchester, Greater Manchester",Köln (Cologne),GB,DE,53.349375,-2.279521,50.865898,7.14274,699.5,1,4U,319
MAN-LIS,MAN,LIS,"Manchester, Greater Manchester",Lisbon,GB,PT,53.349375,-2.279521,38.7813,-9.13592,1702.1,2,"FR,TP","319 320,738"
MAN-LHR,MAN,LHR,"Manchester, Greater Manchester",London,GB,GB,53.349375,-2.279521,51.470748,-0.459909,242.6,5,"AA,BA,IB,UN,VS","319 320 321,320,333"
MAN-MAD,MAN,MAD,"Manchester, Greater Manchester",Madrid,GB,ES,53.349375,-2.279521,40.493407,-3.572249,1432.8,1,FR,738
MAN-MAH,MAN,MAH,"Manchester, Greater Manchester",Mahón (Maó),GB,ES,53.349375,-2.279521,39.862598,4.21865,1578.1,3,"LS,TO,ZB","321,733,73H"
MAN-DME,MAN,DME,"Manchester, Greater Manchester",Moscow,GB,RU,53.349375,-2.279521,55.408798,37.9063,2576.1,1,U2,319 320
MAN-MUC,MAN,MUC,"Manchester, Greater Manchester",Munich,GB,DE,53.349375,-2.279521,48.353802,11.7861,1130.1,6,"LH,SA,SQ,U2,VA,VS","319,319 320,320 319,77W"
MAN-JMK,MAN,JMK,"Manchester, Greater Manchester",Mykonos,GB,GR,53.349375,-2.279521,37.435101,25.348101,2759.9,1,U2,320
MAN-AGP,MAN,AGP,"Manchester, Greater Manchester",Málaga,GB,ES,53.349375,-2.279521,36.6749,-4.49911,1862.1,5,"FR,LS,TO,U2,ZB","319 320,321 320,738,752 75W 733,75W 73H"
MAN-NTE,MAN,NTE,"Manchester, Greater Manchester",Nantes,GB,FR,53.349375,-2.279521,47.153198,-1.61073,690.6,2,"AF,BE",E75 DH4
MAN-NAP,MAN,NAP,"Manchester, Greater Manchester",Napoli,GB,IT,53.349375,-2.279521,40.886002,14.2908,1859.8,3,"TO,TOM,ZB","320,73H"
MAN-NQY,MAN,NQY,"Manchester, Greater Manchester",Newquay,GB,GB,53.349375,-2.279521,50.440601,-4.99541,373.2,1,BE,DH4
MAN-NCE,MAN,NCE,"Manchester, Greater Manchester","Nice, Alpes-Maritimes",GB,FR,53.349375,-2.279521,43.658401,7.21587,1282.3,1,LS,733
MAN-NWI,MAN,NWI,"Manchester, Greater Manchester","Norwich, Norfolk",GB,GB,53.349375,-2.279521,52.6758,1.28278,249.8,1,BE,D38
MAN-WMI,MAN,WMI,"Manchester, Greater Manchester",Nowy Dwór Mazowiecki,GB,PL,53.349375,-2.279521,52.451099,20.6518,1534.7,1,FR,738
MAN-BGY,MAN,BGY,"Manchester, Greater Manchester",Orio al Serio (BG),GB,IT,53.349375,-2.279521,45.669362,9.708851,1212.9,1,FR,738
MAN-OSL,MAN,OSL,"Manchester, Greater Manchester",Oslo (Gardermoen),GB,NO,53.349375,-2.279521,60.193901,11.1004,1111.5,2,"DY,SK","738 736,73H"
MAN-PMI,MAN,PMI,"Manchester, Greater Manchester",Palma de Mallorca,GB,ES,53.349375,-2.279521,39.551701,2.73881,1580.7,8,"DE,FR,LS,TCX,TO,TOM,U2,ZB","319 320,321,321 320 332 752,738,73H,73H 75W,757,75W 73H 752"
MAN-CDG,MAN,CDG,"Manchester, Greater Manchester","Paris (Roissy-en-France, Val-d'Oise)",GB,FR,53.349375,-2.279521,49.00896,2.554117,588.3,4,"AF,AZ,BE,LS","321 320,733,E75 DH4"
MAN-PSA,MAN,PSA,"Manchester, Greater Manchester",Pisa (PI),GB,IT,53.349375,-2.279521,43.683899,10.3927,1419.3,1,LS,733
MAN-PRG,MAN,PRG,"Manchester, Greater Manchester",Prague,GB,CZ,53.349375,-2.279521,50.100874,14.259911,1191.9,2,"LS,U2","319,733"
MAN-PVK,MAN,PVK,"Manchester, Greater Manchester",Preveza,GB,GR,53.349375,-2.279521,38.925499,20.765301,2373.2,1,TO,73H
MAN-PUY,MAN,PUY,"Manchester, Greater Manchester",Pula,GB,HR,53.349375,-2.279521,44.893501,13.9222,1502.1,2,"LS,TO","733,73H"
MAN-REU,MAN,REU,"Manchester, Greater Manchester",Reus,GB,ES,53.349375,-2.279521,41.147509,1.168354,1381.1,3,"FR,LS,TO","733,738,73H 75W"
MAN-KEF,MAN,KEF,"Manchester, Greater Manchester",Reykjavík,GB,IS,53.349375,-2.279521,63.985001,-22.6056,1653.3,2,"FI,U2","320 319,75W"
MAN-RIX,MAN,RIX,"Manchester, Greater Manchester",Riga,GB,LV,53.349375,-2.279521,56.920752,23.970711,1703.7,1,FR,738
MAN-CIA,MAN,CIA,"Manchester, Greater Manchester",Rome,GB,IT,53.349375,-2.279521,41.798769,12.595331,1694.6,1,FR,738
MAN-FCO,MAN,FCO,"Manchester, Greater Manchester",Rome,GB,IT,53.349375,-2.279521,41.804532,12.251998,1677.5,1,LS,73H 733
MAN-GCI,MAN,GCI,"Manchester, Greater Manchester",Saint Peter Port,GB,GG,53.349375,-2.279521,49.435001,-2.60197,435.8,1,GR,AT7
MAN-JTR,MAN,JTR,"Manchester, Greater Manchester",Santorini Island,GB,GR,53.349375,-2.279521,36.400045,25.478638,2854.9,2,"TO,U2","320,75W"
MAN-SNN,MAN,SNN,"Manchester, Greater Manchester",Shannon,GB,IE,53.349375,-2.279521,52.702,-8.92482,450.1,1,EI,AT7 AT4
MAN-SOF,MAN,SOF,"Manchester, Greater Manchester",Sofia,GB,BG,53.349375,-2.279521,42.696357,23.417671,2229.8,1,U2,319
MAN-SOU,MAN,SOU,"Manchester, Greater Manchester",Southampton,GB,GB,53.349375,-2.279521,50.950298,-1.3568,274.1,1,BE,DH4
MAN-ATH,MAN,ATH,"Manchester, Greater Manchester",Spata-Artemida,GB,GR,53.349375,-2.279521,37.936401,23.9445,2636.7,3,"A3,OA,U2",320
MAN-SPU,MAN,SPU,"Manchester, Greater Manchester",Split,GB,HR,53.349375,-2.279521,43.538898,16.298,1742.5,1,LS,733
MAN-JER,MAN,JER,"Manchester, Greater Manchester",St. Peter,GB,JE,53.349375,-2.279521,49.207901,-2.19551,460.5,2,"BE,LS","733,E75 DH4"
MAN-SVG,MAN,SVG,"Manchester, Greater Manchester",Stavanger,GB,NO,53.349375,-2.279521,58.876701,5.63778,785.5,1,DY,73H
MAN-ARN,MAN,ARN,"Manchester, Greater Manchester",Stockholm,GB,SE,53.349375,-2.279521,59.64849,17.928829,1416.2,3,"DY,SK,TG","736 717 73H 73W,736 73H 717,73H"
MAN-TLL,MAN,TLL,"Manchester, Greater Manchester",Tallinn,GB,EE,53.349375,-2.279521,59.413246,24.83264,1784.5,1,FR,738
MAN-SKG,MAN,SKG,"Manchester, Greater Manchester",Thessaloniki,GB,GR,53.349375,-2.279521,40.51928,22.970009,2368.7,1,U2,320
MAN-TLS,MAN,TLS,"Manchester, Greater Manchester",Toulouse/Blagnac,GB,FR,53.349375,-2.279521,43.629101,1.36382,1113.3,1,LS,733
MAN-TPS,MAN,TPS,"Manchester, Greater Manchester",Trapani (TP),GB,IT,53.349375,-2.279521,37.9114,12.488,2056.3,1,FR,738
MAN-VLC,MAN,VLC,"Manchester, Greater Manchester",Valencia,GB,ES,53.349375,-2.279521,39.489162,-0.480961,1547.2,1,FR,738
MAN-MLA,MAN,MLA,"Manchester, Greater Manchester",Valletta,GB,MT,53.349375,-2.279521,35.845932,14.491546,2343.3,4,"KM,TCX,TOM,U2","320,321,73H"
MAN-VCE,MAN,VCE,"Manchester, Greater Manchester",Venezia (VE),GB,IT,53.349375,-2.279521,45.505299,12.3519,1366.8,4,"LS,TO,U2,ZB","319,320 321,733 738,73H"
MAN-VIE,MAN,VIE,"Manchester, Greater Manchester",Vienna,GB,AT,53.349375,-2.279521,48.110298,16.5697,1443.3,1,LS,733
MAN-ZAD,MAN,ZAD,"Manchester, Greater Manchester",Zadar,GB,HR,53.349375,-2.279521,44.096986,15.353565,1645.1,1,FR,738
MAN-ZTH,MAN,ZTH,"Manchester, Greater Manchester",Zakynthos,GB,GR,53.349375,-2.279521,37.7509,20.8843,2481.1,3,"DE,LS,TO","738,73H,757"
MAN-BRU,MAN,BRU,"Manchester, Greater Manchester",Zaventem,GB,BE,53.349375,-2.279521,50.901402,4.48444,535.7,1,SN,319 AR1 DH4
MAN-ZRH,MAN,ZRH,"Manchester, Greater Manchester",Zurich,GB,CH,53.349375,-2.279521,47.458056,8.548056,1007.1,1,LX,100 320 AR1
NCL-ABZ,NCL,ABZ,"Newcastle upon Tyne, Tyne and Wear",Aberdeen,GB,GB,55.037958,-1.689577,57.2019,-2.19778,242.7,1,T3,ER4 J41 S20
NCL-ALC,NCL,ALC,"Newcastle upon Tyne, Tyne and Wear",Alicante,GB,ES,55.037958,-1.689577,38.2822,-0.558156,1865.1,3,"LS,TO,U2","320 319,73C 733 752 75W,73H"
NCL-AMS,NCL,AMS,"Newcastle upon Tyne, Tyne and Wear",Amsterdam,GB,NL,55.037958,-1.689577,52.308601,4.76389,522.0,2,"KL,U2","319,EMJ 737"
NCL-KRK,NCL,KRK,"Newcastle upon Tyne, Tyne and Wear",Balice,GB,PL,55.037958,-1.689577,50.077702,19.7848,1545.3,1,LS,733
NCL-BCN,NCL,BCN,"Newcastle upon Tyne, Tyne and Wear",Barcelona,GB,ES,55.037958,-1.689577,41.2971,2.07846,1552.7,1,U2,319 320
NCL-BFS,NCL,BFS,"Newcastle upon Tyne, Tyne and Wear",Belfast,GB,GB,55.037958,-1.689577,54.6575012207,-6.2158298492399995,292.8,1,U2,319 320
NCL-BHD,NCL,BHD,"Newcastle upon Tyne, Tyne and Wear",Belfast,GB,GB,55.037958,-1.689577,54.618099,-5.8725,271.9,1,BE,DH4
NCL-BHX,NCL,BHX,"Newcastle upon Tyne, Tyne and Wear","Birmingham, West Midlands",GB,GB,55.037958,-1.689577,52.453899,-1.74803,287.4,1,T3,J32
NCL-BRS,NCL,BRS,"Newcastle upon Tyne, Tyne and Wear",Bristol,GB,GB,55.037958,-1.689577,51.382326,-2.716453,412.2,1,U2,319 320
NCL-CWL,NCL,CWL,"Newcastle upon Tyne, Tyne and Wear",Cardiff,GB,GB,55.037958,-1.689577,51.396702,-3.34333,419.6,1,T3,J41 S20
NCL-IOM,NCL,IOM,"Newcastle upon Tyne, Tyne and Wear",Castletown,GB,IM,55.037958,-1.689577,54.083081,-4.623871,216.9,1,V9,J31
NCL-CPH,NCL,CPH,"Newcastle upon Tyne, Tyne and Wear",Copenhagen,GB,DK,55.037958,-1.689577,55.617900848389,12.656000137329,908.1,1,SK,CR2
NCL-ORK,NCL,ORK,"Newcastle upon Tyne, Tyne and Wear",Cork,GB,IE,55.037958,-1.689577,51.841301,-8.49111,573.4,1,EI,AT7
NCL-DUB,NCL,DUB,"Newcastle upon Tyne, Tyne and Wear",Dublin,GB,IE,55.037958,-1.689577,53.428713,-6.262121,346.8,2,"EI,FR","738,AT7"
NCL-DBV,NCL,DBV,"Newcastle upon Tyne, Tyne and Wear",Dubrovnik,GB,HR,55.037958,-1.689577,42.562247,18.265543,2001.7,1,LS,733
NCL-DUS,NCL,DUS,"Newcastle upon Tyne, Tyne and Wear",Düsseldorf,GB,DE,55.037958,-1.689577,51.289501,6.76678,700.3,1,LH,CR9
NCL-FAO,NCL,FAO,"Newcastle upon Tyne, Tyne and Wear",Faro,GB,PT,55.037958,-1.689577,37.015909,-7.970939,2059.8,3,"LS,TO,U2","319 320,733 73C,73H"
NCL-GRO,NCL,GRO,"Newcastle upon Tyne, Tyne and Wear",Girona,GB,ES,55.037958,-1.689577,41.904639,2.761774,1496.0,1,FR,738
NCL-HER,NCL,HER,"Newcastle upon Tyne, Tyne and Wear",Heraklion,GB,GR,55.037958,-1.689577,35.339699,25.1803,3002.2,2,"LS,TO","73H,752"
NCL-IBZ,NCL,IBZ,"Newcastle upon Tyne, Tyne and Wear",Ibiza (Eivissa),GB,ES,55.037958,-1.689577,38.872898,1.37312,1812.0,2,"LS,TO","733,73H"
NCL-LGW,NCL,LGW,"Newcastle upon Tyne, Tyne and Wear",London,GB,GB,55.037958,-1.689577,51.148744,-0.185739,443.9,1,U2,319 320
NCL-LHR,NCL,LHR,"Newcastle upon Tyne, Tyne and Wear",London,GB,GB,55.037958,-1.689577,51.470748,-0.459909,405.0,3,"AA,BA,IB","319 321 320,320 319"
NCL-MAH,NCL,MAH,"Newcastle upon Tyne, Tyne and Wear",Mahón (Maó),GB,ES,55.037958,-1.689577,39.862598,4.21865,1743.4,1,LS,733
NCL-AGP,NCL,AGP,"Newcastle upon Tyne, Tyne and Wear",Málaga,GB,ES,55.037958,-1.689577,36.6749,-4.49911,2053.0,3,"LS,TO,U2","319,733 73C,73H"
NCL-NCE,NCL,NCE,"Newcastle upon Tyne, Tyne and Wear","Nice, Alpes-Maritimes",GB,FR,55.037958,-1.689577,43.658401,7.21587,1417.7,1,U2,319
NCL-PMI,NCL,PMI,"Newcastle upon Tyne, Tyne and Wear",Palma de Mallorca,GB,ES,55.037958,-1.689577,39.551701,2.73881,1753.2,4,"LS,TO,TOM,U2","320 319,73H,752 733"
NCL-CDG,NCL,CDG,"Newcastle upon Tyne, Tyne and Wear","Paris (Roissy-en-France, Val-d'Oise)",GB,FR,55.037958,-1.689577,49.00896,2.554117,730.2,3,"AF,AZ,BE","AR8,ARJ"
NCL-PSA,NCL,PSA,"Newcastle upon Tyne, Tyne and Wear",Pisa (PI),GB,IT,55.037958,-1.689577,43.683899,10.3927,1531.4,1,LS,733
NCL-PRG,NCL,PRG,"Newcastle upon Tyne, Tyne and Wear",Prague,GB,CZ,55.037958,-1.689577,50.100874,14.259911,1205.9,1,LS,73C 733
NCL-REU,NCL,REU,"Newcastle upon Tyne, Tyne and Wear",Reus,GB,ES,55.037958,-1.689577,41.147509,1.168354,1558.7,1,LS,733
NCL-FCO,NCL,FCO,"Newcastle upon Tyne, Tyne and Wear",Rome,GB,IT,55.037958,-1.689577,41.804532,12.251998,1788.3,1,LS,73C
NCL-SOU,NCL,SOU,"Newcastle upon Tyne, Tyne and Wear",Southampton,GB,GB,55.037958,-1.689577,50.950298,-1.3568,455.1,1,BE,DH4
NCL-JER,NCL,JER,"Newcastle upon Tyne, Tyne and Wear",St. Peter,GB,JE,55.037958,-1.689577,49.207901,-2.19551,649.2,1,U2,319
NCL-SVG,NCL,SVG,"Newcastle upon Tyne, Tyne and Wear",Stavanger,GB,NO,55.037958,-1.689577,58.876701,5.63778,615.5,3,"SK,T3,WF","DH4,ER4"
NCL-MLA,NCL,MLA,"Newcastle upon Tyne, Tyne and Wear",Valletta,GB,MT,55.037958,-1.689577,35.845932,14.491546,2466.0,2,"KM,U2","319,320 319"
NCL-VCE,NCL,VCE,"Newcastle upon Tyne, Tyne and Wear",Venezia (VE),GB,IT,55.037958,-1.689577,45.505299,12.3519,1450.6,1,LS,733 73C
NCL-BRU,NCL,BRU,"Newcastle upon Tyne, Tyne and Wear",Zaventem,GB,BE,55.037958,-1.689577,50.901402,4.48444,618.0,2,"BM,SN",ER4
NQY-DUS,NQY,DUS,Newquay,Düsseldorf,GB,DE,50.440601,-4.99541,51.289501,6.76678,829.9,1,4U,CRJ
NQY-EXT,NQY,EXT,Newquay,"Exeter, Devon",GB,GB,50.440601,-4.99541,50.734261,-3.413984,116.3,1,IOS,DHT
NQY-LGW,NQY,LGW,Newquay,London,GB,GB,50.440601,-4.99541,51.148744,-0.185739,347.0,2,"BA,BE",DH4
NQY-MAN,NQY,MAN,Newquay,"Manchester, Greater Manchester",GB,GB,50.440601,-4.99541,53.349375,-2.279521,373.2,1,BE,DH4
NWI-ABZ,NWI,ABZ,"Norwich, Norfolk",Aberdeen,GB,GB,52.6758,1.28278,57.2019,-2.19778,550.0,2,"BM,T3","ER4 ER3,S20"
NWI-AMS,NWI,AMS,"Norwich, Norfolk",Amsterdam,GB,NL,52.6758,1.28278,52.308601,4.76389,239.2,2,"AZ,KL",F70
NWI-EDI,NWI,EDI,"Norwich, Norfolk",Edinburgh,GB,GB,52.6758,1.28278,55.950145,-3.372288,472.8,1,BE,D38
NWI-HUY,NWI,HUY,"Norwich, Norfolk","Grimsby, Lincolnshire",GB,GB,52.6758,1.28278,53.576152,-0.34954,147.9,1,T3,S20
NWI-MAN,NWI,MAN,"Norwich, Norfolk","Manchester, Greater Manchester",GB,GB,52.6758,1.28278,53.349375,-2.279521,249.8,1,BE,D38
NWI-GCI,NWI,GCI,"Norwich, Norfolk",Saint Peter Port,GB,GG,52.6758,1.28278,49.435001,-2.60197,451.1,1,BE,D38
NWI-JER,NWI,JER,"Norwich, Norfolk",St. Peter,GB,JE,52.6758,1.28278,49.207901,-2.19551,456.0,1,BE,DH4
NWI-MLA,NWI,MLA,"Norwich, Norfolk",Valletta,GB,MT,52.6758,1.28278,35.845932,14.491546,2139.0,1,KM,320
EMA-ABZ,EMA,ABZ,"Nottingham, Leicestershire",Aberdeen,GB,GB,52.8311,-1.32806,57.2019,-2.19778,489.2,1,T3,J41
EMA-ALC,EMA,ALC,"Nottingham, Leicestershire",Alicante,GB,ES,52.8311,-1.32806,38.2822,-0.558156,1618.8,4,"FR,LS,TO,ZB","321,733 73H,738,73H"
EMA-LEI,EMA,LEI,"Nottingham, Leicestershire",Almería,GB,ES,52.8311,-1.32806,36.843899,-2.3701,1779.5,1,FR,738
EMA-AMS,EMA,AMS,"Nottingham, Leicestershire",Amsterdam,GB,NL,52.8311,-1.32806,52.308601,4.76389,415.7,1,BE,DH4
EMA-KRK,EMA,KRK,"Nottingham, Leicestershire",Balice,GB,PL,52.8311,-1.32806,50.077702,19.7848,1488.8,1,FR,738
EMA-BCN,EMA,BCN,"Nottingham, Leicestershire",Barcelona,GB,ES,52.8311,-1.32806,41.2971,2.07846,1307.8,1,FR,738
EMA-BHD,EMA,BHD,"Nottingham, Leicestershire",Belfast,GB,GB,52.8311,-1.32806,54.618099,-5.8725,358.9,1,BE,DH4
EMA-EGC,EMA,EGC,"Nottingham, Leicestershire",Bergerac,GB,FR,52.8311,-1.32806,44.825298,0.518611,900.3,1,FR,738
EMA-BUD,EMA,BUD,"Nottingham, Leicestershire",Budapest,GB,HU,52.8311,-1.32806,47.43018,19.262393,1578.8,1,LS,733
EMA-CCF,EMA,CCF,"Nottingham, Leicestershire",Carcassonne,GB,FR,52.8311,-1.32806,43.216,2.30632,1102.4,1,FR,738
EMA-NOC,EMA,NOC,"Nottingham, Leicestershire",Charlestown,GB,IE,52.8311,-1.32806,53.910439,-8.817002,510.9,1,FR,738
EMA-ORK,EMA,ORK,"Nottingham, Leicestershire",Cork,GB,IE,52.8311,-1.32806,51.841301,-8.49111,498.7,1,FR,738
EMA-DNR,EMA,DNR,"Nottingham, Leicestershire",Dinard,GB,FR,52.8311,-1.32806,48.5877,-2.07996,474.8,1,FR,738
EMA-DUB,EMA,DUB,"Nottingham, Leicestershire",Dublin,GB,IE,52.8311,-1.32806,53.428713,-6.262121,335.8,1,FR,738
EMA-DBV,EMA,DBV,"Nottingham, Leicestershire",Dubrovnik,GB,HR,52.8311,-1.32806,42.562247,18.265543,1848.2,1,LS,733
EMA-EDI,EMA,EDI,"Nottingham, Leicestershire",Edinburgh,GB,GB,52.8311,-1.32806,55.950145,-3.372288,371.2,1,BE,DH4
EMA-FAO,EMA,FAO,"Nottingham, Leicestershire",Faro,GB,PT,52.8311,-1.32806,37.015909,-7.970939,1832.8,4,"FR,LS,TO,ZB","321,733,738,73H"
EMA-FNC,EMA,FNC,"Nottingham, Leicestershire",Funchal,GB,PT,52.8311,-1.32806,32.697812,-16.774613,2557.1,1,LS,733
EMA-GRO,EMA,GRO,"Nottingham, Leicestershire",Girona,GB,ES,52.8311,-1.32806,41.904639,2.761774,1252.9,1,FR,738
EMA-GLA,EMA,GLA,"Nottingham, Leicestershire",Glasgow,GB,GB,52.8311,-1.32806,55.871899,-4.43306,393.4,1,BE,DH4
EMA-HER,EMA,HER,"Nottingham, Leicestershire",Heraklion,GB,GR,52.8311,-1.32806,35.339699,25.1803,2844.9,1,LS,73H
EMA-IBZ,EMA,IBZ,"Nottingham, Leicestershire",Ibiza (Eivissa),GB,ES,52.8311,-1.32806,38.872898,1.37312,1565.8,3,"FR,LS,TO","733,738,73H"
EMA-RZE,EMA,RZE,"Nottingham, Leicestershire",Jasionka,GB,PL,52.8311,-1.32806,50.109791,22.024155,1637.9,1,FR,738
EMA-CFU,EMA,CFU,"Nottingham, Leicestershire",Kerkyra (Corfu),GB,GR,52.8311,-1.32806,39.60145,19.912179,2183.6,1,FR,738
EMA-LRH,EMA,LRH,"Nottingham, Leicestershire",La Rochelle,GB,FR,52.8311,-1.32806,46.179199,-1.19528,739.7,1,FR,738
EMA-LIG,EMA,LIG,"Nottingham, Leicestershire",Limoges/Bellegarde,GB,FR,52.8311,-1.32806,45.862801,1.17944,795.7,1,FR,738
EMA-MAH,EMA,MAH,"Nottingham, Leicestershire",Mahón (Maó),GB,ES,52.8311,-1.32806,39.862598,4.21865,1502.4,3,"FR,LS,TO","733,738,73H"
EMA-AGP,EMA,AGP,"Nottingham, Leicestershire",Málaga,GB,ES,52.8311,-1.32806,36.6749,-4.49911,1813.4,3,"FR,LS,ZB","321,733 73H,738"
EMA-WMI,EMA,WMI,"Nottingham, Leicestershire",Nowy Dwór Mazowiecki,GB,PL,52.8311,-1.32806,52.451099,20.6518,1477.9,1,FR,738
EMA-BGY,EMA,BGY,"Nottingham, Leicestershire",Orio al Serio (BG),GB,IT,52.8311,-1.32806,45.669362,9.708851,1127.2,1,FR,738
EMA-PMI,EMA,PMI,"Nottingham, Leicestershire",Palma de Mallorca,GB,ES,52.8311,-1.32806,39.551701,2.73881,1508.8,5,"FR,LS,TO,TOM,ZB","321,733 73H,738,73H"
EMA-CDG,EMA,CDG,"Nottingham, Leicestershire","Paris (Roissy-en-France, Val-d'Oise)",GB,FR,52.8311,-1.32806,49.00896,2.554117,504.5,1,LS,733
EMA-PSA,EMA,PSA,"Nottingham, Leicestershire",Pisa (PI),GB,IT,52.8311,-1.32806,43.683899,10.3927,1333.6,1,FR,738
EMA-PRG,EMA,PRG,"Nottingham, Leicestershire",Prague,GB,CZ,52.8311,-1.32806,50.100874,14.259911,1119.1,1,LS,733
EMA-REU,EMA,REU,"Nottingham, Leicestershire",Reus,GB,ES,52.8311,-1.32806,41.147509,1.168354,1312.7,1,FR,738
EMA-RIX,EMA,RIX,"Nottingham, Leicestershire",Riga,GB,LV,52.8311,-1.32806,56.920752,23.970711,1670.3,1,FR,738
EMA-CIA,EMA,CIA,"Nottingham, Leicestershire",Rome,GB,IT,52.8311,-1.32806,41.798769,12.595331,1608.8,1,FR,738
EMA-GCI,EMA,GCI,"Nottingham, Leicestershire",Saint Peter Port,GB,GG,52.8311,-1.32806,49.435001,-2.60197,387.9,1,GR,AT7
EMA-JER,EMA,JER,"Nottingham, Leicestershire",St. Peter,GB,JE,52.8311,-1.32806,49.207901,-2.19551,407.4,1,BE,DH4
EMA-TSF,EMA,TSF,"Nottingham, Leicestershire",Treviso (TV),GB,IT,52.8311,-1.32806,45.648399,12.1944,1262.0,1,FR,738
EMA-VLC,EMA,VLC,"Nottingham, Leicestershire",Valencia,GB,ES,52.8311,-1.32806,39.489162,-0.480961,1485.0,1,FR,738
EMA-MLA,EMA,MLA,"Nottingham, Leicestershire",Valletta,GB,MT,52.8311,-1.32806,35.845932,14.491546,2258.3,1,ZB,321
EMA-WRO,EMA,WRO,"Nottingham, Leicestershire",Wrocław,GB,PL,52.8311,-1.32806,51.103719,16.882096,1258.7,1,FR,738
EMA-BRU,EMA,BRU,"Nottingham, Leicestershire",Zaventem,GB,BE,52.8311,-1.32806,50.901402,4.48444,452.9,1,BM,ER3
PIK-ALC,PIK,ALC,"Prestwick, South Ayrshire",Alicante,GB,ES,55.501499,-4.577182,38.2822,-0.558156,1938.1,1,FR,738
PIK-BCN,PIK,BCN,"Prestwick, South Ayrshire",Barcelona,GB,ES,55.501499,-4.577182,41.2971,2.07846,1652.3,1,FR,738
PIK-CCF,PIK,CCF,"Prestwick, South Ayrshire",Carcassonne,GB,FR,55.501499,-4.577182,43.216,2.30632,1452.5,1,FR,738
PIK-LDY,PIK,LDY,"Prestwick, South Ayrshire","Derry, Derry and Strabane",GB,GB,55.501499,-4.577182,55.042801,-7.16111,171.4,1,FR,738
PIK-DUB,PIK,DUB,"Prestwick, South Ayrshire",Dublin,GB,IE,55.501499,-4.577182,53.428713,-6.262121,254.9,1,FR,738
PIK-FAO,PIK,FAO,"Prestwick, South Ayrshire",Faro,GB,PT,55.501499,-4.577182,37.015909,-7.970939,2071.4,1,FR,738
PIK-IBZ,PIK,IBZ,"Prestwick, South Ayrshire",Ibiza (Eivissa),GB,ES,55.501499,-4.577182,38.872898,1.37312,1901.2,1,FR,738
PIK-CFU,PIK,CFU,"Prestwick, South Ayrshire",Kerkyra (Corfu),GB,GR,55.501499,-4.577182,39.60145,19.912179,2525.1,1,FR,738
PIK-AGP,PIK,AGP,"Prestwick, South Ayrshire",Málaga,GB,ES,55.501499,-4.577182,36.6749,-4.49911,2093.4,1,FR,738
PIK-WMI,PIK,WMI,"Prestwick, South Ayrshire",Nowy Dwór Mazowiecki,GB,PL,55.501499,-4.577182,52.451099,20.6518,1674.5,1,FR,738
PIK-PMI,PIK,PMI,"Prestwick, South Ayrshire",Palma de Mallorca,GB,ES,55.501499,-4.577182,39.551701,2.73881,1854.2,1,FR,738
PIK-REU,PIK,REU,"Prestwick, South Ayrshire",Reus,GB,ES,55.501499,-4.577182,41.147509,1.168354,1650.3,1,FR,738
PIK-RIX,PIK,RIX,"Prestwick, South Ayrshire",Riga,GB,LV,55.501499,-4.577182,56.920752,23.970711,1759.4,1,FR,738
PIK-CIA,PIK,CIA,"Prestwick, South Ayrshire",Rome,GB,IT,55.501499,-4.577182,41.798769,12.595331,1967.0,1,FR,738
PIK-MLA,PIK,MLA,"Prestwick, South Ayrshire",Valletta,GB,MT,55.501499,-4.577182,35.845932,14.491546,2621.4,1,FR,738
PIK-WRO,PIK,WRO,"Prestwick, South Ayrshire",Wrocław,GB,PL,55.501499,-4.577182,51.103719,16.882096,1500.3,1,FR,738
SOU-ALC,SOU,ALC,Southampton,Alicante,GB,ES,50.950298,-1.3568,38.2822,-0.558156,1410.0,1,BE,E95
SOU-AMS,SOU,AMS,Southampton,Amsterdam,GB,NL,50.950298,-1.3568,52.308601,4.76389,448.5,1,BE,DH4 E75
SOU-BHD,SOU,BHD,Southampton,Belfast,GB,GB,50.950298,-1.3568,54.618099,-5.8725,508.3,1,BE,DH4
SOU-EGC,SOU,EGC,Southampton,Bergerac,GB,FR,50.950298,-1.3568,44.825298,0.518611,695.2,2,"AF,BE",DH4
SOU-BES,SOU,BES,Southampton,Brest,GB,FR,50.950298,-1.3568,48.447899,-4.41854,354.8,2,"AF,BE",DH4
SOU-DUB,SOU,DUB,Southampton,Dublin,GB,IE,50.950298,-1.3568,53.428713,-6.262121,433.1,1,BE,DH4 E95
SOU-EDI,SOU,EDI,Southampton,Edinburgh,GB,GB,50.950298,-1.3568,55.950145,-3.372288,571.7,1,BE,DH4
SOU-FAO,SOU,FAO,Southampton,Faro,GB,PT,50.950298,-1.3568,37.015909,-7.970939,1635.7,1,BE,E95
SOU-GLA,SOU,GLA,Southampton,Glasgow,GB,GB,50.950298,-1.3568,55.871899,-4.43306,583.9,1,BE,DH4
SOU-LRH,SOU,LRH,Southampton,La Rochelle,GB,FR,50.950298,-1.3568,46.179199,-1.19528,530.7,2,"AF,BE",DH4
SOU-LBA,SOU,LBA,Southampton,"Leeds, West Yorkshire",GB,GB,50.950298,-1.3568,53.865898,-1.66057,324.9,1,T3,J41
SOU-LIG,SOU,LIG,Southampton,Limoges/Bellegarde,GB,FR,50.950298,-1.3568,45.862801,1.17944,595.8,2,"AF,BE",DH4
SOU-MAN,SOU,MAN,Southampton,"Manchester, Greater Manchester",GB,GB,50.950298,-1.3568,53.349375,-2.279521,274.1,1,BE,DH4
SOU-AGP,SOU,AGP,Southampton,Málaga,GB,ES,50.950298,-1.3568,36.6749,-4.49911,1606.9,1,BE,E95
SOU-NTE,SOU,NTE,Southampton,Nantes,GB,FR,50.950298,-1.3568,47.153198,-1.61073,422.6,2,"AF,BE",DH4
SOU-NCL,SOU,NCL,Southampton,"Newcastle upon Tyne, Tyne and Wear",GB,GB,50.950298,-1.3568,55.037958,-1.689577,455.1,1,BE,DH4
SOU-NCE,SOU,NCE,Southampton,"Nice, Alpes-Maritimes",GB,FR,50.950298,-1.3568,43.658401,7.21587,1035.5,2,"AF,BE",E95
SOU-PMI,SOU,PMI,Southampton,Palma de Mallorca,GB,ES,50.950298,-1.3568,39.551701,2.73881,1306.9,1,BE,E95
SOU-ORY,SOU,ORY,Southampton,"Paris (Orly, Val-de-Marne)",GB,FR,50.950298,-1.3568,48.729499,2.358963,363.2,2,"AF,BE",DH4
SOU-ACI,SOU,ACI,Southampton,Saint Anne,GB,GG,50.950298,-1.3568,49.706104,-2.21472,151.2,1,GR,BNT
SOU-GCI,SOU,GCI,Southampton,Saint Peter Port,GB,GG,50.950298,-1.3568,49.435001,-2.60197,190.4,2,"BE,SI","AT7,DH4"
SOU-RNS,SOU,RNS,Southampton,"Saint-Jacques-de-la-Lande, Ille-et-Vilaine",GB,FR,50.950298,-1.3568,48.0695,-1.73479,321.5,2,"AF,BE",DH4
SOU-JER,SOU,JER,Southampton,St. Peter,GB,JE,50.950298,-1.3568,49.207901,-2.19551,202.8,2,"BE,SI","DH4 E95,J32"
SEN-ALC,SEN,ALC,"Southend-on-Sea, Essex",Alicante,GB,ES,51.570562,0.693627,38.2822,-0.558156,1480.8,1,U2,319
SEN-AMS,SEN,AMS,"Southend-on-Sea, Essex",Amsterdam,GB,NL,51.570562,0.693627,52.308601,4.76389,290.8,1,U2,319
SEN-KRK,SEN,KRK,"Southend-on-Sea, Essex",Balice,GB,PL,51.570562,0.693627,50.077702,19.7848,1347.3,1,U2,319
SEN-BCN,SEN,BCN,"Southend-on-Sea, Essex",Barcelona,GB,ES,51.570562,0.693627,41.2971,2.07846,1147.2,1,U2,319
SEN-DUB,SEN,DUB,"Southend-on-Sea, Essex",Dublin,GB,IE,51.570562,0.693627,53.428713,-6.262121,513.9,1,EI,AT4 AT7
SEN-EDI,SEN,EDI,"Southend-on-Sea, Essex",Edinburgh,GB,GB,51.570562,0.693627,55.950145,-3.372288,555.3,1,U2,319
SEN-FAO,SEN,FAO,"Southend-on-Sea, Essex",Faro,GB,PT,51.570562,0.693627,37.015909,-7.970939,1756.3,1,U2,319
SEN-GVA,SEN,GVA,"Southend-on-Sea, Essex",Geneva,GB,CH,51.570562,0.693627,46.238098,6.10895,712.5,1,U2,319
SEN-IBZ,SEN,IBZ,"Southend-on-Sea, Essex",Ibiza (Eivissa),GB,ES,51.570562,0.693627,38.872898,1.37312,1412.9,1,U2,319
SEN-AGP,SEN,AGP,"Southend-on-Sea, Essex",Málaga,GB,ES,51.570562,0.693627,36.6749,-4.49911,1706.3,1,U2,319
SEN-PMI,SEN,PMI,"Southend-on-Sea, Essex",Palma de Mallorca,GB,ES,51.570562,0.693627,39.551701,2.73881,1345.7,1,U2,319
SEN-JER,SEN,JER,"Southend-on-Sea, Essex",St. Peter,GB,JE,51.570562,0.693627,49.207901,-2.19551,333.1,1,U2,319
SEN-VCE,SEN,VCE,"Southend-on-Sea, Essex",Venezia (VE),GB,IT,51.570562,0.693627,45.505299,12.3519,1089.4,1,U2,319
SYY-ABZ,SYY,ABZ,"Stornoway, Western Isles",Aberdeen,GB,GB,58.215599,-6.33111,57.2019,-2.19778,270.1,1,T3,J41
SYY-BEB,SYY,BEB,"Stornoway, Western Isles",Balivanich,GB,GB,58.215599,-6.33111,57.481098,-7.36278,102.0,1,BE,SF3
SYY-EDI,SYY,EDI,"Stornoway, Western Isles",Edinburgh,GB,GB,58.215599,-6.33111,55.950145,-3.372288,308.8,1,BE,D38
SYY-GLA,SYY,GLA,"Stornoway, Western Isles",Glasgow,GB,GB,58.215599,-6.33111,55.871899,-4.43306,284.7,1,BE,SF3
SYY-INV,SYY,INV,"Stornoway, Western Isles",Inverness,GB,GB,58.215599,-6.33111,57.5425,-4.0475,154.4,1,BE,SF3 D38
WIC-ABZ,WIC,ABZ,Wick,Aberdeen,GB,GB,58.4589,-3.09306,57.2019,-2.19778,149.5,1,T3,J41
WIC-EDI,WIC,EDI,Wick,Edinburgh,GB,GB,58.4589,-3.09306,55.950145,-3.372288,279.5,1,BE,D38
ACI-GCI,ACI,GCI,Saint Anne,Saint Peter Port,GG,GG,49.706104,-2.21472,49.435001,-2.60197,41.1,1,GR,BNT
ACI-SOU,ACI,SOU,Saint Anne,Southampton,GG,GB,49.706104,-2.21472,50.950298,-1.3568,151.2,1,GR,BNT
GCI-AMS,GCI,AMS,Saint Peter Port,Amsterdam,GG,NL,49.435001,-2.60197,52.308601,4.76389,607.2,1,SI,AT4
GCI-BHX,GCI,BHX,Saint Peter Port,"Birmingham, West Midlands",GG,GB,49.435001,-2.60197,52.453899,-1.74803,341.0,1,BE,DH4
GCI-BRS,GCI,BRS,Saint Peter Port,Bristol,GG,GB,49.435001,-2.60197,51.382326,-2.716453,216.7,1,GR,AT7
GCI-DNR,GCI,DNR,Saint Peter Port,Dinard,GG,FR,49.435001,-2.60197,48.5877,-2.07996,101.6,1,GR,BNT
GCI-DUS,GCI,DUS,Saint Peter Port,Düsseldorf,GG,DE,49.435001,-2.60197,51.289501,6.76678,695.3,1,AB,DH4
GCI-EXT,GCI,EXT,Saint Peter Port,"Exeter, Devon",GG,GB,49.435001,-2.60197,50.734261,-3.413984,155.7,1,BE,DH4
GCI-LGW,GCI,LGW,Saint Peter Port,London,GG,GB,49.435001,-2.60197,51.148744,-0.185739,256.4,1,GR,E95 AT7
GCI-STN,GCI,STN,Saint Peter Port,"London, Essex",GG,GB,49.435001,-2.60197,51.884998,0.235,337.9,1,GR,AT7
GCI-MAN,GCI,MAN,Saint Peter Port,"Manchester, Greater Manchester",GG,GB,49.435001,-2.60197,53.349375,-2.279521,435.8,1,GR,AT7
GCI-NWI,GCI,NWI,Saint Peter Port,"Norwich, Norfolk",GG,GB,49.435001,-2.60197,52.6758,1.28278,451.1,1,BE,D38
GCI-EMA,GCI,EMA,Saint Peter Port,"Nottingham, Leicestershire",GG,GB,49.435001,-2.60197,52.8311,-1.32806,387.9,1,GR,AT7
GCI-ACI,GCI,ACI,Saint Peter Port,Saint Anne,GG,GG,49.435001,-2.60197,49.706104,-2.21472,41.1,1,GR,BNT
GCI-SOU,GCI,SOU,Saint Peter Port,Southampton,GG,GB,49.435001,-2.60197,50.950298,-1.3568,190.4,2,"BE,SI","AT7,DH4"
GCI-JER,GCI,JER,Saint Peter Port,St. Peter,GG,JE,49.435001,-2.60197,49.207901,-2.19551,38.8,4,"AB,BE,GR,SI","AT4 AT7,AT4 ATR,DH4"
GIB-BHX,GIB,BHX,Gibraltar,"Birmingham, West Midlands",GI,GB,36.151679,-5.34978,52.453899,-1.74803,1834.7,1,ZB,320
GIB-LGW,GIB,LGW,Gibraltar,London,GI,GB,36.151679,-5.34978,51.148744,-0.185739,1717.5,1,U2,320 319
GIB-LHR,GIB,LHR,Gibraltar,London,GI,GB,36.151679,-5.34978,51.470748,-0.459909,1747.0,2,"AA,BA",320
GIB-LTN,GIB,LTN,Gibraltar,"Luton, Luton",GI,GB,36.151679,-5.34978,51.874699,-0.368333,1792.1,1,ZB,320
GIB-MAN,GIB,MAN,Gibraltar,"Manchester, Greater Manchester",GI,GB,36.151679,-5.34978,53.349375,-2.279521,1927.1,1,ZB,320
AXD-JSH,AXD,JSH,Alexandroupolis,Crete Island,GR,GR,40.8559,25.956301,35.21609878540039,26.101299285888672,627.2,1,GQ,J41
AXD-ATH,AXD,ATH,Alexandroupolis,Spata-Artemida,GR,GR,40.8559,25.956301,37.936401,23.9445,367.8,2,"A3,OA",320 DH4 321
JKH-MJT,JKH,MJT,Chios Island,Mytilene,GR,GR,38.34320068359375,26.140600204467773,39.057406,26.598629,88.8,2,"GQ,HV","73W,J41"
JKH-ATH,JKH,ATH,Chios Island,Spata-Artemida,GR,GR,38.34320068359375,26.140600204467773,37.936401,23.9445,197.3,2,"A3,OA",DH4 319
JKH-SKG,JKH,SKG,Chios Island,Thessaloniki,GR,GR,38.34320068359375,26.140600204467773,40.51928,22.970009,364.2,1,A2,143
JSH-AXD,JSH,AXD,Crete Island,Alexandroupolis,GR,GR,35.21609878540039,26.101299285888672,40.8559,25.956301,627.2,1,GQ,J41
JSH-PVK,JSH,PVK,Crete Island,Preveza,GR,GR,35.21609878540039,26.101299285888672,38.925499,20.765301,627.7,1,GQ,J41
JSH-ATH,JSH,ATH,Crete Island,Spata-Artemida,GR,GR,35.21609878540039,26.101299285888672,37.936401,23.9445,358.6,1,A2,143
HER-AMS,HER,AMS,Heraklion,Amsterdam,GR,NL,35.339699,25.1803,52.308601,4.76389,2480.9,1,HV,73H
HER-BHX,HER,BHX,Heraklion,"Birmingham, West Midlands",GR,GB,35.339699,25.1803,52.453899,-1.74803,2846.8,3,"TO,TOM,ZB","321 320,75W"
HER-BOD,HER,BOD,Heraklion,Bordeaux,GR,FR,35.339699,25.1803,44.82865,-0.715356,2428.5,1,A3,320
HER-BRS,HER,BRS,Heraklion,Bristol,GR,GB,35.339699,25.1803,51.382326,-2.716453,2845.7,1,U2,320
HER-BSL,HER,BSL,Heraklion,Bâle / Mulhouse,GR,FR,35.339699,25.1803,47.60068,7.521117,1997.1,2,"AB,X3","320,73H"
HER-LYS,HER,LYS,Heraklion,"Colombier-Saugnieu, Rhône",GR,FR,35.339699,25.1803,45.725996,5.090139,2044.2,1,TO,73H
HER-DRS,HER,DRS,Heraklion,Dresden,GR,DE,35.339699,25.1803,51.134123,13.767831,1979.4,1,AB,738
HER-DUS,HER,DUS,Heraklion,Düsseldorf,GR,DE,35.339699,25.1803,51.289501,6.76678,2302.8,6,"4U,A3,AB,DE,ST,X3","319,320,738 321 320,73G,73H,757"
HER-EDI,HER,EDI,Heraklion,Edinburgh,GR,GB,35.339699,25.1803,55.950145,-3.372288,3147.2,1,U2,320
HER-GRZ,HER,GRZ,Heraklion,Feldkirchen bei Graz,GR,AT,35.339699,25.1803,46.9911,15.4396,1528.1,2,"AB,HG",320
HER-MXP,HER,MXP,Heraklion,Ferno (VA),GR,IT,35.339699,25.1803,45.6306,8.72811,1795.3,1,U2,319 320
HER-FRA,HER,FRA,Heraklion,Frankfurt am Main,GR,DE,35.339699,25.1803,50.026706,8.55835,2114.5,4,"A3,DE,LH,X3","320,738 757,73H"
HER-GVA,HER,GVA,Heraklion,Geneva,GR,CH,35.339699,25.1803,46.238098,6.10895,2002.8,2,"LX,U2","320,320 319"
HER-GLA,HER,GLA,Heraklion,Glasgow,GR,GB,35.339699,25.1803,55.871899,-4.43306,3197.3,1,LS,73H
HER-GRQ,HER,GRQ,Heraklion,Groningen,GR,NL,35.339699,25.1803,53.119107,6.577652,2455.2,1,HV,73H
HER-HAM,HER,HAM,Heraklion,Hamburg,GR,DE,35.339699,25.1803,53.630402,9.98823,2353.0,4,"4U,AB,DE,X3","319,320,32S,73H"
HER-HAJ,HER,HAJ,Heraklion,Hannover,GR,DE,35.339699,25.1803,52.461102,9.68508,2262.2,3,"4U,DE,X3","319,32S,73H"
HER-CGN,HER,CGN,Heraklion,Köln (Cologne),GR,DE,35.339699,25.1803,50.865898,7.14274,2251.4,2,"4U,X3","320 319,73H"
HER-LBA,HER,LBA,Heraklion,"Leeds, West Yorkshire",GR,GB,35.339699,25.1803,53.865898,-1.66057,2926.3,2,"LS,ZB","320,75W 73H"
HER-LIL,HER,LIL,Heraklion,Lesquin,GR,FR,35.339699,25.1803,50.566564,3.102429,2451.1,1,HQ,320 319
HER-LNZ,HER,LNZ,Heraklion,Linz,GR,AT,35.339699,25.1803,48.235362,14.188128,1695.2,2,"AB,HG",321
HER-LGW,HER,LGW,Heraklion,London,GR,GB,35.339699,25.1803,51.148744,-0.185739,2679.7,3,"TO,U2,ZB","320 319,321,73H"
HER-LTN,HER,LTN,Heraklion,"Luton, Luton",GR,GB,35.339699,25.1803,51.874699,-0.368333,2732.9,1,U2,320
HER-LUX,HER,LUX,Heraklion,Luxembourg,GR,LU,35.339699,25.1803,49.626845,6.212134,2211.1,1,LG,73H
HER-MAN,HER,MAN,Heraklion,"Manchester, Greater Manchester",GR,GB,35.339699,25.1803,53.349375,-2.279521,2929.4,3,"LS,TO,U2","319 320,73H,75W 738"
HER-MRS,HER,MRS,Heraklion,"Marignane, Bouches-du-Rhône",GR,FR,35.339699,25.1803,43.438088,5.2125,1931.0,1,A3,320
HER-DME,HER,DME,Heraklion,Moscow,GR,RU,35.339699,25.1803,55.408798,37.9063,2434.0,3,"A3,S7,UN","320,734 772"
HER-SVO,HER,SVO,Heraklion,Moscow,GR,RU,35.339699,25.1803,55.976858,37.41121,2475.3,1,SU,321
HER-VKO,HER,VKO,Heraklion,Moscow,GR,RU,35.339699,25.1803,55.591499,37.261501,2432.9,1,UN,738 777
HER-MUC,HER,MUC,Heraklion,Munich,GR,DE,35.339699,25.1803,48.353802,11.7861,1817.8,5,"A3,AB,DE,LH,X3","320,32S,738 320,73H"
HER-MJT,HER,MJT,Heraklion,Mytilene,GR,GR,35.339699,25.1803,39.057406,26.598629,432.0,1,GQ,J41
HER-NTE,HER,NTE,Heraklion,Nantes,GR,FR,35.339699,25.1803,47.153198,-1.61073,2577.5,1,TO,73H
HER-NCL,HER,NCL,Heraklion,"Newcastle upon Tyne, Tyne and Wear",GR,GB,35.339699,25.1803,55.037958,-1.689577,3002.2,1,LS,752
HER-EMA,HER,EMA,Heraklion,"Nottingham, Leicestershire",GR,GB,35.339699,25.1803,52.8311,-1.32806,2844.9,1,LS,73H
HER-NUE,HER,NUE,Heraklion,Nuremberg,GR,DE,35.339699,25.1803,49.498699,11.078056,1947.2,2,"AB,X3","738,73H"
HER-ORY,HER,ORY,Heraklion,"Paris (Orly, Val-de-Marne)",GR,FR,35.339699,25.1803,48.729499,2.358963,2385.8,1,TO,73H
HER-CDG,HER,CDG,Heraklion,"Paris (Roissy-en-France, Val-d'Oise)",GR,FR,35.339699,25.1803,49.00896,2.554117,2389.4,1,A3,320
HER-PRG,HER,PRG,Heraklion,Prague,GR,CZ,35.339699,25.1803,50.100874,14.259911,1863.6,1,OK,738
HER-RIX,HER,RIX,Heraklion,Riga,GR,LV,35.339699,25.1803,56.920752,23.970711,2401.4,1,W2,320
HER-RTM,HER,RTM,Heraklion,Rotterdam,GR,NL,35.339699,25.1803,51.956902,4.43722,2472.2,1,HV,73H
HER-SZG,HER,SZG,Heraklion,Salzburg,GR,AT,35.339699,25.1803,47.793301,13.0043,1711.3,2,"AB,HG",321
HER-LEJ,HER,LEJ,Heraklion,Schkeuditz,GR,DE,35.339699,25.1803,51.420657,12.232705,2064.8,2,"AB,DE","32S,738"
HER-ATH,HER,ATH,Heraklion,Spata-Artemida,GR,GR,35.339699,25.1803,37.936401,23.9445,309.1,4,"A3,GQ,MS,OA","321 DH4 320,DH4,J41"
HER-LED,HER,LED,Heraklion,St. Petersburg,GR,RU,35.339699,25.1803,59.800301,30.262501,2744.6,2,"A3,SU",320
HER-STR,HER,STR,Heraklion,Stuttgart,GR,DE,35.339699,25.1803,48.689899,9.22196,1977.3,3,"4U,DE,X3","319,32S,73H"
HER-TLL,HER,TLL,Heraklion,Tallinn,GR,EE,35.339699,25.1803,59.413246,24.83264,2677.0,1,W2,320
HER-SKG,HER,SKG,Heraklion,Thessaloniki,GR,GR,35.339699,25.1803,40.51928,22.970009,607.6,2,"A3,OA",320
HER-VIE,HER,VIE,Heraklion,Vienna,GR,AT,35.339699,25.1803,48.110298,16.5697,1587.3,4,"A3,AB,HG,OS","320,320 321"
HER-VNO,HER,VNO,Heraklion,Vilnius,GR,LT,35.339699,25.1803,54.634102,25.285801,2145.5,1,W2,320
HER-BRU,HER,BRU,Heraklion,Zaventem,GR,BE,35.339699,25.1803,50.901402,4.48444,2395.4,3,"A3,HQ,SN","320,320 319"
HER-ZRH,HER,ZRH,Heraklion,Zurich,GR,CH,35.339699,25.1803,47.458056,8.548056,1926.3,2,"AB,LX","320 319,320 333"
IOA-ATH,IOA,ATH,Ioannina,Spata-Artemida,GR,GR,39.6964,20.8225,37.936401,23.9445,333.8,2,"A3,OA",DH4
KLX-AMS,KLX,AMS,Kalamata,Amsterdam,GR,NL,37.06829833984375,22.02549934387207,52.308601,4.76389,2164.1,1,HV,73W
KLX-DUS,KLX,DUS,Kalamata,Düsseldorf,GR,DE,37.06829833984375,22.02549934387207,51.289501,6.76678,1986.9,1,A3,319
KLX-LGW,KLX,LGW,Kalamata,London,GR,GB,37.06829833984375,22.02549934387207,51.148744,-0.185739,2348.7,1,U2,320 319
KLX-MUC,KLX,MUC,Kalamata,Munich,GR,DE,37.06829833984375,22.02549934387207,48.353802,11.7861,1505.2,2,"A3,LH",319
KLX-ARN,KLX,ARN,Kalamata,Stockholm,GR,SE,37.06829833984375,22.02549934387207,59.64849,17.928829,2527.8,2,"A3,SK",319
KLX-SKG,KLX,SKG,Kalamata,Thessaloniki,GR,GR,37.06829833984375,22.02549934387207,40.51928,22.970009,392.4,1,A2,143
KLX-VIE,KLX,VIE,Kalamata,Vienna,GR,AT,37.06829833984375,22.02549934387207,48.110298,16.5697,1305.7,2,"AB,HG",320 E90
AOK-ATH,AOK,ATH,Karpathos Island,Spata-Artemida,GR,GR,35.421398,27.146,37.936401,23.9445,399.6,2,"A3,OA",DH4
KVA-DUS,KVA,DUS,Kavala,Düsseldorf,GR,DE,40.9133,24.6192,51.289501,6.76678,1787.7,1,AB,738
KVA-CGN,KVA,CGN,Kavala,Köln (Cologne),GR,DE,40.9133,24.6192,50.865898,7.14274,1740.0,1,4U,319 320
KVA-MUC,KVA,MUC,Kavala,Munich,GR,DE,40.9133,24.6192,48.353802,11.7861,1306.8,1,AB,738
KVA-ATH,KVA,ATH,Kavala,Spata-Artemida,GR,GR,40.9133,24.6192,37.936401,23.9445,336.0,2,"A3,OA",DH4
KVA-STR,KVA,STR,Kavala,Stuttgart,GR,DE,40.9133,24.6192,48.689899,9.22196,1486.6,1,4U,319
EFL-AMS,EFL,AMS,Kefallinia Island,Amsterdam,GR,NL,38.12009811401367,20.500499725341797,52.308601,4.76389,1993.1,1,HV,73H
EFL-LGW,EFL,LGW,Kefallinia Island,London,GR,GB,38.12009811401367,20.500499725341797,51.148744,-0.185739,2172.1,1,U2,319 320
EFL-STN,EFL,STN,Kefallinia Island,"London, Essex",GR,GB,38.12009811401367,20.500499725341797,51.884998,0.235,2195.3,1,FR,738
EFL-PVK,EFL,PVK,Kefallinia Island,Preveza,GR,GR,38.12009811401367,20.500499725341797,38.925499,20.765301,92.5,1,GQ,J41
EFL-ATH,EFL,ATH,Kefallinia Island,Spata-Artemida,GR,GR,38.12009811401367,20.500499725341797,37.936401,23.9445,302.3,2,"A3,OA",DH4
CFU-AMS,CFU,AMS,Kerkyra (Corfu),Amsterdam,GR,NL,39.60145,19.912179,52.308601,4.76389,1827.6,1,HV,73H
CFU-BLL,CFU,BLL,Kerkyra (Corfu),Billund,GR,DK,39.60145,19.912179,55.740335,9.157019,1961.6,1,FR,738
CFU-BRE,CFU,BRE,Kerkyra (Corfu),Bremen,GR,DE,39.60145,19.912179,53.046786,8.78932,1717.3,1,FR,738
CFU-BRS,CFU,BRS,Kerkyra (Corfu),Bristol,GR,GB,39.60145,19.912179,51.382326,-2.716453,2182.1,2,"TO,U2","320,75W"
CFU-CRL,CFU,CRL,Kerkyra (Corfu),Charleroi,GR,BE,39.60145,19.912179,50.461963,4.459562,1706.1,1,FR,738
CFU-DRS,CFU,DRS,Kerkyra (Corfu),Dresden,GR,DE,39.60145,19.912179,51.134123,13.767831,1368.1,1,4U,319
CFU-DUB,CFU,DUB,Kerkyra (Corfu),Dublin,GR,IE,39.60145,19.912179,53.428713,-6.262121,2500.8,1,EI,320
CFU-DUS,CFU,DUS,Kerkyra (Corfu),Düsseldorf,GR,DE,39.60145,19.912179,51.289501,6.76678,1650.3,2,"AB,X3","321 738,73H"
CFU-EDI,CFU,EDI,Kerkyra (Corfu),Edinburgh,GR,GB,39.60145,19.912179,55.950145,-3.372288,2492.7,1,FR,738
CFU-EIN,CFU,EIN,Kerkyra (Corfu),Eindhoven,GR,NL,39.60145,19.912179,51.4500999451,5.37452983856,1730.9,1,FR,738
CFU-FRA,CFU,FRA,Kerkyra (Corfu),Frankfurt am Main,GR,DE,39.60145,19.912179,50.026706,8.55835,1461.5,3,"AB,DE,X3","320,738,73H"
CFU-FMO,CFU,FMO,Kerkyra (Corfu),Greven,GR,DE,39.60145,19.912179,52.133816,7.688482,1679.6,1,AB,738
CFU-HAM,CFU,HAM,Kerkyra (Corfu),Hamburg,GR,DE,39.60145,19.912179,53.630402,9.98823,1730.5,2,"AB,DE","320,32S"
CFU-HAJ,CFU,HAJ,Kerkyra (Corfu),Hannover,GR,DE,39.60145,19.912179,52.461102,9.68508,1629.8,1,X3,73H
CFU-EFL,CFU,EFL,Kerkyra (Corfu),Kefallinia Island,GR,GR,39.60145,19.912179,38.12009811401367,20.500499725341797,172.4,1,HV,73H
CFU-CGN,CFU,CGN,Kerkyra (Corfu),Köln (Cologne),GR,DE,39.60145,19.912179,50.865898,7.14274,1598.0,2,"4U,AB","320 319,738"
CFU-LBA,CFU,LBA,Kerkyra (Corfu),"Leeds, West Yorkshire",GR,GB,39.60145,19.912179,53.865898,-1.66057,2267.3,1,FR,738
CFU-LIL,CFU,LIL,Kerkyra (Corfu),Lesquin,GR,FR,39.60145,19.912179,50.566564,3.102429,1789.0,1,HQ,320
CFU-LGW,CFU,LGW,Kerkyra (Corfu),London,GR,GB,39.60145,19.912179,51.148744,-0.185739,2016.5,2,"TO,U2","320,75W"
CFU-STN,CFU,STN,Kerkyra (Corfu),"London, Essex",GR,GB,39.60145,19.912179,51.884998,0.235,2036.7,1,FR,738
CFU-LTN,CFU,LTN,Kerkyra (Corfu),"Luton, Luton",GR,GB,39.60145,19.912179,51.874699,-0.368333,2070.5,1,U2,320
CFU-LUX,CFU,LUX,Kerkyra (Corfu),Luxembourg,GR,LU,39.60145,19.912179,49.626845,6.212134,1550.5,1,LG,73H
CFU-MAN,CFU,MAN,Kerkyra (Corfu),"Manchester, Greater Manchester",GR,GB,39.60145,19.912179,53.349375,-2.279521,2268.4,3,"FR,TO,U2","320,738,73H 76W"
CFU-DME,CFU,DME,Kerkyra (Corfu),Moscow,GR,RU,39.60145,19.912179,55.408798,37.9063,2203.4,1,A3,320
CFU-MUC,CFU,MUC,Kerkyra (Corfu),Munich,GR,DE,39.60145,19.912179,48.353802,11.7861,1169.0,2,"AB,X3","320,73H"
CFU-EMA,CFU,EMA,Kerkyra (Corfu),"Nottingham, Leicestershire",GR,GB,39.60145,19.912179,52.8311,-1.32806,2183.6,1,FR,738
CFU-PIK,CFU,PIK,Kerkyra (Corfu),"Prestwick, South Ayrshire",GR,GB,39.60145,19.912179,55.501499,-4.577182,2525.1,1,FR,738
CFU-PVK,CFU,PVK,Kerkyra (Corfu),Preveza,GR,GR,39.60145,19.912179,38.925499,20.765301,105.1,1,GQ,J41
CFU-CIA,CFU,CIA,Kerkyra (Corfu),Rome,GR,IT,39.60145,19.912179,41.798769,12.595331,663.2,1,FR,738
CFU-ATH,CFU,ATH,Kerkyra (Corfu),Spata-Artemida,GR,GR,39.60145,19.912179,37.936401,23.9445,395.5,2,"A3,OA",DH4 320
CFU-STR,CFU,STR,Kerkyra (Corfu),Stuttgart,GR,DE,39.60145,19.912179,48.689899,9.22196,1319.8,2,"4U,X3","319,73H"
CFU-SKG,CFU,SKG,Kerkyra (Corfu),Thessaloniki,GR,GR,39.60145,19.912179,40.51928,22.970009,279.5,1,A2,143
CFU-VIE,CFU,VIE,Kerkyra (Corfu),Vienna,GR,AT,39.60145,19.912179,48.110298,16.5697,983.1,2,"AB,HG",320
CFU-NRN,CFU,NRN,Kerkyra (Corfu),Weeze,GR,DE,39.60145,19.912179,51.601362,6.141228,1705.3,1,FR,738
CFU-BRU,CFU,BRU,Kerkyra (Corfu),Zaventem,GR,BE,39.60145,19.912179,50.901402,4.48444,1736.0,1,HQ,320
JMK-MXP,JMK,MXP,Mykonos,Ferno (VA),GR,IT,37.435101,25.348101,45.6306,8.72811,1651.5,1,U2,319 320
JMK-GVA,JMK,GVA,Mykonos,Geneva,GR,CH,37.435101,25.348101,46.238098,6.10895,1863.0,1,U2,319
JMK-CGN,JMK,CGN,Mykonos,Köln (Cologne),GR,DE,37.435101,25.348101,50.865898,7.14274,2072.3,1,4U,319
JMK-LGW,JMK,LGW,Mykonos,London,GR,GB,37.435101,25.348101,51.148744,-0.185739,2519.1,2,"TO,U2","320,73H"
JMK-LHR,JMK,LHR,Mykonos,London,GR,GB,37.435101,25.348101,51.470748,-0.459909,2552.5,1,BA,320
JMK-MAN,JMK,MAN,Mykonos,"Manchester, Greater Manchester",GR,GB,37.435101,25.348101,53.349375,-2.279521,2759.9,1,U2,320
JMK-JTR,JMK,JTR,Mykonos,Santorini Island,GR,GR,37.435101,25.348101,36.400045,25.478638,115.7,2,"HQ,HV","320,73H"
JMK-ATH,JMK,ATH,Mykonos,Spata-Artemida,GR,GR,37.435101,25.348101,37.936401,23.9445,135.5,2,"A3,OA",320 DH4
JMK-VIE,JMK,VIE,Mykonos,Vienna,GR,AT,37.435101,25.348101,48.110298,16.5697,1384.4,2,"AB,HG",320 321
MJT-AMS,MJT,AMS,Mytilene,Amsterdam,GR,NL,39.057406,26.598629,52.308601,4.76389,2230.9,1,HV,73W
MJT-JKH,MJT,JKH,Mytilene,Chios Island,GR,GR,39.057406,26.598629,38.34320068359375,26.140600204467773,88.8,1,GQ,J41
MJT-DUS,MJT,DUS,Mytilene,Düsseldorf,GR,DE,39.057406,26.598629,51.289501,6.76678,2053.6,1,AB,738
MJT-MUC,MJT,MUC,Mytilene,Munich,GR,DE,39.057406,26.598629,48.353802,11.7861,1571.9,1,AB,320
MJT-ATH,MJT,ATH,Mytilene,Spata-Artemida,GR,GR,39.057406,26.598629,37.936401,23.9445,262.4,2,"A3,OA",320 DH4
MJT-SKG,MJT,SKG,Mytilene,Thessaloniki,GR,GR,39.057406,26.598629,40.51928,22.970009,350.0,2,"A3,OA",320
VOL-AMS,VOL,AMS,Nea Anchialos,Amsterdam,GR,NL,39.219601,22.7943,52.308601,4.76389,2007.6,1,HV,73H
VOL-CRL,VOL,CRL,Nea Anchialos,Charleroi,GR,BE,39.219601,22.7943,50.461963,4.459562,1901.8,1,FR,738
VOL-HHN,VOL,HHN,Nea Anchialos,Frankfurt am Main (Lautzenhausen),GR,DE,39.219601,22.7943,49.946353,7.261734,1707.0,1,FR,738
VOL-VIE,VOL,VIE,Nea Anchialos,Vienna,GR,AT,39.219601,22.7943,48.110298,16.5697,1107.3,2,"AB,HG",320
GPA-DUS,GPA,DUS,Patras,Düsseldorf,GR,DE,38.1511,21.4256,51.289501,6.76678,1857.1,1,X3,73H
GPA-FRA,GPA,FRA,Patras,Frankfurt am Main,GR,DE,38.1511,21.4256,50.026706,8.55835,1668.3,1,X3,73H
PVK-AMS,PVK,AMS,Preveza,Amsterdam,GR,NL,38.925499,20.765301,52.308601,4.76389,1931.1,1,HV,73H
PVK-JSH,PVK,JSH,Preveza,Crete Island,GR,GR,38.925499,20.765301,35.21609878540039,26.101299285888672,627.7,1,GQ,J41
PVK-DUS,PVK,DUS,Preveza,Düsseldorf,GR,DE,38.925499,20.765301,51.289501,6.76678,1753.6,1,AB,321
PVK-EFL,PVK,EFL,Preveza,Kefallinia Island,GR,GR,38.925499,20.765301,38.12009811401367,20.500499725341797,92.5,1,GQ,J41
PVK-CFU,PVK,CFU,Preveza,Kerkyra (Corfu),GR,GR,38.925499,20.765301,39.60145,19.912179,105.1,1,GQ,J41
PVK-LGW,PVK,LGW,Preveza,London,GR,GB,38.925499,20.765301,51.148744,-0.185739,2121.6,2,"TO,TOM","73H,73H 75W"
PVK-MAN,PVK,MAN,Preveza,"Manchester, Greater Manchester",GR,GB,38.925499,20.765301,53.349375,-2.279521,2373.2,1,TO,73H
PVK-MUC,PVK,MUC,Preveza,Munich,GR,DE,38.925499,20.765301,48.353802,11.7861,1271.3,1,AB,320
PVK-VIE,PVK,VIE,Preveza,Vienna,GR,AT,38.925499,20.765301,48.110298,16.5697,1075.4,2,"AB,HG",E90
SMI-DUS,SMI,DUS,Samos Island,Düsseldorf,GR,DE,37.689999,26.911699,51.289501,6.76678,2186.4,1,AB,320
SMI-MUC,SMI,MUC,Samos Island,Munich,GR,DE,37.689999,26.911699,48.353802,11.7861,1702.4,1,AB,320
SMI-NUE,SMI,NUE,Samos Island,Nuremberg,GR,DE,37.689999,26.911699,49.498699,11.078056,1823.1,1,AB,738
SMI-ATH,SMI,ATH,Samos Island,Spata-Artemida,GR,GR,37.689999,26.911699,37.936401,23.9445,262.1,2,"A3,OA",DH4
SMI-SKG,SMI,SKG,Samos Island,Thessaloniki,GR,GR,37.689999,26.911699,40.51928,22.970009,463.2,1,A2,143
JTR-AMS,JTR,AMS,Santorini Island,Amsterdam,GR,NL,36.400045,25.478638,52.308601,4.76389,2399.9,1,HV,73H
JTR-CGN,JTR,CGN,Santorini Island,Köln (Cologne),GR,DE,36.400045,25.478638,50.865898,7.14274,2170.9,1,4U,319
JTR-LGW,JTR,LGW,Santorini Island,London,GR,GB,36.400045,25.478638,51.148744,-0.185739,2610.2,2,"DY,U2","320,73H"
JTR-LHR,JTR,LHR,Santorini Island,London,GR,GB,36.400045,25.478638,51.470748,-0.459909,2644.2,1,BA,320
JTR-MAN,JTR,MAN,Santorini Island,"Manchester, Greater Manchester",GR,GB,36.400045,25.478638,53.349375,-2.279521,2854.9,1,U2,320
JTR-VOL,JTR,VOL,Santorini Island,Nea Anchialos,GR,GR,36.400045,25.478638,39.219601,22.7943,392.3,1,HV,73H
JTR-ATH,JTR,ATH,Santorini Island,Spata-Artemida,GR,GR,36.400045,25.478638,37.936401,23.9445,218.3,3,"A3,OA,US","321,321 320 DH4 319"
JTR-VCE,JTR,VCE,Santorini Island,Venezia (VE),GR,IT,36.400045,25.478638,45.505299,12.3519,1493.2,1,V7,717
JTR-VIE,JTR,VIE,Santorini Island,Vienna,GR,AT,36.400045,25.478638,48.110298,16.5697,1492.0,3,"AB,HG,OS","321 320 E90,F70"
JTR-BRU,JTR,BRU,Santorini Island,Zaventem,GR,BE,36.400045,25.478638,50.901402,4.48444,2319.7,1,HQ,320
JSI-ATH,JSI,ATH,Skiathos,Spata-Artemida,GR,GR,39.177101,23.5037,37.936401,23.9445,143.2,2,"A3,OA",DH4
ATH-AXD,ATH,AXD,Spata-Artemida,Alexandroupolis,GR,GR,37.936401,23.9445,40.8559,25.956301,367.8,2,"A3,OA",320 DH4 321
ATH-AMS,ATH,AMS,Spata-Artemida,Amsterdam,GR,NL,37.936401,23.9445,52.308601,4.76389,2181.7,2,"HV,KL","737,73H 73W"
ATH-BCN,ATH,BCN,Spata-Artemida,Barcelona,GR,ES,37.936401,23.9445,41.2971,2.07846,1904.5,4,"A3,IB,OA,VY","320,320 321"
ATH-BEG,ATH,BEG,Spata-Artemida,Belgrade,GR,RS,37.936401,23.9445,44.818401,20.309099,822.9,3,"A3,JU,OA","319 320,DH4"
ATH-BUD,ATH,BUD,Spata-Artemida,Budapest,GR,HU,37.936401,23.9445,47.43018,19.262393,1122.3,1,A3,320
ATH-JKH,ATH,JKH,Spata-Artemida,Chios Island,GR,GR,37.936401,23.9445,38.34320068359375,26.140600204467773,197.3,2,"A3,OA",DH4 319
ATH-LYS,ATH,LYS,Spata-Artemida,"Colombier-Saugnieu, Rhône",GR,FR,37.936401,23.9445,45.725996,5.090139,1779.8,3,"A3,OA,TO","320,73H"
ATH-CPH,ATH,CPH,Spata-Artemida,Copenhagen,GR,DK,37.936401,23.9445,55.617900848389,12.656000137329,2139.5,2,"DY,SK","321,73H"
ATH-JSH,ATH,JSH,Spata-Artemida,Crete Island,GR,GR,37.936401,23.9445,35.21609878540039,26.101299285888672,358.6,1,A2,143
ATH-DUB,ATH,DUB,Spata-Artemida,Dublin,GR,IE,37.936401,23.9445,53.428713,-6.262121,2875.6,1,EI,320
ATH-DBV,ATH,DBV,Spata-Artemida,Dubrovnik,GR,HR,37.936401,23.9445,42.562247,18.265543,704.5,1,OU,DH4 319
ATH-DUS,ATH,DUS,Spata-Artemida,Düsseldorf,GR,DE,37.936401,23.9445,51.289501,6.76678,2003.4,2,"A3,LH",320
ATH-EDI,ATH,EDI,Spata-Artemida,Edinburgh,GR,GB,37.936401,23.9445,55.950145,-3.372288,2848.0,1,U2,319 320
ATH-EIN,ATH,EIN,Spata-Artemida,Eindhoven,GR,NL,37.936401,23.9445,51.4500999451,5.37452983856,2089.0,1,HV,73H 73W
ATH-MXP,ATH,MXP,Spata-Artemida,Ferno (VA),GR,IT,37.936401,23.9445,45.6306,8.72811,1520.3,3,"A3,OA,U2","319 320,320"
ATH-FRA,ATH,FRA,Spata-Artemida,Frankfurt am Main,GR,DE,37.936401,23.9445,50.026706,8.55835,1815.8,2,"A3,LH",321
ATH-GVA,ATH,GVA,Spata-Artemida,Geneva,GR,CH,37.936401,23.9445,46.238098,6.10895,1731.3,3,"A3,LX,U2","319,320,320 319"
ATH-HAM,ATH,HAM,Spata-Artemida,Hamburg,GR,DE,37.936401,23.9445,53.630402,9.98823,2045.2,1,U2,319
ATH-HEL,ATH,HEL,Spata-Artemida,Helsinki (Vantaa),GR,FI,37.936401,23.9445,60.318363,24.963341,2489.8,1,DY,73H
ATH-HER,ATH,HER,Spata-Artemida,Heraklion,GR,GR,37.936401,23.9445,35.339699,25.1803,309.1,4,"A3,GQ,MS,OA","321 DH4 320,DH4,J41"
ATH-IOA,ATH,IOA,Spata-Artemida,Ioannina,GR,GR,37.936401,23.9445,39.6964,20.8225,333.8,2,"A3,OA",DH4
ATH-IST,ATH,IST,Spata-Artemida,Istanbul,GR,TR,37.936401,23.9445,41.274874,28.732136,553.0,3,"A3,OA,TK","320,321 738 320"
ATH-AOK,ATH,AOK,Spata-Artemida,Karpathos Island,GR,GR,37.936401,23.9445,35.421398,27.146,399.6,2,"A3,OA",DH4
ATH-KVA,ATH,KVA,Spata-Artemida,Kavala,GR,GR,37.936401,23.9445,40.9133,24.6192,336.0,2,"A3,OA",DH4
ATH-EFL,ATH,EFL,Spata-Artemida,Kefallinia Island,GR,GR,37.936401,23.9445,38.12009811401367,20.500499725341797,302.3,2,"A3,OA",DH4
ATH-CFU,ATH,CFU,Spata-Artemida,Kerkyra (Corfu),GR,GR,37.936401,23.9445,39.60145,19.912179,395.5,2,"A3,OA",DH4 320
ATH-KZI,ATH,KZI,Spata-Artemida,Kozani,GR,GR,37.936401,23.9445,40.286098,21.840799,318.1,1,GQ,J41
ATH-KRR,ATH,KRR,Spata-Artemida,Krasnodar,GR,RU,37.936401,23.9445,45.034465,39.174215,1490.4,1,U6,320
ATH-CGN,ATH,CGN,Spata-Artemida,Köln (Cologne),GR,DE,37.936401,23.9445,50.865898,7.14274,1952.7,1,4U,319
ATH-LGW,ATH,LGW,Spata-Artemida,London,GR,GB,37.936401,23.9445,51.148744,-0.185739,2392.8,1,U2,319 320
ATH-LHR,ATH,LHR,Spata-Artemida,London,GR,GB,37.936401,23.9445,51.470748,-0.459909,2426.7,4,"A3,AA,BA,OA","320 767,321,321 320"
ATH-STN,ATH,STN,Spata-Artemida,"London, Essex",GR,GB,37.936401,23.9445,51.884998,0.235,2407.9,1,FR,738
ATH-MAD,ATH,MAD,Spata-Artemida,Madrid,GR,ES,37.936401,23.9445,40.493407,-3.572249,2377.9,2,"A3,OA",320
ATH-MAN,ATH,MAN,Spata-Artemida,"Manchester, Greater Manchester",GR,GB,37.936401,23.9445,53.349375,-2.279521,2636.7,3,"A3,OA,U2",320
ATH-MRS,ATH,MRS,Spata-Artemida,"Marignane, Bouches-du-Rhône",GR,FR,37.936401,23.9445,43.438088,5.2125,1689.1,3,"A3,AF,OA","319,320"
ATH-DME,ATH,DME,Spata-Artemida,Moscow,GR,RU,37.936401,23.9445,55.408798,37.9063,2206.3,2,"A3,S7","320,320 321"
ATH-SVO,ATH,SVO,Spata-Artemida,Moscow,GR,RU,37.936401,23.9445,55.976858,37.41121,2242.2,1,SU,320 321
ATH-MUC,ATH,MUC,Spata-Artemida,Munich,GR,DE,37.936401,23.9445,48.353802,11.7861,1517.7,3,"A3,CA,LH","320,321,330"
ATH-JMK,ATH,JMK,Spata-Artemida,Mykonos,GR,GR,37.936401,23.9445,37.435101,25.348101,135.5,2,"A3,OA",320 DH4
ATH-MJT,ATH,MJT,Spata-Artemida,Mytilene,GR,GR,37.936401,23.9445,39.057406,26.598629,262.4,2,"A3,OA",320 DH4
ATH-NTE,ATH,NTE,Spata-Artemida,Nantes,GR,FR,37.936401,23.9445,47.153198,-1.61073,2316.6,2,"A3,TO","320,73H"
ATH-BGY,ATH,BGY,Spata-Artemida,Orio al Serio (BG),GR,IT,37.936401,23.9445,45.669362,9.708851,1456.5,1,FR,738
ATH-OSL,ATH,OSL,Spata-Artemida,Oslo (Gardermoen),GR,NO,37.936401,23.9445,60.193901,11.1004,2635.0,3,"A3,DY,SK","73H,73W 73G"
ATH-OTP,ATH,OTP,Spata-Artemida,Otopeni,GR,RO,37.936401,23.9445,44.571792,26.103285,759.5,3,"A3,OA,RO","320 DH4,73W"
ATH-ORY,ATH,ORY,Spata-Artemida,"Paris (Orly, Val-de-Marne)",GR,FR,37.936401,23.9445,48.729499,2.358963,2106.7,2,"TO,U2","320,73H"
ATH-CDG,ATH,CDG,Spata-Artemida,"Paris (Roissy-en-France, Val-d'Oise)",GR,FR,37.936401,23.9445,49.00896,2.554117,2108.2,3,"A3,AF,OA","321 320,32A 319 320 321"
ATH-PRG,ATH,PRG,Spata-Artemida,Prague,GR,CZ,37.936401,23.9445,50.100874,14.259911,1555.6,1,A3,320
ATH-RIX,ATH,RIX,Spata-Artemida,Riga,GR,LV,37.936401,23.9445,56.920752,23.970711,2111.0,1,BT,73C
ATH-TIA,ATH,TIA,Spata-Artemida,Rinas,GR,AL,37.936401,23.9445,41.4147,19.7206,529.3,2,"A3,OA",DH4
ATH-FCO,ATH,FCO,Spata-Artemida,Rome,GR,IT,37.936401,23.9445,41.804532,12.251998,1085.4,4,"A3,AZ,OA,U2","319,320,321 32S 319"
ATH-SMI,ATH,SMI,Spata-Artemida,Samos Island,GR,GR,37.936401,23.9445,37.689999,26.911699,262.1,2,"A3,OA",DH4
ATH-JTR,ATH,JTR,Spata-Artemida,Santorini Island,GR,GR,37.936401,23.9445,36.400045,25.478638,218.3,2,"A3,OA",321 320 DH4 319
ATH-JSI,ATH,JSI,Spata-Artemida,Skiathos,GR,GR,37.936401,23.9445,39.177101,23.5037,143.2,2,"A3,OA",DH4
ATH-SOF,ATH,SOF,Spata-Artemida,Sofia,GR,BG,37.936401,23.9445,42.696357,23.417671,531.2,4,"A3,FB,KM,OA","320,DH4,E90"
ATH-SPU,ATH,SPU,Spata-Artemida,Split,GR,HR,37.936401,23.9445,43.538898,16.298,895.4,1,OU,319
ATH-LED,ATH,LED,Spata-Artemida,St. Petersburg,GR,RU,37.936401,23.9445,59.800301,30.262501,2472.0,1,A3,320
ATH-ARN,ATH,ARN,Spata-Artemida,Stockholm,GR,SE,37.936401,23.9445,59.64849,17.928829,2451.8,2,"DY,SK",73H
ATH-STR,ATH,STR,Spata-Artemida,Stuttgart,GR,DE,37.936401,23.9445,48.689899,9.22196,1682.2,1,4U,319
ATH-SKG,ATH,SKG,Spata-Artemida,Thessaloniki,GR,GR,37.936401,23.9445,40.51928,22.970009,299.2,3,"A3,FR,OA","320 321 DH4,738"
ATH-TLS,ATH,TLS,Spata-Artemida,Toulouse/Blagnac,GR,FR,37.936401,23.9445,43.629101,1.36382,1996.4,1,AF,320
ATH-MLA,ATH,MLA,Spata-Artemida,Valletta,GR,MT,37.936401,23.9445,35.845932,14.491546,871.8,1,KM,320
ATH-VCE,ATH,VCE,Spata-Artemida,Venezia (VE),GR,IT,37.936401,23.9445,45.505299,12.3519,1276.0,2,"AP,AZ",320
ATH-VIE,ATH,VIE,Spata-Artemida,Vienna,GR,AT,37.936401,23.9445,48.110298,16.5697,1278.9,2,"A3,OS","320,321 320"
ATH-WAW,ATH,WAW,Spata-Artemida,Warsaw,GR,PL,37.936401,23.9445,52.165699,20.9671,1599.1,2,"A3,LO","320,E95 E75 734"
ATH-ZTH,ATH,ZTH,Spata-Artemida,Zakynthos,GR,GR,37.936401,23.9445,37.7509,20.8843,269.5,2,"A3,OA",DH4
ATH-BRU,ATH,BRU,Spata-Artemida,Zaventem,GR,BE,37.936401,23.9445,50.901402,4.48444,2101.4,2,"A3,SN","319,321 320"
ATH-ZRH,ATH,ZRH,Spata-Artemida,Zurich,GR,CH,37.936401,23.9445,47.458056,8.548056,1639.1,1,LX,321
SKG-AMS,SKG,AMS,Thessaloniki,Amsterdam,GR,NL,40.51928,22.970009,52.308601,4.76389,1904.8,1,HV,73H
SKG-BEG,SKG,BEG,Thessaloniki,Belgrade,GR,RS,40.51928,22.970009,44.818401,20.309099,525.1,1,JU,319
SKG-BRE,SKG,BRE,Thessaloniki,Bremen,GR,DE,40.51928,22.970009,53.046786,8.78932,1755.7,1,FR,738
SKG-BUD,SKG,BUD,Thessaloniki,Budapest,GR,HU,40.51928,22.970009,47.43018,19.262393,823.5,1,W6,320
SKG-BSL,SKG,BSL,Thessaloniki,Bâle / Mulhouse,GR,FR,40.51928,22.970009,47.60068,7.521117,1460.2,1,U2,320 319
SKG-CRL,SKG,CRL,Thessaloniki,Charleroi,GR,BE,40.51928,22.970009,50.461963,4.459562,1809.3,1,FR,738
SKG-JKH,SKG,JKH,Thessaloniki,Chios Island,GR,GR,40.51928,22.970009,38.34320068359375,26.140600204467773,364.2,1,A2,143
SKG-CPH,SKG,CPH,Thessaloniki,Copenhagen,GR,DK,40.51928,22.970009,55.617900848389,12.656000137329,1840.9,2,"A3,SK",320
SKG-DUS,SKG,DUS,Thessaloniki,Düsseldorf,GR,DE,40.51928,22.970009,51.289501,6.76678,1726.6,4,"4U,A3,AB,LH","319 320,321"
SKG-FRA,SKG,FRA,Thessaloniki,Frankfurt am Main,GR,DE,40.51928,22.970009,50.026706,8.55835,1540.8,2,"A3,LH",321
SKG-HHN,SKG,HHN,Thessaloniki,Frankfurt am Main (Lautzenhausen),GR,DE,40.51928,22.970009,49.946353,7.261734,1610.4,1,FR,738
SKG-GRO,SKG,GRO,Thessaloniki,Girona,GR,ES,40.51928,22.970009,41.904639,2.761774,1693.5,1,FR,738
SKG-HAM,SKG,HAM,Thessaloniki,Hamburg,GR,DE,40.51928,22.970009,53.630402,9.98823,1752.4,2,"4U,AB","319,320"
SKG-HAJ,SKG,HAJ,Thessaloniki,Hannover,GR,DE,40.51928,22.970009,52.461102,9.68508,1667.0,2,"4U,A3","319,320"
SKG-HER,SKG,HER,Thessaloniki,Heraklion,GR,GR,40.51928,22.970009,35.339699,25.1803,607.6,2,"A3,OA",320
SKG-IST,SKG,IST,Thessaloniki,Istanbul,GR,TR,40.51928,22.970009,41.274874,28.732136,491.4,1,TK,738
SKG-KLX,SKG,KLX,Thessaloniki,Kalamata,GR,GR,40.51928,22.970009,37.06829833984375,22.02549934387207,392.4,1,A2,143
SKG-CFU,SKG,CFU,Thessaloniki,Kerkyra (Corfu),GR,GR,40.51928,22.970009,39.60145,19.912179,279.5,1,A2,143
SKG-CGN,SKG,CGN,Thessaloniki,Köln (Cologne),GR,DE,40.51928,22.970009,50.865898,7.14274,1677.2,1,4U,319 320
SKG-LGW,SKG,LGW,Thessaloniki,London,GR,GB,40.51928,22.970009,51.148744,-0.185739,2134.0,2,"BA,U2","319 320,734"
SKG-STN,SKG,STN,Thessaloniki,"London, Essex",GR,GB,40.51928,22.970009,51.884998,0.235,2143.5,1,FR,738
SKG-MAN,SKG,MAN,Thessaloniki,"Manchester, Greater Manchester",GR,GB,40.51928,22.970009,53.349375,-2.279521,2368.7,1,U2,320
SKG-DME,SKG,DME,Thessaloniki,Moscow,GR,RU,40.51928,22.970009,55.408798,37.9063,1985.3,3,"A3,EL,S7","320,AR8"
SKG-SVO,SKG,SVO,Thessaloniki,Moscow,GR,RU,40.51928,22.970009,55.976858,37.41121,2015.2,1,SU,321
SKG-MUC,SKG,MUC,Thessaloniki,Munich,GR,DE,40.51928,22.970009,48.353802,11.7861,1241.5,4,"A3,AB,LH,US","320,738"
SKG-MJT,SKG,MJT,Thessaloniki,Mytilene,GR,GR,40.51928,22.970009,39.057406,26.598629,350.0,2,"A3,OA",320
SKG-WMI,SKG,WMI,Thessaloniki,Nowy Dwór Mazowiecki,GR,PL,40.51928,22.970009,52.451099,20.6518,1338.4,1,FR,738
SKG-NUE,SKG,NUE,Thessaloniki,Nuremberg,GR,DE,40.51928,22.970009,49.498699,11.078056,1364.6,2,"A3,AB","320,738"
SKG-NYO,SKG,NYO,Thessaloniki,Nyköping,GR,SE,40.51928,22.970009,58.789656,16.911479,2075.8,1,FR,738
SKG-BGY,SKG,BGY,Thessaloniki,Orio al Serio (BG),GR,IT,40.51928,22.970009,45.669362,9.708851,1217.4,1,FR,738
SKG-OTP,SKG,OTP,Thessaloniki,Otopeni,GR,RO,40.51928,22.970009,44.571792,26.103285,518.5,1,RO,AT5
SKG-CDG,SKG,CDG,Thessaloniki,"Paris (Roissy-en-France, Val-d'Oise)",GR,FR,40.51928,22.970009,49.00896,2.554117,1859.2,1,A3,320
SKG-PSA,SKG,PSA,Thessaloniki,Pisa (PI),GR,IT,40.51928,22.970009,43.683899,10.3927,1094.4,1,FR,738
SKG-FKB,SKG,FKB,Thessaloniki,Rheinmünster,GR,DE,40.51928,22.970009,48.7794,8.0805,1489.2,1,FR,738
SKG-CIA,SKG,CIA,Thessaloniki,Rome,GR,IT,40.51928,22.970009,41.798769,12.595331,879.5,1,FR,738
SKG-FCO,SKG,FCO,Thessaloniki,Rome,GR,IT,40.51928,22.970009,41.804532,12.251998,907.9,2,"AZ,U2","319,E75 E90"
SKG-ROV,SKG,ROV,Thessaloniki,Rostov-on-Don,GR,RU,40.51928,22.970009,47.493888,39.924722,1557.3,1,EL,AR8
SKG-SMI,SKG,SMI,Thessaloniki,Samos Island,GR,GR,40.51928,22.970009,37.689999,26.911699,463.2,1,A2,143
SKG-ATH,SKG,ATH,Thessaloniki,Spata-Artemida,GR,GR,40.51928,22.970009,37.936401,23.9445,299.2,6,"A3,FR,LH,OA,U6,US","320,320 321 DH4,321,738"
SKG-LED,SKG,LED,Thessaloniki,St. Petersburg,GR,RU,40.51928,22.970009,59.800301,30.262501,2202.9,2,"A3,S7",320
SKG-ARN,SKG,ARN,Thessaloniki,Stockholm,GR,SE,40.51928,22.970009,59.64849,17.928829,2155.8,2,"A3,SK",736
SKG-STR,SKG,STR,Thessaloniki,Stuttgart,GR,DE,40.51928,22.970009,48.689899,9.22196,1414.0,4,"4U,A3,AB,LH","319 320,320,738"
SKG-VIE,SKG,VIE,Thessaloniki,Vienna,GR,AT,40.51928,22.970009,48.110298,16.5697,985.0,3,"AB,HG,OS","320 100,E90"
SKG-NRN,SKG,NRN,Thessaloniki,Weeze,GR,DE,40.51928,22.970009,51.601362,6.141228,1782.1,1,FR,738
ZTH-AMS,ZTH,AMS,Zakynthos,Amsterdam,GR,NL,37.7509,20.8843,52.308601,4.76389,2045.8,1,HV,73H
ZTH-CRL,ZTH,CRL,Zakynthos,Charleroi,GR,BE,37.7509,20.8843,50.461963,4.459562,1919.6,1,FR,738
ZTH-DUS,ZTH,DUS,Zakynthos,Düsseldorf,GR,DE,37.7509,20.8843,51.289501,6.76678,1869.0,1,AB,738
ZTH-EFL,ZTH,EFL,Zakynthos,Kefallinia Island,GR,GR,37.7509,20.8843,38.12009811401367,20.500499725341797,53.1,1,GQ,J41
ZTH-LBA,ZTH,LBA,Zakynthos,"Leeds, West Yorkshire",GR,GB,37.7509,20.8843,53.865898,-1.66057,2481.9,1,LS,73H
ZTH-LGW,ZTH,LGW,Zakynthos,London,GR,GB,37.7509,20.8843,51.148744,-0.185739,2225.2,2,"TO,U2","320,73H"
ZTH-MAN,ZTH,MAN,Zakynthos,"Manchester, Greater Manchester",GR,GB,37.7509,20.8843,53.349375,-2.279521,2481.1,2,"DE,LS","738,757"
ZTH-MUC,ZTH,MUC,Zakynthos,Munich,GR,DE,37.7509,20.8843,48.353802,11.7861,1389.4,1,AB,738
ZTH-ATH,ZTH,ATH,Zakynthos,Spata-Artemida,GR,GR,37.7509,20.8843,37.936401,23.9445,269.5,2,"A3,OA",DH4
ZTH-VIE,ZTH,VIE,Zakynthos,Vienna,GR,AT,37.7509,20.8843,48.110298,16.5697,1203.8,2,"AB,HG",320 E90
ZTH-BRU,ZTH,BRU,Zakynthos,Zaventem,GR,BE,37.7509,20.8843,50.901402,4.48444,1950.8,1,HQ,320
DBV-AMS,DBV,AMS,Dubrovnik,Amsterdam,HR,NL,42.562247,18.265543,52.308601,4.76389,1480.5,1,OU,319
DBV-BCN,DBV,BCN,Dubrovnik,Barcelona,HR,ES,42.562247,18.265543,41.2971,2.07846,1344.4,2,"IB,VY",320
DBV-BFS,DBV,BFS,Dubrovnik,Belfast,HR,GB,42.562247,18.265543,54.6575012207,-6.2158298492399995,2227.6,1,LS,733
DBV-BGO,DBV,BGO,Dubrovnik,Bergen,HR,NO,42.562247,18.265543,60.2934,5.21814,2160.0,1,DY,73H
DBV-BHX,DBV,BHX,Dubrovnik,"Birmingham, West Midlands",HR,GB,42.562247,18.265543,52.453899,-1.74803,1852.4,3,"BE,TO,ZB","321 320,73H,E75"
DBV-DUB,DBV,DUB,Dubrovnik,Dublin,HR,IE,42.562247,18.265543,53.428713,-6.262121,2171.6,1,EI,320
DBV-DUS,DBV,DUS,Dubrovnik,Düsseldorf,HR,DE,42.562247,18.265543,51.289501,6.76678,1302.4,3,"4U,LH,OU","319,CRJ"
DBV-EDI,DBV,EDI,Dubrovnik,Edinburgh,HR,GB,42.562247,18.265543,55.950145,-3.372288,2146.8,2,"LS,U2","320,733"
DBV-FRA,DBV,FRA,Dubrovnik,Frankfurt am Main,HR,DE,42.562247,18.265543,50.026706,8.55835,1114.0,2,"LH,OU","319 320,319 320 735"
DBV-GVA,DBV,GVA,Dubrovnik,Geneva,HR,CH,42.562247,18.265543,46.238098,6.10895,1047.3,1,U2,320
DBV-HAM,DBV,HAM,Dubrovnik,Hamburg,HR,DE,42.562247,18.265543,53.630402,9.98823,1373.5,1,4U,319
DBV-HAJ,DBV,HAJ,Dubrovnik,Hannover,HR,DE,42.562247,18.265543,52.461102,9.68508,1273.5,1,4U,319
DBV-HEL,DBV,HEL,Dubrovnik,Helsinki (Vantaa),HR,FI,42.562247,18.265543,60.318363,24.963341,2025.7,2,"AY,DY","320 321,73H"
DBV-CGN,DBV,CGN,Dubrovnik,Köln (Cologne),HR,DE,42.562247,18.265543,50.865898,7.14274,1251.0,1,4U,319
DBV-LBA,DBV,LBA,Dubrovnik,"Leeds, West Yorkshire",HR,GB,42.562247,18.265543,53.865898,-1.66057,1927.1,1,LS,733
DBV-LIL,DBV,LIL,Dubrovnik,Lesquin,HR,FR,42.562247,18.265543,50.566564,3.102429,1456.8,1,HQ,320
DBV-LGW,DBV,LGW,Dubrovnik,London,HR,GB,42.562247,18.265543,51.148744,-0.185739,1689.6,5,"BA,DY,TO,U2,ZB","319 320,321 752,734 319,73H,75W"
DBV-STN,DBV,STN,Dubrovnik,"London, Essex",HR,GB,42.562247,18.265543,51.884998,0.235,1703.5,1,U2,319
DBV-LUX,DBV,LUX,Dubrovnik,Luxembourg,HR,LU,42.562247,18.265543,49.626845,6.212134,1214.4,1,LG,DH4
DBV-MAN,DBV,MAN,Dubrovnik,"Manchester, Greater Manchester",HR,GB,42.562247,18.265543,53.349375,-2.279521,1932.1,3,"LS,TO,ZB","321 320,733,73H"
DBV-MUC,DBV,MUC,Dubrovnik,Munich,HR,DE,42.562247,18.265543,48.353802,11.7861,818.0,2,"LH,OU",319 E95 320
DBV-NCL,DBV,NCL,Dubrovnik,"Newcastle upon Tyne, Tyne and Wear",HR,GB,42.562247,18.265543,55.037958,-1.689577,2001.7,1,LS,733
DBV-EMA,DBV,EMA,Dubrovnik,"Nottingham, Leicestershire",HR,GB,42.562247,18.265543,52.8311,-1.32806,1848.2,1,LS,733
DBV-OSI,DBV,OSI,Dubrovnik,Osijek(Klisa),HR,HR,42.562247,18.265543,45.462355,18.811278,325.4,1,OU,DH4
DBV-OSL,DBV,OSL,Dubrovnik,Oslo (Gardermoen),HR,NO,42.562247,18.265543,60.193901,11.1004,2019.8,1,DY,73H
DBV-ORY,DBV,ORY,Dubrovnik,"Paris (Orly, Val-de-Marne)",HR,FR,42.562247,18.265543,48.729499,2.358963,1410.0,1,TO,73H
DBV-CDG,DBV,CDG,Dubrovnik,"Paris (Roissy-en-France, Val-d'Oise)",HR,FR,42.562247,18.265543,49.00896,2.554117,1409.5,1,OU,319
DBV-RJK,DBV,RJK,Dubrovnik,Rijeka(Omišalj),HR,HR,42.562247,18.265543,45.216376,14.57085,418.0,1,OU,EM2
DBV-FCO,DBV,FCO,Dubrovnik,Rome,HR,IT,42.562247,18.265543,41.804532,12.251998,502.5,1,OU,DH4
DBV-TRF,DBV,TRF,Dubrovnik,Sandefjord(Torp),HR,NO,42.562247,18.265543,59.186699,10.2586,1928.8,1,DY,73H
DBV-ATH,DBV,ATH,Dubrovnik,Spata-Artemida,HR,GR,42.562247,18.265543,37.936401,23.9445,704.5,1,OU,DH4 319
DBV-ARN,DBV,ARN,Dubrovnik,Stockholm,HR,SE,42.562247,18.265543,59.64849,17.928829,1900.0,2,"DY,SK","73H,73H 73W"
DBV-STR,DBV,STR,Dubrovnik,Stuttgart,HR,DE,42.562247,18.265543,48.689899,9.22196,977.9,1,4U,319
DBV-TRD,DBV,TRD,Dubrovnik,Trondheim,HR,NO,42.562247,18.265543,63.457802,10.924,2371.2,1,DY,73H
DBV-ZAG,DBV,ZAG,Dubrovnik,Velika Gorica,HR,HR,42.562247,18.265543,45.742901,16.0688,394.7,1,OU,320 DH4 319
DBV-VCE,DBV,VCE,Dubrovnik,Venezia (VE),HR,IT,42.562247,18.265543,45.505299,12.3519,574.7,1,OU,DH4
DBV-VIE,DBV,VIE,Dubrovnik,Vienna,HR,AT,42.562247,18.265543,48.110298,16.5697,631.0,2,"OS,OU",321 319 320
DBV-WAW,DBV,WAW,Dubrovnik,Warsaw,HR,PL,42.562247,18.265543,52.165699,20.9671,1086.9,1,K2,DH4
DBV-BRU,DBV,BRU,Dubrovnik,Zaventem,HR,BE,42.562247,18.265543,50.901402,4.48444,1397.0,1,HQ,319 320
DBV-ZRH,DBV,ZRH,Dubrovnik,Zurich,HR,CH,42.562247,18.265543,47.458056,8.548056,936.9,2,"LX,OU",DH4
BWK-ZAG,BWK,ZAG,Gornji Humac,Velika Gorica,HR,HR,43.284454,16.678362,45.742901,16.0688,277.6,1,OU,DH4
OSI-DBV,OSI,DBV,Osijek(Klisa),Dubrovnik,HR,HR,45.462355,18.811278,42.562247,18.265543,325.4,1,OU,DH4
OSI-STN,OSI,STN,Osijek(Klisa),"London, Essex",HR,GB,45.462355,18.811278,51.884998,0.235,1533.6,1,FR,738
OSI-SPU,OSI,SPU,Osijek(Klisa),Split,HR,HR,45.462355,18.811278,43.538898,16.298,292.3,1,OU,DH4
OSI-ZAG,OSI,ZAG,Osijek(Klisa),Velika Gorica,HR,HR,45.462355,18.811278,45.742901,16.0688,215.6,1,OU,EM2
PUY-BVA,PUY,BVA,Pula,Beauvais,HR,FR,44.893501,13.9222,49.454399,2.11278,1025.0,1,FR,738
PUY-CRL,PUY,CRL,Pula,Charleroi,HR,BE,44.893501,13.9222,50.461963,4.459562,939.6,1,FR,738
PUY-DUB,PUY,DUB,Pula,Dublin,HR,IE,44.893501,13.9222,53.428713,-6.262121,1738.4,1,EI,320
PUY-FRA,PUY,FRA,Pula,Frankfurt am Main,HR,DE,44.893501,13.9222,50.026706,8.55835,698.5,1,OU,319 320
PUY-HHN,PUY,HHN,Pula,Frankfurt am Main (Lautzenhausen),HR,DE,44.893501,13.9222,49.946353,7.261734,752.3,1,FR,738
PUY-CGN,PUY,CGN,Pula,Köln (Cologne),HR,DE,44.893501,13.9222,50.865898,7.14274,833.9,1,4U,319 CRJ
PUY-STN,PUY,STN,Pula,"London, Essex",HR,GB,44.893501,13.9222,51.884998,0.235,1271.6,1,FR,738
PUY-MAN,PUY,MAN,Pula,"Manchester, Greater Manchester",HR,GB,44.893501,13.9222,53.349375,-2.279521,1502.1,2,"LS,TO","733,73H"
PUY-DME,PUY,DME,Pula,Moscow,HR,RU,44.893501,13.9222,55.408798,37.9063,2053.9,1,S7,320 738
PUY-OSL,PUY,OSL,Pula,Oslo (Gardermoen),HR,NO,44.893501,13.9222,60.193901,11.1004,1711.6,1,DY,733
PUY-ARN,PUY,ARN,Pula,Stockholm,HR,SE,44.893501,13.9222,59.64849,17.928829,1662.4,1,SK,717
PUY-ZAG,PUY,ZAG,Pula,Velika Gorica,HR,HR,44.893501,13.9222,45.742901,16.0688,192.6,1,OU,DH4
PUY-ZAD,PUY,ZAD,Pula,Zadar,HR,HR,44.893501,13.9222,44.096986,15.353565,144.0,1,OU,DH4
RJK-HAM,RJK,HAM,Rijeka(Omišalj),Hamburg,HR,DE,45.216376,14.57085,53.630402,9.98823,992.0,1,4U,319
RJK-CGN,RJK,CGN,Rijeka(Omišalj),Köln (Cologne),HR,DE,45.216376,14.57085,50.865898,7.14274,835.6,1,4U,319
RJK-LHR,RJK,LHR,Rijeka(Omišalj),London,HR,GB,45.216376,14.57085,51.470748,-0.459909,1306.9,1,OU,320
RJK-NYO,RJK,NYO,Rijeka(Omišalj),Nyköping,HR,SE,45.216376,14.57085,58.789656,16.911479,1517.5,1,FR,738
RJK-SPU,RJK,SPU,Rijeka(Omišalj),Split,HR,HR,45.216376,14.57085,43.538898,16.298,231.6,1,OU,EM2
RJK-STR,RJK,STR,Rijeka(Omišalj),Stuttgart,HR,DE,45.216376,14.57085,48.689899,9.22196,560.1,1,4U,319
RJK-ZAG,RJK,ZAG,Rijeka(Omišalj),Velika Gorica,HR,HR,45.216376,14.57085,45.742901,16.0688,130.6,1,OU,EM2
SPU-BEG,SPU,BEG,Split,Belgrade,HR,RS,43.538898,16.298,44.818401,20.309099,350.0,1,OU,DH4
SPU-BHX,SPU,BHX,Split,"Birmingham, West Midlands",HR,GB,43.538898,16.298,52.453899,-1.74803,1661.4,1,ZB,320
SPU-BSL,SPU,BSL,Split,Bâle / Mulhouse,HR,FR,43.538898,16.298,47.60068,7.521117,818.2,1,U2,319
SPU-LYS,SPU,LYS,Split,"Colombier-Saugnieu, Rhône",HR,FR,43.538898,16.298,45.725996,5.090139,918.7,1,OU,DH4
SPU-CPH,SPU,CPH,Split,Copenhagen,HR,DK,43.538898,16.298,55.617900848389,12.656000137329,1368.1,2,"DY,SK","320,73H"
SPU-DTM,SPU,DTM,Split,Dortmund,HR,DE,43.538898,16.298,51.518299,7.61224,1099.5,1,4U,319
SPU-DBV,SPU,DBV,Split,Dubrovnik,HR,HR,43.538898,16.298,42.562247,18.265543,193.3,1,OU,319 EM2 320
SPU-DUS,SPU,DUS,Split,Düsseldorf,HR,DE,43.538898,16.298,51.289501,6.76678,1119.3,3,"4U,LH,OU",319
SPU-FRA,SPU,FRA,Split,Frankfurt am Main,HR,DE,43.538898,16.298,50.026706,8.55835,930.5,3,"DE,LH,OU","319,320 319,32S"
SPU-GVA,SPU,GVA,Split,Geneva,HR,CH,43.538898,16.298,46.238098,6.10895,856.2,1,U2,319
SPU-GOT,SPU,GOT,Split,Göteborg,HR,SE,43.538898,16.298,57.6628,12.2798,1595.2,1,SK,73H
SPU-HAM,SPU,HAM,Split,Hamburg,HR,DE,43.538898,16.298,53.630402,9.98823,1213.2,1,4U,319
SPU-HAJ,SPU,HAJ,Split,Hannover,HR,DE,43.538898,16.298,52.461102,9.68508,1106.3,1,4U,319
SPU-HEL,SPU,HEL,Split,Helsinki (Vantaa),HR,FI,43.538898,16.298,60.318363,24.963341,1954.2,1,DY,73H
SPU-CGN,SPU,CGN,Split,Köln (Cologne),HR,DE,43.538898,16.298,50.865898,7.14274,1067.1,1,4U,319
SPU-LIL,SPU,LIL,Split,Lesquin,HR,FR,43.538898,16.298,50.566564,3.102429,1265.7,1,HQ,320
SPU-LGW,SPU,LGW,Split,London,HR,GB,43.538898,16.298,51.148744,-0.185739,1497.5,3,"DY,OU,U2","319 320,320,73H"
SPU-LHR,SPU,LHR,Split,London,HR,GB,43.538898,16.298,51.470748,-0.459909,1531.2,1,OU,320
SPU-MAN,SPU,MAN,Split,"Manchester, Greater Manchester",HR,GB,43.538898,16.298,53.349375,-2.279521,1742.5,1,LS,733
SPU-MUC,SPU,MUC,Split,Munich,HR,DE,43.538898,16.298,48.353802,11.7861,638.8,2,"LH,OU","DH4,DH4 CR9"
SPU-NUE,SPU,NUE,Split,Nuremberg,HR,DE,43.538898,16.298,49.498699,11.078056,773.3,1,AB,DH4
SPU-OSI,SPU,OSI,Split,Osijek(Klisa),HR,HR,43.538898,16.298,45.462355,18.811278,292.3,1,OU,DH4
SPU-OSL,SPU,OSL,Split,Oslo (Gardermoen),HR,NO,43.538898,16.298,60.193901,11.1004,1884.6,1,DY,73H
SPU-CDG,SPU,CDG,Split,"Paris (Roissy-en-France, Val-d'Oise)",HR,FR,43.538898,16.298,49.00896,2.554117,1216.3,1,OU,319 320
SPU-PRG,SPU,PRG,Split,Prague,HR,CZ,43.538898,16.298,50.100874,14.259911,745.9,2,"OK,QS",738
SPU-FCO,SPU,FCO,Split,Rome,HR,IT,43.538898,16.298,41.804532,12.251998,382.8,1,OU,DH4
SPU-RTM,SPU,RTM,Split,Rotterdam,HR,NL,43.538898,16.298,51.956902,4.43722,1286.3,1,HV,73W
SPU-ATH,SPU,ATH,Split,Spata-Artemida,HR,GR,43.538898,16.298,37.936401,23.9445,895.4,1,OU,319
SPU-ARN,SPU,ARN,Split,Stockholm,HR,SE,43.538898,16.298,59.64849,17.928829,1794.7,2,"DY,SK",73H
SPU-STR,SPU,STR,Split,Stuttgart,HR,DE,43.538898,16.298,48.689899,9.22196,790.3,1,4U,319 320
SPU-TLL,SPU,TLL,Split,Tallinn,HR,EE,43.538898,16.298,59.413246,24.83264,1857.9,1,OV,CR9
SPU-ZAG,SPU,ZAG,Split,Velika Gorica,HR,HR,43.538898,16.298,45.742901,16.0688,245.7,1,OU,319 DH4 320
SPU-VIE,SPU,VIE,Split,Vienna,HR,AT,43.538898,16.298,48.110298,16.5697,508.8,2,"OS,OU","DH4,DH4 320 319"
SPU-WAW,SPU,WAW,Split,Warsaw,HR,PL,43.538898,16.298,52.165699,20.9671,1020.0,1,K2,DH4
SPU-ZRH,SPU,ZRH,Split,Zurich,HR,CH,43.538898,16.298,47.458056,8.548056,744.2,2,"LX,OU",DH4
ZAG-AMS,ZAG,AMS,Velika Gorica,Amsterdam,HR,NL,45.742901,16.0688,52.308601,4.76389,1098.8,1,OU,319 320
ZAG-BCN,ZAG,BCN,Velika Gorica,Barcelona,HR,ES,45.742901,16.0688,41.2971,2.07846,1229.4,3,"IB,OU,VY","319,320"
ZAG-BLQ,ZAG,BLQ,Velika Gorica,Bologna,HR,IT,45.742901,16.0688,44.5354,11.2887,398.2,2,"OU,TP",319 320
ZAG-BUD,ZAG,BUD,Velika Gorica,Budapest,HR,HU,45.742901,16.0688,47.43018,19.262393,307.8,1,QR,321 320
ZAG-CPH,ZAG,CPH,Velika Gorica,Copenhagen,HR,DK,45.742901,16.0688,55.617900848389,12.656000137329,1123.7,3,"DY,OU,SK","319 DH4,73H"
ZAG-DBV,ZAG,DBV,Velika Gorica,Dubrovnik,HR,HR,45.742901,16.0688,42.562247,18.265543,394.7,1,OU,DH4 319 320
ZAG-FRA,ZAG,FRA,Velika Gorica,Frankfurt am Main,HR,DE,45.742901,16.0688,50.026706,8.55835,734.6,2,"LH,OU","320 319,733 32A"
ZAG-BWK,ZAG,BWK,Velika Gorica,Gornji Humac,HR,HR,45.742901,16.0688,43.284454,16.678362,277.6,1,OU,DH4
ZAG-SKP,ZAG,SKP,Velika Gorica,Ilinden,HR,MK,45.742901,16.0688,41.958087,21.622581,612.5,1,OU,319 DH4
ZAG-IST,ZAG,IST,Velika Gorica,Istanbul,HR,TR,45.742901,16.0688,41.274874,28.732136,1133.9,2,"OU,TK","319,739 319 320 738"
ZAG-CGN,ZAG,CGN,Velika Gorica,Köln (Cologne),HR,DE,45.742901,16.0688,50.865898,7.14274,870.9,1,4U,CRJ 319
ZAG-LGW,ZAG,LGW,Velika Gorica,London,HR,GB,45.742901,16.0688,51.148744,-0.185739,1337.2,1,U2,319
ZAG-LHR,ZAG,LHR,Velika Gorica,London,HR,GB,45.742901,16.0688,51.470748,-0.459909,1367.8,3,"AA,BA,OU",319 320
ZAG-SVO,ZAG,SVO,Velika Gorica,Moscow,HR,RU,45.742901,16.0688,55.976858,37.41121,1868.2,1,SU,319
ZAG-MUC,ZAG,MUC,Velika Gorica,Munich,HR,DE,45.742901,16.0688,48.353802,11.7861,435.3,2,"LH,OU","DH4,E95 CR9"
ZAG-OSI,ZAG,OSI,Velika Gorica,Osijek(Klisa),HR,HR,45.742901,16.0688,45.462355,18.811278,215.6,1,OU,EM2
ZAG-CDG,ZAG,CDG,Velika Gorica,"Paris (Roissy-en-France, Val-d'Oise)",HR,FR,45.742901,16.0688,49.00896,2.554117,1078.7,2,"AF,OU","319 320,AR8"
ZAG-PRN,ZAG,PRN,Velika Gorica,Prishtina,HR,XK,45.742901,16.0688,42.5728,21.035801,530.1,1,OU,DH4
ZAG-RJK,ZAG,RJK,Velika Gorica,Rijeka(Omišalj),HR,HR,45.742901,16.0688,45.216376,14.57085,130.6,1,OU,EM2
ZAG-SJJ,ZAG,SJJ,Velika Gorica,Sarajevo,HR,BA,45.742901,16.0688,43.8246,18.331499,278.2,1,OU,DH4
ZAG-SPU,ZAG,SPU,Velika Gorica,Split,HR,HR,45.742901,16.0688,43.538898,16.298,245.7,1,OU,DH4 320 319
ZAG-STR,ZAG,STR,Velika Gorica,Stuttgart,HR,DE,45.742901,16.0688,48.689899,9.22196,611.8,1,4U,319
ZAG-VIE,ZAG,VIE,Velika Gorica,Vienna,HR,AT,45.742901,16.0688,48.110298,16.5697,266.0,2,"OS,OU","DH4,DH4 F70 100"
ZAG-ZAD,ZAG,ZAD,Velika Gorica,Zadar,HR,HR,45.742901,16.0688,44.096986,15.353565,191.5,1,OU,DH4
ZAG-BRU,ZAG,BRU,Velika Gorica,Zaventem,HR,BE,45.742901,16.0688,50.901402,4.48444,1029.0,2,"OU,SN",DH4
ZAG-ZRH,ZAG,ZRH,Velika Gorica,Zurich,HR,CH,45.742901,16.0688,47.458056,8.548056,605.1,2,"LX,OU",DH4
ZAD-BVA,ZAD,BVA,Zadar,Beauvais,HR,FR,44.096986,15.353565,49.454399,2.11278,1168.7,1,FR,738
ZAD-BLL,ZAD,BLL,Zadar,Billund,HR,DK,44.096986,15.353565,55.740335,9.157019,1367.2,1,FR,738
ZAD-CRL,ZAD,CRL,Zadar,Charleroi,HR,BE,44.096986,15.353565,50.461963,4.459562,1082.6,1,FR,738
ZAD-DUB,ZAD,DUB,Zadar,Dublin,HR,IE,44.096986,15.353565,53.428713,-6.262121,1882.2,1,FR,738
ZAD-DUS,ZAD,DUS,Zadar,Düsseldorf,HR,DE,44.096986,15.353565,51.289501,6.76678,1024.6,1,4U,CRJ
ZAD-FRA,ZAD,FRA,Zadar,Frankfurt am Main,HR,DE,44.096986,15.353565,50.026706,8.55835,835.7,2,"LH,OU",319
ZAD-HHN,ZAD,HHN,Zadar,Frankfurt am Main (Lautzenhausen),HR,DE,44.096986,15.353565,49.946353,7.261734,893.0,1,FR,738
ZAD-FDH,ZAD,FDH,Zadar,Friedrichshafen,HR,DE,44.096986,15.353565,47.671299,9.51149,601.7,1,3L,AT7
ZAD-HAU,ZAD,HAU,Zadar,Karmøy,HR,NO,44.096986,15.353565,59.345299,5.20836,1829.1,1,FR,738
ZAD-CGN,ZAD,CGN,Zadar,Köln (Cologne),HR,DE,44.096986,15.353565,50.865898,7.14274,972.0,1,4U,319
ZAD-STN,ZAD,STN,Zadar,"London, Essex",HR,GB,44.096986,15.353565,51.884998,0.235,1415.1,1,FR,738
ZAD-MAN,ZAD,MAN,Zadar,"Manchester, Greater Manchester",HR,GB,44.096986,15.353565,53.349375,-2.279521,1645.1,1,FR,738
ZAD-MRS,ZAD,MRS,Zadar,"Marignane, Bouches-du-Rhône",HR,FR,44.096986,15.353565,43.438088,5.2125,817.1,1,FR,738
ZAD-MUC,ZAD,MUC,Zadar,Munich,HR,DE,44.096986,15.353565,48.353802,11.7861,547.0,2,"LH,OU",DH4
ZAD-NYO,ZAD,NYO,Zadar,Nyköping,HR,SE,44.096986,15.353565,58.789656,16.911479,1637.2,1,FR,738
ZAD-PUY,ZAD,PUY,Zadar,Pula,HR,HR,44.096986,15.353565,44.893501,13.9222,144.0,1,OU,DH4
ZAD-FKB,ZAD,FKB,Zadar,Rheinmünster,HR,DE,44.096986,15.353565,48.7794,8.0805,762.1,1,FR,738
ZAD-STR,ZAD,STR,Zadar,Stuttgart,HR,DE,44.096986,15.353565,48.689899,9.22196,693.8,1,4U,319
ZAD-ZAG,ZAD,ZAG,Zadar,Velika Gorica,HR,HR,44.096986,15.353565,45.742901,16.0688,191.5,1,OU,DH4
ZAD-WAW,ZAD,WAW,Zadar,Warsaw,HR,PL,44.096986,15.353565,52.165699,20.9671,988.5,1,K2,DH4
ZAD-NRN,ZAD,NRN,Zadar,Weeze,HR,DE,44.096986,15.353565,51.601362,6.141228,1079.4,1,FR,738
BUD-AMS,BUD,AMS,Budapest,Amsterdam,HU,NL,47.43018,19.262393,52.308601,4.76389,1169.3,1,KL,737
BUD-BCN,BUD,BCN,Budapest,Barcelona,HU,ES,47.43018,19.262393,41.2971,2.07846,1522.3,2,"FR,W6","320,738"
BUD-BRI,BUD,BRI,Budapest,Bari,HU,IT,47.43018,19.262393,41.138901,16.760599,727.2,1,W6,320
BUD-BVA,BUD,BVA,Budapest,Beauvais,HU,FR,47.43018,19.262393,49.454399,2.11278,1282.0,1,FR,738
BUD-BEG,BUD,BEG,Budapest,Belgrade,HU,RS,47.43018,19.262393,44.818401,20.309099,301.4,2,"B2,JU","AT7,CRJ 735"
BUD-BLL,BUD,BLL,Budapest,Billund,HU,DK,47.43018,19.262393,55.740335,9.157019,1155.7,1,FR,738
BUD-BRS,BUD,BRS,Budapest,Bristol,HU,GB,47.43018,19.262393,51.382326,-2.716453,1642.9,1,FR,738
BUD-BSL,BUD,BSL,Budapest,Bâle / Mulhouse,HU,FR,47.43018,19.262393,47.60068,7.521117,881.1,1,U2,319 320
BUD-CTA,BUD,CTA,Budapest,Catania,HU,IT,47.43018,19.262393,37.466801,15.0664,1159.7,1,W6,320
BUD-CRL,BUD,CRL,Budapest,Charleroi,HU,BE,47.43018,19.262393,50.461963,4.459562,1130.2,2,"FR,W6","320,738"
BUD-CPH,BUD,CPH,Budapest,Copenhagen,HU,DK,47.43018,19.262393,55.617900848389,12.656000137329,1017.6,2,"DY,SK","320,73H"
BUD-DTM,BUD,DTM,Budapest,Dortmund,HU,DE,47.43018,19.262393,51.518299,7.61224,955.1,1,W6,320
BUD-DUB,BUD,DUB,Budapest,Dublin,HU,IE,47.43018,19.262393,53.428713,-6.262121,1914.5,2,"EI,FR","320,738"
BUD-DUS,BUD,DUS,Budapest,Düsseldorf,HU,DE,47.43018,19.262393,51.289501,6.76678,999.8,1,LH,319
BUD-EDI,BUD,EDI,Budapest,Edinburgh,HU,GB,47.43018,19.262393,55.950145,-3.372288,1812.8,1,LS,733
BUD-EIN,BUD,EIN,Budapest,Eindhoven,HU,NL,47.43018,19.262393,51.4500999451,5.37452983856,1096.9,1,W6,320
BUD-MXP,BUD,MXP,Budapest,Ferno (VA),HU,IT,47.43018,19.262393,45.6306,8.72811,829.6,1,W6,320
BUD-FRA,BUD,FRA,Budapest,Frankfurt am Main,HU,DE,47.43018,19.262393,50.026706,8.55835,835.6,3,"ET,LH,SK","320 321,321 32A,733 320 321 735 32A"
BUD-HHN,BUD,HHN,Budapest,Frankfurt am Main (Lautzenhausen),HU,DE,47.43018,19.262393,49.946353,7.261734,923.1,1,W6,320
BUD-GVA,BUD,GVA,Budapest,Geneva,HU,CH,47.43018,19.262393,46.238098,6.10895,1008.1,1,U2,319 320
BUD-HAM,BUD,HAM,Budapest,Hamburg,HU,DE,47.43018,19.262393,53.630402,9.98823,949.8,1,4U,CRJ
BUD-HEL,BUD,HEL,Budapest,Helsinki (Vantaa),HU,FI,47.43018,19.262393,60.318363,24.963341,1479.7,2,"AY,DY","320 319,73H"
BUD-IST,BUD,IST,Budapest,Istanbul,HU,TR,47.43018,19.262393,41.274874,28.732136,1016.2,1,TK,321 738 320 319 739
BUD-KRR,BUD,KRR,Budapest,Krasnodar,HU,RU,47.43018,19.262393,45.034465,39.174215,1550.1,1,U6,320
BUD-CGN,BUD,CGN,Budapest,Köln (Cologne),HU,DE,47.43018,19.262393,50.865898,7.14274,959.3,1,4U,319 320 CRJ
BUD-LBA,BUD,LBA,Budapest,"Leeds, West Yorkshire",HU,GB,47.43018,19.262393,53.865898,-1.66057,1631.4,1,LS,733
BUD-LIS,BUD,LIS,Budapest,Lisbon,HU,PT,47.43018,19.262393,38.7813,-9.13592,2480.3,1,TP,320 321 319
BUD-LGW,BUD,LGW,Budapest,London,HU,GB,47.43018,19.262393,51.148744,-0.185739,1464.9,2,"DY,U2","319,73H"
BUD-LHR,BUD,LHR,Budapest,London,HU,GB,47.43018,19.262393,51.470748,-0.459909,1489.5,3,"AA,BA,IB",320
BUD-STN,BUD,STN,Budapest,"London, Essex",HU,GB,47.43018,19.262393,51.884998,0.235,1451.3,1,FR,738
BUD-LTN,BUD,LTN,Budapest,"Luton, Luton",HU,GB,47.43018,19.262393,51.874699,-0.368333,1491.6,2,"U2,W6","319 320,320"
BUD-MAD,BUD,MAD,Budapest,Madrid,HU,ES,47.43018,19.262393,40.493407,-3.572249,1974.4,2,"FR,W6","320,738"
BUD-MMX,BUD,MMX,Budapest,Malmö,HU,SE,47.43018,19.262393,55.535564,13.376327,988.3,1,W6,320
BUD-MAN,BUD,MAN,Budapest,"Manchester, Greater Manchester",HU,GB,47.43018,19.262393,53.349375,-2.279521,1654.7,2,"FR,LS","733,738"
BUD-MSQ,BUD,MSQ,Budapest,Minsk,HU,BY,47.43018,19.262393,53.888071,28.039964,946.5,1,B2,CRJ 735
BUD-SVO,BUD,SVO,Budapest,Moscow,HU,RU,47.43018,19.262393,55.976858,37.41121,1562.8,1,SU,320
BUD-VKO,BUD,VKO,Budapest,Moscow,HU,RU,47.43018,19.262393,55.591499,37.261501,1533.7,1,W6,320
BUD-MUC,BUD,MUC,Budapest,Munich,HU,DE,47.43018,19.262393,48.353802,11.7861,566.6,1,LH,320 E95 CR9 319 321
BUD-AGP,BUD,AGP,Budapest,Málaga,HU,ES,47.43018,19.262393,36.6749,-4.49911,2283.7,1,W6,320
BUD-NAP,BUD,NAP,Budapest,Napoli,HU,IT,47.43018,19.262393,40.886002,14.2908,828.3,1,W6,320
BUD-EMA,BUD,EMA,Budapest,"Nottingham, Leicestershire",HU,GB,47.43018,19.262393,52.8311,-1.32806,1578.8,1,LS,733
BUD-NYO,BUD,NYO,Budapest,Nyköping,HU,SE,47.43018,19.262393,58.789656,16.911479,1272.6,1,W6,320
BUD-BGY,BUD,BGY,Budapest,Orio al Serio (BG),HU,IT,47.43018,19.262393,45.669362,9.708851,755.8,1,FR,738
BUD-OSL,BUD,OSL,Budapest,Oslo (Gardermoen),HU,NO,47.43018,19.262393,60.193901,11.1004,1514.4,1,DY,733
BUD-OTP,BUD,OTP,Budapest,Otopeni,HU,RO,47.43018,19.262393,44.571792,26.103285,616.3,1,RO,AT5 AT7
BUD-ORY,BUD,ORY,Budapest,"Paris (Orly, Val-de-Marne)",HU,FR,47.43018,19.262393,48.729499,2.358963,1261.4,1,TO,73H
BUD-CDG,BUD,CDG,Budapest,"Paris (Roissy-en-France, Val-d'Oise)",HU,FR,47.43018,19.262393,49.00896,2.554117,1247.6,2,"AF,U2","318 321 320 319,319"
BUD-PSA,BUD,PSA,Budapest,Pisa (PI),HU,IT,47.43018,19.262393,43.683899,10.3927,805.8,1,FR,738
BUD-PRG,BUD,PRG,Budapest,Prague,HU,CZ,47.43018,19.262393,50.100874,14.259911,471.6,2,"OK,QS",AT7
BUD-RIX,BUD,RIX,Budapest,Riga,HU,LV,47.43018,19.262393,56.920752,23.970711,1102.4,1,BT,DH4 735
BUD-CIA,BUD,CIA,Budapest,Rome,HU,IT,47.43018,19.262393,41.798769,12.595331,818.3,1,FR,738
BUD-FCO,BUD,FCO,Budapest,Rome,HU,IT,47.43018,19.262393,41.804532,12.251998,835.5,3,"AZ,EY,W6","320,320 319,32S 319"
BUD-ROV,BUD,ROV,Budapest,Rostov-on-Don,HU,RU,47.43018,19.262393,47.493888,39.924722,1548.7,1,U6,320
BUD-RTM,BUD,RTM,Budapest,Rotterdam,HU,NL,47.43018,19.262393,51.956902,4.43722,1176.3,1,HV,73W 73H
BUD-ATH,BUD,ATH,Budapest,Spata-Artemida,HU,GR,47.43018,19.262393,37.936401,23.9445,1122.3,1,A3,320
BUD-ARN,BUD,ARN,Budapest,Stockholm,HU,SE,47.43018,19.262393,59.64849,17.928829,1361.4,1,DY,73H
BUD-STR,BUD,STR,Budapest,Stuttgart,HU,DE,47.43018,19.262393,48.689899,9.22196,758.6,1,4U,319 CRJ
BUD-TMP,BUD,TMP,Budapest,Tampere / Pirkkala,HU,FI,47.43018,19.262393,61.414101,23.604401,1579.2,1,FR,738
BUD-SKG,BUD,SKG,Budapest,Thessaloniki,HU,GR,47.43018,19.262393,40.51928,22.970009,823.5,1,W6,320
BUD-TSF,BUD,TSF,Budapest,Treviso (TV),HU,IT,47.43018,19.262393,45.648399,12.1944,575.5,1,FR,738
BUD-MLA,BUD,MLA,Budapest,Valletta,HU,MT,47.43018,19.262393,35.845932,14.491546,1347.1,2,"KM,W6",320
BUD-ZAG,BUD,ZAG,Budapest,Velika Gorica,HU,HR,47.43018,19.262393,45.742901,16.0688,307.8,1,QR,321 320
BUD-VIE,BUD,VIE,Budapest,Vienna,HU,AT,47.43018,19.262393,48.110298,16.5697,215.0,1,OS,DH4 100 F70
BUD-WAW,BUD,WAW,Budapest,Warsaw,HU,PL,47.43018,19.262393,52.165699,20.9671,540.6,2,"LO,W6","320,E70 E75"
BUD-BRU,BUD,BRU,Budapest,Zaventem,HU,BE,47.43018,19.262393,50.901402,4.48444,1139.3,1,SN,AR1
BUD-ZRH,BUD,ZRH,Budapest,Zurich,HU,CH,47.43018,19.262393,47.458056,8.548056,805.1,1,LX,AR1 100 320 319
DEB-EIN,DEB,EIN,Debrecen,Eindhoven,HU,NL,47.489469,21.616278,51.4500999451,5.37452983856,1250.3,1,W6,320
DEB-LTN,DEB,LTN,Debrecen,"Luton, Luton",HU,GB,47.489469,21.616278,51.874699,-0.368333,1647.8,1,W6,320
NOC-ALC,NOC,ALC,Charlestown,Alicante,IE,ES,53.910439,-8.817002,38.2822,-0.558156,1847.8,1,FR,738
NOC-BHX,NOC,BHX,Charlestown,"Birmingham, West Midlands",IE,GB,53.910439,-8.817002,52.453899,-1.74803,497.9,1,BE,DH4
NOC-BRS,NOC,BRS,Charlestown,Bristol,IE,GB,53.910439,-8.817002,51.382326,-2.716453,498.1,1,FR,738
NOC-EIN,NOC,EIN,Charlestown,Eindhoven,IE,NL,53.910439,-8.817002,51.4500999451,5.37452983856,993.1,1,FR,738
NOC-FAO,NOC,FAO,Charlestown,Faro,IE,PT,53.910439,-8.817002,37.015909,-7.970939,1879.7,1,FR,738
NOC-KUN,NOC,KUN,Charlestown,Kaunas,IE,LT,53.910439,-8.817002,54.963965,24.08582,2111.4,1,FR,738
NOC-LPL,NOC,LPL,Charlestown,Liverpool,IE,GB,53.910439,-8.817002,53.334863,-2.849637,398.6,1,FR,738
NOC-LGW,NOC,LGW,Charlestown,London,IE,GB,53.910439,-8.817002,51.148744,-0.185739,659.1,1,EI,319
NOC-STN,NOC,STN,Charlestown,"London, Essex",IE,GB,53.910439,-8.817002,51.884998,0.235,647.0,1,FR,738
NOC-LTN,NOC,LTN,Charlestown,"Luton, Luton",IE,GB,53.910439,-8.817002,51.874699,-0.368333,609.8,1,FR,738
NOC-MAN,NOC,MAN,Charlestown,"Manchester, Greater Manchester",IE,GB,53.910439,-8.817002,53.349375,-2.279521,435.4,1,BE,DH4 E75
NOC-AGP,NOC,AGP,Charlestown,Málaga,IE,ES,53.910439,-8.817002,36.6749,-4.49911,1945.1,1,FR,738
NOC-EMA,NOC,EMA,Charlestown,"Nottingham, Leicestershire",IE,GB,53.910439,-8.817002,52.8311,-1.32806,510.9,1,FR,738
ORK-ALC,ORK,ALC,Cork,Alicante,IE,ES,51.841301,-8.49111,38.2822,-0.558156,1629.0,1,EI,320
ORK-AMS,ORK,AMS,Cork,Amsterdam,IE,NL,51.841301,-8.49111,52.308601,4.76389,906.1,1,EI,320
ORK-BCN,ORK,BCN,Cork,Barcelona,IE,ES,51.841301,-8.49111,41.2971,2.07846,1420.7,1,EI,320
ORK-BHX,ORK,BHX,Cork,"Birmingham, West Midlands",IE,GB,51.841301,-8.49111,52.453899,-1.74803,464.9,1,EI,AT7
ORK-BRS,ORK,BRS,Cork,Bristol,IE,GB,51.841301,-8.49111,51.382326,-2.716453,401.9,1,EI,AT7
ORK-EDI,ORK,EDI,Cork,Edinburgh,IE,GB,51.841301,-8.49111,55.950145,-3.372288,566.4,1,EI,AT7
ORK-FAO,ORK,FAO,Cork,Faro,IE,PT,51.841301,-8.49111,37.015909,-7.970939,1649.0,2,"EI,FR","320,738"
ORK-GDN,ORK,GDN,Cork,Gdańsk,IE,PL,51.841301,-8.49111,54.377602,18.4662,1809.9,1,FR,738
ORK-GLA,ORK,GLA,Cork,Glasgow,IE,GB,51.841301,-8.49111,55.871899,-4.43306,521.0,1,EI,AT7
ORK-LIS,ORK,LIS,Cork,Lisbon,IE,PT,51.841301,-8.49111,38.7813,-9.13592,1453.1,1,EI,320
ORK-LPL,ORK,LPL,Cork,Liverpool,IE,GB,51.841301,-8.49111,53.334863,-2.849637,415.6,1,FR,738
ORK-LGW,ORK,LGW,Cork,London,IE,GB,51.841301,-8.49111,51.148744,-0.185739,579.8,1,FR,738
ORK-LHR,ORK,LHR,Cork,London,IE,GB,51.841301,-8.49111,51.470748,-0.459909,555.3,1,EI,320
ORK-STN,ORK,STN,Cork,"London, Essex",IE,GB,51.841301,-8.49111,51.884998,0.235,598.9,1,FR,738
ORK-MAN,ORK,MAN,Cork,"Manchester, Greater Manchester",IE,GB,51.841301,-8.49111,53.349375,-2.279521,451.6,1,EI,AT7
ORK-MUC,ORK,MUC,Cork,Munich,IE,DE,51.841301,-8.49111,48.353802,11.7861,1492.0,1,EI,320
ORK-AGP,ORK,AGP,Cork,Málaga,IE,ES,51.841301,-8.49111,36.6749,-4.49911,1715.5,2,"EI,FR","320,738"
ORK-NCL,ORK,NCL,Cork,"Newcastle upon Tyne, Tyne and Wear",IE,GB,51.841301,-8.49111,55.037958,-1.689577,573.4,1,EI,AT7
ORK-NCE,ORK,NCE,Cork,"Nice, Alpes-Maritimes",IE,FR,51.841301,-8.49111,43.658401,7.21587,1480.3,1,EI,320
ORK-EMA,ORK,EMA,Cork,"Nottingham, Leicestershire",IE,GB,51.841301,-8.49111,52.8311,-1.32806,498.7,1,FR,738
ORK-PMI,ORK,PMI,Cork,Palma de Mallorca,IE,ES,51.841301,-8.49111,39.551701,2.73881,1617.0,2,"EI,FR","320,738"
ORK-CDG,ORK,CDG,Cork,"Paris (Roissy-en-France, Val-d'Oise)",IE,FR,51.841301,-8.49111,49.00896,2.554117,842.4,1,EI,320
ORK-JER,ORK,JER,Cork,St. Peter,IE,JE,51.841301,-8.49111,49.207901,-2.19551,532.5,1,EI,AT7
ORK-VNO,ORK,VNO,Cork,Vilnius,IE,LT,51.841301,-8.49111,54.634102,25.285801,2246.9,1,FR,738
ORK-WRO,ORK,WRO,Cork,Wrocław,IE,PL,51.841301,-8.49111,51.103719,16.882096,1750.4,1,FR,738
ORK-BRU,ORK,BRU,Cork,Zaventem,IE,BE,51.841301,-8.49111,50.901402,4.48444,905.5,1,EI,320
CFN-DUB,CFN,DUB,Donegal,Dublin,IE,IE,55.0442008972168,-8.340999603271484,53.428713,-6.262121,224.7,1,BE,SF3
CFN-GLA,CFN,GLA,Donegal,Glasgow,IE,GB,55.0442008972168,-8.340999603271484,55.871899,-4.43306,263.0,1,BE,SF3
DUB-ABZ,DUB,ABZ,Dublin,Aberdeen,IE,GB,53.428713,-6.262121,57.2019,-2.19778,491.9,1,EI,AT7
DUB-AHO,DUB,AHO,Dublin,Alghero,IE,IT,53.428713,-6.262121,40.632099,8.29077,1793.1,1,FR,738
DUB-ALC,DUB,ALC,Dublin,Alicante,IE,ES,53.428713,-6.262121,38.2822,-0.558156,1739.8,2,"EI,FR","320,738"
DUB-LEI,DUB,LEI,Dublin,Almería,IE,ES,53.428713,-6.262121,36.843899,-2.3701,1868.5,1,FR,738
DUB-AMS,DUB,AMS,Dublin,Amsterdam,IE,NL,53.428713,-6.262121,52.308601,4.76389,749.7,1,EI,320
DUB-KRK,DUB,KRK,Dublin,Balice,IE,PL,53.428713,-6.262121,50.077702,19.7848,1820.4,1,FR,738
DUB-BCN,DUB,BCN,Dublin,Barcelona,IE,ES,53.428713,-6.262121,41.2971,2.07846,1485.7,2,"EI,FR","320,738"
DUB-BRI,DUB,BRI,Dublin,Bari,IE,IT,53.428713,-6.262121,41.138901,16.760599,2193.0,1,FR,738
DUB-BVA,DUB,BVA,Dublin,Beauvais,IE,FR,53.428713,-6.262121,49.454399,2.11278,728.8,1,FR,738
DUB-BIQ,DUB,BIQ,Dublin,Biarritz,IE,FR,53.428713,-6.262121,43.468372,-1.523223,1160.7,1,FR,738
DUB-BIO,DUB,BIO,Dublin,Bilbao,IE,ES,53.428713,-6.262121,43.301102,-2.91061,1152.7,1,EI,320
DUB-BHX,DUB,BHX,Dublin,"Birmingham, West Midlands",IE,GB,53.428713,-6.262121,52.453899,-1.74803,321.3,2,"EI,FR","320,738"
DUB-BLQ,DUB,BLQ,Dublin,Bologna,IE,IT,53.428713,-6.262121,44.5354,11.2887,1610.8,2,"EI,FR","320,738"
DUB-BOD,DUB,BOD,Dublin,Bordeaux,IE,FR,53.428713,-6.262121,44.82865,-0.715356,1037.2,1,EI,320
DUB-BOH,DUB,BOH,Dublin,Bournemouth,IE,GB,53.428713,-6.262121,50.780483,-1.839576,421.7,1,EI,AT4
DUB-BTS,DUB,BTS,Dublin,Bratislava,IE,SK,53.428713,-6.262121,48.1702,17.2127,1740.8,1,FR,738
DUB-BRE,DUB,BRE,Dublin,Bremen,IE,DE,53.428713,-6.262121,53.046786,8.78932,1000.7,1,FR,738
DUB-BRS,DUB,BRS,Dublin,Bristol,IE,GB,53.428713,-6.262121,51.382326,-2.716453,331.0,2,"EI,FR","738,AT7 AT4"
DUB-BUD,DUB,BUD,Dublin,Budapest,IE,HU,53.428713,-6.262121,47.43018,19.262393,1914.5,2,"EI,FR","320,738"
DUB-BOJ,DUB,BOJ,Dublin,Burgas,IE,BG,53.428713,-6.262121,42.569917,27.515173,2753.8,1,EI,320
DUB-BZG,DUB,BZG,Dublin,Bydgoszcz,IE,PL,53.428713,-6.262121,53.096802,17.977699,1604.9,1,FR,738
DUB-BSL,DUB,BSL,Dublin,Bâle / Mulhouse,IE,FR,53.428713,-6.262121,47.60068,7.521117,1167.3,1,FR,738
DUB-CCF,DUB,CCF,Dublin,Carcassonne,IE,FR,53.428713,-6.262121,43.216,2.30632,1298.2,1,FR,738
DUB-CWL,DUB,CWL,Dublin,Cardiff,IE,GB,53.428713,-6.262121,51.396702,-3.34333,300.4,1,EI,AT7
DUB-VRN,DUB,VRN,Dublin,Caselle (VR),IE,IT,53.428713,-6.262121,45.394955,10.887303,1522.4,1,EI,320
DUB-IOM,DUB,IOM,Dublin,Castletown,IE,IM,53.428713,-6.262121,54.083081,-4.623871,130.0,1,EI,AT4
DUB-CTA,DUB,CTA,Dublin,Catania,IE,IT,53.428713,-6.262121,37.466801,15.0664,2414.3,1,EI,320
DUB-CRL,DUB,CRL,Dublin,Charleroi,IE,BE,53.428713,-6.262121,50.461963,4.459562,804.5,1,FR,738
DUB-LYS,DUB,LYS,Dublin,"Colombier-Saugnieu, Rhône",IE,FR,53.428713,-6.262121,45.725996,5.090139,1182.0,1,EI,320
DUB-CIY,DUB,CIY,Dublin,Comiso,IE,IT,53.428713,-6.262121,36.99583,14.60889,2433.6,1,FR,738
DUB-CPH,DUB,CPH,Dublin,Copenhagen,IE,DK,53.428713,-6.262121,55.617900848389,12.656000137329,1240.8,3,"DY,EI,SK","320,320 321,73H"
DUB-CFN,DUB,CFN,Dublin,Donegal,IE,IE,53.428713,-6.262121,55.0442008972168,-8.340999603271484,224.7,1,BE,SF3
DUB-DBV,DUB,DBV,Dublin,Dubrovnik,IE,HR,53.428713,-6.262121,42.562247,18.265543,2171.6,1,EI,320
DUB-DUS,DUB,DUS,Dublin,Düsseldorf,IE,DE,53.428713,-6.262121,51.289501,6.76678,914.7,2,"4U,EI","320,CRJ"
DUB-EDI,DUB,EDI,Dublin,Edinburgh,IE,GB,53.428713,-6.262121,55.950145,-3.372288,336.2,2,"EI,FR","738,AT7"
DUB-EIN,DUB,EIN,Dublin,Eindhoven,IE,NL,53.428713,-6.262121,51.4500999451,5.37452983856,817.8,1,FR,738
DUB-EXT,DUB,EXT,Dublin,"Exeter, Devon",IE,GB,53.428713,-6.262121,50.734261,-3.413984,357.2,1,BE,E95
DUB-FAO,DUB,FAO,Dublin,Faro,IE,PT,53.428713,-6.262121,37.015909,-7.970939,1829.8,2,"EI,FR","320 321 330 332,738"
DUB-KIR,DUB,KIR,Dublin,Farranfore,IE,IE,53.428713,-6.262121,52.180901,-9.52378,259.4,1,EI,AT4
DUB-MXP,DUB,MXP,Dublin,Ferno (VA),IE,IT,53.428713,-6.262121,45.6306,8.72811,1381.7,1,EI,320
DUB-FRA,DUB,FRA,Dublin,Frankfurt am Main,IE,DE,53.428713,-6.262121,50.026706,8.55835,1086.1,2,"EI,LH","320,321"
DUB-HHN,DUB,HHN,Dublin,Frankfurt am Main (Lautzenhausen),IE,DE,53.428713,-6.262121,49.946353,7.261734,1007.5,1,FR,738
DUB-GDN,DUB,GDN,Dublin,Gdańsk,IE,PL,53.428713,-6.262121,54.377602,18.4662,1615.0,1,FR,738
DUB-GVA,DUB,GVA,Dublin,Geneva,IE,CH,53.428713,-6.262121,46.238098,6.10895,1191.4,1,EI,320
DUB-GRO,DUB,GRO,Dublin,Girona,IE,ES,53.428713,-6.262121,41.904639,2.761774,1446.0,1,FR,738
DUB-GLA,DUB,GLA,Dublin,Glasgow,IE,GB,53.428713,-6.262121,55.871899,-4.43306,296.0,1,EI,AT7 AT4
DUB-HAM,DUB,HAM,Dublin,Hamburg,IE,DE,53.428713,-6.262121,53.630402,9.98823,1072.0,1,EI,320
DUB-HAJ,DUB,HAJ,Dublin,Hannover,IE,DE,53.428713,-6.262121,52.461102,9.68508,1071.7,1,EI,320
DUB-HEL,DUB,HEL,Dublin,Helsinki (Vantaa),IE,FI,53.428713,-6.262121,60.318363,24.963341,2022.4,1,DY,73H
DUB-IBZ,DUB,IBZ,Dublin,Ibiza (Eivissa),IE,ES,53.428713,-6.262121,38.872898,1.37312,1719.7,2,"EI,FR","320,738"
DUB-IST,DUB,IST,Dublin,Istanbul,IE,TR,53.428713,-6.262121,41.274874,28.732136,2922.4,1,TK,738
DUB-RZE,DUB,RZE,Dublin,Jasionka,IE,PL,53.428713,-6.262121,50.109791,22.024155,1967.4,1,FR,738
DUB-KTW,DUB,KTW,Dublin,Katowice,IE,PL,53.428713,-6.262121,50.476015,19.080705,1757.7,1,FR,738
DUB-KUN,DUB,KUN,Dublin,Kaunas,IE,LT,53.428713,-6.262121,54.963965,24.08582,1965.9,1,FR,738
DUB-CFU,DUB,CFU,Dublin,Kerkyra (Corfu),IE,GR,53.428713,-6.262121,39.60145,19.912179,2500.8,1,EI,320
DUB-CGN,DUB,CGN,Dublin,Köln (Cologne),IE,DE,53.428713,-6.262121,50.865898,7.14274,956.3,1,4U,319
DUB-LRH,DUB,LRH,Dublin,La Rochelle,IE,FR,53.428713,-6.262121,46.179199,-1.19528,883.8,1,FR,738
DUB-LBA,DUB,LBA,Dublin,"Leeds, West Yorkshire",IE,GB,53.428713,-6.262121,53.865898,-1.66057,307.1,1,FR,738
DUB-LIS,DUB,LIS,Dublin,Lisbon,IE,PT,53.428713,-6.262121,38.7813,-9.13592,1643.4,2,"EI,FR","320,738"
DUB-LPL,DUB,LPL,Dublin,Liverpool,IE,GB,53.428713,-6.262121,53.334863,-2.849637,226.6,1,FR,738
DUB-LCY,DUB,LCY,Dublin,London,IE,GB,53.428713,-6.262121,51.505299,0.055278,478.2,2,"AF,WX",AR8
DUB-LGW,DUB,LGW,Dublin,London,IE,GB,53.428713,-6.262121,51.148744,-0.185739,484.6,2,"EI,FR","320 319,738"
DUB-LHR,DUB,LHR,Dublin,London,IE,GB,53.428713,-6.262121,51.470748,-0.459909,449.3,3,"AA,BA,EI","319,320"
DUB-STN,DUB,STN,Dublin,"London, Essex",IE,GB,53.428713,-6.262121,51.884998,0.235,470.4,1,FR,738
DUB-LTN,DUB,LTN,Dublin,"Luton, Luton",IE,GB,53.428713,-6.262121,51.874699,-0.368333,433.3,1,FR,738
DUB-LUX,DUB,LUX,Dublin,Luxembourg,IE,LU,53.428713,-6.262121,49.626845,6.212134,959.2,1,LG,DH4
DUB-MAD,DUB,MAD,Dublin,Madrid,IE,ES,53.428713,-6.262121,40.493407,-3.572249,1452.5,3,"EI,FR,IB","320,32S,738"
DUB-MAN,DUB,MAN,Dublin,"Manchester, Greater Manchester",IE,GB,53.428713,-6.262121,53.349375,-2.279521,264.2,2,"EI,FR","320,738"
DUB-MRS,DUB,MRS,Dublin,"Marignane, Bouches-du-Rhône",IE,FR,53.428713,-6.262121,43.438088,5.2125,1393.1,1,EI,320
DUB-FMM,DUB,FMM,Dublin,Memmingen,IE,DE,53.428713,-6.262121,47.988092,10.238248,1305.7,1,FR,738
DUB-MUC,DUB,MUC,Dublin,Munich,IE,DE,53.428713,-6.262121,48.353802,11.7861,1381.0,2,"EI,LH","320,320 319"
DUB-AGP,DUB,AGP,Dublin,Málaga,IE,ES,53.428713,-6.262121,36.6749,-4.49911,1867.9,2,"EI,FR","330 320,738"
DUB-NTE,DUB,NTE,Dublin,Nantes,IE,FR,53.428713,-6.262121,47.153198,-1.61073,771.7,1,FR,738
DUB-NAP,DUB,NAP,Dublin,Napoli,IE,IT,53.428713,-6.262121,40.886002,14.2908,2074.3,1,EI,320
DUB-NCL,DUB,NCL,Dublin,"Newcastle upon Tyne, Tyne and Wear",IE,GB,53.428713,-6.262121,55.037958,-1.689577,346.8,2,"EI,FR","738,AT7"
DUB-NCE,DUB,NCE,Dublin,"Nice, Alpes-Maritimes",IE,FR,53.428713,-6.262121,43.658401,7.21587,1466.5,2,"EI,FR","320,738"
DUB-EMA,DUB,EMA,Dublin,"Nottingham, Leicestershire",IE,GB,53.428713,-6.262121,52.8311,-1.32806,335.8,1,FR,738
DUB-WMI,DUB,WMI,Dublin,Nowy Dwór Mazowiecki,IE,PL,53.428713,-6.262121,52.451099,20.6518,1796.1,1,FR,738
DUB-BGY,DUB,BGY,Dublin,Orio al Serio (BG),IE,IT,53.428713,-6.262121,45.669362,9.708851,1434.1,1,FR,738
DUB-OSL,DUB,OSL,Dublin,Oslo (Gardermoen),IE,NO,53.428713,-6.262121,60.193901,11.1004,1290.9,2,"DY,SK","73G 738 73W,73H"
DUB-OTP,DUB,OTP,Dublin,Otopeni,IE,RO,53.428713,-6.262121,44.571792,26.103285,2530.7,2,"FR,RO","738,73W"
DUB-PMI,DUB,PMI,Dublin,Palma de Mallorca,IE,ES,53.428713,-6.262121,39.551701,2.73881,1686.8,2,"EI,FR","320,738"
DUB-CDG,DUB,CDG,Dublin,"Paris (Roissy-en-France, Val-d'Oise)",IE,FR,53.428713,-6.262121,49.00896,2.554117,785.5,3,"AF,AZ,EI","320 319,AR8"
DUB-PGF,DUB,PGF,Dublin,Perpignan/Rivesaltes,IE,FR,53.428713,-6.262121,42.740398,2.87067,1366.0,1,EI,320
DUB-PSA,DUB,PSA,Dublin,Pisa (PI),IE,IT,53.428713,-6.262121,43.683899,10.3927,1628.8,1,FR,738
DUB-OPO,DUB,OPO,Dublin,Porto,IE,PT,53.428713,-6.262121,41.2481002808,-8.68138980865,1366.4,1,FR,738
DUB-POZ,DUB,POZ,Dublin,Poznań,IE,PL,53.428713,-6.262121,52.421598,16.823359,1544.8,1,FR,738
DUB-PRG,DUB,PRG,Dublin,Prague,IE,CZ,53.428713,-6.262121,50.100874,14.259911,1454.3,2,"EI,FR","320,738"
DUB-PIK,DUB,PIK,Dublin,"Prestwick, South Ayrshire",IE,GB,53.428713,-6.262121,55.501499,-4.577182,254.9,1,FR,738
DUB-PUY,DUB,PUY,Dublin,Pula,IE,HR,53.428713,-6.262121,44.893501,13.9222,1738.4,1,EI,320
DUB-REU,DUB,REU,Dublin,Reus,IE,ES,53.428713,-6.262121,41.147509,1.168354,1474.2,1,FR,738
DUB-RIX,DUB,RIX,Dublin,Riga,IE,LV,53.428713,-6.262121,56.920752,23.970711,1941.8,1,FR,738
DUB-RDZ,DUB,RDZ,Dublin,Rodez/Marcillac,IE,FR,53.428713,-6.262121,44.407902,2.48267,1187.4,1,FR,738
DUB-CIA,DUB,CIA,Dublin,Rome,IE,IT,53.428713,-6.262121,41.798769,12.595331,1905.0,1,FR,738
DUB-FCO,DUB,FCO,Dublin,Rome,IE,IT,53.428713,-6.262121,41.804532,12.251998,1886.0,1,EI,320
DUB-SDR,DUB,SDR,Dublin,Santander,IE,ES,53.428713,-6.262121,43.427101,-3.82001,1126.5,1,FR,738
DUB-SCQ,DUB,SCQ,Dublin,Santiago de Compostela,IE,ES,53.428713,-6.262121,42.896301,-8.41514,1181.8,1,EI,320
DUB-LIN,DUB,LIN,Dublin,Segrate (MI),IE,IT,53.428713,-6.262121,45.445099,9.27674,1426.8,1,EI,320
DUB-SVQ,DUB,SVQ,Dublin,Seville,IE,ES,53.428713,-6.262121,37.417999,-5.89311,1780.5,1,FR,738
DUB-SOU,DUB,SOU,Dublin,Southampton,IE,GB,53.428713,-6.262121,50.950298,-1.3568,433.1,1,BE,DH4 E95
DUB-SEN,DUB,SEN,Dublin,"Southend-on-Sea, Essex",IE,GB,53.428713,-6.262121,51.570562,0.693627,513.9,1,EI,AT4 AT7
DUB-ATH,DUB,ATH,Dublin,Spata-Artemida,IE,GR,53.428713,-6.262121,37.936401,23.9445,2875.6,1,EI,320
DUB-JER,DUB,JER,Dublin,St. Peter,IE,JE,53.428713,-6.262121,49.207901,-2.19551,547.6,1,EI,AT7
DUB-ARN,DUB,ARN,Dublin,Stockholm,IE,SE,53.428713,-6.262121,59.64849,17.928829,1624.3,2,"EI,SK","320,73H 736 717 73W"
DUB-STR,DUB,STR,Dublin,Stuttgart,IE,DE,53.428713,-6.262121,48.689899,9.22196,1200.3,1,EI,320
DUB-SZZ,DUB,SZZ,Dublin,Szczecin(Glewice),IE,PL,53.428713,-6.262121,53.584702,14.9022,1394.6,1,FR,738
DUB-TLS,DUB,TLS,Dublin,Toulouse/Blagnac,IE,FR,53.428713,-6.262121,43.629101,1.36382,1224.2,1,EI,320
DUB-TUF,DUB,TUF,Dublin,"Tours, Indre-et-Loire",IE,FR,53.428713,-6.262121,47.432201,0.727606,829.7,1,FR,738
DUB-TSF,DUB,TSF,Dublin,Treviso (TV),IE,IT,53.428713,-6.262121,45.648399,12.1944,1580.9,1,FR,738
DUB-VLC,DUB,VLC,Dublin,Valencia,IE,ES,53.428713,-6.262121,39.489162,-0.480961,1610.7,1,FR,738
DUB-MLA,DUB,MLA,Dublin,Valletta,IE,MT,53.428713,-6.262121,35.845932,14.491546,2533.9,1,FR,738
DUB-VCE,DUB,VCE,Dublin,Venezia (VE),IE,IT,53.428713,-6.262121,45.505299,12.3519,1600.5,1,EI,320
DUB-VIE,DUB,VIE,Dublin,Vienna,IE,AT,53.428713,-6.262121,48.110298,16.5697,1702.1,1,EI,320
DUB-VNO,DUB,VNO,Dublin,Vilnius,IE,LT,53.428713,-6.262121,54.634102,25.285801,2047.3,1,FR,738
DUB-WAW,DUB,WAW,Dublin,Warsaw,IE,PL,53.428713,-6.262121,52.165699,20.9671,1824.9,1,EI,320
DUB-WRO,DUB,WRO,Dublin,Wrocław,IE,PL,53.428713,-6.262121,51.103719,16.882096,1588.8,1,FR,738
DUB-ZAD,DUB,ZAD,Dublin,Zadar,IE,HR,53.428713,-6.262121,44.096986,15.353565,1882.2,1,FR,738
DUB-BRU,DUB,BRU,Dublin,Zaventem,IE,BE,53.428713,-6.262121,50.901402,4.48444,784.0,1,EI,320
DUB-ZRH,DUB,ZRH,Dublin,Zurich,IE,CH,53.428713,-6.262121,47.458056,8.548056,1237.6,2,"EI,LX","320,321"
KIR-ALC,KIR,ALC,Farranfore,Alicante,IE,ES,52.180901,-9.52378,38.2822,-0.558156,1694.4,1,FR,738
KIR-DUB,KIR,DUB,Farranfore,Dublin,IE,IE,52.180901,-9.52378,53.428713,-6.262121,259.4,1,EI,AT4
KIR-FAO,KIR,FAO,Farranfore,Faro,IE,PT,52.180901,-9.52378,37.015909,-7.970939,1690.6,1,FR,738
KIR-HHN,KIR,HHN,Farranfore,Frankfurt am Main (Lautzenhausen),IE,DE,52.180901,-9.52378,49.946353,7.261734,1196.1,1,FR,738
KIR-STN,KIR,STN,Farranfore,"London, Essex",IE,GB,52.180901,-9.52378,51.884998,0.235,667.9,1,FR,738
KIR-LTN,KIR,LTN,Farranfore,"Luton, Luton",IE,GB,52.180901,-9.52378,51.874699,-0.368333,626.9,1,FR,738
SNN-ALC,SNN,ALC,Shannon,Alicante,IE,ES,52.702,-8.92482,38.2822,-0.558156,1728.2,1,FR,738
SNN-KRK,SNN,KRK,Shannon,Balice,IE,PL,52.702,-8.92482,50.077702,19.7848,1999.7,1,FR,738
SNN-BVA,SNN,BVA,Shannon,Beauvais,IE,FR,52.702,-8.92482,49.454399,2.11278,850.3,1,FR,738
SNN-BHX,SNN,BHX,Shannon,"Birmingham, West Midlands",IE,GB,52.702,-8.92482,52.453899,-1.74803,485.5,1,EI,AT4 AT7
SNN-BRS,SNN,BRS,Shannon,Bristol,IE,GB,52.702,-8.92482,51.382326,-2.716453,449.1,1,EI,AT4
SNN-EDI,SNN,EDI,Shannon,Edinburgh,IE,GB,52.702,-8.92482,55.950145,-3.372288,509.7,1,EI,AT7
SNN-FAO,SNN,FAO,Shannon,Faro,IE,PT,52.702,-8.92482,37.015909,-7.970939,1745.8,2,"EI,FR","320,738"
SNN-LPL,SNN,LPL,Shannon,Liverpool,IE,GB,52.702,-8.92482,53.334863,-2.849637,412.3,1,FR,738
SNN-LGW,SNN,LGW,Shannon,London,IE,GB,52.702,-8.92482,51.148744,-0.185739,623.2,1,FR,738
SNN-LHR,SNN,LHR,Shannon,London,IE,GB,52.702,-8.92482,51.470748,-0.459909,594.0,1,EI,320
SNN-STN,SNN,STN,Shannon,"London, Essex",IE,GB,52.702,-8.92482,51.884998,0.235,629.1,1,FR,738
SNN-MAN,SNN,MAN,Shannon,"Manchester, Greater Manchester",IE,GB,52.702,-8.92482,53.349375,-2.279521,450.1,1,EI,AT7 AT4
SNN-FMM,SNN,FMM,Shannon,Memmingen,IE,DE,52.702,-8.92482,47.988092,10.238248,1451.9,1,FR,738
SNN-AGP,SNN,AGP,Shannon,Málaga,IE,ES,52.702,-8.92482,36.6749,-4.49911,1815.3,2,"EI,FR","320,738"
SNN-NCE,SNN,NCE,Shannon,"Nice, Alpes-Maritimes",IE,FR,52.702,-8.92482,43.658401,7.21587,1556.9,1,FR,738
SNN-WMI,SNN,WMI,Shannon,Nowy Dwór Mazowiecki,IE,PL,52.702,-8.92482,52.451099,20.6518,1984.7,1,FR,738
SNN-PMI,SNN,PMI,Shannon,Palma de Mallorca,IE,ES,52.702,-8.92482,39.551701,2.73881,1711.6,1,FR,738
SNN-PIS,SNN,PIS,Shannon,Poitiers/Biard,IE,FR,52.702,-8.92482,46.5877,0.306666,949.4,1,FR,738
SNN-WRO,SNN,WRO,Shannon,Wrocław,IE,PL,52.702,-8.92482,51.103719,16.882096,1769.8,1,FR,738
IOM-BHD,IOM,BHD,Castletown,Belfast,IM,GB,54.083081,-4.623871,54.618099,-5.8725,100.4,1,V9,L4T
IOM-BHX,IOM,BHX,Castletown,"Birmingham, West Midlands",IM,GB,54.083081,-4.623871,52.453899,-1.74803,263.4,1,BE,DH4
IOM-DUB,IOM,DUB,Castletown,Dublin,IM,IE,54.083081,-4.623871,53.428713,-6.262121,130.0,1,EI,AT4
IOM-LPL,IOM,LPL,Castletown,Liverpool,IM,GB,54.083081,-4.623871,53.334863,-2.849637,143.4,2,"BE,U2","319,DH4"
IOM-LCY,IOM,LCY,Castletown,London,IM,GB,54.083081,-4.623871,51.505299,0.055278,425.4,1,BA,S20
IOM-LGW,IOM,LGW,Castletown,London,IM,GB,54.083081,-4.623871,51.148744,-0.185739,442.8,1,U2,319
IOM-MAN,IOM,MAN,Castletown,"Manchester, Greater Manchester",IM,GB,54.083081,-4.623871,53.349375,-2.279521,174.5,1,BE,DH4 E75
IOM-NCL,IOM,NCL,Castletown,"Newcastle upon Tyne, Tyne and Wear",IM,GB,54.083081,-4.623871,55.037958,-1.689577,216.9,1,V9,J31
AEY-RKV,AEY,RKV,Akureyri,Reykjavík,IS,IS,65.656573,-18.072018,64.128732,-21.93759,249.2,1,NY,F50 DH8
EGS-RKV,EGS,RKV,Egilsstaðir,Reykjavík,IS,IS,65.2833023071289,-14.401399612426758,64.128732,-21.93759,380.1,1,NY,F50 DH8
RKV-AEY,RKV,AEY,Reykjavík,Akureyri,IS,IS,64.128732,-21.93759,65.656573,-18.072018,249.2,1,NY,F50 DH8
KEF-ALC,KEF,ALC,Reykjavík,Alicante,IS,ES,63.985001,-22.6056,38.2822,-0.558156,3208.1,2,"W2,WW",320
KEF-AMS,KEF,AMS,Reykjavík,Amsterdam,IS,NL,63.985001,-22.6056,52.308601,4.76389,2037.7,1,FI,75W 75T
KEF-BGO,KEF,BGO,Reykjavík,Bergen,IS,NO,63.985001,-22.6056,60.2934,5.21814,1489.5,2,"DY,FI","73H,75W"
KEF-BLL,KEF,BLL,Reykjavík,Billund,IS,DK,63.985001,-22.6056,55.740335,9.157019,1967.6,1,FI,75W
KEF-BRS,KEF,BRS,Reykjavík,Bristol,IS,GB,63.985001,-22.6056,51.382326,-2.716453,1817.6,1,U2,320 319
KEF-BSL,KEF,BSL,Reykjavík,Bâle / Mulhouse,IS,FR,63.985001,-22.6056,47.60068,7.521117,2574.8,1,U2,320
KEF-CPH,KEF,CPH,Reykjavík,Copenhagen,IS,DK,63.985001,-22.6056,55.617900848389,12.656000137329,2143.9,3,"FI,W2,WW","320,75T 75W"
KEF-EDI,KEF,EDI,Reykjavík,Edinburgh,IS,GB,63.985001,-22.6056,55.950145,-3.372288,1384.6,1,U2,319
RKV-EGS,RKV,EGS,Reykjavík,Egilsstaðir,IS,IS,64.128732,-21.93759,65.2833023071289,-14.401399612426758,380.1,1,NY,F50 DH8
KEF-FRA,KEF,FRA,Reykjavík,Frankfurt am Main,IS,DE,63.985001,-22.6056,50.026706,8.55835,2401.3,1,FI,75W
KEF-GLA,KEF,GLA,Reykjavík,Glasgow,IS,GB,63.985001,-22.6056,55.871899,-4.43306,1347.5,1,FI,75W
KEF-HEL,KEF,HEL,Reykjavík,Helsinki (Vantaa),IS,FI,63.985001,-22.6056,60.318363,24.963341,2444.3,2,"AY,FI",75W
KEF-LGW,KEF,LGW,Reykjavík,London,IS,GB,63.985001,-22.6056,51.148744,-0.185739,1935.4,3,"FI,W2,WW","320,75W"
KEF-LHR,KEF,LHR,Reykjavík,London,IS,GB,63.985001,-22.6056,51.470748,-0.459909,1895.1,1,FI,75W
KEF-LTN,KEF,LTN,Reykjavík,"Luton, Luton",IS,GB,63.985001,-22.6056,51.874699,-0.368333,1861.8,1,U2,319
KEF-MAN,KEF,MAN,Reykjavík,"Manchester, Greater Manchester",IS,GB,63.985001,-22.6056,53.349375,-2.279521,1653.3,2,"FI,U2","320 319,75W"
KEF-MUC,KEF,MUC,Reykjavík,Munich,IS,DE,63.985001,-22.6056,48.353802,11.7861,2691.8,1,FI,75W
KEF-OSL,KEF,OSL,Reykjavík,Oslo (Gardermoen),IS,NO,63.985001,-22.6056,60.193901,11.1004,1781.4,3,"DY,FI,SK","733,738 73W,75W 75T"
KEF-CDG,KEF,CDG,Reykjavík,"Paris (Roissy-en-France, Val-d'Oise)",IS,FR,63.985001,-22.6056,49.00896,2.554117,2241.6,3,"FI,W2,WW","320,75W"
KEF-ARN,KEF,ARN,Reykjavík,Stockholm,IS,SE,63.985001,-22.6056,59.64849,17.928829,2143.2,1,FI,75W
KEF-BRU,KEF,BRU,Reykjavík,Zaventem,IS,BE,63.985001,-22.6056,50.901402,4.48444,2148.1,1,FI,75W
KEF-ZRH,KEF,ZRH,Reykjavík,Zurich,IS,CH,63.985001,-22.6056,47.458056,8.548056,2631.3,1,FI,75W
RKV-IFJ,RKV,IFJ,Reykjavík,Ísafjörður,IS,IS,64.128732,-21.93759,66.058098,-23.1353,221.7,1,NY,DH8
IFJ-RKV,IFJ,RKV,Ísafjörður,Reykjavík,IS,IS,66.058098,-23.1353,64.128732,-21.93759,221.7,1,NY,DH8
AHO-BVA,AHO,BVA,Alghero,Beauvais,IT,FR,40.632099,8.29077,49.454399,2.11278,1093.6,1,FR,738
AHO-BLL,AHO,BLL,Alghero,Billund,IT,DK,40.632099,8.29077,55.740335,9.157019,1681.2,1,FR,738
AHO-BLQ,AHO,BLQ,Alghero,Bologna,IT,IT,40.632099,8.29077,44.5354,11.2887,498.5,1,FR,738
AHO-BTS,AHO,BTS,Alghero,Bratislava,IT,SK,40.632099,8.29077,48.1702,17.2127,1096.2,1,FR,738
AHO-TRN,AHO,TRN,Alghero,Caselle Torinese (TO),IT,IT,40.632099,8.29077,45.200802,7.64963,510.7,1,AZ,319
AHO-CRL,AHO,CRL,Alghero,Charleroi,IT,BE,40.632099,8.29077,50.461963,4.459562,1132.6,1,FR,738
AHO-DTM,AHO,DTM,Alghero,Dortmund,IT,DE,40.632099,8.29077,51.518299,7.61224,1211.6,1,FR,738
AHO-DUB,AHO,DUB,Alghero,Dublin,IT,IE,40.632099,8.29077,53.428713,-6.262121,1793.1,1,FR,738
AHO-EIN,AHO,EIN,Alghero,Eindhoven,IT,NL,40.632099,8.29077,51.4500999451,5.37452983856,1223.5,1,FR,738
AHO-AOI,AHO,AOI,Alghero,Falconara Marittima (AN),IT,IT,40.632099,8.29077,43.616299,13.3623,533.7,1,FR,738
AHO-MXP,AHO,MXP,Alghero,Ferno (VA),IT,IT,40.632099,8.29077,45.6306,8.72811,556.9,1,U2,319
AHO-HHN,AHO,HHN,Alghero,Frankfurt am Main (Lautzenhausen),IT,DE,40.632099,8.29077,49.946353,7.261734,1038.8,1,FR,738
AHO-GRO,AHO,GRO,Alghero,Girona,IT,ES,40.632099,8.29077,41.904639,2.761774,483.2,1,FR,738
AHO-CUF,AHO,CUF,Alghero,Levaldigi (CN),IT,IT,40.632099,8.29077,44.547458,7.623045,438.8,1,FR,738
AHO-STN,AHO,STN,Alghero,"London, Essex",IT,GB,40.632099,8.29077,51.884998,0.235,1394.1,1,FR,738
AHO-LTN,AHO,LTN,Alghero,"Luton, Luton",IT,GB,40.632099,8.29077,51.874699,-0.368333,1414.0,1,FR,738
AHO-MAD,AHO,MAD,Alghero,Madrid,IT,ES,40.632099,8.29077,40.493407,-3.572249,1001.5,1,FR,738
AHO-FMM,AHO,FMM,Alghero,Memmingen,IT,DE,40.632099,8.29077,47.988092,10.238248,832.4,1,FR,738
AHO-NYO,AHO,NYO,Alghero,Nyköping,IT,SE,40.632099,8.29077,58.789656,16.911479,2108.0,1,FR,738
AHO-BGY,AHO,BGY,Alghero,Orio al Serio (BG),IT,IT,40.632099,8.29077,45.669362,9.708851,571.8,1,FR,738
AHO-OTP,AHO,OTP,Alghero,Otopeni,IT,RO,40.632099,8.29077,44.571792,26.103285,1518.7,1,W6,320
AHO-PMF,AHO,PMF,Alghero,Parma (PR),IT,IT,40.632099,8.29077,44.826351,10.29705,494.3,1,FR,738
AHO-PSA,AHO,PSA,Alghero,Pisa (PI),IT,IT,40.632099,8.29077,43.683899,10.3927,381.0,1,FR,738
AHO-CIA,AHO,CIA,Alghero,Rome,IT,IT,40.632099,8.29077,41.798769,12.595331,382.7,1,FR,738
AHO-FCO,AHO,FCO,Alghero,Rome,IT,IT,40.632099,8.29077,41.804532,12.251998,356.0,1,JN,320
AHO-TRS,AHO,TRS,Alghero,Ronchi dei Legionari/Trieste,IT,IT,40.632099,8.29077,45.827862,13.466672,713.5,1,FR,738
AHO-TRF,AHO,TRF,Alghero,Sandefjord(Torp),IT,NO,40.632099,8.29077,59.186699,10.2586,2067.8,1,FR,738
AHO-LIN,AHO,LIN,Alghero,Segrate (MI),IT,IT,40.632099,8.29077,45.445099,9.27674,541.1,1,AZ,319
AHO-TSF,AHO,TSF,Alghero,Treviso (TV),IT,IT,40.632099,8.29077,45.648399,12.1944,641.2,1,FR,738
AHO-NRN,AHO,NRN,Alghero,Weeze,IT,DE,40.632099,8.29077,51.601362,6.141228,1230.8,1,FR,738
BRI-AMS,BRI,AMS,Bari,Amsterdam,IT,NL,41.138901,16.760599,52.308601,4.76389,1538.0,1,HV,73H 73W
BRI-BCN,BRI,BCN,Bari,Barcelona,IT,ES,41.138901,16.760599,41.2971,2.07846,1226.7,2,"IB,VY",320
BRI-BVA,BRI,BVA,Bari,Beauvais,IT,FR,41.138901,16.760599,49.454399,2.11278,1467.9,1,FR,738
BRI-BLQ,BRI,BLQ,Bari,Bologna,IT,IT,41.138901,16.760599,44.5354,11.2887,584.3,1,FR,738
BRI-BUD,BRI,BUD,Bari,Budapest,IT,HU,41.138901,16.760599,47.43018,19.262393,727.2,1,W6,320
BRI-CAG,BRI,CAG,Bari,Cagliari,IT,IT,41.138901,16.760599,39.251499,9.05428,687.1,1,FR,738
BRI-VRN,BRI,VRN,Bari,Caselle (VR),IT,IT,41.138901,16.760599,45.394955,10.887303,670.6,1,V7,717
BRI-TRN,BRI,TRN,Bari,Caselle Torinese (TO),IT,IT,41.138901,16.760599,45.200802,7.64963,865.2,2,"AZ,FR","319,738"
BRI-CTA,BRI,CTA,Bari,Catania,IT,IT,41.138901,16.760599,37.466801,15.0664,433.5,2,"BV,V7","717,737"
BRI-CRL,BRI,CRL,Bari,Charleroi,IT,BE,41.138901,16.760599,50.461963,4.459562,1404.9,1,FR,738
BRI-DUB,BRI,DUB,Bari,Dublin,IT,IE,41.138901,16.760599,53.428713,-6.262121,2193.0,1,FR,738
BRI-DUS,BRI,DUS,Bari,Düsseldorf,IT,DE,41.138901,16.760599,51.289501,6.76678,1363.0,1,4U,CRJ
BRI-MXP,BRI,MXP,Bari,Ferno (VA),IT,IT,41.138901,16.760599,45.6306,8.72811,818.3,1,U2,319 320
BRI-FLR,BRI,FLR,Bari,Firenze (FI),IT,IT,41.138901,16.760599,43.808558,11.202822,543.8,2,"IB,VY","319,320"
BRI-HHN,BRI,HHN,Bari,Frankfurt am Main (Lautzenhausen),IT,DE,41.138901,16.760599,49.946353,7.261734,1225.3,1,FR,738
BRI-GOA,BRI,GOA,Bari,Genova (GE),IT,IT,41.138901,16.760599,44.412039,8.840732,741.4,1,FR,738
BRI-CGN,BRI,CGN,Bari,Köln (Cologne),IT,DE,41.138901,16.760599,50.865898,7.14274,1309.7,1,4U,319
BRI-LGW,BRI,LGW,Bari,London,IT,GB,41.138901,16.760599,51.148744,-0.185739,1708.4,2,"BA,U2","319,734"
BRI-STN,BRI,STN,Bari,"London, Essex",IT,GB,41.138901,16.760599,51.884998,0.235,1732.3,1,FR,738
BRI-MST,BRI,MST,Bari,Maastricht,IT,NL,41.138901,16.760599,50.911087,5.769401,1375.6,1,FR,738
BRI-MUC,BRI,MUC,Bari,Munich,IT,DE,41.138901,16.760599,48.353802,11.7861,892.8,2,"EN,LH",E95
BRI-BGY,BRI,BGY,Bari,Orio al Serio (BG),IT,IT,41.138901,16.760599,45.669362,9.708851,759.9,1,FR,738
BRI-OTP,BRI,OTP,Bari,Otopeni,IT,RO,41.138901,16.760599,44.571792,26.103285,851.2,1,W6,320
BRI-PMO,BRI,PMO,Bari,Palermo,IT,IT,41.138901,16.760599,38.175999,13.091,455.1,2,"BV,V7","717,737"
BRI-CDG,BRI,CDG,Bari,"Paris (Roissy-en-France, Val-d'Oise)",IT,FR,41.138901,16.760599,49.00896,2.554117,1413.9,1,U2,319
BRI-PSA,BRI,PSA,Bari,Pisa (PI),IT,IT,41.138901,16.760599,43.683899,10.3927,594.2,1,FR,738
BRI-PRG,BRI,PRG,Bari,Prague,IT,CZ,41.138901,16.760599,50.100874,14.259911,1015.2,1,W6,320
BRI-FKB,BRI,FKB,Bari,Rheinmünster,IT,DE,41.138901,16.760599,48.7794,8.0805,1088.6,1,FR,738
BRI-TIA,BRI,TIA,Bari,Rinas,IT,AL,41.138901,16.760599,41.4147,19.7206,249.2,1,AZ,319
BRI-CIA,BRI,CIA,Bari,Rome,IT,IT,41.138901,16.760599,41.798769,12.595331,354.7,1,FR,738
BRI-FCO,BRI,FCO,Bari,Rome,IT,IT,41.138901,16.760599,41.804532,12.251998,382.8,1,AZ,319 32S 321 E75 320
BRI-TRS,BRI,TRS,Bari,Ronchi dei Legionari/Trieste,IT,IT,41.138901,16.760599,45.827862,13.466672,585.1,1,FR,738
BRI-LIN,BRI,LIN,Bari,Segrate (MI),IT,IT,41.138901,16.760599,45.445099,9.27674,771.5,2,"AP,AZ","320 32S,32S"
BRI-SVQ,BRI,SVQ,Bari,Seville,IT,ES,41.138901,16.760599,37.417999,-5.89311,1987.3,1,FR,738
BRI-STR,BRI,STR,Bari,Stuttgart,IT,DE,41.138901,16.760599,48.689899,9.22196,1027.2,1,4U,319
BRI-TSF,BRI,TSF,Bari,Treviso (TV),IT,IT,41.138901,16.760599,45.648399,12.1944,622.3,1,FR,738
BRI-VLC,BRI,VLC,Bari,Valencia,IT,ES,41.138901,16.760599,39.489162,-0.480961,1470.9,1,FR,738
BRI-MLA,BRI,MLA,Bari,Valletta,IT,MT,41.138901,16.760599,35.845932,14.491546,620.7,1,FR,738
BRI-VCE,BRI,VCE,Bari,Venezia (VE),IT,IT,41.138901,16.760599,45.505299,12.3519,602.2,1,V7,717
BRI-NRN,BRI,NRN,Bari,Weeze,IT,DE,41.138901,16.760599,51.601362,6.141228,1417.2,1,FR,738
BLQ-AHO,BLQ,AHO,Bologna,Alghero,IT,IT,44.5354,11.2887,40.632099,8.29077,498.5,1,FR,738
BLQ-ALC,BLQ,ALC,Bologna,Alicante,IT,ES,44.5354,11.2887,38.2822,-0.558156,1206.2,1,FR,738
BLQ-AMS,BLQ,AMS,Bologna,Amsterdam,IT,NL,44.5354,11.2887,52.308601,4.76389,988.5,3,"AZ,KL,MU","E90,EMJ"
BLQ-KRK,BLQ,KRK,Bologna,Balice,IT,PL,44.5354,11.2887,50.077702,19.7848,887.9,1,FR,738
BLQ-BCN,BLQ,BCN,Bologna,Barcelona,IT,ES,44.5354,11.2887,41.2971,2.07846,831.3,3,"FR,IB,VY","320,738"
BLQ-BRI,BLQ,BRI,Bologna,Bari,IT,IT,44.5354,11.2887,41.138901,16.760599,584.3,1,FR,738
BLQ-BVA,BLQ,BVA,Bologna,Beauvais,IT,FR,44.5354,11.2887,49.454399,2.11278,884.1,1,FR,738
BLQ-BOD,BLQ,BOD,Bologna,Bordeaux,IT,FR,44.5354,11.2887,44.82865,-0.715356,948.8,1,FR,738
BLQ-BDS,BLQ,BDS,Bologna,Brindisi,IT,IT,44.5354,11.2887,40.6576,17.947001,694.6,1,FR,738
BLQ-BRS,BLQ,BRS,Bologna,Bristol,IT,GB,44.5354,11.2887,51.382326,-2.716453,1287.7,1,FR,738
BLQ-CAG,BLQ,CAG,Bologna,Cagliari,IT,IT,44.5354,11.2887,39.251499,9.05428,615.9,1,IG,M80
BLQ-CTA,BLQ,CTA,Bologna,Catania,IT,IT,44.5354,11.2887,37.466801,15.0664,847.3,4,"AP,AZ,FR,IG","320,320 737,738"
BLQ-CRL,BLQ,CRL,Bologna,Charleroi,IT,BE,44.5354,11.2887,50.461963,4.459562,834.4,1,FR,738
BLQ-CLJ,BLQ,CLJ,Bologna,Cluj-Napoca,IT,RO,44.5354,11.2887,46.786042,23.685733,994.2,1,W6,320
BLQ-LYS,BLQ,LYS,Bologna,"Colombier-Saugnieu, Rhône",IT,FR,44.5354,11.2887,45.725996,5.090139,503.8,2,"A5,AF",ER4 AT5
BLQ-CPH,BLQ,CPH,Bologna,Copenhagen,IT,DK,44.5354,11.2887,55.617900848389,12.656000137329,1236.1,1,SK,CR9 319
BLQ-DUB,BLQ,DUB,Bologna,Dublin,IT,IE,44.5354,11.2887,53.428713,-6.262121,1610.8,2,"EI,FR","320,738"
BLQ-EDI,BLQ,EDI,Bologna,Edinburgh,IT,GB,44.5354,11.2887,55.950145,-3.372288,1635.6,1,FR,738
BLQ-EIN,BLQ,EIN,Bologna,Eindhoven,IT,NL,44.5354,11.2887,51.4500999451,5.37452983856,885.2,1,HV,73W
BLQ-FRA,BLQ,FRA,Bologna,Frankfurt am Main,IT,DE,44.5354,11.2887,50.026706,8.55835,644.3,1,LH,32A 735 321 319 733 320
BLQ-IAS,BLQ,IAS,Bologna,Iaşi,IT,RO,44.5354,11.2887,47.179633,27.621431,1295.9,2,"AZ,RO",733
BLQ-IBZ,BLQ,IBZ,Bologna,Ibiza (Eivissa),IT,ES,44.5354,11.2887,38.872898,1.37312,1035.1,1,FR,738
BLQ-IST,BLQ,IST,Bologna,Istanbul,IT,TR,44.5354,11.2887,41.274874,28.732136,1463.1,1,TK,320 321
BLQ-CGN,BLQ,CGN,Bologna,Köln (Cologne),IT,DE,44.5354,11.2887,50.865898,7.14274,769.0,1,4U,319
BLQ-SUF,BLQ,SUF,Bologna,Lamezia Terme (CZ),IT,IT,44.5354,11.2887,38.906214,16.246007,748.7,1,FR,738
BLQ-LIS,BLQ,LIS,Bologna,Lisbon,IT,PT,44.5354,11.2887,38.7813,-9.13592,1807.4,3,"AZ,OU,TP","319,319 320"
BLQ-LGW,BLQ,LGW,Bologna,London,IT,GB,44.5354,11.2887,51.148744,-0.185739,1126.5,1,U2,320 319
BLQ-LHR,BLQ,LHR,Bologna,London,IT,GB,44.5354,11.2887,51.470748,-0.459909,1163.1,2,"AA,BA",319 320
BLQ-STN,BLQ,STN,Bologna,"London, Essex",IT,GB,44.5354,11.2887,51.884998,0.235,1154.7,1,FR,738
BLQ-MAD,BLQ,MAD,Bologna,Madrid,IT,ES,44.5354,11.2887,40.493407,-3.572249,1296.0,2,"FR,IB","738,CRK"
BLQ-MAN,BLQ,MAN,Bologna,"Manchester, Greater Manchester",IT,GB,44.5354,11.2887,53.349375,-2.279521,1389.4,1,FR,738
BLQ-SVO,BLQ,SVO,Bologna,Moscow,IT,RU,44.5354,11.2887,55.976858,37.41121,2229.6,2,"AZ,SU",320
BLQ-MUC,BLQ,MUC,Bologna,Munich,IT,DE,44.5354,11.2887,48.353802,11.7861,426.3,1,LH,E95
BLQ-AGP,BLQ,AGP,Bologna,Málaga,IT,ES,44.5354,11.2887,36.6749,-4.49911,1589.5,1,FR,738
BLQ-WMI,BLQ,WMI,Bologna,Nowy Dwór Mazowiecki,IT,PL,44.5354,11.2887,52.451099,20.6518,1116.5,1,FR,738
BLQ-OLB,BLQ,OLB,Bologna,Olbia (SS),IT,IT,44.5354,11.2887,40.898953,9.518457,429.4,1,IG,M80
BLQ-OTP,BLQ,OTP,Bologna,Otopeni,IT,RO,44.5354,11.2887,44.571792,26.103285,1172.3,1,W6,320
BLQ-PMO,BLQ,PMO,Bologna,Palermo,IT,IT,44.5354,11.2887,38.175999,13.091,722.9,1,FR,738
BLQ-PMI,BLQ,PMI,Bologna,Palma de Mallorca,IT,ES,44.5354,11.2887,39.551701,2.73881,896.7,1,FR,738
BLQ-ORY,BLQ,ORY,Bologna,"Paris (Orly, Val-de-Marne)",IT,FR,44.5354,11.2887,48.729499,2.358963,825.2,2,"IB,VY",320
BLQ-CDG,BLQ,CDG,Bologna,"Paris (Roissy-en-France, Val-d'Oise)",IT,FR,44.5354,11.2887,49.00896,2.554117,829.8,3,"AF,AZ,U2","319,E90 E70"
BLQ-OPO,BLQ,OPO,Bologna,Porto,IT,PT,44.5354,11.2887,41.2481002808,-8.68138980865,1662.9,1,FR,738
BLQ-TIA,BLQ,TIA,Bologna,Rinas,IT,AL,44.5354,11.2887,41.4147,19.7206,768.2,4,"AP,AZ,BV,JN","320,737"
BLQ-FCO,BLQ,FCO,Bologna,Rome,IT,IT,44.5354,11.2887,41.804532,12.251998,313.5,1,AZ,319 E75
BLQ-SVQ,BLQ,SVQ,Bologna,Seville,IT,ES,44.5354,11.2887,37.417999,-5.89311,1640.6,1,FR,738
BLQ-SOF,BLQ,SOF,Bologna,Sofia,IT,BG,44.5354,11.2887,42.696357,23.417671,996.6,1,W6,320
BLQ-ARN,BLQ,ARN,Bologna,Stockholm,IT,SE,44.5354,11.2887,59.64849,17.928829,1738.6,1,SK,73W
BLQ-TSR,BLQ,TSR,Bologna,Timişoara,IT,RO,44.5354,11.2887,45.809898,21.3379,799.8,1,W6,320
BLQ-TPS,BLQ,TPS,Bologna,Trapani (TP),IT,IT,44.5354,11.2887,37.9114,12.488,743.3,1,FR,738
BLQ-VLC,BLQ,VLC,Bologna,Valencia,IT,ES,44.5354,11.2887,39.489162,-0.480961,1121.1,1,FR,738
BLQ-MLA,BLQ,MLA,Bologna,Valletta,IT,MT,44.5354,11.2887,35.845932,14.491546,1003.6,1,FR,738
BLQ-ZAG,BLQ,ZAG,Bologna,Velika Gorica,IT,HR,44.5354,11.2887,45.742901,16.0688,398.2,2,"OU,TP",319 320
BLQ-VIE,BLQ,VIE,Bologna,Vienna,IT,AT,44.5354,11.2887,48.110298,16.5697,567.6,1,OS,100 F70 DH4
BLQ-NRN,BLQ,NRN,Bologna,Weeze,IT,DE,44.5354,11.2887,51.601362,6.141228,873.3,1,FR,738
BLQ-WRO,BLQ,WRO,Bologna,Wrocław,IT,PL,44.5354,11.2887,51.103719,16.882096,840.8,1,FR,738
BLQ-BRU,BLQ,BRU,Bologna,Zaventem,IT,BE,44.5354,11.2887,50.901402,4.48444,871.1,1,SN,AR1 319
BZO-FCO,BZO,FCO,Bolzano (BZ),Rome,IT,IT,46.459245,11.326125,41.804532,12.251998,522.8,2,"AZ,F7",S20
BDS-BVA,BDS,BVA,Brindisi,Beauvais,IT,FR,40.6576,17.947001,49.454399,2.11278,1576.9,1,FR,738
BDS-BLQ,BDS,BLQ,Brindisi,Bologna,IT,IT,40.6576,17.947001,44.5354,11.2887,694.6,1,FR,738
BDS-BSL,BDS,BSL,Brindisi,Bâle / Mulhouse,IT,FR,40.6576,17.947001,47.60068,7.521117,1133.3,1,U2,320
BDS-TRN,BDS,TRN,Brindisi,Caselle Torinese (TO),IT,IT,40.6576,17.947001,45.200802,7.64963,977.7,1,FR,738
BDS-CRL,BDS,CRL,Brindisi,Charleroi,IT,BE,40.6576,17.947001,50.461963,4.459562,1509.1,1,FR,738
BDS-EIN,BDS,EIN,Brindisi,Eindhoven,IT,NL,40.6576,17.947001,51.4500999451,5.37452983856,1538.7,1,FR,738
BDS-MXP,BDS,MXP,Brindisi,Ferno (VA),IT,IT,40.6576,17.947001,45.6306,8.72811,929.2,1,U2,319 320
BDS-GVA,BDS,GVA,Brindisi,Geneva,IT,CH,40.6576,17.947001,46.238098,6.10895,1137.6,1,U2,319 320
BDS-GRO,BDS,GRO,Brindisi,Girona,IT,ES,40.6576,17.947001,41.904639,2.761774,1274.8,1,FR,738
BDS-STN,BDS,STN,Brindisi,"London, Essex",IT,GB,40.6576,17.947001,51.884998,0.235,1838.2,1,FR,738
BDS-MUC,BDS,MUC,Brindisi,Munich,IT,DE,40.6576,17.947001,48.353802,11.7861,984.7,2,"AB,IG","320,321 73G 738"
BDS-BGY,BDS,BGY,Brindisi,Orio al Serio (BG),IT,IT,40.6576,17.947001,45.669362,9.708851,869.3,1,FR,738
BDS-PSA,BDS,PSA,Brindisi,Pisa (PI),IT,IT,40.6576,17.947001,43.683899,10.3927,707.3,1,FR,738
BDS-CIA,BDS,CIA,Brindisi,Rome,IT,IT,40.6576,17.947001,41.798769,12.595331,465.1,1,FR,738
BDS-FCO,BDS,FCO,Brindisi,Rome,IT,IT,40.6576,17.947001,41.804532,12.251998,492.9,1,AZ,32S 319 321 320
BDS-LIN,BDS,LIN,Brindisi,Segrate (MI),IT,IT,40.6576,17.947001,45.445099,9.27674,882.2,1,AZ,E90 319 E75 32S
BDS-STR,BDS,STR,Brindisi,Stuttgart,IT,DE,40.6576,17.947001,48.689899,9.22196,1127.0,1,4U,319
BDS-TSF,BDS,TSF,Brindisi,Treviso (TV),IT,IT,40.6576,17.947001,45.648399,12.1944,724.7,1,FR,738
BDS-ZRH,BDS,ZRH,Brindisi,Zurich,IT,CH,40.6576,17.947001,47.458056,8.548056,1064.3,3,"2L,AB,IG","100,320"
CAG-KRK,CAG,KRK,Cagliari,Balice,IT,PL,39.251499,9.05428,50.077702,19.7848,1469.6,1,FR,738
CAG-BRI,CAG,BRI,Cagliari,Bari,IT,IT,39.251499,9.05428,41.138901,16.760599,687.1,1,FR,738
CAG-BVA,CAG,BVA,Cagliari,Beauvais,IT,FR,39.251499,9.05428,49.454399,2.11278,1260.3,1,FR,738
CAG-BLQ,CAG,BLQ,Cagliari,Bologna,IT,IT,39.251499,9.05428,44.5354,11.2887,615.9,1,IG,M80
CAG-BSL,CAG,BSL,Cagliari,Bâle / Mulhouse,IT,FR,39.251499,9.05428,47.60068,7.521117,936.6,1,U2,319
CAG-VRN,CAG,VRN,Cagliari,Caselle (VR),IT,IT,39.251499,9.05428,45.394955,10.887303,699.5,1,IG,M80
CAG-TRN,CAG,TRN,Cagliari,Caselle Torinese (TO),IT,IT,39.251499,9.05428,45.200802,7.64963,671.5,1,IG,M80
CAG-CRL,CAG,CRL,Cagliari,Charleroi,IT,BE,39.251499,9.05428,50.461963,4.459562,1297.4,1,FR,738
CAG-DUS,CAG,DUS,Cagliari,Düsseldorf,IT,DE,39.251499,9.05428,51.289501,6.76678,1350.3,3,"4U,AB,IG","320,738,CRJ"
CAG-MXP,CAG,MXP,Cagliari,Ferno (VA),IT,IT,39.251499,9.05428,45.6306,8.72811,709.8,1,U2,320 319
CAG-FLR,CAG,FLR,Cagliari,Firenze (FI),IT,IT,39.251499,9.05428,43.808558,11.202822,537.3,2,"IB,VY","319,320"
CAG-HHN,CAG,HHN,Cagliari,Frankfurt am Main (Lautzenhausen),IT,DE,39.251499,9.05428,49.946353,7.261734,1197.6,1,FR,738
CAG-GVA,CAG,GVA,Cagliari,Geneva,IT,CH,39.251499,9.05428,46.238098,6.10895,813.1,1,U2,319
CAG-GOA,CAG,GOA,Cagliari,Genova (GE),IT,IT,39.251499,9.05428,44.412039,8.840732,574.1,1,FR,738
CAG-GRO,CAG,GRO,Cagliari,Girona,IT,ES,39.251499,9.05428,41.904639,2.761774,607.6,1,FR,738
CAG-KUN,CAG,KUN,Cagliari,Kaunas,IT,LT,39.251499,9.05428,54.963965,24.08582,2075.1,1,FR,738
CAG-CGN,CAG,CGN,Cagliari,Köln (Cologne),IT,DE,39.251499,9.05428,50.865898,7.14274,1300.0,1,4U,319
CAG-CUF,CAG,CUF,Cagliari,Levaldigi (CN),IT,IT,39.251499,9.05428,44.547458,7.623045,600.7,1,FR,738
CAG-STN,CAG,STN,Cagliari,"London, Essex",IT,GB,39.251499,9.05428,51.884998,0.235,1560.9,1,U2,319
CAG-LUX,CAG,LUX,Cagliari,Luxembourg,IT,LU,39.251499,9.05428,49.626845,6.212134,1175.3,1,LG,DH4
CAG-MAD,CAG,MAD,Cagliari,Madrid,IT,ES,39.251499,9.05428,40.493407,-3.572249,1085.4,1,FR,738
CAG-MRS,CAG,MRS,Cagliari,"Marignane, Bouches-du-Rhône",IT,FR,39.251499,9.05428,43.438088,5.2125,565.2,1,FR,738
CAG-MUC,CAG,MUC,Cagliari,Munich,IT,DE,39.251499,9.05428,48.353802,11.7861,1035.4,3,"AB,IG,LH","320,320 738,E95"
CAG-NAP,CAG,NAP,Cagliari,Napoli,IT,IT,39.251499,9.05428,40.886002,14.2908,481.1,1,IG,737 M80
CAG-BGY,CAG,BGY,Cagliari,Orio al Serio (BG),IT,IT,39.251499,9.05428,45.669362,9.708851,715.6,1,FR,738
CAG-PMF,CAG,PMF,Cagliari,Parma (PR),IT,IT,39.251499,9.05428,44.826351,10.29705,628.3,1,FR,738
CAG-PEG,CAG,PEG,Cagliari,Perugia (PG),IT,IT,39.251499,9.05428,43.095901,12.5132,516.2,1,FR,738
CAG-PSR,CAG,PSR,Cagliari,Pescara,IT,IT,39.251499,9.05428,42.431079,14.182981,557.6,1,FR,738
CAG-PSA,CAG,PSA,Cagliari,Pisa (PI),IT,IT,39.251499,9.05428,43.683899,10.3927,505.3,1,FR,738
CAG-FKB,CAG,FKB,Cagliari,Rheinmünster,IT,DE,39.251499,9.05428,48.7794,8.0805,1062.3,1,FR,738
CAG-CIA,CAG,CIA,Cagliari,Rome,IT,IT,39.251499,9.05428,41.798769,12.595331,412.0,1,FR,738
CAG-FCO,CAG,FCO,Cagliari,Rome,IT,IT,39.251499,9.05428,41.804532,12.251998,391.9,1,AZ,321 320 319 32S
CAG-LIN,CAG,LIN,Cagliari,Segrate (MI),IT,IT,39.251499,9.05428,45.445099,9.27674,688.9,1,AZ,319 E75 320 32S E90
CAG-STR,CAG,STR,Cagliari,Stuttgart,IT,DE,39.251499,9.05428,48.689899,9.22196,1049.6,1,4U,319
CAG-TPS,CAG,TPS,Cagliari,Trapani (TP),IT,IT,39.251499,9.05428,37.9114,12.488,333.6,1,FR,738
CAG-TSF,CAG,TSF,Cagliari,Treviso (TV),IT,IT,39.251499,9.05428,45.648399,12.1944,756.4,1,FR,738
CAG-NRN,CAG,NRN,Cagliari,Weeze,IT,DE,39.251499,9.05428,51.601362,6.141228,1391.6,1,FR,738
EBA-BRN,EBA,BRN,Campo nell'Elba (LI),Bern,IT,CH,42.760871,10.239811,46.912736,7.498819,509.7,1,SX,D38
EBA-FDH,EBA,FDH,Campo nell'Elba (LI),Friedrichshafen,IT,DE,42.760871,10.239811,47.671299,9.51149,549.0,1,3L,DH3
EBA-MUC,EBA,MUC,Campo nell'Elba (LI),Munich,IT,DE,42.760871,10.239811,48.353802,11.7861,633.4,1,3L,DH3
EBA-ACH,EBA,ACH,Campo nell'Elba (LI),St. Gallen,IT,CH,42.760871,10.239811,47.485001,9.56077,528.0,1,3L,DH3
EBA-ZRH,EBA,ZRH,Campo nell'Elba (LI),Zurich,IT,CH,42.760871,10.239811,47.458056,8.548056,538.9,1,3L,DH3
VRN-AMS,VRN,AMS,Caselle (VR),Amsterdam,IT,NL,45.394955,10.887303,52.308601,4.76389,889.1,1,HV,73H
VRN-BRI,VRN,BRI,Caselle (VR),Bari,IT,IT,45.394955,10.887303,41.138901,16.760599,670.6,1,V7,717
VRN-CAG,VRN,CAG,Caselle (VR),Cagliari,IT,IT,45.394955,10.887303,39.251499,9.05428,699.5,1,IG,M80
VRN-CTA,VRN,CTA,Caselle (VR),Catania,IT,IT,45.394955,10.887303,37.466801,15.0664,947.6,3,"AP,AZ,IG","320,M80 737 320"
VRN-DUB,VRN,DUB,Caselle (VR),Dublin,IT,IE,45.394955,10.887303,53.428713,-6.262121,1522.4,1,EI,320
VRN-FRA,VRN,FRA,Caselle (VR),Frankfurt am Main,IT,DE,45.394955,10.887303,50.026706,8.55835,543.6,2,"EN,LH",E95
VRN-HAM,VRN,HAM,Caselle (VR),Hamburg,IT,DE,45.394955,10.887303,53.630402,9.98823,918.0,1,4U,CRJ
VRN-CGN,VRN,CGN,Caselle (VR),Köln (Cologne),IT,DE,45.394955,10.887303,50.865898,7.14274,668.6,1,4U,319
VRN-LGW,VRN,LGW,Caselle (VR),London,IT,GB,45.394955,10.887303,51.148744,-0.185739,1037.8,4,"BA,TO,U2,ZB","319,321,734 319 320,75W 73H"
VRN-MAN,VRN,MAN,Caselle (VR),"Manchester, Greater Manchester",IT,GB,45.394955,10.887303,53.349375,-2.279521,1296.7,2,"TO,ZB","321 752,75W"
VRN-DME,VRN,DME,Caselle (VR),Moscow,IT,RU,45.394955,10.887303,55.408798,37.9063,2194.6,1,S7,320 738
VRN-MUC,VRN,MUC,Caselle (VR),Munich,IT,DE,45.394955,10.887303,48.353802,11.7861,336.0,2,"EN,LH",E95
VRN-NAP,VRN,NAP,Caselle (VR),Napoli,IT,IT,45.394955,10.887303,40.886002,14.2908,572.3,1,IG,320 737 M80
VRN-OLB,VRN,OLB,Caselle (VR),Olbia (SS),IT,IT,45.394955,10.887303,40.898953,9.518457,512.1,1,IG,M80
VRN-OTP,VRN,OTP,Caselle (VR),Otopeni,IT,RO,45.394955,10.887303,44.571792,26.103285,1198.4,1,W6,320
VRN-PMO,VRN,PMO,Caselle (VR),Palermo,IT,IT,45.394955,10.887303,38.175999,13.091,823.2,3,"AP,AZ,V7","320,717"
VRN-CDG,VRN,CDG,Caselle (VR),"Paris (Roissy-en-France, Val-d'Oise)",IT,FR,45.394955,10.887303,49.00896,2.554117,746.2,2,"AF,AZ",E70
VRN-TIA,VRN,TIA,Caselle (VR),Rinas,IT,AL,45.394955,10.887303,41.4147,19.7206,839.0,5,"AP,AZ,BV,IG,JN","320,737"
VRN-FCO,VRN,FCO,Caselle (VR),Rome,IT,IT,45.394955,10.887303,41.804532,12.251998,414.1,1,AZ,32S E75 319
TRN-AHO,TRN,AHO,Caselle Torinese (TO),Alghero,IT,IT,45.200802,7.64963,40.632099,8.29077,510.7,1,AZ,319
TRN-AMS,TRN,AMS,Caselle Torinese (TO),Amsterdam,IT,NL,45.200802,7.64963,52.308601,4.76389,818.0,1,HV,73H 73W
TRN-BCN,TRN,BCN,Caselle Torinese (TO),Barcelona,IT,ES,45.200802,7.64963,41.2971,2.07846,625.8,3,"FR,IB,VY","320,738"
TRN-BRI,TRN,BRI,Caselle Torinese (TO),Bari,IT,IT,45.200802,7.64963,41.138901,16.760599,865.2,2,"AZ,FR","319,738"
TRN-BDS,TRN,BDS,Caselle Torinese (TO),Brindisi,IT,IT,45.200802,7.64963,40.6576,17.947001,977.7,1,FR,738
TRN-CAG,TRN,CAG,Caselle Torinese (TO),Cagliari,IT,IT,45.200802,7.64963,39.251499,9.05428,671.5,1,IG,M80
TRN-CTA,TRN,CTA,Caselle Torinese (TO),Catania,IT,IT,45.200802,7.64963,37.466801,15.0664,1058.7,4,"AP,AZ,FR,IG","320,737,738"
TRN-CRL,TRN,CRL,Caselle Torinese (TO),Charleroi,IT,BE,45.200802,7.64963,50.461963,4.459562,631.5,1,FR,738
TRN-DUS,TRN,DUS,Caselle Torinese (TO),Düsseldorf,IT,DE,45.200802,7.64963,51.289501,6.76678,680.2,1,4U,CRJ
TRN-FRA,TRN,FRA,Caselle Torinese (TO),Frankfurt am Main,IT,DE,45.200802,7.64963,50.026706,8.55835,540.9,1,LH,E90 735 CR7
TRN-IAS,TRN,IAS,Caselle Torinese (TO),Iaşi,IT,RO,45.200802,7.64963,47.179633,27.621431,1548.7,2,"AZ,RO",733
TRN-IST,TRN,IST,Caselle Torinese (TO),Istanbul,IT,TR,45.200802,7.64963,41.274874,28.732136,1757.2,1,TK,73W 738 319 320
TRN-SUF,TRN,SUF,Caselle Torinese (TO),Lamezia Terme (CZ),IT,IT,45.200802,7.64963,38.906214,16.246007,995.7,2,"AP,AZ",320
TRN-LGW,TRN,LGW,Caselle Torinese (TO),London,IT,GB,45.200802,7.64963,51.148744,-0.185739,879.4,1,BA,319 320 734
TRN-STN,TRN,STN,Caselle Torinese (TO),"London, Essex",IT,GB,45.200802,7.64963,51.884998,0.235,921.1,1,FR,738
TRN-MAD,TRN,MAD,Caselle Torinese (TO),Madrid,IT,ES,45.200802,7.64963,40.493407,-3.572249,1052.6,1,IB,CR9 CRK
TRN-MUC,TRN,MUC,Caselle Torinese (TO),Munich,IT,DE,45.200802,7.64963,48.353802,11.7861,471.2,1,LH,E95
TRN-NAP,TRN,NAP,Caselle Torinese (TO),Napoli,IT,IT,45.200802,7.64963,40.886002,14.2908,721.7,2,"AZ,IG","319 E75,737"
TRN-OLB,TRN,OLB,Caselle Torinese (TO),Olbia (SS),IT,IT,45.200802,7.64963,40.898953,9.518457,501.8,1,IG,M80
TRN-PMO,TRN,PMO,Caselle Torinese (TO),Palermo,IT,IT,45.200802,7.64963,38.175999,13.091,901.9,3,"AP,AZ,V7","320,717"
TRN-CDG,TRN,CDG,Caselle Torinese (TO),"Paris (Roissy-en-France, Val-d'Oise)",IT,FR,45.200802,7.64963,49.00896,2.554117,572.5,2,"AF,AZ",E90 AR8 E70
TRN-REG,TRN,REG,Caselle Torinese (TO),Reggio Calabria,IT,IT,45.200802,7.64963,38.071201,15.6516,1033.7,1,AZ,319
TRN-TIA,TRN,TIA,Caselle Torinese (TO),Rinas,IT,AL,45.200802,7.64963,41.4147,19.7206,1062.2,1,AZ,320 32S
TRN-FCO,TRN,FCO,Caselle Torinese (TO),Rome,IT,IT,45.200802,7.64963,41.804532,12.251998,529.4,3,"AZ,BV,KL","32S,32S 319 320 E75,737"
TRN-TPS,TRN,TPS,Caselle Torinese (TO),Trapani (TP),IT,IT,45.200802,7.64963,37.9114,12.488,904.6,1,FR,738
TRN-MLA,TRN,MLA,Caselle Torinese (TO),Valletta,IT,MT,45.200802,7.64963,35.845932,14.491546,1189.1,1,FR,738
TRN-BRU,TRN,BRU,Caselle Torinese (TO),Zaventem,IT,BE,45.200802,7.64963,50.901402,4.48444,676.0,2,"SN,UA",DH4
TRN-ZRH,TRN,ZRH,Caselle Torinese (TO),Zurich,IT,CH,45.200802,7.64963,47.458056,8.548056,260.3,1,F7,S20
CTA-AMS,CTA,AMS,Catania,Amsterdam,IT,NL,37.466801,15.0664,52.308601,4.76389,1834.9,3,"AP,AZ,HV","320,73H 73W"
CTA-BCN,CTA,BCN,Catania,Barcelona,IT,ES,37.466801,15.0664,41.2971,2.07846,1193.3,2,"IB,VY",320
CTA-BRI,CTA,BRI,Catania,Bari,IT,IT,37.466801,15.0664,41.138901,16.760599,433.5,2,"BV,V7","717,737"
CTA-BLQ,CTA,BLQ,Catania,Bologna,IT,IT,37.466801,15.0664,44.5354,11.2887,847.3,4,"AP,AZ,FR,IG","320,320 737,738"
CTA-BUD,CTA,BUD,Catania,Budapest,IT,HU,37.466801,15.0664,47.43018,19.262393,1159.7,1,W6,320
CTA-BSL,CTA,BSL,Catania,Bâle / Mulhouse,IT,FR,37.466801,15.0664,47.60068,7.521117,1283.8,3,"AB,IG,U2","320,320 319"
CTA-VRN,CTA,VRN,Catania,Caselle (VR),IT,IT,37.466801,15.0664,45.394955,10.887303,947.6,3,"AP,AZ,IG","320,737 320"
CTA-TRN,CTA,TRN,Catania,Caselle Torinese (TO),IT,IT,37.466801,15.0664,45.200802,7.64963,1058.7,4,"AP,AZ,FR,IG","320,737,738"
CTA-LYS,CTA,LYS,Catania,"Colombier-Saugnieu, Rhône",IT,FR,37.466801,15.0664,45.725996,5.090139,1235.7,2,"AP,AZ",320
CTA-CPH,CTA,CPH,Catania,Copenhagen,IT,DK,37.466801,15.0664,55.617900848389,12.656000137329,2026.4,1,DY,73H
CTA-DUB,CTA,DUB,Catania,Dublin,IT,IE,37.466801,15.0664,53.428713,-6.262121,2414.3,1,EI,320
CTA-DUS,CTA,DUS,Catania,Düsseldorf,IT,DE,37.466801,15.0664,51.289501,6.76678,1670.0,6,"4U,AB,AP,AY,AZ,IG","320,321 738,321 738 320,CRJ"
CTA-EIN,CTA,EIN,Catania,Eindhoven,IT,NL,37.466801,15.0664,51.4500999451,5.37452983856,1731.2,1,FR,738
CTA-AOI,CTA,AOI,Catania,Falconara Marittima (AN),IT,IT,37.466801,15.0664,43.616299,13.3623,698.7,1,V7,717
CTA-MXP,CTA,MXP,Catania,Ferno (VA),IT,IT,37.466801,15.0664,45.6306,8.72811,1049.1,3,"AP,AZ,U2","319 320,320"
CTA-FLR,CTA,FLR,Catania,Firenze (FI),IT,IT,37.466801,15.0664,43.808558,11.202822,776.6,3,"IB,V7,VY","319,320,717"
CTA-FRA,CTA,FRA,Catania,Frankfurt am Main,IT,DE,37.466801,15.0664,50.026706,8.55835,1489.8,2,"AB,IG",320
CTA-GVA,CTA,GVA,Catania,Geneva,IT,CH,37.466801,15.0664,46.238098,6.10895,1223.7,2,"LX,U2","319,320"
CTA-GOA,CTA,GOA,Catania,Genova (GE),IT,IT,37.466801,15.0664,44.412039,8.840732,932.0,1,V7,717
CTA-HAM,CTA,HAM,Catania,Hamburg,IT,DE,37.466801,15.0664,53.630402,9.98823,1839.1,2,"4U,U2",319
CTA-HAJ,CTA,HAJ,Catania,Hannover,IT,DE,37.466801,15.0664,52.461102,9.68508,1719.0,1,4U,319
CTA-CGN,CTA,CGN,Catania,Köln (Cologne),IT,DE,37.466801,15.0664,50.865898,7.14274,1616.2,1,4U,319
CTA-LMP,CTA,LMP,Catania,Lampedusa,IT,IT,37.466801,15.0664,35.497898,12.6181,309.6,1,F7,AT7
CTA-LGW,CTA,LGW,Catania,London,IT,GB,37.466801,15.0664,51.148744,-0.185739,1938.1,6,"AP,AZ,BA,DY,TO,U2","319,320,734 319,73H,75W"
CTA-LTN,CTA,LTN,Catania,"Luton, Luton",IT,GB,37.466801,15.0664,51.874699,-0.368333,2005.2,1,U2,320 319
CTA-MAD,CTA,MAD,Catania,Madrid,IT,ES,37.466801,15.0664,40.493407,-3.572249,1642.6,1,FR,738
CTA-MAN,CTA,MAN,Catania,"Manchester, Greater Manchester",IT,GB,37.466801,15.0664,53.349375,-2.279521,2213.0,2,"TO,U2","319,75W"
CTA-MRS,CTA,MRS,Catania,"Marignane, Bouches-du-Rhône",IT,FR,37.466801,15.0664,43.438088,5.2125,1064.6,1,FR,738
CTA-SVO,CTA,SVO,Catania,Moscow,IT,RU,37.466801,15.0664,55.976858,37.41121,2647.0,2,"AP,AZ",320
CTA-MUC,CTA,MUC,Catania,Munich,IT,DE,37.466801,15.0664,48.353802,11.7861,1239.4,5,"AB,AY,IG,KM,LH","319,320,320 321 738,738,E95 321"
CTA-NAP,CTA,NAP,Catania,Napoli,IT,IT,37.466801,15.0664,40.886002,14.2908,386.0,3,"AZ,IG,U2","319,737 320 M80,E75"
CTA-BGY,CTA,BGY,Catania,Orio al Serio (BG),IT,IT,37.466801,15.0664,45.669362,9.708851,1014.6,1,FR,738
CTA-OTP,CTA,OTP,Catania,Otopeni,IT,RO,37.466801,15.0664,44.571792,26.103285,1215.2,1,W6,320
CTA-ORY,CTA,ORY,Catania,"Paris (Orly, Val-de-Marne)",IT,FR,37.466801,15.0664,48.729499,2.358963,1618.1,1,TO,73H
CTA-CDG,CTA,CDG,Catania,"Paris (Roissy-en-France, Val-d'Oise)",IT,FR,37.466801,15.0664,49.00896,2.554117,1630.9,3,"AP,AZ,U2","319,320"
CTA-PSA,CTA,PSA,Catania,Pisa (PI),IT,IT,37.466801,15.0664,43.683899,10.3927,795.7,2,"AP,AZ",320
CTA-FCO,CTA,FCO,Catania,Rome,IT,IT,37.466801,15.0664,41.804532,12.251998,539.1,6,"AZ,BV,FR,IB,IG,VY","320,32S 319 321 320,737,738"
CTA-LIN,CTA,LIN,Catania,Segrate (MI),IT,IT,37.466801,15.0664,45.445099,9.27674,1009.2,3,"AP,AZ,IG","319 320 E75 32S E90,319 E90,737 M80"
CTA-ARN,CTA,ARN,Catania,Stockholm,IT,SE,37.466801,15.0664,59.64849,17.928829,2474.9,1,DY,73H
CTA-STR,CTA,STR,Catania,Stuttgart,IT,DE,37.466801,15.0664,48.689899,9.22196,1334.2,5,"4U,AB,AP,AZ,IG","319,320,738 320"
CTA-TSF,CTA,TSF,Catania,Treviso (TV),IT,IT,37.466801,15.0664,45.648399,12.1944,940.4,1,FR,738
CTA-MLA,CTA,MLA,Catania,Valletta,IT,MT,37.466801,15.0664,35.845932,14.491546,187.4,3,"IG,KM,LH","319,319 320"
CTA-VCE,CTA,VCE,Catania,Venezia (VE),IT,IT,37.466801,15.0664,45.505299,12.3519,921.8,3,"AP,AZ,V7","320,717"
CTA-VIE,CTA,VIE,Catania,Vienna,IT,AT,37.466801,15.0664,48.110298,16.5697,1189.8,3,"AP,AZ,OS","320,320 100"
CTA-BRU,CTA,BRU,Catania,Zaventem,IT,BE,37.466801,15.0664,50.901402,4.48444,1711.7,2,"KM,SN",319
CTA-ZRH,CTA,ZRH,Catania,Zurich,IT,CH,37.466801,15.0664,47.458056,8.548056,1231.9,3,"AB,IG,LX","320,320 319"
CIY-CRL,CIY,CRL,Comiso,Charleroi,IT,BE,36.99583,14.60889,50.461963,4.459562,1701.4,1,FR,738
CIY-DUB,CIY,DUB,Comiso,Dublin,IT,IE,36.99583,14.60889,53.428713,-6.262121,2433.6,1,FR,738
CIY-HHN,CIY,HHN,Comiso,Frankfurt am Main (Lautzenhausen),IT,DE,36.99583,14.60889,49.946353,7.261734,1555.5,1,FR,738
CIY-KUN,CIY,KUN,Comiso,Kaunas,IT,LT,36.99583,14.60889,54.963965,24.08582,2123.4,1,FR,738
CIY-STN,CIY,STN,Comiso,"London, Essex",IT,GB,36.99583,14.60889,51.884998,0.235,2002.8,1,FR,738
CIY-PSA,CIY,PSA,Comiso,Pisa (PI),IT,IT,36.99583,14.60889,43.683899,10.3927,824.8,1,FR,738
CIY-CIA,CIY,CIA,Comiso,Rome,IT,IT,36.99583,14.60889,41.798769,12.595331,561.3,1,FR,738
CIY-LIN,CIY,LIN,Comiso,Segrate (MI),IT,IT,36.99583,14.60889,45.445099,9.27674,1039.4,1,AZ,E90
AOI-AHO,AOI,AHO,Falconara Marittima (AN),Alghero,IT,IT,43.616299,13.3623,40.632099,8.29077,533.7,1,FR,738
AOI-CTA,AOI,CTA,Falconara Marittima (AN),Catania,IT,IT,43.616299,13.3623,37.466801,15.0664,698.7,1,V7,717
AOI-CRL,AOI,CRL,Falconara Marittima (AN),Charleroi,IT,BE,43.616299,13.3623,50.461963,4.459562,1015.7,1,FR,738
AOI-DUS,AOI,DUS,Falconara Marittima (AN),Düsseldorf,IT,DE,43.616299,13.3623,51.289501,6.76678,985.9,1,4U,CRJ
AOI-STN,AOI,STN,Falconara Marittima (AN),"London, Essex",IT,GB,43.616299,13.3623,51.884998,0.235,1341.1,1,FR,738
AOI-MUC,AOI,MUC,Falconara Marittima (AN),Munich,IT,DE,43.616299,13.3623,48.353802,11.7861,540.6,1,LH,CR9 E95
AOI-FCO,AOI,FCO,Falconara Marittima (AN),Rome,IT,IT,43.616299,13.3623,41.804532,12.251998,220.9,1,AZ,E75
AOI-TPS,AOI,TPS,Falconara Marittima (AN),Trapani (TP),IT,IT,43.616299,13.3623,37.9114,12.488,638.6,1,FR,738
AOI-NRN,AOI,NRN,Falconara Marittima (AN),Weeze,IT,DE,43.616299,13.3623,51.601362,6.141228,1038.8,1,FR,738
MXP-AHO,MXP,AHO,Ferno (VA),Alghero,IT,IT,45.6306,8.72811,40.632099,8.29077,556.9,1,U2,319
MXP-AMS,MXP,AMS,Ferno (VA),Amsterdam,IT,NL,45.6306,8.72811,52.308601,4.76389,796.6,1,U2,319 320
MXP-BCN,MXP,BCN,Ferno (VA),Barcelona,IT,ES,45.6306,8.72811,41.2971,2.07846,720.8,4,"IB,SQ,U2,VY","320,320 319,77W"
MXP-BRI,MXP,BRI,Ferno (VA),Bari,IT,IT,45.6306,8.72811,41.138901,16.760599,818.3,1,U2,319 320
MXP-BEG,MXP,BEG,Ferno (VA),Belgrade,IT,RS,45.6306,8.72811,44.818401,20.309099,910.7,3,"AZ,JU,U2","319,733"
MXP-BIO,MXP,BIO,Ferno (VA),Bilbao,IT,ES,45.6306,8.72811,43.301102,-2.91061,958.3,2,"IB,VY",320
MXP-BHX,MXP,BHX,Ferno (VA),"Birmingham, West Midlands",IT,GB,45.6306,8.72811,52.453899,-1.74803,1074.4,1,BE,E75
MXP-BOD,MXP,BOD,Ferno (VA),Bordeaux,IT,FR,45.6306,8.72811,44.82865,-0.715356,744.4,1,U2,319
MXP-BDS,MXP,BDS,Ferno (VA),Brindisi,IT,IT,45.6306,8.72811,40.6576,17.947001,929.2,1,U2,319 320
MXP-BRS,MXP,BRS,Ferno (VA),Bristol,IT,GB,45.6306,8.72811,51.382326,-2.716453,1056.3,1,BM,ER4
MXP-BUD,MXP,BUD,Ferno (VA),Budapest,IT,HU,45.6306,8.72811,47.43018,19.262393,829.6,1,W6,320
MXP-CAG,MXP,CAG,Ferno (VA),Cagliari,IT,IT,45.6306,8.72811,39.251499,9.05428,709.8,1,U2,320 319
MXP-CTA,MXP,CTA,Ferno (VA),Catania,IT,IT,45.6306,8.72811,37.466801,15.0664,1049.1,3,"AP,AZ,U2","319 320,320"
MXP-LYS,MXP,LYS,Ferno (VA),"Colombier-Saugnieu, Rhône",IT,FR,45.6306,8.72811,45.725996,5.090139,282.8,3,"A5,AF,AZ",ER4 CRJ
MXP-CPH,MXP,CPH,Ferno (VA),Copenhagen,IT,DK,45.6306,8.72811,55.617900848389,12.656000137329,1144.1,2,"SK,U2","319,321 320"
MXP-DUB,MXP,DUB,Ferno (VA),Dublin,IT,IE,45.6306,8.72811,53.428713,-6.262121,1381.7,1,EI,320
MXP-DUS,MXP,DUS,Ferno (VA),Düsseldorf,IT,DE,45.6306,8.72811,51.289501,6.76678,645.6,3,"4U,AB,IG","320,73G 738 320,CRJ 320"
MXP-EDI,MXP,EDI,Ferno (VA),Edinburgh,IT,GB,45.6306,8.72811,55.950145,-3.372288,1424.0,1,U2,319
MXP-FRA,MXP,FRA,Ferno (VA),Frankfurt am Main,IT,DE,45.6306,8.72811,50.026706,8.55835,489.0,2,"ET,LH","320 319 321 32A 733,321 319 32A 320"
MXP-HAM,MXP,HAM,Ferno (VA),Hamburg,IT,DE,45.6306,8.72811,53.630402,9.98823,894.1,2,"4U,U2","319,319 CRJ"
MXP-HAJ,MXP,HAJ,Ferno (VA),Hannover,IT,DE,45.6306,8.72811,52.461102,9.68508,762.7,1,4U,319
MXP-HEL,MXP,HEL,Ferno (VA),Helsinki (Vantaa),IT,FI,45.6306,8.72811,60.318363,24.963341,1950.2,1,AY,321 320 32B
MXP-HER,MXP,HER,Ferno (VA),Heraklion,IT,GR,45.6306,8.72811,35.339699,25.1803,1795.3,1,U2,319 320
MXP-IBZ,MXP,IBZ,Ferno (VA),Ibiza (Eivissa),IT,ES,45.6306,8.72811,38.872898,1.37312,964.0,1,U2,319
MXP-IST,MXP,IST,Ferno (VA),Istanbul,IT,TR,45.6306,8.72811,41.274874,28.732136,1680.7,1,TK,320 321 739
MXP-CGN,MXP,CGN,Ferno (VA),Köln (Cologne),IT,DE,45.6306,8.72811,50.865898,7.14274,593.8,1,4U,319 CRJ
MXP-SUF,MXP,SUF,Ferno (VA),Lamezia Terme (CZ),IT,IT,45.6306,8.72811,38.906214,16.246007,969.5,1,U2,319 320
MXP-LIS,MXP,LIS,Ferno (VA),Lisbon,IT,PT,45.6306,8.72811,38.7813,-9.13592,1651.7,4,"AZ,TP,U2,US","319 320,319 320 100"
MXP-LGW,MXP,LGW,Ferno (VA),London,IT,GB,45.6306,8.72811,51.148744,-0.185739,898.7,1,U2,319 320
MXP-LHR,MXP,LHR,Ferno (VA),London,IT,GB,45.6306,8.72811,51.470748,-0.459909,936.3,2,"AA,BA","319 320,319 320 321"
MXP-LUZ,MXP,LUZ,Ferno (VA),Lublin,IT,PL,45.6306,8.72811,51.240157,22.713461,1202.7,1,K2,DH4
MXP-LTN,MXP,LTN,Ferno (VA),"Luton, Luton",IT,GB,45.6306,8.72811,51.874699,-0.368333,961.3,1,U2,320 319
MXP-LUX,MXP,LUX,Ferno (VA),Luxembourg,IT,LU,45.6306,8.72811,49.626845,6.212134,482.6,3,"AZ,LG,U2","319,DH4 ER4"
MXP-MAD,MXP,MAD,Ferno (VA),Madrid,IT,ES,45.6306,8.72811,40.493407,-3.572249,1149.2,3,"IB,U2,UX","319,321 320,738"
MXP-MAN,MXP,MAN,Ferno (VA),"Manchester, Greater Manchester",IT,GB,45.6306,8.72811,53.349375,-2.279521,1167.4,1,BE,E75
MXP-MRS,MXP,MRS,Ferno (VA),"Marignane, Bouches-du-Rhône",IT,FR,45.6306,8.72811,43.438088,5.2125,370.2,4,"AF,AZ,T7,XK","AT7,BEH"
MXP-MSQ,MXP,MSQ,Ferno (VA),Minsk,IT,BY,45.6306,8.72811,53.888071,28.039964,1655.1,1,B2,735
MXP-DME,MXP,DME,Ferno (VA),Moscow,IT,RU,45.6306,8.72811,55.408798,37.9063,2308.0,1,UN,735
MXP-SVO,MXP,SVO,Ferno (VA),Moscow,IT,RU,45.6306,8.72811,55.976858,37.41121,2296.6,2,"AZ,SU","320 321,32S 319"
MXP-VKO,MXP,VKO,Ferno (VA),Moscow,IT,RU,45.6306,8.72811,55.591499,37.261501,2274.8,1,UN,73G 738
MXP-MUC,MXP,MUC,Ferno (VA),Munich,IT,DE,45.6306,8.72811,48.353802,11.7861,381.4,1,LH,E95
MXP-JMK,MXP,JMK,Ferno (VA),Mykonos,IT,GR,45.6306,8.72811,37.435101,25.348101,1651.5,1,U2,319 320
MXP-AGP,MXP,AGP,Ferno (VA),Málaga,IT,ES,45.6306,8.72811,36.6749,-4.49911,1485.8,1,U2,319 320
MXP-NTE,MXP,NTE,Ferno (VA),Nantes,IT,FR,45.6306,8.72811,47.153198,-1.61073,810.1,3,"A5,AF,AZ",ER4
MXP-NAP,MXP,NAP,Ferno (VA),Napoli,IT,IT,45.6306,8.72811,40.886002,14.2908,693.4,1,U2,319 320
MXP-OLB,MXP,OLB,Ferno (VA),Olbia (SS),IT,IT,45.6306,8.72811,40.898953,9.518457,530.0,1,U2,320 319
MXP-OSL,MXP,OSL,Ferno (VA),Oslo (Gardermoen),IT,NO,45.6306,8.72811,60.193901,11.1004,1626.9,2,"DY,SK","733 73H,738 73G 73H"
MXP-OTP,MXP,OTP,Ferno (VA),Otopeni,IT,RO,45.6306,8.72811,44.571792,26.103285,1366.1,1,W6,320
MXP-PMO,MXP,PMO,Ferno (VA),Palermo,IT,IT,45.6306,8.72811,38.175999,13.091,903.8,1,U2,319 320
MXP-PMI,MXP,PMI,Ferno (VA),Palma de Mallorca,IT,ES,45.6306,8.72811,39.551701,2.73881,834.5,1,U2,319
MXP-CDG,MXP,CDG,Ferno (VA),"Paris (Roissy-en-France, Val-d'Oise)",IT,FR,45.6306,8.72811,49.00896,2.554117,597.8,2,"PK,U2","320 319,777"
MXP-OPO,MXP,OPO,Ferno (VA),Porto,IT,PT,45.6306,8.72811,41.2481002808,-8.68138980865,1484.1,2,"AZ,TP",ER4 100
MXP-PRG,MXP,PRG,Ferno (VA),Prague,IT,CZ,45.6306,8.72811,50.100874,14.259911,645.7,3,"OK,QS,U2","319,319 320"
MXP-RIX,MXP,RIX,Ferno (VA),Riga,IT,LV,45.6306,8.72811,56.920752,23.970711,1635.7,2,"AZ,BT",73C 735
MXP-TIA,MXP,TIA,Ferno (VA),Rinas,IT,AL,45.6306,8.72811,41.4147,19.7206,1001.4,5,"AP,AZ,BV,IG,JN","320,737"
MXP-FCO,MXP,FCO,Ferno (VA),Rome,IT,IT,45.6306,8.72811,41.804532,12.251998,511.0,6,"AZ,BV,ET,IG,KE,U2","320 319,737 767,744,763,767,E75 E90"
MXP-SOF,MXP,SOF,Ferno (VA),Sofia,IT,BG,45.6306,8.72811,42.696357,23.417671,1214.3,2,"AZ,FB","E90,E90 319"
MXP-ATH,MXP,ATH,Ferno (VA),Spata-Artemida,IT,GR,45.6306,8.72811,37.936401,23.9445,1520.3,3,"A3,OA,U2","319 320,320"
MXP-LED,MXP,LED,Ferno (VA),St. Petersburg,IT,RU,45.6306,8.72811,59.800301,30.262501,2122.4,3,"AZ,SU,UN","320,735"
MXP-STR,MXP,STR,Ferno (VA),Stuttgart,IT,DE,45.6306,8.72811,48.689899,9.22196,342.2,1,4U,CRJ 319
MXP-TLS,MXP,TLS,Ferno (VA),Toulouse/Blagnac,IT,FR,45.6306,8.72811,43.629101,1.36382,623.5,1,T7,BEH
MXP-VIE,MXP,VIE,Ferno (VA),Vienna,IT,AT,45.6306,8.72811,48.110298,16.5697,656.4,5,"AB,HG,IG,OS,RJ","320,320 319 100,E90"
MXP-WAW,MXP,WAW,Ferno (VA),Warsaw,IT,PL,45.6306,8.72811,52.165699,20.9671,1150.0,1,LO,E75 E70
MXP-BRU,MXP,BRU,Ferno (VA),Zaventem,IT,BE,45.6306,8.72811,50.901402,4.48444,664.7,4,"HU,LH,SN,U2","319,319 AR1"
MXP-ZRH,MXP,ZRH,Ferno (VA),Zurich,IT,CH,45.6306,8.72811,47.458056,8.548056,203.7,1,LX,AR1 100 320
FLR-AMS,FLR,AMS,Firenze (FI),Amsterdam,IT,NL,43.808558,11.202822,52.308601,4.76389,1058.4,2,"AZ,KL","E90,EMJ"
FLR-BCN,FLR,BCN,Firenze (FI),Barcelona,IT,ES,43.808558,11.202822,41.2971,2.07846,797.3,2,"IB,VY","319,320"
FLR-BRI,FLR,BRI,Firenze (FI),Bari,IT,IT,43.808558,11.202822,41.138901,16.760599,543.8,2,"IB,VY","319,320"
FLR-BHX,FLR,BHX,Firenze (FI),"Birmingham, West Midlands",IT,GB,43.808558,11.202822,52.453899,-1.74803,1355.5,1,BE,E75
FLR-BOD,FLR,BOD,Firenze (FI),Bordeaux,IT,FR,43.808558,11.202822,44.82865,-0.715356,954.0,1,V7,717
FLR-CAG,FLR,CAG,Firenze (FI),Cagliari,IT,IT,43.808558,11.202822,39.251499,9.05428,537.3,2,"IB,VY","319,320"
FLR-CTA,FLR,CTA,Firenze (FI),Catania,IT,IT,43.808558,11.202822,37.466801,15.0664,776.6,3,"IB,V7,VY","319,320,717"
FLR-LYS,FLR,LYS,Firenze (FI),"Colombier-Saugnieu, Rhône",IT,FR,43.808558,11.202822,45.725996,5.090139,527.4,2,"A5,AF",AT5
FLR-CPH,FLR,CPH,Firenze (FI),Copenhagen,IT,DK,43.808558,11.202822,55.617900848389,12.656000137329,1317.2,2,"IB,VY","319,320"
FLR-DUS,FLR,DUS,Firenze (FI),Düsseldorf,IT,DE,43.808558,11.202822,51.289501,6.76678,895.6,3,"AB,AY,IG","320,DH4"
FLR-FRA,FLR,FRA,Firenze (FI),Frankfurt am Main,IT,DE,43.808558,11.202822,50.026706,8.55835,719.9,1,LH,E90
FLR-GVA,FLR,GVA,Firenze (FI),Geneva,IT,CH,43.808558,11.202822,46.238098,6.10895,482.8,2,"AZ,F7",S20
FLR-LCY,FLR,LCY,Firenze (FI),London,IT,GB,43.808558,11.202822,51.505299,0.055278,1193.1,3,"AF,BA,WX","AR8,E70 E90"
FLR-LGW,FLR,LGW,Firenze (FI),London,IT,GB,43.808558,11.202822,51.148744,-0.185739,1180.2,2,"IB,VY","319,320"
FLR-MAD,FLR,MAD,Firenze (FI),Madrid,IT,ES,43.808558,11.202822,40.493407,-3.572249,1270.6,2,"IB,VY","319,320"
FLR-MUC,FLR,MUC,Firenze (FI),Munich,IT,DE,43.808558,11.202822,48.353802,11.7861,507.4,2,"EN,LH",E95
FLR-NTE,FLR,NTE,Firenze (FI),Nantes,IT,FR,43.808558,11.202822,47.153198,-1.61073,1064.4,1,V7,717
FLR-PMO,FLR,PMO,Firenze (FI),Palermo,IT,IT,43.808558,11.202822,38.175999,13.091,646.0,3,"IB,V7,VY","319,320,717"
FLR-ORY,FLR,ORY,Firenze (FI),"Paris (Orly, Val-de-Marne)",IT,FR,43.808558,11.202822,48.729499,2.358963,871.7,2,"IB,VY","319,320"
FLR-CDG,FLR,CDG,Firenze (FI),"Paris (Roissy-en-France, Val-d'Oise)",IT,FR,43.808558,11.202822,49.00896,2.554117,878.8,2,"AF,AZ",318
FLR-FCO,FLR,FCO,Firenze (FI),Rome,IT,IT,43.808558,11.202822,41.804532,12.251998,238.7,1,AZ,319
FLR-STR,FLR,STR,Firenze (FI),Stuttgart,IT,DE,43.808558,11.202822,48.689899,9.22196,563.7,2,"AB,IG","320,DH4"
FLR-VIE,FLR,VIE,Firenze (FI),Vienna,IT,AT,43.808558,11.202822,48.110298,16.5697,632.9,5,"AB,AY,HG,IG,OS","320,DH4,DH4 F70"
FLR-BRU,FLR,BRU,Firenze (FI),Zaventem,IT,BE,43.808558,11.202822,50.901402,4.48444,936.2,1,SN,AR1
FLR-ZRH,FLR,ZRH,Firenze (FI),Zurich,IT,CH,43.808558,11.202822,47.458056,8.548056,455.2,2,"F7,LX","AR1,S20"
GOA-BCN,GOA,BCN,Genova (GE),Barcelona,IT,ES,44.412039,8.840732,41.2971,2.07846,650.7,2,"IB,VY",320
GOA-BRI,GOA,BRI,Genova (GE),Bari,IT,IT,44.412039,8.840732,41.138901,16.760599,741.4,1,FR,738
GOA-CAG,GOA,CAG,Genova (GE),Cagliari,IT,IT,44.412039,8.840732,39.251499,9.05428,574.1,1,FR,738
GOA-CTA,GOA,CTA,Genova (GE),Catania,IT,IT,44.412039,8.840732,37.466801,15.0664,932.0,1,V7,717
GOA-CRL,GOA,CRL,Genova (GE),Charleroi,IT,BE,44.412039,8.840732,50.461963,4.459562,748.8,1,FR,738
GOA-IST,GOA,IST,Genova (GE),Istanbul,IT,TR,44.412039,8.840732,41.274874,28.732136,1654.4,1,TK,738 739 330
GOA-LGW,GOA,LGW,Genova (GE),London,IT,GB,44.412039,8.840732,51.148744,-0.185739,1006.5,1,BA,320 319 734
GOA-STN,GOA,STN,Genova (GE),"London, Essex",IT,GB,44.412039,8.840732,51.884998,0.235,1046.4,1,FR,738
GOA-DME,GOA,DME,Genova (GE),Moscow,IT,RU,44.412039,8.840732,55.408798,37.9063,2388.1,1,S7,320
GOA-MUC,GOA,MUC,Genova (GE),Munich,IT,DE,44.412039,8.840732,48.353802,11.7861,493.0,1,LH,CR9 CR7
GOA-NAP,GOA,NAP,Genova (GE),Napoli,IT,IT,44.412039,8.840732,40.886002,14.2908,593.4,1,V7,717
GOA-OLB,GOA,OLB,Genova (GE),Olbia (SS),IT,IT,44.412039,8.840732,40.898953,9.518457,394.5,1,V7,717
GOA-PMO,GOA,PMO,Genova (GE),Palermo,IT,IT,44.412039,8.840732,38.175999,13.091,778.8,1,V7,717
GOA-CDG,GOA,CDG,Genova (GE),"Paris (Roissy-en-France, Val-d'Oise)",IT,FR,44.412039,8.840732,49.00896,2.554117,700.3,2,"AF,AZ",E70 E90
GOA-TIA,GOA,TIA,Genova (GE),Rinas,IT,AL,44.412039,8.840732,41.4147,19.7206,945.7,2,"AP,AZ",320
GOA-FCO,GOA,FCO,Genova (GE),Rome,IT,IT,44.412039,8.840732,41.804532,12.251998,400.9,1,AZ,319 32S E75 320 E90
GOA-TPS,GOA,TPS,Genova (GE),Trapani (TP),IT,IT,44.412039,8.840732,37.9114,12.488,784.5,1,FR,738
SUF-BLQ,SUF,BLQ,Lamezia Terme (CZ),Bologna,IT,IT,38.906214,16.246007,44.5354,11.2887,748.7,1,FR,738
SUF-TRN,SUF,TRN,Lamezia Terme (CZ),Caselle Torinese (TO),IT,IT,38.906214,16.246007,45.200802,7.64963,995.7,2,"AP,AZ",320
SUF-CTA,SUF,CTA,Lamezia Terme (CZ),Catania,IT,IT,38.906214,16.246007,37.466801,15.0664,190.4,1,HV,73H
SUF-CRL,SUF,CRL,Lamezia Terme (CZ),Charleroi,IT,BE,38.906214,16.246007,50.461963,4.459562,1583.1,1,FR,738
SUF-DUS,SUF,DUS,Lamezia Terme (CZ),Düsseldorf,IT,DE,38.906214,16.246007,51.289501,6.76678,1562.1,1,4U,CRJ
SUF-MXP,SUF,MXP,Lamezia Terme (CZ),Ferno (VA),IT,IT,38.906214,16.246007,45.6306,8.72811,969.5,1,U2,319 320
SUF-HHN,SUF,HHN,Lamezia Terme (CZ),Frankfurt am Main (Lautzenhausen),IT,DE,38.906214,16.246007,49.946353,7.261734,1417.5,1,FR,738
SUF-HAJ,SUF,HAJ,Lamezia Terme (CZ),Hannover,IT,DE,38.906214,16.246007,52.461102,9.68508,1589.4,1,4U,319
SUF-CGN,SUF,CGN,Lamezia Terme (CZ),Köln (Cologne),IT,DE,38.906214,16.246007,50.865898,7.14274,1508.3,1,4U,319
SUF-STN,SUF,STN,Lamezia Terme (CZ),"London, Essex",IT,GB,38.906214,16.246007,51.884998,0.235,1900.8,1,FR,738
SUF-MUC,SUF,MUC,Lamezia Terme (CZ),Munich,IT,DE,38.906214,16.246007,48.353802,11.7861,1109.7,1,LH,319
SUF-BGY,SUF,BGY,Lamezia Terme (CZ),Orio al Serio (BG),IT,IT,38.906214,16.246007,45.669362,9.708851,923.8,1,FR,738
SUF-PSA,SUF,PSA,Lamezia Terme (CZ),Pisa (PI),IT,IT,38.906214,16.246007,43.683899,10.3927,721.7,1,FR,738
SUF-FCO,SUF,FCO,Lamezia Terme (CZ),Rome,IT,IT,38.906214,16.246007,41.804532,12.251998,467.2,2,"AZ,FR","321 32S 320 319,738"
SUF-LIN,SUF,LIN,Lamezia Terme (CZ),Segrate (MI),IT,IT,38.906214,16.246007,45.445099,9.27674,925.8,1,AZ,319 E75
SUF-STR,SUF,STR,Lamezia Terme (CZ),Stuttgart,IT,DE,38.906214,16.246007,48.689899,9.22196,1224.0,1,4U,319
SUF-TSF,SUF,TSF,Lamezia Terme (CZ),Treviso (TV),IT,IT,38.906214,16.246007,45.648399,12.1944,820.2,1,FR,738
SUF-VCE,SUF,VCE,Lamezia Terme (CZ),Venezia (VE),IT,IT,38.906214,16.246007,45.505299,12.3519,800.6,2,"AP,AZ",320
SUF-VIE,SUF,VIE,Lamezia Terme (CZ),Vienna,IT,AT,38.906214,16.246007,48.110298,16.5697,1023.8,1,OS,320
SUF-NRN,SUF,NRN,Lamezia Terme (CZ),Weeze,IT,DE,38.906214,16.246007,51.601362,6.141228,1614.7,1,FR,738
SUF-ZRH,SUF,ZRH,Lamezia Terme (CZ),Zurich,IT,CH,38.906214,16.246007,47.458056,8.548056,1136.2,2,"AB,IG",320
LMP-CTA,LMP,CTA,Lampedusa,Catania,IT,IT,35.497898,12.6181,37.466801,15.0664,309.6,1,F7,AT7
LMP-PMO,LMP,PMO,Lampedusa,Palermo,IT,IT,35.497898,12.6181,38.175999,13.091,300.7,1,F7,AT7
LMP-VCE,LMP,VCE,Lampedusa,Venezia (VE),IT,IT,35.497898,12.6181,45.505299,12.3519,1113.0,1,V7,717
CUF-AHO,CUF,AHO,Levaldigi (CN),Alghero,IT,IT,44.547458,7.623045,40.632099,8.29077,438.8,1,FR,738
CUF-CAG,CUF,CAG,Levaldigi (CN),Cagliari,IT,IT,44.547458,7.623045,39.251499,9.05428,600.7,1,FR,738
CUF-OTP,CUF,OTP,Levaldigi (CN),Otopeni,IT,RO,44.547458,7.623045,44.571792,26.103285,1461.0,1,W6,320
CUF-TPS,CUF,TPS,Levaldigi (CN),Trapani (TP),IT,IT,44.547458,7.623045,37.9114,12.488,842.2,1,FR,738
NAP-AMS,NAP,AMS,Napoli,Amsterdam,IT,NL,40.886002,14.2908,52.308601,4.76389,1461.1,1,HV,73H 73W
NAP-BCN,NAP,BCN,Napoli,Barcelona,IT,ES,40.886002,14.2908,41.2971,2.07846,1023.6,2,"IB,VY",320
NAP-BUD,NAP,BUD,Napoli,Budapest,IT,HU,40.886002,14.2908,47.43018,19.262393,828.3,1,W6,320
NAP-BSL,NAP,BSL,Napoli,Bâle / Mulhouse,IT,FR,40.886002,14.2908,47.60068,7.521117,920.2,1,U2,319 320
NAP-CAG,NAP,CAG,Napoli,Cagliari,IT,IT,40.886002,14.2908,39.251499,9.05428,481.1,1,IG,737 M80
NAP-VRN,NAP,VRN,Napoli,Caselle (VR),IT,IT,40.886002,14.2908,45.394955,10.887303,572.3,1,IG,737 320 M80
NAP-TRN,NAP,TRN,Napoli,Caselle Torinese (TO),IT,IT,40.886002,14.2908,45.200802,7.64963,721.7,2,"AZ,IG","319 E75,737"
NAP-CTA,NAP,CTA,Napoli,Catania,IT,IT,40.886002,14.2908,37.466801,15.0664,386.0,3,"AZ,IG,U2","319,320 737 M80,E75"
NAP-DUB,NAP,DUB,Napoli,Dublin,IT,IE,40.886002,14.2908,53.428713,-6.262121,2074.3,1,EI,320
NAP-DUS,NAP,DUS,Napoli,Düsseldorf,IT,DE,40.886002,14.2908,51.289501,6.76678,1292.6,3,"AB,IG,LH","319 CR9,320,738 320"
NAP-EDI,NAP,EDI,Napoli,Edinburgh,IT,GB,40.886002,14.2908,55.950145,-3.372288,2109.5,1,U2,320 319
NAP-EIN,NAP,EIN,Napoli,Eindhoven,IT,NL,40.886002,14.2908,51.4500999451,5.37452983856,1358.4,1,HV,73W
NAP-MXP,NAP,MXP,Napoli,Ferno (VA),IT,IT,40.886002,14.2908,45.6306,8.72811,693.4,1,U2,319 320
NAP-FRA,NAP,FRA,Napoli,Frankfurt am Main,IT,DE,40.886002,14.2908,50.026706,8.55835,1109.6,2,"AC,LH","320 321 319,320 321 32A"
NAP-GVA,NAP,GVA,Napoli,Geneva,IT,CH,40.886002,14.2908,46.238098,6.10895,887.3,1,U2,320 319
NAP-GOA,NAP,GOA,Napoli,Genova (GE),IT,IT,40.886002,14.2908,44.412039,8.840732,593.4,1,V7,717
NAP-HAM,NAP,HAM,Napoli,Hamburg,IT,DE,40.886002,14.2908,53.630402,9.98823,1453.2,2,"4U,U2",319
NAP-HAJ,NAP,HAJ,Napoli,Hannover,IT,DE,40.886002,14.2908,52.461102,9.68508,1333.5,1,4U,319
NAP-IST,NAP,IST,Napoli,Istanbul,IT,TR,40.886002,14.2908,41.274874,28.732136,1209.8,1,TK,738
NAP-KTW,NAP,KTW,Napoli,Katowice,IT,PL,40.886002,14.2908,50.476015,19.080705,1128.8,1,W6,320
NAP-CGN,NAP,CGN,Napoli,Köln (Cologne),IT,DE,40.886002,14.2908,50.865898,7.14274,1238.6,1,4U,319 320
NAP-LPL,NAP,LPL,Napoli,Liverpool,IT,GB,40.886002,14.2908,53.334863,-2.849637,1887.4,1,U2,319 320
NAP-LGW,NAP,LGW,Napoli,London,IT,GB,40.886002,14.2908,51.148744,-0.185739,1591.9,4,"BA,IG,TO,U2","319 320,320 734 319,737,75W 73H"
NAP-STN,NAP,STN,Napoli,"London, Essex",IT,GB,40.886002,14.2908,51.884998,0.235,1624.7,1,U2,319 320
NAP-LTN,NAP,LTN,Napoli,"Luton, Luton",IT,GB,40.886002,14.2908,51.874699,-0.368333,1654.4,1,ZB,320
NAP-LUX,NAP,LUX,Napoli,Luxembourg,IT,LU,40.886002,14.2908,49.626845,6.212134,1158.0,1,LG,DH4
NAP-LWO,NAP,LWO,Napoli,Lviv,IT,UA,40.886002,14.2908,49.8125,23.9561,1245.1,1,WU,320
NAP-MAN,NAP,MAN,Napoli,"Manchester, Greater Manchester",IT,GB,40.886002,14.2908,53.349375,-2.279521,1859.8,3,"TO,TOM,ZB","320,73H"
NAP-FMM,NAP,FMM,Napoli,Memmingen,IT,DE,40.886002,14.2908,47.988092,10.238248,852.4,1,3L,AT7
NAP-MUC,NAP,MUC,Napoli,Munich,IT,DE,40.886002,14.2908,48.353802,11.7861,853.6,3,"AB,IG,LH","320,320 738,321"
NAP-NTE,NAP,NTE,Napoli,Nantes,IT,FR,40.886002,14.2908,47.153198,-1.61073,1446.1,1,V7,717
NAP-NCE,NAP,NCE,Napoli,"Nice, Alpes-Maritimes",IT,FR,40.886002,14.2908,43.658401,7.21587,658.4,1,U2,319 320
NAP-OLB,NAP,OLB,Napoli,Olbia (SS),IT,IT,40.886002,14.2908,40.898953,9.518457,401.1,1,IG,M80 737
NAP-OTP,NAP,OTP,Napoli,Otopeni,IT,RO,40.886002,14.2908,44.571792,26.103285,1047.0,1,W6,320
NAP-PMO,NAP,PMO,Napoli,Palermo,IT,IT,40.886002,14.2908,38.175999,13.091,318.4,2,"AZ,V7","717,E75"
NAP-ORY,NAP,ORY,Napoli,"Paris (Orly, Val-de-Marne)",IT,FR,40.886002,14.2908,48.729499,2.358963,1280.5,2,"TO,U2","320,73H"
NAP-CDG,NAP,CDG,Napoli,"Paris (Roissy-en-France, Val-d'Oise)",IT,FR,40.886002,14.2908,49.00896,2.554117,1289.1,3,"AF,AZ,U2","319 320,321"
NAP-PRG,NAP,PRG,Napoli,Prague,IT,CZ,40.886002,14.2908,50.100874,14.259911,1024.6,1,W6,320
NAP-FCO,NAP,FCO,Napoli,Rome,IT,IT,40.886002,14.2908,41.804532,12.251998,198.5,1,AZ,32S E75 319
NAP-TRS,NAP,TRS,Napoli,Ronchi dei Legionari/Trieste,IT,IT,40.886002,14.2908,45.827862,13.466672,553.5,1,AZ,E75
NAP-LIN,NAP,LIN,Napoli,Segrate (MI),IT,IT,40.886002,14.2908,45.445099,9.27674,649.6,4,"AP,AZ,I9,IG","737 M80,E75 32S 319,E90 32S,M80 737"
NAP-STR,NAP,STR,Napoli,Stuttgart,IT,DE,40.886002,14.2908,48.689899,9.22196,955.0,3,"4U,AB,IG","319,320,320 738"
NAP-VCE,NAP,VCE,Napoli,Venezia (VE),IT,IT,40.886002,14.2908,45.505299,12.3519,537.1,2,"IG,U2","319 320,737 M80"
NAP-VIE,NAP,VIE,Napoli,Vienna,IT,AT,40.886002,14.2908,48.110298,16.5697,823.3,1,OS,321
NAP-BRU,NAP,BRU,Napoli,Zaventem,IT,BE,40.886002,14.2908,50.901402,4.48444,1345.1,2,"SN,U2","319,320 319"
NAP-ZRH,NAP,ZRH,Napoli,Zurich,IT,CH,40.886002,14.2908,47.458056,8.548056,861.9,2,"AB,IG",320
OLB-AMS,OLB,AMS,Olbia (SS),Amsterdam,IT,NL,40.898953,9.518457,52.308601,4.76389,1318.9,1,HV,73H
OLB-BRN,OLB,BRN,Olbia (SS),Bern,IT,CH,40.898953,9.518457,46.912736,7.498819,687.9,1,SX,D38
OLB-BLQ,OLB,BLQ,Olbia (SS),Bologna,IT,IT,40.898953,9.518457,44.5354,11.2887,429.4,1,IG,M80
OLB-BOD,OLB,BOD,Olbia (SS),Bordeaux,IT,FR,40.898953,9.518457,44.82865,-0.715356,940.6,1,V7,717
OLB-BSL,OLB,BSL,Olbia (SS),Bâle / Mulhouse,IT,FR,40.898953,9.518457,47.60068,7.521117,761.9,1,U2,319
OLB-VRN,OLB,VRN,Olbia (SS),Caselle (VR),IT,IT,40.898953,9.518457,45.394955,10.887303,512.1,1,IG,M80
OLB-TRN,OLB,TRN,Olbia (SS),Caselle Torinese (TO),IT,IT,40.898953,9.518457,45.200802,7.64963,501.8,1,IG,M80
OLB-DUS,OLB,DUS,Olbia (SS),Düsseldorf,IT,DE,40.898953,9.518457,51.289501,6.76678,1174.5,3,"4U,AB,IG","320,738 319,CRJ"
OLB-MXP,OLB,MXP,Olbia (SS),Ferno (VA),IT,IT,40.898953,9.518457,45.6306,8.72811,530.0,1,U2,320 319
OLB-FRA,OLB,FRA,Olbia (SS),Frankfurt am Main,IT,DE,40.898953,9.518457,50.026706,8.55835,1017.7,1,LH,E90
OLB-FDH,OLB,FDH,Olbia (SS),Friedrichshafen,IT,DE,40.898953,9.518457,47.671299,9.51149,753.1,1,3L,AT7
OLB-GVA,OLB,GVA,Olbia (SS),Geneva,IT,CH,40.898953,9.518457,46.238098,6.10895,654.0,2,"LX,U2","319 320,320"
OLB-GOA,OLB,GOA,Olbia (SS),Genova (GE),IT,IT,40.898953,9.518457,44.412039,8.840732,394.5,1,V7,717
OLB-HAM,OLB,HAM,Olbia (SS),Hamburg,IT,DE,40.898953,9.518457,53.630402,9.98823,1416.1,3,"4U,AB,IG","319,320"
OLB-CGN,OLB,CGN,Olbia (SS),Köln (Cologne),IT,DE,40.898953,9.518457,50.865898,7.14274,1123.3,3,"4U,AB,IG","319,320,738"
OLB-LGW,OLB,LGW,Olbia (SS),London,IT,GB,40.898953,9.518457,51.148744,-0.185739,1361.4,3,"BA,IG,U2","319,320,737"
OLB-MUC,OLB,MUC,Olbia (SS),Munich,IT,DE,40.898953,9.518457,48.353802,11.7861,848.0,3,"AB,IG,LH","320,73G 738 320,E95"
OLB-NTE,OLB,NTE,Olbia (SS),Nantes,IT,FR,40.898953,9.518457,47.153198,-1.61073,1127.5,1,V7,717
OLB-NAP,OLB,NAP,Olbia (SS),Napoli,IT,IT,40.898953,9.518457,40.886002,14.2908,401.1,1,IG,M80 737
OLB-NCE,OLB,NCE,Olbia (SS),"Nice, Alpes-Maritimes",IT,FR,40.898953,9.518457,43.658401,7.21587,360.6,1,U2,319
OLB-NUE,OLB,NUE,Olbia (SS),Nuremberg,IT,DE,40.898953,9.518457,49.498699,11.078056,964.0,2,"AB,IG","320,738"
OLB-CDG,OLB,CDG,Olbia (SS),"Paris (Roissy-en-France, Val-d'Oise)",IT,FR,40.898953,9.518457,49.00896,2.554117,1054.2,1,IG,M80 320
OLB-RIX,OLB,RIX,Olbia (SS),Riga,IT,LV,40.898953,9.518457,56.920752,23.970711,2061.6,2,"AZ,BT",73C
OLB-FCO,OLB,FCO,Olbia (SS),Rome,IT,IT,40.898953,9.518457,41.804532,12.251998,249.4,1,IG,M80
OLB-LIN,OLB,LIN,Olbia (SS),Segrate (MI),IT,IT,40.898953,9.518457,45.445099,9.27674,505.9,1,IG,M80
OLB-ARN,OLB,ARN,Olbia (SS),Stockholm,IT,SE,40.898953,9.518457,59.64849,17.928829,2164.8,1,DY,73H
OLB-STR,OLB,STR,Olbia (SS),Stuttgart,IT,DE,40.898953,9.518457,48.689899,9.22196,866.6,3,"4U,AB,IG","319,320,320 738 73G"
OLB-VCE,OLB,VCE,Olbia (SS),Venezia (VE),IT,IT,40.898953,9.518457,45.505299,12.3519,561.2,1,V7,717
OLB-VIE,OLB,VIE,Olbia (SS),Vienna,IT,AT,40.898953,9.518457,48.110298,16.5697,976.7,4,"AB,HG,IG,OS",320
OLB-ZRH,OLB,ZRH,Olbia (SS),Zurich,IT,CH,40.898953,9.518457,47.458056,8.548056,733.4,2,"AB,IG","320,320 738"
BGY-AHO,BGY,AHO,Orio al Serio (BG),Alghero,IT,IT,45.669362,9.708851,40.632099,8.29077,571.8,1,FR,738
BGY-ALC,BGY,ALC,Orio al Serio (BG),Alicante,IT,ES,45.669362,9.708851,38.2822,-0.558156,1179.3,1,FR,738
BGY-ARW,BGY,ARW,Orio al Serio (BG),Arad,IT,RO,45.669362,9.708851,46.176136,21.264322,894.8,1,W6,320
BGY-KRK,BGY,KRK,Orio al Serio (BG),Balice,IT,PL,45.669362,9.708851,50.077702,19.7848,896.1,1,FR,738
BGY-BCN,BGY,BCN,Orio al Serio (BG),Barcelona,IT,ES,45.669362,9.708851,41.2971,2.07846,783.8,1,FR,738
BGY-BRI,BGY,BRI,Orio al Serio (BG),Bari,IT,IT,45.669362,9.708851,41.138901,16.760599,759.9,1,FR,738
BGY-BVA,BGY,BVA,Orio al Serio (BG),Beauvais,IT,FR,45.669362,9.708851,49.454399,2.11278,707.9,1,FR,738
BGY-BLL,BGY,BLL,Orio al Serio (BG),Billund,IT,DK,45.669362,9.708851,55.740335,9.157019,1120.5,1,FR,738
BGY-BTS,BGY,BTS,Orio al Serio (BG),Bratislava,IT,SK,45.669362,9.708851,48.1702,17.2127,633.8,1,FR,738
BGY-BRE,BGY,BRE,Orio al Serio (BG),Bremen,IT,DE,45.669362,9.708851,53.046786,8.78932,823.0,1,FR,738
BGY-BDS,BGY,BDS,Orio al Serio (BG),Brindisi,IT,IT,45.669362,9.708851,40.6576,17.947001,869.3,1,FR,738
BGY-BRS,BGY,BRS,Orio al Serio (BG),Bristol,IT,GB,45.669362,9.708851,51.382326,-2.716453,1111.6,1,FR,738
BGY-BUD,BGY,BUD,Orio al Serio (BG),Budapest,IT,HU,45.669362,9.708851,47.43018,19.262393,755.8,1,FR,738
BGY-CAG,BGY,CAG,Orio al Serio (BG),Cagliari,IT,IT,45.669362,9.708851,39.251499,9.05428,715.6,1,FR,738
BGY-CTA,BGY,CTA,Orio al Serio (BG),Catania,IT,IT,45.669362,9.708851,37.466801,15.0664,1014.6,1,FR,738
BGY-CRL,BGY,CRL,Orio al Serio (BG),Charleroi,IT,BE,45.669362,9.708851,50.461963,4.459562,660.1,1,FR,738
BGY-CLJ,BGY,CLJ,Orio al Serio (BG),Cluj-Napoca,IT,RO,45.669362,9.708851,46.786042,23.685733,1080.8,1,W6,320
BGY-CRA,BGY,CRA,Orio al Serio (BG),Craiova,IT,RO,45.669362,9.708851,44.3181,23.888599,1123.6,1,W6,320
BGY-DUB,BGY,DUB,Orio al Serio (BG),Dublin,IT,IE,45.669362,9.708851,53.428713,-6.262121,1434.1,1,FR,738
BGY-EIN,BGY,EIN,Orio al Serio (BG),Eindhoven,IT,NL,45.669362,9.708851,51.4500999451,5.37452983856,717.3,1,FR,738
BGY-HHN,BGY,HHN,Orio al Serio (BG),Frankfurt am Main (Lautzenhausen),IT,DE,45.669362,9.708851,49.946353,7.261734,509.4,1,FR,738
BGY-GDN,BGY,GDN,Orio al Serio (BG),Gdańsk,IT,PL,45.669362,9.708851,54.377602,18.4662,1150.9,1,W6,320
BGY-GRO,BGY,GRO,Orio al Serio (BG),Girona,IT,ES,45.669362,9.708851,41.904639,2.761774,696.9,1,FR,738
BGY-IBZ,BGY,IBZ,Orio al Serio (BG),Ibiza (Eivissa),IT,ES,45.669362,9.708851,38.872898,1.37312,1019.4,1,FR,738
BGY-SKP,BGY,SKP,Orio al Serio (BG),Ilinden,IT,MK,45.669362,9.708851,41.958087,21.622581,1039.9,1,W6,320
BGY-KTW,BGY,KTW,Orio al Serio (BG),Katowice,IT,PL,45.669362,9.708851,50.476015,19.080705,876.7,1,W6,320
BGY-SUF,BGY,SUF,Orio al Serio (BG),Lamezia Terme (CZ),IT,IT,45.669362,9.708851,38.906214,16.246007,923.8,1,FR,738
BGY-LPP,BGY,LPP,Orio al Serio (BG),Lappeenranta,IT,FI,45.669362,9.708851,61.044601,28.144743,2086.5,1,FR,738
BGY-LBA,BGY,LBA,Orio al Serio (BG),"Leeds, West Yorkshire",IT,GB,45.669362,9.708851,53.865898,-1.66057,1220.8,1,FR,738
BGY-STN,BGY,STN,Orio al Serio (BG),"London, Essex",IT,GB,45.669362,9.708851,51.884998,0.235,978.1,1,FR,738
BGY-LWO,BGY,LWO,Orio al Serio (BG),Lviv,IT,UA,45.669362,9.708851,49.8125,23.9561,1158.3,1,WU,320
BGY-LBC,BGY,LBC,Orio al Serio (BG),Lübeck,IT,DE,45.669362,9.708851,53.805401,10.7192,907.6,1,FR,738
BGY-MAD,BGY,MAD,Orio al Serio (BG),Madrid,IT,ES,45.669362,9.708851,40.493407,-3.572249,1220.4,1,FR,738
BGY-MAN,BGY,MAN,Orio al Serio (BG),"Manchester, Greater Manchester",IT,GB,45.669362,9.708851,53.349375,-2.279521,1212.9,1,FR,738
BGY-OMO,BGY,OMO,Orio al Serio (BG),Mostar,IT,BA,45.669362,9.708851,43.282489,17.846101,697.6,1,IG,320
BGY-AGP,BGY,AGP,Orio al Serio (BG),Málaga,IT,ES,45.669362,9.708851,36.6749,-4.49911,1549.8,1,FR,738
BGY-EMA,BGY,EMA,Orio al Serio (BG),"Nottingham, Leicestershire",IT,GB,45.669362,9.708851,52.8311,-1.32806,1127.2,1,FR,738
BGY-WMI,BGY,WMI,Orio al Serio (BG),Nowy Dwór Mazowiecki,IT,PL,45.669362,9.708851,52.451099,20.6518,1095.3,1,FR,738
BGY-NYO,BGY,NYO,Orio al Serio (BG),Nyköping,IT,SE,45.669362,9.708851,58.789656,16.911479,1537.1,1,FR,738
BGY-OTP,BGY,OTP,Orio al Serio (BG),Otopeni,IT,RO,45.669362,9.708851,44.571792,26.103285,1289.8,1,W6,320
BGY-PMO,BGY,PMO,Orio al Serio (BG),Palermo,IT,IT,45.669362,9.708851,38.175999,13.091,878.7,1,FR,738
BGY-PMI,BGY,PMI,Orio al Serio (BG),Palma de Mallorca,IT,ES,45.669362,9.708851,39.551701,2.73881,887.0,1,FR,738
BGY-PSR,BGY,PSR,Orio al Serio (BG),Pescara,IT,IT,45.669362,9.708851,42.431079,14.182981,507.3,1,FR,738
BGY-OPO,BGY,OPO,Orio al Serio (BG),Porto,IT,PT,45.669362,9.708851,41.2481002808,-8.68138980865,1559.5,1,FR,738
BGY-PRG,BGY,PRG,Orio al Serio (BG),Prague,IT,CZ,45.669362,9.708851,50.100874,14.259911,598.1,1,W6,320
BGY-RIX,BGY,RIX,Orio al Serio (BG),Riga,IT,LV,45.669362,9.708851,56.920752,23.970711,1589.8,1,FR,738
BGY-TIA,BGY,TIA,Orio al Serio (BG),Rinas,IT,AL,45.669362,9.708851,41.4147,19.7206,934.4,1,BV,737
BGY-SDR,BGY,SDR,Orio al Serio (BG),Santander,IT,ES,45.669362,9.708851,43.427101,-3.82001,1099.2,1,FR,738
BGY-SCQ,BGY,SCQ,Orio al Serio (BG),Santiago de Compostela,IT,ES,45.669362,9.708851,42.896301,-8.41514,1471.9,1,FR,738
BGY-SVQ,BGY,SVQ,Orio al Serio (BG),Seville,IT,ES,45.669362,9.708851,37.417999,-5.89311,1585.4,1,FR,738
BGY-SOF,BGY,SOF,Orio al Serio (BG),Sofia,IT,BG,45.669362,9.708851,42.696357,23.417671,1140.4,1,W6,320
BGY-ATH,BGY,ATH,Orio al Serio (BG),Spata-Artemida,IT,GR,45.669362,9.708851,37.936401,23.9445,1456.5,1,FR,738
BGY-TLL,BGY,TLL,Orio al Serio (BG),Tallinn,IT,EE,45.669362,9.708851,59.413246,24.83264,1829.5,1,FR,738
BGY-TMP,BGY,TMP,Orio al Serio (BG),Tampere / Pirkkala,IT,FI,45.669362,9.708851,61.414101,23.604401,1967.4,1,FR,738
BGY-LDE,BGY,LDE,Orio al Serio (BG),Tarbes/Lourdes/Pyrénées,IT,FR,45.669362,9.708851,43.178699,-0.006439,819.1,1,FR,738
BGY-SKG,BGY,SKG,Orio al Serio (BG),Thessaloniki,IT,GR,45.669362,9.708851,40.51928,22.970009,1217.4,1,FR,738
BGY-TSR,BGY,TSR,Orio al Serio (BG),Timişoara,IT,RO,45.669362,9.708851,45.809898,21.3379,901.8,1,W6,320
BGY-TPS,BGY,TPS,Orio al Serio (BG),Trapani (TP),IT,IT,45.669362,9.708851,37.9114,12.488,892.7,1,FR,738
BGY-VLC,BGY,VLC,Orio al Serio (BG),Valencia,IT,ES,45.669362,9.708851,39.489162,-0.480961,1079.4,1,FR,738
BGY-MLA,BGY,MLA,Orio al Serio (BG),Valletta,IT,MT,45.669362,9.708851,35.845932,14.491546,1163.7,1,FR,738
BGY-VNO,BGY,VNO,Orio al Serio (BG),Vilnius,IT,LT,45.669362,9.708851,54.634102,25.285801,1485.8,2,"FR,W6","320,738"
BGY-WAW,BGY,WAW,Orio al Serio (BG),Warsaw,IT,PL,45.669362,9.708851,52.165699,20.9671,1092.6,1,W6,320
BGY-NRN,BGY,NRN,Orio al Serio (BG),Weeze,IT,DE,45.669362,9.708851,51.601362,6.141228,709.6,1,FR,738
BGY-WRO,BGY,WRO,Orio al Serio (BG),Wrocław,IT,PL,45.669362,9.708851,51.103719,16.882096,802.8,1,FR,738
BGY-ZAZ,BGY,ZAZ,Orio al Serio (BG),Zaragoza,IT,ES,45.669362,9.708851,41.666199,-1.04155,971.4,1,FR,738
PMO-AMS,PMO,AMS,Palermo,Amsterdam,IT,NL,38.175999,13.091,52.308601,4.76389,1698.7,2,"AP,AZ",320
PMO-BCN,PMO,BCN,Palermo,Barcelona,IT,ES,38.175999,13.091,41.2971,2.07846,1002.7,2,"IB,VY",320
PMO-BRI,PMO,BRI,Palermo,Bari,IT,IT,38.175999,13.091,41.138901,16.760599,455.1,2,"BV,V7","717,737"
PMO-BLQ,PMO,BLQ,Palermo,Bologna,IT,IT,38.175999,13.091,44.5354,11.2887,722.9,1,FR,738
PMO-BOD,PMO,BOD,Palermo,Bordeaux,IT,FR,38.175999,13.091,44.82865,-0.715356,1364.3,1,V7,717
PMO-VRN,PMO,VRN,Palermo,Caselle (VR),IT,IT,38.175999,13.091,45.394955,10.887303,823.2,3,"AP,AZ,V7","320,717"
PMO-TRN,PMO,TRN,Palermo,Caselle Torinese (TO),IT,IT,38.175999,13.091,45.200802,7.64963,901.9,3,"AP,AZ,V7","320,717"
PMO-CTA,PMO,CTA,Palermo,Catania,IT,IT,38.175999,13.091,37.466801,15.0664,190.6,1,HV,73H
PMO-MXP,PMO,MXP,Palermo,Ferno (VA),IT,IT,38.175999,13.091,45.6306,8.72811,903.8,1,U2,319 320
PMO-FLR,PMO,FLR,Palermo,Firenze (FI),IT,IT,38.175999,13.091,43.808558,11.202822,646.0,3,"IB,V7,VY","319,320,717"
PMO-FRA,PMO,FRA,Palermo,Frankfurt am Main,IT,DE,38.175999,13.091,50.026706,8.55835,1365.9,1,LH,E90
PMO-GOA,PMO,GOA,Palermo,Genova (GE),IT,IT,38.175999,13.091,44.412039,8.840732,778.8,1,V7,717
PMO-CGN,PMO,CGN,Palermo,Köln (Cologne),IT,DE,38.175999,13.091,50.865898,7.14274,1486.5,1,4U,319 CRJ
PMO-LMP,PMO,LMP,Palermo,Lampedusa,IT,IT,38.175999,13.091,35.497898,12.6181,300.7,1,F7,AT7
PMO-LGW,PMO,LGW,Palermo,London,IT,GB,38.175999,13.091,51.148744,-0.185739,1778.3,3,"AP,AZ,U2","319,320"
PMO-STN,PMO,STN,Palermo,"London, Essex",IT,GB,38.175999,13.091,51.884998,0.235,1822.8,1,FR,738
PMO-MAD,PMO,MAD,Palermo,Madrid,IT,ES,38.175999,13.091,40.493407,-3.572249,1453.8,1,FR,738
PMO-MRS,PMO,MRS,Palermo,"Marignane, Bouches-du-Rhône",IT,FR,38.175999,13.091,43.438088,5.2125,883.6,1,FR,738
PMO-SVO,PMO,SVO,Palermo,Moscow,IT,RU,38.175999,13.091,55.976858,37.41121,2675.8,2,"AP,AZ",320
PMO-MUC,PMO,MUC,Palermo,Munich,IT,DE,38.175999,13.091,48.353802,11.7861,1136.6,1,LH,E95 319
PMO-NTE,PMO,NTE,Palermo,Nantes,IT,FR,38.175999,13.091,47.153198,-1.61073,1558.0,1,V7,717
PMO-NAP,PMO,NAP,Palermo,Napoli,IT,IT,38.175999,13.091,40.886002,14.2908,318.4,2,"AZ,V7","717,E75"
PMO-BGY,PMO,BGY,Palermo,Orio al Serio (BG),IT,IT,38.175999,13.091,45.669362,9.708851,878.7,1,FR,738
PMO-PNL,PMO,PNL,Palermo,Pantelleria (TP),IT,IT,38.175999,13.091,36.816502,11.9689,180.7,1,F7,AT7
PMO-ORY,PMO,ORY,Palermo,"Paris (Orly, Val-de-Marne)",IT,FR,38.175999,13.091,48.729499,2.358963,1455.6,2,"TO,U2","320,73H"
PMO-CDG,PMO,CDG,Palermo,"Paris (Roissy-en-France, Val-d'Oise)",IT,FR,38.175999,13.091,49.00896,2.554117,1470.4,4,"AP,AZ,IG,SE","319,320,733"
PMO-PSA,PMO,PSA,Palermo,Pisa (PI),IT,IT,38.175999,13.091,43.683899,10.3927,653.0,1,FR,738
PMO-FCO,PMO,FCO,Palermo,Rome,IT,IT,38.175999,13.091,41.804532,12.251998,409.8,4,"AZ,BV,FR,U2","319,319 321 E75 32S 320,737,738"
PMO-LIN,PMO,LIN,Palermo,Segrate (MI),IT,IT,38.175999,13.091,45.445099,9.27674,867.6,2,"AP,AZ","320 32S,32S E75"
PMO-SVQ,PMO,SVQ,Palermo,Seville,IT,ES,38.175999,13.091,37.417999,-5.89311,1667.2,1,FR,738
PMO-ARN,PMO,ARN,Palermo,Stockholm,IT,SE,38.175999,13.091,59.64849,17.928829,2412.1,1,DY,73H
PMO-SXB,PMO,SXB,Palermo,Strasbourg,IT,FR,38.175999,13.091,48.5383,7.62823,1233.2,1,V7,717
PMO-TSF,PMO,TSF,Palermo,Treviso (TV),IT,IT,38.175999,13.091,45.648399,12.1944,834.2,1,FR,738
PMO-VCE,PMO,VCE,Palermo,Venezia (VE),IT,IT,38.175999,13.091,45.505299,12.3519,817.3,3,"AP,AZ,V7","320,717"
PMO-VIE,PMO,VIE,Palermo,Vienna,IT,AT,38.175999,13.091,48.110298,16.5697,1139.8,1,OS,F70
PMO-NRN,PMO,NRN,Palermo,Weeze,IT,DE,38.175999,13.091,51.601362,6.141228,1588.3,1,FR,738
PMO-BRU,PMO,BRU,Palermo,Zaventem,IT,BE,38.175999,13.091,50.901402,4.48444,1568.3,1,SN,320 319
PNL-PMO,PNL,PMO,Pantelleria (TP),Palermo,IT,IT,36.816502,11.9689,38.175999,13.091,180.7,1,F7,AT7
PNL-TPS,PNL,TPS,Pantelleria (TP),Trapani (TP),IT,IT,36.816502,11.9689,37.9114,12.488,130.1,1,F7,AT7
PNL-VCE,PNL,VCE,Pantelleria (TP),Venezia (VE),IT,IT,36.816502,11.9689,45.505299,12.3519,966.7,1,V7,717
PMF-AHO,PMF,AHO,Parma (PR),Alghero,IT,IT,44.826351,10.29705,40.632099,8.29077,494.3,1,FR,738
PMF-CAG,PMF,CAG,Parma (PR),Cagliari,IT,IT,44.826351,10.29705,39.251499,9.05428,628.3,1,FR,738
PMF-STN,PMF,STN,Parma (PR),"London, Essex",IT,GB,44.826351,10.29705,51.884998,0.235,1079.2,1,FR,738
PMF-TPS,PMF,TPS,Parma (PR),Trapani (TP),IT,IT,44.826351,10.29705,37.9114,12.488,790.3,1,FR,738
PEG-CAG,PEG,CAG,Perugia (PG),Cagliari,IT,IT,43.095901,12.5132,39.251499,9.05428,516.2,1,FR,738
PEG-CRL,PEG,CRL,Perugia (PG),Charleroi,IT,BE,43.095901,12.5132,50.461963,4.459562,1021.9,1,FR,738
PEG-STN,PEG,STN,Perugia (PG),"London, Essex",IT,GB,43.095901,12.5132,51.884998,0.235,1340.4,1,FR,738
PEG-OTP,PEG,OTP,Perugia (PG),Otopeni,IT,RO,43.095901,12.5132,44.571792,26.103285,1101.0,1,W6,320
PEG-TPS,PEG,TPS,Perugia (PG),Trapani (TP),IT,IT,43.095901,12.5132,37.9114,12.488,576.5,1,FR,738
PSR-BVA,PSR,BVA,Pescara,Beauvais,IT,FR,42.431079,14.182981,49.454399,2.11278,1214.4,1,FR,738
PSR-CAG,PSR,CAG,Pescara,Cagliari,IT,IT,42.431079,14.182981,39.251499,9.05428,557.6,1,FR,738
PSR-CRL,PSR,CRL,Pescara,Charleroi,IT,BE,42.431079,14.182981,50.461963,4.459562,1160.9,1,FR,738
PSR-HHN,PSR,HHN,Pescara,Frankfurt am Main (Lautzenhausen),IT,DE,42.431079,14.182981,49.946353,7.261734,990.1,1,FR,738
PSR-GRO,PSR,GRO,Pescara,Girona,IT,ES,42.431079,14.182981,41.904639,2.761774,942.4,1,FR,738
PSR-STN,PSR,STN,Pescara,"London, Essex",IT,GB,42.431079,14.182981,51.884998,0.235,1484.2,1,FR,738
PSR-BGY,PSR,BGY,Pescara,Orio al Serio (BG),IT,IT,42.431079,14.182981,45.669362,9.708851,507.3,1,FR,738
PSR-LIN,PSR,LIN,Pescara,Segrate (MI),IT,IT,42.431079,14.182981,45.445099,9.27674,516.2,1,AZ,319 32S
PSR-NRN,PSR,NRN,Pescara,Weeze,IT,DE,42.431079,14.182981,51.601362,6.141228,1186.4,1,FR,738
PSA-AHO,PSA,AHO,Pisa (PI),Alghero,IT,IT,43.683899,10.3927,40.632099,8.29077,381.0,1,FR,738
PSA-AMS,PSA,AMS,Pisa (PI),Amsterdam,IT,NL,43.683899,10.3927,52.308601,4.76389,1045.7,1,HV,73H
PSA-KRK,PSA,KRK,Pisa (PI),Balice,IT,PL,43.683899,10.3927,50.077702,19.7848,1006.0,1,FR,738
PSA-BCN,PSA,BCN,Pisa (PI),Barcelona,IT,ES,43.683899,10.3927,41.2971,2.07846,731.1,2,"IB,VY",320
PSA-BRI,PSA,BRI,Pisa (PI),Bari,IT,IT,43.683899,10.3927,41.138901,16.760599,594.2,1,FR,738
PSA-BVA,PSA,BVA,Pisa (PI),Beauvais,IT,FR,43.683899,10.3927,49.454399,2.11278,900.3,1,FR,738
PSA-BLL,PSA,BLL,Pisa (PI),Billund,IT,DK,43.683899,10.3927,55.740335,9.157019,1343.5,1,FR,738
PSA-BOH,PSA,BOH,Pisa (PI),Bournemouth,IT,GB,43.683899,10.3927,50.780483,-1.839576,1212.0,1,FR,738
PSA-BDS,PSA,BDS,Pisa (PI),Brindisi,IT,IT,43.683899,10.3927,40.6576,17.947001,707.3,1,FR,738
PSA-BRS,PSA,BRS,Pisa (PI),Bristol,IT,GB,43.683899,10.3927,51.382326,-2.716453,1300.9,1,U2,320 319
PSA-BUD,PSA,BUD,Pisa (PI),Budapest,IT,HU,43.683899,10.3927,47.43018,19.262393,805.8,1,FR,738
PSA-CAG,PSA,CAG,Pisa (PI),Cagliari,IT,IT,43.683899,10.3927,39.251499,9.05428,505.3,1,FR,738
PSA-CTA,PSA,CTA,Pisa (PI),Catania,IT,IT,43.683899,10.3927,37.466801,15.0664,795.7,2,"AP,AZ",320
PSA-CRL,PSA,CRL,Pisa (PI),Charleroi,IT,BE,43.683899,10.3927,50.461963,4.459562,876.8,1,FR,738
PSA-CIY,PSA,CIY,Pisa (PI),Comiso,IT,IT,43.683899,10.3927,36.99583,14.60889,824.8,1,FR,738
PSA-CPH,PSA,CPH,Pisa (PI),Copenhagen,IT,DK,43.683899,10.3927,55.617900848389,12.656000137329,1336.8,1,DY,73H
PSA-DUB,PSA,DUB,Pisa (PI),Dublin,IT,IE,43.683899,10.3927,53.428713,-6.262121,1628.8,1,FR,738
PSA-EDI,PSA,EDI,Pisa (PI),Edinburgh,IT,GB,43.683899,10.3927,55.950145,-3.372288,1677.3,1,FR,738
PSA-EIN,PSA,EIN,Pisa (PI),Eindhoven,IT,NL,43.683899,10.3927,51.4500999451,5.37452983856,941.5,1,FR,738
PSA-HHN,PSA,HHN,Pisa (PI),Frankfurt am Main (Lautzenhausen),IT,DE,43.683899,10.3927,49.946353,7.261734,735.8,1,FR,738
PSA-GDN,PSA,GDN,Pisa (PI),Gdańsk,IT,PL,43.683899,10.3927,54.377602,18.4662,1324.8,1,FR,738
PSA-GRO,PSA,GRO,Pisa (PI),Girona,IT,ES,43.683899,10.3927,41.904639,2.761774,653.0,1,FR,738
PSA-IBZ,PSA,IBZ,Pisa (PI),Ibiza (Eivissa),IT,ES,43.683899,10.3927,38.872898,1.37312,923.4,1,FR,738
PSA-HAU,PSA,HAU,Pisa (PI),Karmøy,IT,NO,43.683899,10.3927,59.345299,5.20836,1776.7,1,FR,738
PSA-CGN,PSA,CGN,Pisa (PI),Köln (Cologne),IT,DE,43.683899,10.3927,50.865898,7.14274,835.2,1,4U,319
PSA-SUF,PSA,SUF,Pisa (PI),Lamezia Terme (CZ),IT,IT,43.683899,10.3927,38.906214,16.246007,721.7,1,FR,738
PSA-LBA,PSA,LBA,Pisa (PI),"Leeds, West Yorkshire",IT,GB,43.683899,10.3927,53.865898,-1.66057,1431.9,2,"FR,LS","733,738"
PSA-LIS,PSA,LIS,Pisa (PI),Lisbon,IT,PT,43.683899,10.3927,38.7813,-9.13592,1716.8,1,FR,738
PSA-LPL,PSA,LPL,Pisa (PI),Liverpool,IT,GB,43.683899,10.3927,53.334863,-2.849637,1445.7,1,FR,738
PSA-LGW,PSA,LGW,Pisa (PI),London,IT,GB,43.683899,10.3927,51.148744,-0.185739,1147.8,2,"BA,U2","319 320,734 319"
PSA-LHR,PSA,LHR,Pisa (PI),London,IT,GB,43.683899,10.3927,51.470748,-0.459909,1186.0,2,"AA,BA",320 321
PSA-STN,PSA,STN,Pisa (PI),"London, Essex",IT,GB,43.683899,10.3927,51.884998,0.235,1184.1,1,FR,738
PSA-LTN,PSA,LTN,Pisa (PI),"Luton, Luton",IT,GB,43.683899,10.3927,51.874699,-0.368333,1212.4,1,U2,320 319
PSA-LBC,PSA,LBC,Pisa (PI),Lübeck,IT,DE,43.683899,10.3927,53.805401,10.7192,1125.7,1,FR,738
PSA-MAD,PSA,MAD,Pisa (PI),Madrid,IT,ES,43.683899,10.3927,40.493407,-3.572249,1204.0,1,FR,738
PSA-MAN,PSA,MAN,Pisa (PI),"Manchester, Greater Manchester",IT,GB,43.683899,10.3927,53.349375,-2.279521,1419.3,1,LS,733
PSA-SVO,PSA,SVO,Pisa (PI),Moscow,IT,RU,43.683899,10.3927,55.976858,37.41121,2347.0,2,"AP,AZ",320
PSA-MUC,PSA,MUC,Pisa (PI),Munich,IT,DE,43.683899,10.3927,48.353802,11.7861,530.3,1,LH,CR9 E95
PSA-NCL,PSA,NCL,Pisa (PI),"Newcastle upon Tyne, Tyne and Wear",IT,GB,43.683899,10.3927,55.037958,-1.689577,1531.4,1,LS,733
PSA-EMA,PSA,EMA,Pisa (PI),"Nottingham, Leicestershire",IT,GB,43.683899,10.3927,52.8311,-1.32806,1333.6,1,FR,738
PSA-WMI,PSA,WMI,Pisa (PI),Nowy Dwór Mazowiecki,IT,PL,43.683899,10.3927,52.451099,20.6518,1235.0,1,FR,738
PSA-NYO,PSA,NYO,Pisa (PI),Nyköping,IT,SE,43.683899,10.3927,58.789656,16.911479,1737.9,1,FR,738
PSA-OSL,PSA,OSL,Pisa (PI),Oslo (Gardermoen),IT,NO,43.683899,10.3927,60.193901,11.1004,1836.4,1,DY,73H
PSA-OTP,PSA,OTP,Pisa (PI),Otopeni,IT,RO,43.683899,10.3927,44.571792,26.103285,1255.9,1,W6,320
PSA-PMO,PSA,PMO,Pisa (PI),Palermo,IT,IT,43.683899,10.3927,38.175999,13.091,653.0,1,FR,738
PSA-ORY,PSA,ORY,Pisa (PI),"Paris (Orly, Val-de-Marne)",IT,FR,43.683899,10.3927,48.729499,2.358963,834.0,2,"TO,U2","320,73H"
PSA-PRG,PSA,PRG,Pisa (PI),Prague,IT,CZ,43.683899,10.3927,50.100874,14.259911,771.4,2,"AP,AZ",320
PSA-TIA,PSA,TIA,Pisa (PI),Rinas,IT,AL,43.683899,10.3927,41.4147,19.7206,804.2,3,"AP,AZ,BV","320,737"
PSA-FCO,PSA,FCO,Pisa (PI),Rome,IT,IT,43.683899,10.3927,41.804532,12.251998,258.3,1,AZ,E75 319 E90
PSA-TRF,PSA,TRF,Pisa (PI),Sandefjord(Torp),IT,NO,43.683899,10.3927,59.186699,10.2586,1723.9,1,FR,738
PSA-SVQ,PSA,SVQ,Pisa (PI),Seville,IT,ES,43.683899,10.3927,37.417999,-5.89311,1538.6,1,FR,738
PSA-ARN,PSA,ARN,Pisa (PI),Stockholm,IT,SE,43.683899,10.3927,59.64849,17.928829,1846.9,1,DY,73H
PSA-SKG,PSA,SKG,Pisa (PI),Thessaloniki,IT,GR,43.683899,10.3927,40.51928,22.970009,1094.4,1,FR,738
PSA-TPS,PSA,TPS,Pisa (PI),Trapani (TP),IT,IT,43.683899,10.3927,37.9114,12.488,665.6,1,FR,738
PSA-VLC,PSA,VLC,Pisa (PI),Valencia,IT,ES,43.683899,10.3927,39.489162,-0.480961,1016.4,1,FR,738
PSA-MLA,PSA,MLA,Pisa (PI),Valletta,IT,MT,43.683899,10.3927,35.845932,14.491546,939.0,1,FR,738
PSA-NRN,PSA,NRN,Pisa (PI),Weeze,IT,DE,43.683899,10.3927,51.601362,6.141228,935.8,1,FR,738
REG-TRN,REG,TRN,Reggio Calabria,Caselle Torinese (TO),IT,IT,38.071201,15.6516,45.200802,7.64963,1033.7,1,AZ,319
REG-FCO,REG,FCO,Reggio Calabria,Rome,IT,IT,38.071201,15.6516,41.804532,12.251998,506.2,2,"AZ,BV","320 319,737"
REG-LIN,REG,LIN,Reggio Calabria,Segrate (MI),IT,IT,38.071201,15.6516,45.445099,9.27674,974.9,2,"AZ,BV","320,737"
REG-VCE,REG,VCE,Reggio Calabria,Venezia (VE),IT,IT,38.071201,15.6516,45.505299,12.3519,870.5,1,V7,717
RMI-KRR,RMI,KRR,Rimini (RN),Krasnodar,IT,RU,44.020024,12.612198,45.034465,39.174215,2099.2,1,R3,73H
RMI-DME,RMI,DME,Rimini (RN),Moscow,IT,RU,44.020024,12.612198,55.408798,37.9063,2196.2,2,"U6,UN","321,763"
CIA-AHO,CIA,AHO,Rome,Alghero,IT,IT,41.798769,12.595331,40.632099,8.29077,382.7,1,FR,738
FCO-AHO,FCO,AHO,Rome,Alghero,IT,IT,41.804532,12.251998,40.632099,8.29077,356.0,1,JN,320
FCO-ALC,FCO,ALC,Rome,Alicante,IT,ES,41.804532,12.251998,38.2822,-0.558156,1157.3,2,"IB,VY",320
FCO-AMS,FCO,AMS,Rome,Amsterdam,IT,NL,41.804532,12.251998,52.308601,4.76389,1296.8,4,"AZ,KL,MU,U2","319,321 32S 320 319,737"
CIA-KRK,CIA,KRK,Rome,Balice,IT,PL,41.798769,12.595331,50.077702,19.7848,1074.3,1,FR,738
CIA-BCN,CIA,BCN,Rome,Barcelona,IT,ES,41.798769,12.595331,41.2971,2.07846,876.4,1,FR,738
FCO-BCN,FCO,BCN,Rome,Barcelona,IT,ES,41.804532,12.251998,41.2971,2.07846,848.0,4,"AZ,FR,IB,VY","320,320 32S 319 321,738"
CIA-BRI,CIA,BRI,Rome,Bari,IT,IT,41.798769,12.595331,41.138901,16.760599,354.7,1,FR,738
FCO-BRI,FCO,BRI,Rome,Bari,IT,IT,41.804532,12.251998,41.138901,16.760599,382.8,1,AZ,32S 321 319 320
CIA-BVA,CIA,BVA,Rome,Beauvais,IT,FR,41.798769,12.595331,49.454399,2.11278,1176.5,1,FR,738
FCO-BEG,FCO,BEG,Rome,Belgrade,IT,RS,41.804532,12.251998,44.818401,20.309099,732.5,3,"AZ,JU,U2","319,319 733,E90 E75 32S 319"
FCO-BGO,FCO,BGO,Rome,Bergen,IT,NO,41.804532,12.251998,60.2934,5.21814,2111.0,1,DY,73H
FCO-BIO,FCO,BIO,Rome,Bilbao,IT,ES,41.804532,12.251998,43.301102,-2.91061,1251.3,1,AZ,320 32S
CIA-BLL,CIA,BLL,Rome,Billund,IT,DK,41.798769,12.595331,55.740335,9.157019,1570.1,1,FR,738
FCO-BHX,FCO,BHX,Rome,"Birmingham, West Midlands",IT,GB,41.804532,12.251998,52.453899,-1.74803,1583.2,1,ZB,321 320
FCO-BLQ,FCO,BLQ,Rome,Bologna,IT,IT,41.804532,12.251998,44.5354,11.2887,313.5,1,AZ,319 E75
FCO-BZO,FCO,BZO,Rome,Bolzano (BZ),IT,IT,41.804532,12.251998,46.459245,11.326125,522.8,2,"AZ,F7",S20
CIA-BOD,CIA,BOD,Rome,Bordeaux,IT,FR,41.798769,12.595331,44.82865,-0.715356,1126.9,1,FR,738
FCO-BOD,FCO,BOD,Rome,Bordeaux,IT,FR,41.804532,12.251998,44.82865,-0.715356,1100.2,3,"A5,AF,AZ",E70 E90 CR7
CIA-BTS,CIA,BTS,Rome,Bratislava,IT,SK,41.798769,12.595331,48.1702,17.2127,795.8,1,FR,738
CIA-BDS,CIA,BDS,Rome,Brindisi,IT,IT,41.798769,12.595331,40.6576,17.947001,465.1,1,FR,738
FCO-BDS,FCO,BDS,Rome,Brindisi,IT,IT,41.804532,12.251998,40.6576,17.947001,492.9,1,AZ,319 32S 321 320
FCO-BRS,FCO,BRS,Rome,Bristol,IT,GB,41.804532,12.251998,51.382326,-2.716453,1557.3,1,U2,320
CIA-BUD,CIA,BUD,Rome,Budapest,IT,HU,41.798769,12.595331,47.43018,19.262393,818.3,1,FR,738
FCO-BUD,FCO,BUD,Rome,Budapest,IT,HU,41.804532,12.251998,47.43018,19.262393,835.5,3,"AZ,EY,W6","320,32S 319"
FCO-BSL,FCO,BSL,Rome,Bâle / Mulhouse,IT,FR,41.804532,12.251998,47.60068,7.521117,744.8,2,"LX,U2","319,AR1"
CIA-CAG,CIA,CAG,Rome,Cagliari,IT,IT,41.798769,12.595331,39.251499,9.05428,412.0,1,FR,738
FCO-CAG,FCO,CAG,Rome,Cagliari,IT,IT,41.804532,12.251998,39.251499,9.05428,391.9,1,AZ,319 32S 320 321
FCO-VRN,FCO,VRN,Rome,Caselle (VR),IT,IT,41.804532,12.251998,45.394955,10.887303,414.1,1,AZ,32S E75 319
FCO-TRN,FCO,TRN,Rome,Caselle Torinese (TO),IT,IT,41.804532,12.251998,45.200802,7.64963,529.4,2,"AZ,BV","32S 319 320 E75,737"
FCO-CTA,FCO,CTA,Rome,Catania,IT,IT,41.804532,12.251998,37.466801,15.0664,539.1,6,"AZ,BV,FR,IB,IG,VY","320,321 32S 319 320,737,738"
CIA-CRL,CIA,CRL,Rome,Charleroi,IT,BE,41.798769,12.595331,50.461963,4.459562,1147.8,1,FR,738
CIA-CLJ,CIA,CLJ,Rome,Cluj-Napoca,IT,RO,41.798769,12.595331,46.786042,23.685733,1041.0,1,W6,320
FCO-LYS,FCO,LYS,Rome,"Colombier-Saugnieu, Rhône",IT,FR,41.804532,12.251998,45.725996,5.090139,721.3,4,"A5,AF,AZ,U2","319,CRK"
CIA-CIY,CIA,CIY,Rome,Comiso,IT,IT,41.798769,12.595331,36.99583,14.60889,561.3,1,FR,738
FCO-CPH,FCO,CPH,Rome,Copenhagen,IT,DK,41.804532,12.251998,55.617900848389,12.656000137329,1536.3,4,"AZ,DY,SK,U2","319,321,32S 319,73H"
CIA-DUB,CIA,DUB,Rome,Dublin,IT,IE,41.798769,12.595331,53.428713,-6.262121,1905.0,1,FR,738
FCO-DUB,FCO,DUB,Rome,Dublin,IT,IE,41.804532,12.251998,53.428713,-6.262121,1886.0,1,EI,320
FCO-DBV,FCO,DBV,Rome,Dubrovnik,IT,HR,41.804532,12.251998,42.562247,18.265543,502.5,1,OU,DH4
FCO-DUS,FCO,DUS,Rome,Düsseldorf,IT,DE,41.804532,12.251998,51.289501,6.76678,1134.2,3,"AB,IG,LH","320,321"
CIA-EDI,CIA,EDI,Rome,Edinburgh,IT,GB,41.798769,12.595331,55.950145,-3.372288,1949.5,1,FR,738
CIA-EIN,CIA,EIN,Rome,Eindhoven,IT,NL,41.798769,12.595331,51.4500999451,5.37452983856,1205.2,1,FR,738
FCO-AOI,FCO,AOI,Rome,Falconara Marittima (AN),IT,IT,41.804532,12.251998,43.616299,13.3623,220.9,1,AZ,E75
FCO-MXP,FCO,MXP,Rome,Ferno (VA),IT,IT,41.804532,12.251998,45.6306,8.72811,511.0,5,"AZ,BV,ET,IG,U2","320 319,737 767,763,767,E75 E90"
FCO-FLR,FCO,FLR,Rome,Firenze (FI),IT,IT,41.804532,12.251998,43.808558,11.202822,238.7,1,AZ,319
FCO-FRA,FCO,FRA,Rome,Frankfurt am Main,IT,DE,41.804532,12.251998,50.026706,8.55835,957.6,3,"AZ,BG,LH","319 E75 E90 32S,321 320,773"
CIA-HHN,CIA,HHN,Rome,Frankfurt am Main (Lautzenhausen),IT,DE,41.798769,12.595331,49.946353,7.261734,995.0,1,FR,738
FCO-GDN,FCO,GDN,Rome,Gdańsk,IT,PL,41.804532,12.251998,54.377602,18.4662,1470.9,1,W6,320
FCO-GVA,FCO,GVA,Rome,Geneva,IT,CH,41.804532,12.251998,46.238098,6.10895,695.5,4,"AZ,F7,LX,U2","319 320,32S E75 319 E90,AT7"
FCO-GOA,FCO,GOA,Rome,Genova (GE),IT,IT,41.804532,12.251998,44.412039,8.840732,400.9,1,AZ,E75 319 32S 320 E90
FCO-GLA,FCO,GLA,Rome,Glasgow,IT,GB,41.804532,12.251998,55.871899,-4.43306,1973.6,1,LS,738
FCO-GOT,FCO,GOT,Rome,Göteborg,IT,SE,41.804532,12.251998,57.6628,12.2798,1763.4,1,DY,73H
FCO-HAM,FCO,HAM,Rome,Hamburg,IT,DE,41.804532,12.251998,53.630402,9.98823,1325.7,2,"4U,U2",319
FCO-HAJ,FCO,HAJ,Rome,Hannover,IT,DE,41.804532,12.251998,52.461102,9.68508,1200.6,1,4U,319
FCO-HEL,FCO,HEL,Rome,Helsinki (Vantaa),IT,FI,41.804532,12.251998,60.318363,24.963341,2233.1,2,"AY,DY","321 32B,73H"
FCO-IAS,FCO,IAS,Rome,Iaşi,IT,RO,41.804532,12.251998,47.179633,27.621431,1354.6,2,"AZ,RO",733
CIA-IBZ,CIA,IBZ,Rome,Ibiza (Eivissa),IT,ES,41.798769,12.595331,38.872898,1.37312,1004.4,1,FR,738
FCO-SKP,FCO,SKP,Rome,Ilinden,IT,MK,41.804532,12.251998,41.958087,21.622581,775.6,1,AZ,E75
FCO-IST,FCO,IST,Rome,Istanbul,IT,TR,41.804532,12.251998,41.274874,28.732136,1370.8,2,"AZ,TK","320 321 319,321 32S 320"
FCO-RZE,FCO,RZE,Rome,Jasionka,IT,PL,41.804532,12.251998,50.109791,22.024155,1191.0,1,K2,DH4
CIA-KTW,CIA,KTW,Rome,Katowice,IT,PL,41.798769,12.595331,50.476015,19.080705,1085.6,1,W6,320
CIA-CFU,CIA,CFU,Rome,Kerkyra (Corfu),IT,GR,41.798769,12.595331,39.60145,19.912179,663.2,1,FR,738
FCO-CGN,FCO,CGN,Rome,Köln (Cologne),IT,DE,41.804532,12.251998,50.865898,7.14274,1080.6,1,4U,319 320
FCO-SUF,FCO,SUF,Rome,Lamezia Terme (CZ),IT,IT,41.804532,12.251998,38.906214,16.246007,467.2,2,"AZ,FR","32S 321 320 319,738"
FCO-LBA,FCO,LBA,Rome,"Leeds, West Yorkshire",IT,GB,41.804532,12.251998,53.865898,-1.66057,1689.9,1,LS,733
FCO-LIS,FCO,LIS,Rome,Lisbon,IT,PT,41.804532,12.251998,38.7813,-9.13592,1839.9,3,"AZ,TP,US","320 319,320 321 319"
FCO-LCY,FCO,LCY,Rome,London,IT,GB,41.804532,12.251998,51.505299,0.055278,1421.0,2,"AF,AZ",E90
FCO-LGW,FCO,LGW,Rome,London,IT,GB,41.804532,12.251998,51.148744,-0.185739,1405.7,3,"BA,DY,U2","319 320,734 320 319,73H"
FCO-LHR,FCO,LHR,Rome,London,IT,GB,41.804532,12.251998,51.470748,-0.459909,1444.1,3,"AA,AZ,BA","321 32S 320,321 767 319 320,321 767 320 319"
CIA-STN,CIA,STN,Rome,"London, Essex",IT,GB,41.798769,12.595331,51.884998,0.235,1459.4,1,FR,738
FCO-LUZ,FCO,LUZ,Rome,Lublin,IT,PL,41.804532,12.251998,51.240157,22.713461,1316.9,1,V3,100
FCO-LTN,FCO,LTN,Rome,"Luton, Luton",IT,GB,41.804532,12.251998,51.874699,-0.368333,1470.7,1,ZB,320
FCO-LUX,FCO,LUX,Rome,Luxembourg,IT,LU,41.804532,12.251998,49.626845,6.212134,987.4,2,"AZ,LG",DH4
FCO-LWO,FCO,LWO,Rome,Lviv,IT,UA,41.804532,12.251998,49.8125,23.9561,1268.4,1,WU,320
CIA-MAD,CIA,MAD,Rome,Madrid,IT,ES,41.798769,12.595331,40.493407,-3.572249,1359.5,1,FR,738
FCO-MAD,FCO,MAD,Rome,Madrid,IT,ES,41.804532,12.251998,40.493407,-3.572249,1331.0,3,"AZ,IB,UX","321 319,32S 319 321 320,738"
CIA-MAN,CIA,MAN,Rome,"Manchester, Greater Manchester",IT,GB,41.798769,12.595331,53.349375,-2.279521,1694.6,1,FR,738
FCO-MAN,FCO,MAN,Rome,"Manchester, Greater Manchester",IT,GB,41.804532,12.251998,53.349375,-2.279521,1677.5,1,LS,73H 733
CIA-MRS,CIA,MRS,Rome,"Marignane, Bouches-du-Rhône",IT,FR,41.798769,12.595331,43.438088,5.2125,630.8,1,FR,738
FCO-MRS,FCO,MRS,Rome,"Marignane, Bouches-du-Rhône",IT,FR,41.804532,12.251998,43.438088,5.2125,603.7,2,"AF,AZ",319
CIA-FMM,CIA,FMM,Rome,Memmingen,IT,DE,41.798769,12.595331,47.988092,10.238248,712.7,1,FR,738
FCO-MSQ,FCO,MSQ,Rome,Minsk,IT,BY,41.804532,12.251998,53.888071,28.039964,1778.9,1,B2,735
FCO-MPL,FCO,MPL,Rome,Montpellier/Méditerranée,IT,FR,41.804532,12.251998,43.576199,3.96301,705.2,2,"AF,AZ",E75 E90
FCO-DME,FCO,DME,Rome,Moscow,IT,RU,41.804532,12.251998,55.408798,37.9063,2394.0,2,"BV,UN","735,737"
FCO-SVO,FCO,SVO,Rome,Moscow,IT,RU,41.804532,12.251998,55.976858,37.41121,2398.0,2,"AZ,SU","321 320,32S 319 321"
FCO-VKO,FCO,VKO,Rome,Moscow,IT,RU,41.804532,12.251998,55.591499,37.261501,2368.4,1,UN,738 763
FCO-MUC,FCO,MUC,Rome,Munich,IT,DE,41.804532,12.251998,48.353802,11.7861,729.2,2,"AZ,LH","319 32S,321 319 320"
CIA-AGP,CIA,AGP,Rome,Málaga,IT,ES,41.798769,12.595331,36.6749,-4.49911,1575.2,1,FR,738
FCO-AGP,FCO,AGP,Rome,Málaga,IT,ES,41.804532,12.251998,36.6749,-4.49911,1548.0,3,"AZ,IB,VY","319 320,320"
FCO-NTE,FCO,NTE,Rome,Nantes,IT,FR,41.804532,12.251998,47.153198,-1.61073,1247.8,4,"IB,TO,U2,VY","319,320,73H"
FCO-NAP,FCO,NAP,Rome,Napoli,IT,IT,41.804532,12.251998,40.886002,14.2908,198.5,1,AZ,32S 319
FCO-NCL,FCO,NCL,Rome,"Newcastle upon Tyne, Tyne and Wear",IT,GB,41.804532,12.251998,55.037958,-1.689577,1788.3,1,LS,73C
FCO-NCE,FCO,NCE,Rome,"Nice, Alpes-Maritimes",IT,FR,41.804532,12.251998,43.658401,7.21587,460.0,3,"AF,AZ,U2","319,319 32S E75 321 E90"
CIA-EMA,CIA,EMA,Rome,"Nottingham, Leicestershire",IT,GB,41.798769,12.595331,52.8311,-1.32806,1608.8,1,FR,738
CIA-WMI,CIA,WMI,Rome,Nowy Dwór Mazowiecki,IT,PL,41.798769,12.595331,52.451099,20.6518,1330.2,1,FR,738
CIA-NYO,CIA,NYO,Rome,Nyköping,IT,SE,41.798769,12.595331,58.789656,16.911479,1913.0,1,FR,738
FCO-OLB,FCO,OLB,Rome,Olbia (SS),IT,IT,41.804532,12.251998,40.898953,9.518457,249.4,1,IG,M80
FCO-OSL,FCO,OSL,Rome,Oslo (Gardermoen),IT,NO,41.804532,12.251998,60.193901,11.1004,2046.3,2,"DY,SK","738 73W,73H 733"
CIA-OTP,CIA,OTP,Rome,Otopeni,IT,RO,41.798769,12.595331,44.571792,26.103285,1136.2,1,W6,320
FCO-OTP,FCO,OTP,Rome,Otopeni,IT,RO,41.804532,12.251998,44.571792,26.103285,1162.7,3,"AZ,EY,RO","319,32S 319,733"
FCO-PMO,FCO,PMO,Rome,Palermo,IT,IT,41.804532,12.251998,38.175999,13.091,409.8,4,"AZ,BV,FR,U2","319,737,738,E75 32S 320 321 319"
CIA-PMI,CIA,PMI,Rome,Palma de Mallorca,IT,ES,41.798769,12.595331,39.551701,2.73881,867.4,1,FR,738
FCO-ORY,FCO,ORY,Rome,"Paris (Orly, Val-de-Marne)",IT,FR,41.804532,12.251998,48.729499,2.358963,1090.2,3,"IB,U2,VY","319 320,320"
FCO-CDG,FCO,CDG,Rome,"Paris (Roissy-en-France, Val-d'Oise)",IT,FR,41.804532,12.251998,49.00896,2.554117,1100.5,3,"AF,AZ,KU","320 321 319 32A,321 32S 319,340"
FCO-PSA,FCO,PSA,Rome,Pisa (PI),IT,IT,41.804532,12.251998,43.683899,10.3927,258.3,1,AZ,319 E75
FCO-TGD,FCO,TGD,Rome,Podgorica,IT,ME,41.804532,12.251998,42.359402,19.2519,580.8,2,"AZ,YM",E75 100
CIA-OPO,CIA,OPO,Rome,Porto,IT,PT,41.798769,12.595331,41.2481002808,-8.68138980865,1767.8,1,FR,738
FCO-OPO,FCO,OPO,Rome,Porto,IT,PT,41.804532,12.251998,41.2481002808,-8.68138980865,1739.4,2,"AZ,TP",100
CIA-POZ,CIA,POZ,Rome,Poznań,IT,PL,41.798769,12.595331,52.421598,16.823359,1223.2,1,FR,738
FCO-PRG,FCO,PRG,Rome,Prague,IT,CZ,41.804532,12.251998,50.100874,14.259911,935.4,7,"AZ,IB,OK,QS,U2,VY,W6","319,320,32S,738 320 319,73G 319 738"
CIA-PIK,CIA,PIK,Rome,"Prestwick, South Ayrshire",IT,GB,41.798769,12.595331,55.501499,-4.577182,1967.0,1,FR,738
FCO-REG,FCO,REG,Rome,Reggio Calabria,IT,IT,41.804532,12.251998,38.071201,15.6516,506.2,2,"AZ,BV","320 319,737"
CIA-FKB,CIA,FKB,Rome,Rheinmünster,IT,DE,41.798769,12.595331,48.7794,8.0805,852.4,1,FR,738
FCO-RIX,FCO,RIX,Rome,Riga,IT,LV,41.804532,12.251998,56.920752,23.970711,1876.9,2,"AZ,BT",73C
FCO-TIA,FCO,TIA,Rome,Rinas,IT,AL,41.804532,12.251998,41.4147,19.7206,622.2,2,"AZ,BV","32S 319 E90 E75,737"
FCO-TRS,FCO,TRS,Rome,Ronchi dei Legionari/Trieste,IT,IT,41.804532,12.251998,45.827862,13.466672,457.9,1,AZ,32S 319 E75 320
FCO-RTM,FCO,RTM,Rome,Rotterdam,IT,NL,41.804532,12.251998,51.956902,4.43722,1273.9,1,HV,73W 73H
CIA-SDR,CIA,SDR,Rome,Santander,IT,ES,41.798769,12.595331,43.427101,-3.82001,1353.2,1,FR,738
FCO-LIN,FCO,LIN,Rome,Segrate (MI),IT,IT,41.804532,12.251998,45.445099,9.27674,470.3,2,"AZ,U2","319,32S 319 E75 320 E90 321"
CIA-SVQ,CIA,SVQ,Rome,Seville,IT,ES,41.798769,12.595331,37.417999,-5.89311,1653.2,1,FR,738
FCO-SOF,FCO,SOF,Rome,Sofia,IT,BG,41.804532,12.251998,42.696357,23.417671,923.7,3,"AZ,FB,W6","320,321 319,E90 319 320"
FCO-ATH,FCO,ATH,Rome,Spata-Artemida,IT,GR,41.804532,12.251998,37.936401,23.9445,1085.4,5,"A3,AZ,OA,U2,US","319,320,32S 321 319"
FCO-SPU,FCO,SPU,Rome,Split,IT,HR,41.804532,12.251998,43.538898,16.298,382.8,1,OU,DH4
FCO-LED,FCO,LED,Rome,St. Petersburg,IT,RU,41.804532,12.251998,59.800301,30.262501,2350.6,3,"AZ,SU,UN","320,32S 319,735"
FCO-ARN,FCO,ARN,Rome,Stockholm,IT,SE,41.804532,12.251998,59.64849,17.928829,2022.2,2,"DY,SK",73H
FCO-SXB,FCO,SXB,Rome,Strasbourg,IT,FR,41.804532,12.251998,48.5383,7.62823,831.5,3,"A5,AF,AZ",ER4 CR7
FCO-STR,FCO,STR,Rome,Stuttgart,IT,DE,41.804532,12.251998,48.689899,9.22196,801.3,1,4U,319
CIA-SKG,CIA,SKG,Rome,Thessaloniki,IT,GR,41.798769,12.595331,40.51928,22.970009,879.5,1,FR,738
FCO-SKG,FCO,SKG,Rome,Thessaloniki,IT,GR,41.804532,12.251998,40.51928,22.970009,907.9,2,"AZ,U2","319,E75 E90"
CIA-TSR,CIA,TSR,Rome,Timişoara,IT,RO,41.798769,12.595331,45.809898,21.3379,830.6,1,W6,320
FCO-TLS,FCO,TLS,Rome,Toulouse/Blagnac,IT,FR,41.804532,12.251998,43.629101,1.36382,911.6,3,"AF,AZ,U2","319,319 320,E75"
CIA-TPS,CIA,TPS,Rome,Trapani (TP),IT,IT,41.798769,12.595331,37.9114,12.488,432.4,1,FR,738
CIA-VLC,CIA,VLC,Rome,Valencia,IT,ES,41.798769,12.595331,39.489162,-0.480961,1131.5,1,FR,738
FCO-VLC,FCO,VLC,Rome,Valencia,IT,ES,41.804532,12.251998,39.489162,-0.480961,1103.5,3,"AZ,IB,VY","320,32S"
FCO-MLA,FCO,MLA,Rome,Valletta,IT,MT,41.804532,12.251998,35.845932,14.491546,690.3,4,"AZ,EY,IG,KM","319,320 319,32S,32S 320"
FCO-VCE,FCO,VCE,Rome,Venezia (VE),IT,IT,41.804532,12.251998,45.505299,12.3519,411.6,2,"AZ,TO","73H,E90 32S E75 319 320"
FCO-VIE,FCO,VIE,Rome,Vienna,IT,AT,41.804532,12.251998,48.110298,16.5697,778.8,5,"AB,AZ,HG,IG,OS","319 E90 E75,320,320 100 319,320 E90 321,E90"
CIA-VNO,CIA,VNO,Rome,Vilnius,IT,LT,41.798769,12.595331,54.634102,25.285801,1703.3,1,FR,738
FCO-VNO,FCO,VNO,Rome,Vilnius,IT,LT,41.804532,12.251998,54.634102,25.285801,1716.6,1,W6,320
FCO-WAW,FCO,WAW,Rome,Warsaw,IT,PL,41.804532,12.251998,52.165699,20.9671,1326.1,2,"AZ,W6","320,32S"
CIA-NRN,CIA,NRN,Rome,Weeze,IT,DE,41.798769,12.595331,51.601362,6.141228,1194.8,1,FR,738
CIA-WRO,CIA,WRO,Rome,Wrocław,IT,PL,41.798769,12.595331,51.103719,16.882096,1085.0,1,FR,738
FCO-BRU,FCO,BRU,Rome,Zaventem,IT,BE,41.804532,12.251998,50.901402,4.48444,1172.6,6,"AZ,FR,HU,IB,SN,VY","319,319 320,320,32S 320 319,738"
FCO-ZRH,FCO,ZRH,Rome,Zurich,IT,CH,41.804532,12.251998,47.458056,8.548056,693.4,3,"AZ,EY,LX","320 321 319 32A,E75 E90 32S,EMJ"
TRS-AHO,TRS,AHO,Ronchi dei Legionari/Trieste,Alghero,IT,IT,45.827862,13.466672,40.632099,8.29077,713.5,1,FR,738
TRS-BRI,TRS,BRI,Ronchi dei Legionari/Trieste,Bari,IT,IT,45.827862,13.466672,41.138901,16.760599,585.1,1,FR,738
TRS-BVA,TRS,BVA,Ronchi dei Legionari/Trieste,Beauvais,IT,FR,45.827862,13.466672,49.454399,2.11278,940.1,1,FR,738
TRS-CRL,TRS,CRL,Ronchi dei Legionari/Trieste,Charleroi,IT,BE,45.827862,13.466672,50.461963,4.459562,842.9,1,FR,738
TRS-STN,TRS,STN,Ronchi dei Legionari/Trieste,"London, Essex",IT,GB,45.827862,13.466672,51.884998,0.235,1176.5,1,FR,738
TRS-MUC,TRS,MUC,Ronchi dei Legionari/Trieste,Munich,IT,DE,45.827862,13.466672,48.353802,11.7861,308.3,1,LH,CR7 CR9
TRS-NAP,TRS,NAP,Ronchi dei Legionari/Trieste,Napoli,IT,IT,45.827862,13.466672,40.886002,14.2908,553.5,1,AZ,E75
TRS-FCO,TRS,FCO,Ronchi dei Legionari/Trieste,Rome,IT,IT,45.827862,13.466672,41.804532,12.251998,457.9,1,AZ,32S E75 319 320
TRS-LIN,TRS,LIN,Ronchi dei Legionari/Trieste,Segrate (MI),IT,IT,45.827862,13.466672,45.445099,9.27674,328.5,1,AZ,E75
TRS-TPS,TRS,TPS,Ronchi dei Legionari/Trieste,Trapani (TP),IT,IT,45.827862,13.466672,37.9114,12.488,884.0,1,FR,738
TRS-VLC,TRS,VLC,Ronchi dei Legionari/Trieste,Valencia,IT,ES,45.827862,13.466672,39.489162,-0.480961,1337.9,1,FR,738
LIN-AHO,LIN,AHO,Segrate (MI),Alghero,IT,IT,45.445099,9.27674,40.632099,8.29077,541.1,1,AZ,319
LIN-AMS,LIN,AMS,Segrate (MI),Amsterdam,IT,NL,45.445099,9.27674,52.308601,4.76389,831.1,3,"AP,AZ,KL","32S 321,737"
LIN-BCN,LIN,BCN,Segrate (MI),Barcelona,IT,ES,45.445099,9.27674,41.2971,2.07846,742.0,1,AZ,E75
LIN-BRI,LIN,BRI,Segrate (MI),Bari,IT,IT,45.445099,9.27674,41.138901,16.760599,771.5,2,"AP,AZ","320 32S,32S E75 319"
LIN-BDS,LIN,BDS,Segrate (MI),Brindisi,IT,IT,45.445099,9.27674,40.6576,17.947001,882.2,1,AZ,E90
LIN-CAG,LIN,CAG,Segrate (MI),Cagliari,IT,IT,45.445099,9.27674,39.251499,9.05428,688.9,1,AZ,319 E75 320 32S E90
LIN-CTA,LIN,CTA,Segrate (MI),Catania,IT,IT,45.445099,9.27674,37.466801,15.0664,1009.2,3,"AP,AZ,IG","319 320 E75 E90,319 E90,737 M80"
LIN-CIY,LIN,CIY,Segrate (MI),Comiso,IT,IT,45.445099,9.27674,36.99583,14.60889,1039.4,1,AZ,E90
LIN-CPH,LIN,CPH,Segrate (MI),Copenhagen,IT,DK,45.445099,9.27674,55.617900848389,12.656000137329,1155.7,1,SK,CR9
LIN-DUB,LIN,DUB,Segrate (MI),Dublin,IT,IE,45.445099,9.27674,53.428713,-6.262121,1426.8,1,EI,320
LIN-FRA,LIN,FRA,Segrate (MI),Frankfurt am Main,IT,DE,45.445099,9.27674,50.026706,8.55835,512.3,4,"AZ,EN,LH,SN","320 319,320 321 E90 319 32A,E75"
LIN-SUF,LIN,SUF,Segrate (MI),Lamezia Terme (CZ),IT,IT,45.445099,9.27674,38.906214,16.246007,925.8,1,AZ,319 E75
LIN-LCY,LIN,LCY,Segrate (MI),London,IT,GB,45.445099,9.27674,51.505299,0.055278,955.8,2,"AF,AZ",E90
LIN-LGW,LIN,LGW,Segrate (MI),London,IT,GB,45.445099,9.27674,51.148744,-0.185739,943.2,1,U2,319 320
LIN-LHR,LIN,LHR,Segrate (MI),London,IT,GB,45.445099,9.27674,51.470748,-0.459909,980.5,4,"AA,AZ,BA,BT","319,320 32S 321,321 319 320"
LIN-MAD,LIN,MAD,Segrate (MI),Madrid,IT,ES,45.445099,9.27674,40.493407,-3.572249,1179.6,1,IB,320 321
LIN-NAP,LIN,NAP,Segrate (MI),Napoli,IT,IT,45.445099,9.27674,40.886002,14.2908,649.6,4,"AP,AZ,I9,IG","E75 319,E90 32S,M80 737"
LIN-OLB,LIN,OLB,Segrate (MI),Olbia (SS),IT,IT,45.445099,9.27674,40.898953,9.518457,505.9,1,IG,M80
LIN-OTP,LIN,OTP,Segrate (MI),Otopeni,IT,RO,45.445099,9.27674,44.571792,26.103285,1323.9,2,"AZ,RO","320 32S 319,32S"
LIN-PMO,LIN,PMO,Segrate (MI),Palermo,IT,IT,45.445099,9.27674,38.175999,13.091,867.6,2,"AP,AZ","320 32S,32S 320 E75"
LIN-ORY,LIN,ORY,Segrate (MI),"Paris (Orly, Val-de-Marne)",IT,FR,45.445099,9.27674,48.729499,2.358963,638.1,3,"AF,AZ,U2","320,320 32S 319"
LIN-CDG,LIN,CDG,Segrate (MI),"Paris (Roissy-en-France, Val-d'Oise)",IT,FR,45.445099,9.27674,49.00896,2.554117,643.6,3,"AF,AP,AZ","319 318 320 32A 321,32S 320 319"
LIN-PSR,LIN,PSR,Segrate (MI),Pescara,IT,IT,45.445099,9.27674,42.431079,14.182981,516.2,1,AZ,319 32S
LIN-PRG,LIN,PRG,Segrate (MI),Prague,IT,CZ,45.445099,9.27674,50.100874,14.259911,637.4,1,AZ,319 E75
LIN-REG,LIN,REG,Segrate (MI),Reggio Calabria,IT,IT,45.445099,9.27674,38.071201,15.6516,974.9,2,"AZ,BV","320,737"
LIN-FCO,LIN,FCO,Segrate (MI),Rome,IT,IT,45.445099,9.27674,41.804532,12.251998,470.3,2,"AZ,U2","319,E90 32S 320 319 E75 321"
LIN-TRS,LIN,TRS,Segrate (MI),Ronchi dei Legionari/Trieste,IT,IT,45.445099,9.27674,45.827862,13.466672,328.5,1,AZ,E75 32S
LIN-ARN,LIN,ARN,Segrate (MI),Stockholm,IT,SE,45.445099,9.27674,59.64849,17.928829,1680.9,1,SK,73W 73H 717 736
LIN-MLA,LIN,MLA,Segrate (MI),Valletta,IT,MT,45.445099,9.27674,35.845932,14.491546,1153.8,2,"IG,KM","319,319 320"
LIN-VIE,LIN,VIE,Segrate (MI),Vienna,IT,AT,45.445099,9.27674,48.110298,16.5697,629.1,1,AZ,E75
LIN-WAW,LIN,WAW,Segrate (MI),Warsaw,IT,PL,45.445099,9.27674,52.165699,20.9671,1134.0,1,AZ,319 E75
LIN-BRU,LIN,BRU,Segrate (MI),Zaventem,IT,BE,45.445099,9.27674,50.901402,4.48444,702.8,4,"AZ,LH,LX,SN","AR1 319,E75 E90"
TPS-KRK,TPS,KRK,Trapani (TP),Balice,IT,PL,37.9114,12.488,50.077702,19.7848,1471.7,1,FR,738
TPS-BVA,TPS,BVA,Trapani (TP),Beauvais,IT,FR,37.9114,12.488,49.454399,2.11278,1527.7,1,FR,738
TPS-BLQ,TPS,BLQ,Trapani (TP),Bologna,IT,IT,37.9114,12.488,44.5354,11.2887,743.3,1,FR,738
TPS-BTS,TPS,BTS,Trapani (TP),Bratislava,IT,SK,37.9114,12.488,48.1702,17.2127,1203.0,1,FR,738
TPS-CAG,TPS,CAG,Trapani (TP),Cagliari,IT,IT,37.9114,12.488,39.251499,9.05428,333.6,1,FR,738
TPS-TRN,TPS,TRN,Trapani (TP),Caselle Torinese (TO),IT,IT,37.9114,12.488,45.200802,7.64963,904.6,1,FR,738
TPS-CRL,TPS,CRL,Trapani (TP),Charleroi,IT,BE,37.9114,12.488,50.461963,4.459562,1533.2,1,FR,738
TPS-EIN,TPS,EIN,Trapani (TP),Eindhoven,IT,NL,37.9114,12.488,51.4500999451,5.37452983856,1605.2,1,FR,738
TPS-AOI,TPS,AOI,Trapani (TP),Falconara Marittima (AN),IT,IT,37.9114,12.488,43.616299,13.3623,638.6,1,FR,738
TPS-HHN,TPS,HHN,Trapani (TP),Frankfurt am Main (Lautzenhausen),IT,DE,37.9114,12.488,49.946353,7.261734,1401.3,1,FR,738
TPS-GOA,TPS,GOA,Trapani (TP),Genova (GE),IT,IT,37.9114,12.488,44.412039,8.840732,784.5,1,FR,738
TPS-GRO,TPS,GRO,Trapani (TP),Girona,IT,ES,37.9114,12.488,41.904639,2.761774,940.1,1,FR,738
TPS-KUN,TPS,KUN,Trapani (TP),Kaunas,IT,LT,37.9114,12.488,54.963965,24.08582,2087.7,1,FR,738
TPS-CUF,TPS,CUF,Trapani (TP),Levaldigi (CN),IT,IT,37.9114,12.488,44.547458,7.623045,842.2,1,FR,738
TPS-MST,TPS,MST,Trapani (TP),Maastricht,IT,NL,37.9114,12.488,50.911087,5.769401,1539.3,1,FR,738
TPS-MAN,TPS,MAN,Trapani (TP),"Manchester, Greater Manchester",IT,GB,37.9114,12.488,53.349375,-2.279521,2056.3,1,FR,738
TPS-FMM,TPS,FMM,Trapani (TP),Memmingen,IT,DE,37.9114,12.488,47.988092,10.238248,1135.2,1,FR,738
TPS-WMI,TPS,WMI,Trapani (TP),Nowy Dwór Mazowiecki,IT,PL,37.9114,12.488,52.451099,20.6518,1736.1,1,FR,738
TPS-BGY,TPS,BGY,Trapani (TP),Orio al Serio (BG),IT,IT,37.9114,12.488,45.669362,9.708851,892.7,1,FR,738
TPS-PNL,TPS,PNL,Trapani (TP),Pantelleria (TP),IT,IT,37.9114,12.488,36.816502,11.9689,130.1,1,F7,AT7
TPS-PMF,TPS,PMF,Trapani (TP),Parma (PR),IT,IT,37.9114,12.488,44.826351,10.29705,790.3,1,FR,738
TPS-PEG,TPS,PEG,Trapani (TP),Perugia (PG),IT,IT,37.9114,12.488,43.095901,12.5132,576.5,1,FR,738
TPS-PSA,TPS,PSA,Trapani (TP),Pisa (PI),IT,IT,37.9114,12.488,43.683899,10.3927,665.6,1,FR,738
TPS-FKB,TPS,FKB,Trapani (TP),Rheinmünster,IT,DE,37.9114,12.488,48.7794,8.0805,1259.4,1,FR,738
TPS-CIA,TPS,CIA,Trapani (TP),Rome,IT,IT,37.9114,12.488,41.798769,12.595331,432.4,1,FR,738
TPS-TRS,TPS,TRS,Trapani (TP),Ronchi dei Legionari/Trieste,IT,IT,37.9114,12.488,45.827862,13.466672,884.0,1,FR,738
TPS-TSF,TPS,TSF,Trapani (TP),Treviso (TV),IT,IT,37.9114,12.488,45.648399,12.1944,860.7,1,FR,738
TPS-MLA,TPS,MLA,Trapani (TP),Valletta,IT,MT,37.9114,12.488,35.845932,14.491546,290.7,1,FR,738
TSF-AHO,TSF,AHO,Treviso (TV),Alghero,IT,IT,45.648399,12.1944,40.632099,8.29077,641.2,1,FR,738
TSF-BCN,TSF,BCN,Treviso (TV),Barcelona,IT,ES,45.648399,12.1944,41.2971,2.07846,947.9,1,FR,738
TSF-BRI,TSF,BRI,Treviso (TV),Bari,IT,IT,45.648399,12.1944,41.138901,16.760599,622.3,1,FR,738
TSF-BVA,TSF,BVA,Treviso (TV),Beauvais,IT,FR,45.648399,12.1944,49.454399,2.11278,865.9,1,FR,738
TSF-BLL,TSF,BLL,Treviso (TV),Billund,IT,DK,45.648399,12.1944,55.740335,9.157019,1142.1,1,FR,738
TSF-BRE,TSF,BRE,Treviso (TV),Bremen,IT,DE,45.648399,12.1944,53.046786,8.78932,858.6,1,FR,738
TSF-BDS,TSF,BDS,Treviso (TV),Brindisi,IT,IT,45.648399,12.1944,40.6576,17.947001,724.7,1,FR,738
TSF-BRS,TSF,BRS,Treviso (TV),Bristol,IT,GB,45.648399,12.1944,51.382326,-2.716453,1266.5,1,FR,738
TSF-BUD,TSF,BUD,Treviso (TV),Budapest,IT,HU,45.648399,12.1944,47.43018,19.262393,575.5,1,FR,738
TSF-CAG,TSF,CAG,Treviso (TV),Cagliari,IT,IT,45.648399,12.1944,39.251499,9.05428,756.4,1,FR,738
TSF-CTA,TSF,CTA,Treviso (TV),Catania,IT,IT,45.648399,12.1944,37.466801,15.0664,940.4,1,FR,738
TSF-CRL,TSF,CRL,Treviso (TV),Charleroi,IT,BE,45.648399,12.1944,50.461963,4.459562,784.7,1,FR,738
TSF-CLJ,TSF,CLJ,Treviso (TV),Cluj-Napoca,IT,RO,45.648399,12.1944,46.786042,23.685733,892.3,1,W6,320
TSF-DUB,TSF,DUB,Treviso (TV),Dublin,IT,IE,45.648399,12.1944,53.428713,-6.262121,1580.9,1,FR,738
TSF-EIN,TSF,EIN,Treviso (TV),Eindhoven,IT,NL,45.648399,12.1944,51.4500999451,5.37452983856,816.7,1,FR,738
TSF-HHN,TSF,HHN,Treviso (TV),Frankfurt am Main (Lautzenhausen),IT,DE,45.648399,12.1944,49.946353,7.261734,603.2,1,FR,738
TSF-SKP,TSF,SKP,Treviso (TV),Ilinden,IT,MK,45.648399,12.1944,41.958087,21.622581,859.9,1,W6,320
TSF-SUF,TSF,SUF,Treviso (TV),Lamezia Terme (CZ),IT,IT,45.648399,12.1944,38.906214,16.246007,820.2,1,FR,738
TSF-LBA,TSF,LBA,Treviso (TV),"Leeds, West Yorkshire",IT,GB,45.648399,12.1944,53.865898,-1.66057,1346.8,1,FR,738
TSF-STN,TSF,STN,Treviso (TV),"London, Essex",IT,GB,45.648399,12.1944,51.884998,0.235,1115.3,1,FR,738
TSF-LWO,TSF,LWO,Treviso (TV),Lviv,IT,UA,45.648399,12.1944,49.8125,23.9561,992.6,1,WU,320
TSF-AGP,TSF,AGP,Treviso (TV),Málaga,IT,ES,45.648399,12.1944,36.6749,-4.49911,1711.5,1,FR,738
TSF-EMA,TSF,EMA,Treviso (TV),"Nottingham, Leicestershire",IT,GB,45.648399,12.1944,52.8311,-1.32806,1262.0,1,FR,738
TSF-NYO,TSF,NYO,Treviso (TV),Nyköping,IT,SE,45.648399,12.1944,58.789656,16.911479,1495.2,1,FR,738
TSF-OTP,TSF,OTP,Treviso (TV),Otopeni,IT,RO,45.648399,12.1944,44.571792,26.103285,1096.6,1,W6,320
TSF-PMO,TSF,PMO,Treviso (TV),Palermo,IT,IT,45.648399,12.1944,38.175999,13.091,834.2,1,FR,738
TSF-PRG,TSF,PRG,Treviso (TV),Prague,IT,CZ,45.648399,12.1944,50.100874,14.259911,518.5,1,W6,320
TSF-TSR,TSF,TSR,Treviso (TV),Timişoara,IT,RO,45.648399,12.1944,45.809898,21.3379,709.6,1,W6,320
TSF-TPS,TSF,TPS,Treviso (TV),Trapani (TP),IT,IT,45.648399,12.1944,37.9114,12.488,860.7,1,FR,738
TSF-VLC,TSF,VLC,Treviso (TV),Valencia,IT,ES,45.648399,12.1944,39.489162,-0.480961,1241.3,1,FR,738
TSF-MLA,TSF,MLA,Treviso (TV),Valletta,IT,MT,45.648399,12.1944,35.845932,14.491546,1106.9,1,FR,738
TSF-NRN,TSF,NRN,Treviso (TV),Weeze,IT,DE,45.648399,12.1944,51.601362,6.141228,796.9,1,FR,738
TSF-BRU,TSF,BRU,Treviso (TV),Zaventem,IT,BE,45.648399,12.1944,50.901402,4.48444,815.7,1,FR,738
VCE-AMS,VCE,AMS,Venezia (VE),Amsterdam,IT,NL,45.505299,12.3519,52.308601,4.76389,936.9,3,"AZ,HV,KL","737,737 EMJ,73H 73W"
VCE-BCN,VCE,BCN,Venezia (VE),Barcelona,IT,ES,45.505299,12.3519,41.2971,2.07846,951.7,2,"IB,VY",320
VCE-BRI,VCE,BRI,Venezia (VE),Bari,IT,IT,45.505299,12.3519,41.138901,16.760599,602.2,1,V7,717
VCE-BIO,VCE,BIO,Venezia (VE),Bilbao,IT,ES,45.505299,12.3519,43.301102,-2.91061,1235.0,1,V7,717
VCE-BHX,VCE,BHX,Venezia (VE),"Birmingham, West Midlands",IT,GB,45.505299,12.3519,52.453899,-1.74803,1283.1,1,ZB,320 321
VCE-BOD,VCE,BOD,Venezia (VE),Bordeaux,IT,FR,45.505299,12.3519,44.82865,-0.715356,1026.1,1,V7,717
VCE-BSL,VCE,BSL,Venezia (VE),Bâle / Mulhouse,IT,FR,45.505299,12.3519,47.60068,7.521117,436.6,1,U2,319 320
VCE-CTA,VCE,CTA,Venezia (VE),Catania,IT,IT,45.505299,12.3519,37.466801,15.0664,921.8,3,"AP,AZ,V7","320,717"
VCE-LYS,VCE,LYS,Venezia (VE),"Colombier-Saugnieu, Rhône",IT,FR,45.505299,12.3519,45.725996,5.090139,565.1,3,"A5,AF,U2","319,ER4 CRK"
VCE-CPH,VCE,CPH,Venezia (VE),Copenhagen,IT,DK,45.505299,12.3519,55.617900848389,12.656000137329,1124.7,4,"AP,AZ,DY,SK","320,320 319,73H"
VCE-DUB,VCE,DUB,Venezia (VE),Dublin,IT,IE,45.505299,12.3519,53.428713,-6.262121,1600.5,1,EI,320
VCE-DBV,VCE,DBV,Venezia (VE),Dubrovnik,IT,HR,45.505299,12.3519,42.562247,18.265543,574.7,1,OU,DH4
VCE-DUS,VCE,DUS,Venezia (VE),Düsseldorf,IT,DE,45.505299,12.3519,51.289501,6.76678,763.5,3,"4U,AB,IG","320,320 319,738 320 321"
VCE-EDI,VCE,EDI,Venezia (VE),Edinburgh,IT,GB,45.505299,12.3519,55.950145,-3.372288,1597.1,1,LS,733
VCE-EIN,VCE,EIN,Venezia (VE),Eindhoven,IT,NL,45.505299,12.3519,51.4500999451,5.37452983856,836.8,1,HV,73W
VCE-FRA,VCE,FRA,Venezia (VE),Frankfurt am Main,IT,DE,45.505299,12.3519,50.026706,8.55835,577.0,1,LH,321 32A 319
VCE-GVA,VCE,GVA,Venezia (VE),Geneva,IT,CH,45.505299,12.3519,46.238098,6.10895,490.0,1,U2,319
VCE-HAM,VCE,HAM,Venezia (VE),Hamburg,IT,DE,45.505299,12.3519,53.630402,9.98823,919.3,2,"4U,U2","319,319 CRJ"
VCE-HAJ,VCE,HAJ,Venezia (VE),Hannover,IT,DE,45.505299,12.3519,52.461102,9.68508,797.4,1,4U,319
VCE-IST,VCE,IST,Venezia (VE),Istanbul,IT,TR,45.505299,12.3519,41.274874,28.732136,1401.6,1,TK,321 739 738 320 319
VCE-CGN,VCE,CGN,Venezia (VE),Köln (Cologne),IT,DE,45.505299,12.3519,50.865898,7.14274,709.8,1,4U,320 319
VCE-SUF,VCE,SUF,Venezia (VE),Lamezia Terme (CZ),IT,IT,45.505299,12.3519,38.906214,16.246007,800.6,2,"AP,AZ",320
VCE-LMP,VCE,LMP,Venezia (VE),Lampedusa,IT,IT,45.505299,12.3519,35.497898,12.6181,1113.0,1,V7,717
VCE-LBA,VCE,LBA,Venezia (VE),"Leeds, West Yorkshire",IT,GB,45.505299,12.3519,53.865898,-1.66057,1366.8,1,LS,733
VCE-LIL,VCE,LIL,Venezia (VE),Lesquin,IT,FR,45.505299,12.3519,50.566564,3.102429,887.5,1,TO,73H
VCE-LIS,VCE,LIS,Venezia (VE),Lisbon,IT,PT,45.505299,12.3519,38.7813,-9.13592,1915.3,2,"AZ,TP",319
VCE-LCY,VCE,LCY,Venezia (VE),London,IT,GB,45.505299,12.3519,51.505299,0.055278,1122.7,1,BA,E90 E70
VCE-LGW,VCE,LGW,Venezia (VE),London,IT,GB,45.505299,12.3519,51.148744,-0.185739,1117.0,4,"BA,TO,U2,ZB","319 320,321,734 319 320,73H"
VCE-LHR,VCE,LHR,Venezia (VE),London,IT,GB,45.505299,12.3519,51.470748,-0.459909,1151.3,2,"AA,BA",320 319
VCE-LTN,VCE,LTN,Venezia (VE),"Luton, Luton",IT,GB,45.505299,12.3519,51.874699,-0.368333,1169.2,1,U2,319
VCE-MAD,VCE,MAD,Venezia (VE),Madrid,IT,ES,45.505299,12.3519,40.493407,-3.572249,1406.7,1,IB,320 321 319
VCE-MAN,VCE,MAN,Venezia (VE),"Manchester, Greater Manchester",IT,GB,45.505299,12.3519,53.349375,-2.279521,1366.8,4,"LS,TO,U2,ZB","319,320 321,733 738,73H"
VCE-MRS,VCE,MRS,Venezia (VE),"Marignane, Bouches-du-Rhône",IT,FR,45.505299,12.3519,43.438088,5.2125,611.1,2,"AF,AZ",320 319
VCE-SVO,VCE,SVO,Venezia (VE),Moscow,IT,RU,45.505299,12.3519,55.976858,37.41121,2094.7,2,"AZ,SU",321 320
VCE-VKO,VCE,VKO,Venezia (VE),Moscow,IT,RU,45.505299,12.3519,55.591499,37.261501,2069.5,1,UN,738
VCE-MUC,VCE,MUC,Venezia (VE),Munich,IT,DE,45.505299,12.3519,48.353802,11.7861,319.6,2,"EN,LH",E95
VCE-NTE,VCE,NTE,Venezia (VE),Nantes,IT,FR,45.505299,12.3519,47.153198,-1.61073,1086.1,2,"TO,V7","717,73H"
VCE-NAP,VCE,NAP,Venezia (VE),Napoli,IT,IT,45.505299,12.3519,40.886002,14.2908,537.1,2,"IG,U2","319 320,737 M80"
VCE-NCL,VCE,NCL,Venezia (VE),"Newcastle upon Tyne, Tyne and Wear",IT,GB,45.505299,12.3519,55.037958,-1.689577,1450.6,1,LS,733 73C
VCE-NCE,VCE,NCE,Venezia (VE),"Nice, Alpes-Maritimes",IT,FR,45.505299,12.3519,43.658401,7.21587,455.5,3,"AF,AZ,U2","319 320,320"
VCE-OLB,VCE,OLB,Venezia (VE),Olbia (SS),IT,IT,45.505299,12.3519,40.898953,9.518457,561.2,1,V7,717
VCE-OSL,VCE,OSL,Venezia (VE),Oslo (Gardermoen),IT,NO,45.505299,12.3519,60.193901,11.1004,1635.4,1,DY,733
VCE-PMO,VCE,PMO,Venezia (VE),Palermo,IT,IT,45.505299,12.3519,38.175999,13.091,817.3,3,"AP,AZ,V7","320,717"
VCE-PNL,VCE,PNL,Venezia (VE),Pantelleria (TP),IT,IT,45.505299,12.3519,36.816502,11.9689,966.7,1,V7,717
VCE-ORY,VCE,ORY,Venezia (VE),"Paris (Orly, Val-de-Marne)",IT,FR,45.505299,12.3519,48.729499,2.358963,836.0,2,"TO,U2","320,73H"
VCE-CDG,VCE,CDG,Venezia (VE),"Paris (Roissy-en-France, Val-d'Oise)",IT,FR,45.505299,12.3519,49.00896,2.554117,834.9,3,"AF,AZ,U2","318 320 319 32A,320 319"
VCE-PRG,VCE,PRG,Venezia (VE),Prague,IT,CZ,45.505299,12.3519,50.100874,14.259911,530.5,2,"AP,AZ",320
VCE-REG,VCE,REG,Venezia (VE),Reggio Calabria,IT,IT,45.505299,12.3519,38.071201,15.6516,870.5,1,V7,717
VCE-RIX,VCE,RIX,Venezia (VE),Riga,IT,LV,45.505299,12.3519,56.920752,23.970711,1500.9,2,"AZ,BT",73C 735
VCE-TIA,VCE,TIA,Venezia (VE),Rinas,IT,AL,45.505299,12.3519,41.4147,19.7206,748.2,3,"AP,AZ,BV","320,737"
VCE-FCO,VCE,FCO,Venezia (VE),Rome,IT,IT,45.505299,12.3519,41.804532,12.251998,411.6,1,AZ,E90 32S E75 319 320
VCE-JTR,VCE,JTR,Venezia (VE),Santorini Island,IT,GR,45.505299,12.3519,36.400045,25.478638,1493.2,1,V7,717
VCE-SEN,VCE,SEN,Venezia (VE),"Southend-on-Sea, Essex",IT,GB,45.505299,12.3519,51.570562,0.693627,1089.4,1,U2,319
VCE-ATH,VCE,ATH,Venezia (VE),Spata-Artemida,IT,GR,45.505299,12.3519,37.936401,23.9445,1276.0,2,"AP,AZ",320
VCE-LED,VCE,LED,Venezia (VE),St. Petersburg,IT,RU,45.505299,12.3519,59.800301,30.262501,1983.0,2,"AP,AZ",320
VCE-ARN,VCE,ARN,Venezia (VE),Stockholm,IT,SE,45.505299,12.3519,59.64849,17.928829,1615.8,1,DY,73H
VCE-STR,VCE,STR,Venezia (VE),Stuttgart,IT,DE,45.505299,12.3519,48.689899,9.22196,426.0,2,"AB,IG","320,320 73G"
VCE-TLS,VCE,TLS,Venezia (VE),Toulouse/Blagnac,IT,FR,45.505299,12.3519,43.629101,1.36382,894.3,2,"AF,AZ",319 320
VCE-VIE,VCE,VIE,Venezia (VE),Vienna,IT,AT,45.505299,12.3519,48.110298,16.5697,432.3,1,OS,DH4
VCE-BRU,VCE,BRU,Venezia (VE),Zaventem,IT,BE,45.505299,12.3519,50.901402,4.48444,835.8,3,"IB,SN,VY","319 AR1,320"
VCE-ZRH,VCE,ZRH,Venezia (VE),Zurich,IT,CH,45.505299,12.3519,47.458056,8.548056,363.2,1,LX,AR1 320
JER-AMS,JER,AMS,St. Peter,Amsterdam,JE,NL,49.207901,-2.19551,52.308601,4.76389,598.3,1,SI,AT4
JER-BHX,JER,BHX,St. Peter,"Birmingham, West Midlands",JE,GB,49.207901,-2.19551,52.453899,-1.74803,362.3,1,BE,DH4 E75
JER-BRS,JER,BRS,St. Peter,Bristol,JE,GB,49.207901,-2.19551,51.382326,-2.716453,244.6,1,SI,AT4
JER-CWL,JER,CWL,St. Peter,Cardiff,JE,GB,49.207901,-2.19551,51.396702,-3.34333,256.7,3,"AF,BE,WX","DH4,F50"
JER-ORK,JER,ORK,St. Peter,Cork,JE,IE,49.207901,-2.19551,51.841301,-8.49111,532.5,1,EI,AT7
JER-DUB,JER,DUB,St. Peter,Dublin,JE,IE,49.207901,-2.19551,53.428713,-6.262121,547.6,1,EI,AT7
JER-DUS,JER,DUS,St. Peter,Düsseldorf,JE,DE,49.207901,-2.19551,51.289501,6.76678,677.5,1,AB,73G
JER-EDI,JER,EDI,St. Peter,Edinburgh,JE,GB,49.207901,-2.19551,55.950145,-3.372288,753.9,1,BE,DH4
JER-EXT,JER,EXT,St. Peter,"Exeter, Devon",JE,GB,49.207901,-2.19551,50.734261,-3.413984,190.8,1,BE,DH4
JER-FRA,JER,FRA,St. Peter,Frankfurt am Main,JE,DE,49.207901,-2.19551,50.026706,8.55835,779.4,1,AB,DH4
JER-GVA,JER,GVA,St. Peter,Geneva,JE,CH,49.207901,-2.19551,46.238098,6.10895,703.0,1,SI,AT5
JER-GLA,JER,GLA,St. Peter,Glasgow,JE,GB,49.207901,-2.19551,55.871899,-4.43306,756.2,2,"BE,U2","319,DH4"
JER-HUY,JER,HUY,St. Peter,"Grimsby, Lincolnshire",JE,GB,49.207901,-2.19551,53.576152,-0.34954,502.3,1,BE,E75
JER-HAJ,JER,HAJ,St. Peter,Hannover,JE,DE,49.207901,-2.19551,52.461102,9.68508,908.0,1,AB,DH4
JER-LBA,JER,LBA,St. Peter,"Leeds, West Yorkshire",JE,GB,49.207901,-2.19551,53.865898,-1.66057,519.3,1,LS,733
JER-LPL,JER,LPL,St. Peter,Liverpool,JE,GB,49.207901,-2.19551,53.334863,-2.849637,461.1,1,U2,319
JER-LCY,JER,LCY,St. Peter,London,JE,GB,49.207901,-2.19551,51.505299,0.055278,301.2,1,SI,AT5
JER-LGW,JER,LGW,St. Peter,London,JE,GB,49.207901,-2.19551,51.148744,-0.185739,258.9,2,"BA,U2","319,319 734"
JER-STN,JER,STN,St. Peter,"London, Essex",JE,GB,49.207901,-2.19551,51.884998,0.235,343.6,1,GR,AT7
JER-MAN,JER,MAN,St. Peter,"Manchester, Greater Manchester",JE,GB,49.207901,-2.19551,53.349375,-2.279521,460.5,2,"BE,LS","733,E75 DH4"
JER-NCL,JER,NCL,St. Peter,"Newcastle upon Tyne, Tyne and Wear",JE,GB,49.207901,-2.19551,55.037958,-1.689577,649.2,1,U2,319
JER-NWI,JER,NWI,St. Peter,"Norwich, Norfolk",JE,GB,49.207901,-2.19551,52.6758,1.28278,456.0,1,BE,DH4
JER-EMA,JER,EMA,St. Peter,"Nottingham, Leicestershire",JE,GB,49.207901,-2.19551,52.8311,-1.32806,407.4,1,BE,DH4
JER-CDG,JER,CDG,St. Peter,"Paris (Roissy-en-France, Val-d'Oise)",JE,FR,49.207901,-2.19551,49.00896,2.554117,346.4,1,SI,AT4
JER-GCI,JER,GCI,St. Peter,Saint Peter Port,JE,GG,49.207901,-2.19551,49.435001,-2.60197,38.8,3,"BE,GR,SI","AT4 AT7,AT4 ATR,DH4"
JER-SOU,JER,SOU,St. Peter,Southampton,JE,GB,49.207901,-2.19551,50.950298,-1.3568,202.8,2,"BE,SI","DH4 E95,J32"
JER-SEN,JER,SEN,St. Peter,"Southend-on-Sea, Essex",JE,GB,49.207901,-2.19551,51.570562,0.693627,333.1,1,U2,319
JER-STR,JER,STR,St. Peter,Stuttgart,JE,DE,49.207901,-2.19551,48.689899,9.22196,835.0,1,AB,DH4
JER-ZRH,JER,ZRH,St. Peter,Zurich,JE,CH,49.207901,-2.19551,47.458056,8.548056,816.9,1,SI,AT5
KUN-ALC,KUN,ALC,Kaunas,Alicante,LT,ES,54.963965,24.08582,38.2822,-0.558156,2616.2,1,FR,738
KUN-BHX,KUN,BHX,Kaunas,"Birmingham, West Midlands",LT,GB,54.963965,24.08582,52.453899,-1.74803,1712.8,1,FR,738
KUN-BRS,KUN,BRS,Kaunas,Bristol,LT,GB,54.963965,24.08582,51.382326,-2.716453,1818.2,1,FR,738
KUN-CAG,KUN,CAG,Kaunas,Cagliari,LT,IT,54.963965,24.08582,39.251499,9.05428,2075.1,1,FR,738
KUN-NOC,KUN,NOC,Kaunas,Charlestown,LT,IE,54.963965,24.08582,53.910439,-8.817002,2111.4,1,FR,738
KUN-CIY,KUN,CIY,Kaunas,Comiso,LT,IT,54.963965,24.08582,36.99583,14.60889,2123.4,1,FR,738
KUN-DUB,KUN,DUB,Kaunas,Dublin,LT,IE,54.963965,24.08582,53.428713,-6.262121,1965.9,1,FR,738
KUN-EDI,KUN,EDI,Kaunas,Edinburgh,LT,GB,54.963965,24.08582,55.950145,-3.372288,1723.3,1,FR,738
KUN-HHN,KUN,HHN,Kaunas,Frankfurt am Main (Lautzenhausen),LT,DE,54.963965,24.08582,49.946353,7.261734,1264.9,1,FR,738
KUN-LGW,KUN,LGW,Kaunas,London,LT,GB,54.963965,24.08582,51.148744,-0.185739,1667.3,1,FR,738
KUN-STN,KUN,STN,Kaunas,"London, Essex",LT,GB,54.963965,24.08582,51.884998,0.235,1608.6,1,FR,738
KUN-LTN,KUN,LTN,Kaunas,"Luton, Luton",LT,GB,54.963965,24.08582,51.874699,-0.368333,1647.5,1,FR,738
KUN-PMI,KUN,PMI,Kaunas,Palma de Mallorca,LT,ES,54.963965,24.08582,39.551701,2.73881,2333.5,1,FR,738
KUN-TPS,KUN,TPS,Kaunas,Trapani (TP),LT,IT,54.963965,24.08582,37.9114,12.488,2087.7,1,FR,738
KUN-MLA,KUN,MLA,Kaunas,Valletta,LT,MT,54.963965,24.08582,35.845932,14.491546,2249.0,1,FR,738
PLQ-CPH,PLQ,CPH,Palanga,Copenhagen,LT,DK,55.973202,21.093901,55.617900848389,12.656000137329,528.6,1,SK,CR9 CR2
PLQ-OSL,PLQ,OSL,Palanga,Oslo (Gardermoen),LT,NO,55.973202,21.093901,60.193901,11.1004,750.6,1,DY,733
PLQ-RIX,PLQ,RIX,Palanga,Riga,LT,LV,55.973202,21.093901,56.920752,23.970711,205.8,1,BT,DH4
VNO-BCN,VNO,BCN,Vilnius,Barcelona,LT,ES,54.634102,25.285801,41.2971,2.07846,2258.1,2,"FR,W6","320,738"
VNO-BVA,VNO,BVA,Vilnius,Beauvais,LT,FR,54.634102,25.285801,49.454399,2.11278,1676.9,2,"FR,W6","320,738"
VNO-BGO,VNO,BGO,Vilnius,Bergen,LT,NO,54.634102,25.285801,60.2934,5.21814,1347.6,1,W6,320
VNO-BRE,VNO,BRE,Vilnius,Bremen,LT,DE,54.634102,25.285801,53.046786,8.78932,1094.0,1,FR,738
VNO-CRL,VNO,CRL,Vilnius,Charleroi,LT,BE,54.634102,25.285801,50.461963,4.459562,1476.2,1,FR,738
VNO-CPH,VNO,CPH,Vilnius,Copenhagen,LT,DK,54.634102,25.285801,55.617900848389,12.656000137329,809.2,2,"AC,SK","CR9,M80"
VNO-ORK,VNO,ORK,Vilnius,Cork,LT,IE,54.634102,25.285801,51.841301,-8.49111,2246.9,1,FR,738
VNO-DTM,VNO,DTM,Vilnius,Dortmund,LT,DE,54.634102,25.285801,51.518299,7.61224,1226.6,1,W6,320
VNO-DUB,VNO,DUB,Vilnius,Dublin,LT,IE,54.634102,25.285801,53.428713,-6.262121,2047.3,1,FR,738
VNO-EIN,VNO,EIN,Vilnius,Eindhoven,LT,NL,54.634102,25.285801,51.4500999451,5.37452983856,1372.2,1,W6,320
VNO-FRA,VNO,FRA,Vilnius,Frankfurt am Main,LT,DE,54.634102,25.285801,50.026706,8.55835,1242.8,2,"AC,LH",320 321
VNO-HEL,VNO,HEL,Vilnius,Helsinki (Vantaa),LT,FI,54.634102,25.285801,60.318363,24.963341,632.4,2,"AY,BA","E90,E90 E70 AT7"
VNO-HER,VNO,HER,Vilnius,Heraklion,LT,GR,54.634102,25.285801,35.339699,25.1803,2145.5,1,W2,320
VNO-IST,VNO,IST,Vilnius,Istanbul,LT,TR,54.634102,25.285801,41.274874,28.732136,1507.0,1,TK,319
VNO-LPL,VNO,LPL,Vilnius,Liverpool,LT,GB,54.634102,25.285801,53.334863,-2.849637,1832.9,1,FR,738
VNO-STN,VNO,STN,Vilnius,"London, Essex",LT,GB,54.634102,25.285801,51.884998,0.235,1684.7,1,FR,738
VNO-LTN,VNO,LTN,Vilnius,"Luton, Luton",LT,GB,54.634102,25.285801,51.874699,-0.368333,1723.9,1,W6,320
VNO-MSQ,VNO,MSQ,Vilnius,Minsk,LT,BY,54.634102,25.285801,53.888071,28.039964,197.2,1,B2,CRJ
VNO-DME,VNO,DME,Vilnius,Moscow,LT,RU,54.634102,25.285801,55.408798,37.9063,808.0,1,UN,735
VNO-SVO,VNO,SVO,Vilnius,Moscow,LT,RU,54.634102,25.285801,55.976858,37.41121,780.8,1,SU,320
VNO-VKO,VNO,VKO,Vilnius,Moscow,LT,RU,54.634102,25.285801,55.591499,37.261501,768.1,1,UR,AT7
VNO-MUC,VNO,MUC,Vilnius,Munich,LT,DE,54.634102,25.285801,48.353802,11.7861,1163.5,1,LT,E75 CR2
VNO-BGY,VNO,BGY,Vilnius,Orio al Serio (BG),LT,IT,54.634102,25.285801,45.669362,9.708851,1485.8,2,"FR,W6","320,738"
VNO-OSL,VNO,OSL,Vilnius,Oslo (Gardermoen),LT,NO,54.634102,25.285801,60.193901,11.1004,1047.1,1,DY,73H 733
VNO-CDG,VNO,CDG,Vilnius,"Paris (Roissy-en-France, Val-d'Oise)",LT,FR,54.634102,25.285801,49.00896,2.554117,1673.6,1,LT,E75
VNO-PRG,VNO,PRG,Vilnius,Prague,LT,CZ,54.634102,25.285801,50.100874,14.259911,900.9,1,LT,CR2
VNO-RIX,VNO,RIX,Vilnius,Riga,LT,LV,54.634102,25.285801,56.920752,23.970711,267.2,1,BT,73C DH4 735
VNO-CIA,VNO,CIA,Vilnius,Rome,LT,IT,54.634102,25.285801,41.798769,12.595331,1703.3,1,FR,738
VNO-FCO,VNO,FCO,Vilnius,Rome,LT,IT,54.634102,25.285801,41.804532,12.251998,1716.6,1,W6,320
VNO-TRF,VNO,TRF,Vilnius,Sandefjord(Torp),LT,NO,54.634102,25.285801,59.186699,10.2586,1040.0,1,W6,320
VNO-LED,VNO,LED,Vilnius,St. Petersburg,LT,RU,54.634102,25.285801,59.800301,30.262501,647.5,1,YQ,S20
VNO-SVG,VNO,SVG,Vilnius,Stavanger,LT,NO,54.634102,25.285801,58.876701,5.63778,1281.4,1,W6,320
VNO-ARN,VNO,ARN,Vilnius,Stockholm,LT,SE,54.634102,25.285801,59.64849,17.928829,711.8,2,"DY,SK","73H,S20"
VNO-TLL,VNO,TLL,Vilnius,Tallinn,LT,EE,54.634102,25.285801,59.413246,24.83264,532.1,3,"LT,OV,TK","319,CR9 E70,E75 CR2"
VNO-VIE,VNO,VIE,Vilnius,Vienna,LT,AT,54.634102,25.285801,48.110298,16.5697,943.2,1,OS,100 F70
VNO-WAW,VNO,WAW,Vilnius,Warsaw,LT,PL,54.634102,25.285801,52.165699,20.9671,396.5,1,LO,E70 E75 DH4
VNO-BRU,VNO,BRU,Vilnius,Zaventem,LT,BE,54.634102,25.285801,50.901402,4.48444,1453.6,4,"BT,LH,LT,SN","AR1 319,CR2 E75"
VNO-AES,VNO,AES,Vilnius,Ålesund,LT,NO,54.634102,25.285801,62.560443,6.110845,1408.9,1,W6,320
LUX-AJA,LUX,AJA,Luxembourg,Ajaccio,LU,FR,49.626845,6.212134,41.923599,8.80292,879.7,1,LG,73W
LUX-AMS,LUX,AMS,Luxembourg,Amsterdam,LU,NL,49.626845,6.212134,52.308601,4.76389,315.0,1,KL,F70 EMJ
LUX-BCN,LUX,BCN,Luxembourg,Barcelona,LU,ES,49.626845,6.212134,41.2971,2.07846,980.3,3,"IB,LG,VY","320,DH4"
LUX-BIA,LUX,BIA,Luxembourg,Bastia,LU,FR,49.626845,6.212134,42.5527,9.48373,825.9,1,LG,73W
LUX-CAG,LUX,CAG,Luxembourg,Cagliari,LU,IT,49.626845,6.212134,39.251499,9.05428,1175.3,1,LG,DH4
LUX-CLY,LUX,CLY,Luxembourg,Calvi,LU,FR,49.626845,6.212134,42.530422,8.792984,813.7,1,LG,DH4
LUX-CTA,LUX,CTA,Luxembourg,Catania,LU,IT,49.626845,6.212134,37.466801,15.0664,1526.4,1,LG,73H
LUX-CPH,LUX,CPH,Luxembourg,Copenhagen,LU,DK,49.626845,6.212134,55.617900848389,12.656000137329,794.9,2,"LG,SK","CR9,ER4 DH4"
LUX-DUB,LUX,DUB,Luxembourg,Dublin,LU,IE,49.626845,6.212134,53.428713,-6.262121,959.2,1,LG,DH4
LUX-DBV,LUX,DBV,Luxembourg,Dubrovnik,LU,HR,49.626845,6.212134,42.562247,18.265543,1214.4,1,LG,DH4
LUX-DUS,LUX,DUS,Luxembourg,Düsseldorf,LU,DE,49.626845,6.212134,51.289501,6.76678,189.0,2,"HR,LG",CNJ
LUX-FAO,LUX,FAO,Luxembourg,Faro,LU,PT,49.626845,6.212134,37.015909,-7.970939,1805.6,1,LG,73H
LUX-MXP,LUX,MXP,Luxembourg,Ferno (VA),LU,IT,49.626845,6.212134,45.6306,8.72811,482.6,3,"AZ,LG,U2","319,DH4 ER4"
LUX-FSC,LUX,FSC,Luxembourg,Figari,LU,FR,49.626845,6.212134,41.50185,9.097092,930.8,1,LG,DH4
LUX-FRA,LUX,FRA,Luxembourg,Frankfurt am Main,LU,DE,49.626845,6.212134,50.026706,8.55835,174.1,1,LG,ER4 DH4
LUX-FNC,LUX,FNC,Luxembourg,Funchal,LU,PT,49.626845,6.212134,32.697812,-16.774613,2671.2,1,LG,73H
LUX-GVA,LUX,GVA,Luxembourg,Geneva,LU,CH,49.626845,6.212134,46.238098,6.10895,376.9,1,LG,ER4
LUX-HER,LUX,HER,Luxembourg,Heraklion,LU,GR,49.626845,6.212134,35.339699,25.1803,2211.1,1,LG,73H
LUX-IBZ,LUX,IBZ,Luxembourg,Ibiza (Eivissa),LU,ES,49.626845,6.212134,38.872898,1.37312,1255.7,1,LG,DH4
LUX-IST,LUX,IST,Luxembourg,Istanbul,LU,TR,49.626845,6.212134,41.274874,28.732136,1976.3,1,TK,73W 739 738
LUX-XRY,LUX,XRY,Luxembourg,Jerez de la Frontera,LU,ES,49.626845,6.212134,36.744598,-6.06011,1739.2,1,LG,73H
LUX-CFU,LUX,CFU,Luxembourg,Kerkyra (Corfu),LU,GR,49.626845,6.212134,39.60145,19.912179,1550.5,1,LG,73H
LUX-LIS,LUX,LIS,Luxembourg,Lisbon,LU,PT,49.626845,6.212134,38.7813,-9.13592,1711.6,3,"LG,TP,U2","319,319 320 100,73W 73H"
LUX-LCY,LUX,LCY,Luxembourg,London,LU,GB,49.626845,6.212134,51.505299,0.055278,482.2,1,LG,DH4
LUX-LGW,LUX,LGW,Luxembourg,London,LU,GB,49.626845,6.212134,51.148744,-0.185739,483.9,1,U2,319
LUX-LHR,LUX,LHR,Luxembourg,London,LU,GB,49.626845,6.212134,51.470748,-0.459909,513.8,2,"AA,BA",319
LUX-MAD,LUX,MAD,Luxembourg,Madrid,LU,ES,49.626845,6.212134,40.493407,-3.572249,1271.3,1,LG,ER4
LUX-MUC,LUX,MUC,Luxembourg,Munich,LU,DE,49.626845,6.212134,48.353802,11.7861,430.5,2,"LG,LH","CR9 CR7,DH4 ER4"
LUX-AGP,LUX,AGP,Luxembourg,Málaga,LU,ES,49.626845,6.212134,36.6749,-4.49911,1678.2,1,LG,73W ER4
LUX-NAP,LUX,NAP,Luxembourg,Napoli,LU,IT,49.626845,6.212134,40.886002,14.2908,1158.0,1,LG,DH4
LUX-NCE,LUX,NCE,Luxembourg,"Nice, Alpes-Maritimes",LU,FR,49.626845,6.212134,43.658401,7.21587,668.1,1,LG,DH4
LUX-PMI,LUX,PMI,Luxembourg,Palma de Mallorca,LU,ES,49.626845,6.212134,39.551701,2.73881,1153.2,1,LG,73H 73W
LUX-CDG,LUX,CDG,Luxembourg,"Paris (Roissy-en-France, Val-d'Oise)",LU,FR,49.626845,6.212134,49.00896,2.554117,273.9,2,"AF,LG",ER4 DH4
LUX-OPO,LUX,OPO,Luxembourg,Porto,LU,PT,49.626845,6.212134,41.2481002808,-8.68138980865,1484.8,2,"LG,TP","100,73H 73W"
LUX-FCO,LUX,FCO,Luxembourg,Rome,LU,IT,49.626845,6.212134,41.804532,12.251998,987.4,2,"AZ,LG",DH4
LUX-SCN,LUX,SCN,Luxembourg,Saarbrücken,LU,DE,49.626845,6.212134,49.214545,7.109735,79.5,2,"LG,LH",DH4
LUX-ARN,LUX,ARN,Luxembourg,Stockholm,LU,SE,49.626845,6.212134,59.64849,17.928829,1341.2,1,LG,ER4
LUX-MLA,LUX,MLA,Luxembourg,Valletta,LU,MT,49.626845,6.212134,35.845932,14.491546,1672.5,1,LG,ER4
LUX-VAR,LUX,VAR,Luxembourg,Varna,LU,BG,49.626845,6.212134,43.232101,27.8251,1794.4,1,LG,73H
LUX-VIE,LUX,VIE,Luxembourg,Vienna,LU,AT,49.626845,6.212134,48.110298,16.5697,775.4,2,"LG,OS","DH4,DH4 ER4"
LUX-ZRH,LUX,ZRH,Luxembourg,Zurich,LU,CH,49.626845,6.212134,47.458056,8.548056,296.2,1,LX,AR1 320
RIX-ABZ,RIX,ABZ,Riga,Aberdeen,LV,GB,56.920752,23.970711,57.2019,-2.19778,1572.7,1,BT,735
RIX-AMS,RIX,AMS,Riga,Amsterdam,LV,NL,56.920752,23.970711,52.308601,4.76389,1333.1,2,"BT,KL","737,73C 735"
RIX-BCN,RIX,BCN,Riga,Barcelona,LV,ES,56.920752,23.970711,41.2971,2.07846,2336.9,1,BT,735 73C
RIX-BGO,RIX,BGO,Riga,Bergen,LV,NO,56.920752,23.970711,60.2934,5.21814,1144.4,2,"BT,W6","320,DH4"
RIX-BLL,RIX,BLL,Riga,Billund,LV,DK,56.920752,23.970711,55.740335,9.157019,920.7,1,BT,DH4
RIX-BRE,RIX,BRE,Riga,Bremen,LV,DE,56.920752,23.970711,53.046786,8.78932,1057.2,1,FR,738
RIX-BUD,RIX,BUD,Riga,Budapest,LV,HU,56.920752,23.970711,47.43018,19.262393,1102.4,1,BT,DH4 735
RIX-CPH,RIX,CPH,Riga,Copenhagen,LV,DK,56.920752,23.970711,55.617900848389,12.656000137329,712.6,3,"BT,DY,SK","73H,DH4 73C 733"
RIX-DUB,RIX,DUB,Riga,Dublin,LV,IE,56.920752,23.970711,53.428713,-6.262121,1941.8,1,FR,738
RIX-DUS,RIX,DUS,Riga,Düsseldorf,LV,DE,56.920752,23.970711,51.289501,6.76678,1279.5,2,"AB,BT",DH4
RIX-EIN,RIX,EIN,Riga,Eindhoven,LV,NL,56.920752,23.970711,51.4500999451,5.37452983856,1348.4,1,W6,320
RIX-MXP,RIX,MXP,Riga,Ferno (VA),LV,IT,56.920752,23.970711,45.6306,8.72811,1635.7,2,"AZ,BT",73C 735
RIX-FRA,RIX,FRA,Riga,Frankfurt am Main,LV,DE,56.920752,23.970711,50.026706,8.55835,1271.2,3,"AB,BT,LH","321 320,735 DH4 73C"
RIX-HHN,RIX,HHN,Riga,Frankfurt am Main (Lautzenhausen),LV,DE,56.920752,23.970711,49.946353,7.261734,1345.8,1,FR,738
RIX-GOT,RIX,GOT,Riga,Göteborg,LV,SE,56.920752,23.970711,57.6628,12.2798,706.4,1,BT,DH4
RIX-HAM,RIX,HAM,Riga,Hamburg,LV,DE,56.920752,23.970711,53.630402,9.98823,956.1,2,"AB,BT",DH4 735
RIX-HEL,RIX,HEL,Riga,Helsinki (Vantaa),LV,FI,56.920752,23.970711,60.318363,24.963341,382.1,2,"AY,BT","AT7,DH4 73C 735"
RIX-HER,RIX,HER,Riga,Heraklion,LV,GR,56.920752,23.970711,35.339699,25.1803,2401.4,1,W2,320
RIX-IST,RIX,IST,Riga,Istanbul,LV,TR,56.920752,23.970711,41.274874,28.732136,1772.9,1,TK,320
RIX-KGD,RIX,KGD,Riga,Kaliningrad,LV,RU,56.920752,23.970711,54.89161,20.598559,308.3,1,BT,DH4
RIX-LGW,RIX,LGW,Riga,London,LV,GB,56.920752,23.970711,51.148744,-0.185739,1691.8,1,BT,73C 735
RIX-STN,RIX,STN,Riga,"London, Essex",LV,GB,56.920752,23.970711,51.884998,0.235,1625.1,1,FR,738
RIX-LTN,RIX,LTN,Riga,"Luton, Luton",LV,GB,56.920752,23.970711,51.874699,-0.368333,1661.8,1,W6,320
RIX-MAN,RIX,MAN,Riga,"Manchester, Greater Manchester",LV,GB,56.920752,23.970711,53.349375,-2.279521,1703.7,1,FR,738
RIX-MSQ,RIX,MSQ,Riga,Minsk,LV,BY,56.920752,23.970711,53.888071,28.039964,423.8,2,"B2,BT","CRJ,DH4 73C"
RIX-DME,RIX,DME,Riga,Moscow,LV,RU,56.920752,23.970711,55.408798,37.9063,877.4,2,"BT,UN","73C DH4 735,DH4"
RIX-SVO,RIX,SVO,Riga,Moscow,LV,RU,56.920752,23.970711,55.976858,37.41121,831.3,2,"BT,SU","320 321,73C 733 735"
RIX-VKO,RIX,VKO,Riga,Moscow,LV,RU,56.920752,23.970711,55.591499,37.261501,832.7,2,"BT,UN",73G
RIX-MUC,RIX,MUC,Riga,Munich,LV,DE,56.920752,23.970711,48.353802,11.7861,1254.6,2,"AB,BT","73C DH4 735,73C DH4 735 733"
RIX-NCE,RIX,NCE,Riga,"Nice, Alpes-Maritimes",LV,FR,56.920752,23.970711,43.658401,7.21587,1884.6,1,BT,735 73C
RIX-EMA,RIX,EMA,Riga,"Nottingham, Leicestershire",LV,GB,56.920752,23.970711,52.8311,-1.32806,1670.3,1,FR,738
RIX-OLB,RIX,OLB,Riga,Olbia (SS),LV,IT,56.920752,23.970711,40.898953,9.518457,2061.6,2,"AZ,BT",73C
RIX-BGY,RIX,BGY,Riga,Orio al Serio (BG),LV,IT,56.920752,23.970711,45.669362,9.708851,1589.8,1,FR,738
RIX-OSL,RIX,OSL,Riga,Oslo (Gardermoen),LV,NO,56.920752,23.970711,60.193901,11.1004,828.7,3,"BT,DY,SK","733 73H,DH4 73C 735"
RIX-PLQ,RIX,PLQ,Riga,Palanga,LV,LT,56.920752,23.970711,55.973202,21.093901,205.8,1,BT,DH4
RIX-CDG,RIX,CDG,Riga,"Paris (Roissy-en-France, Val-d'Oise)",LV,FR,56.920752,23.970711,49.00896,2.554117,1672.0,2,"AF,BT",733 735 73C
RIX-PRG,RIX,PRG,Riga,Prague,LV,CZ,56.920752,23.970711,50.100874,14.259911,991.8,2,"BT,OK",DH4
RIX-PIK,RIX,PIK,Riga,"Prestwick, South Ayrshire",LV,GB,56.920752,23.970711,55.501499,-4.577182,1759.4,1,FR,738
RIX-FCO,RIX,FCO,Riga,Rome,LV,IT,56.920752,23.970711,41.804532,12.251998,1876.9,2,"AZ,BT",73C
RIX-TRF,RIX,TRF,Riga,Sandefjord(Torp),LV,NO,56.920752,23.970711,59.186699,10.2586,843.4,1,W6,320
RIX-ATH,RIX,ATH,Riga,Spata-Artemida,LV,GR,56.920752,23.970711,37.936401,23.9445,2111.0,1,BT,73C
RIX-LED,RIX,LED,Riga,St. Petersburg,LV,RU,56.920752,23.970711,59.800301,30.262501,486.7,1,BT,DH4
RIX-SVG,RIX,SVG,Riga,Stavanger,LV,NO,56.920752,23.970711,58.876701,5.63778,1101.2,1,BT,735 DH4
RIX-ARN,RIX,ARN,Riga,Stockholm,LV,SE,56.920752,23.970711,59.64849,17.928829,465.2,3,"BT,DY,SK","73H,DH4 735 73C 733"
RIX-TLL,RIX,TLL,Riga,Tallinn,LV,EE,56.920752,23.970711,59.413246,24.83264,281.7,1,BT,DH4 73C
RIX-TRD,RIX,TRD,Riga,Trondheim,LV,NO,56.920752,23.970711,63.457802,10.924,1020.3,1,DY,73H
RIX-TKU,RIX,TKU,Riga,Turku,LV,FI,56.920752,23.970711,60.514099,22.2628,411.5,1,BT,DH4
RIX-MLA,RIX,MLA,Riga,Valletta,LV,MT,56.920752,23.970711,35.845932,14.491546,2448.2,1,BT,73C
RIX-VCE,RIX,VCE,Riga,Venezia (VE),LV,IT,56.920752,23.970711,45.505299,12.3519,1500.9,2,"AZ,BT",73C 735
RIX-VIE,RIX,VIE,Riga,Vienna,LV,AT,56.920752,23.970711,48.110298,16.5697,1098.8,2,"BT,OS","73C 735 DH4,73C 735 DH4 733"
RIX-VNO,RIX,VNO,Riga,Vilnius,LV,LT,56.920752,23.970711,54.634102,25.285801,267.2,1,BT,DH4 73C 735
RIX-WAW,RIX,WAW,Riga,Warsaw,LV,PL,56.920752,23.970711,52.165699,20.9671,563.0,2,"BT,LO","DH4,E70 DH4 E75"
RIX-NRN,RIX,NRN,Riga,Weeze,LV,DE,56.920752,23.970711,51.601362,6.141228,1295.0,1,FR,738
RIX-BRU,RIX,BRU,Riga,Zaventem,LV,BE,56.920752,23.970711,50.901402,4.48444,1434.1,2,"BT,SN",735 DH4
RIX-ZRH,RIX,ZRH,Riga,Zurich,LV,CH,56.920752,23.970711,47.458056,8.548056,1481.0,1,BT,735
RIX-AES,RIX,AES,Riga,Ålesund,LV,NO,56.920752,23.970711,62.560443,6.110845,1175.1,1,BT,DH4
TGD-BEG,TGD,BEG,Podgorica,Belgrade,ME,RS,42.359402,19.2519,44.818401,20.309099,286.4,2,"JU,YM","100,AT7 319"
TGD-CRL,TGD,CRL,Podgorica,Charleroi,ME,BE,42.359402,19.2519,50.461963,4.459562,1443.9,1,FR,738
TGD-DUS,TGD,DUS,Podgorica,Düsseldorf,ME,DE,42.359402,19.2519,51.289501,6.76678,1370.5,1,YM,100
TGD-FRA,TGD,FRA,Podgorica,Frankfurt am Main,ME,DE,42.359402,19.2519,50.026706,8.55835,1182.8,1,YM,100
TGD-IST,TGD,IST,Podgorica,Istanbul,ME,TR,42.359402,19.2519,41.274874,28.732136,794.4,1,TK,319
TGD-STN,TGD,STN,Podgorica,"London, Essex",ME,GB,42.359402,19.2519,51.884998,0.235,1777.8,1,FR,738
TGD-DME,TGD,DME,Podgorica,Moscow,ME,RU,42.359402,19.2519,55.408798,37.9063,1979.1,1,YM,E95
TGD-CDG,TGD,CDG,Podgorica,"Paris (Roissy-en-France, Val-d'Oise)",ME,FR,42.359402,19.2519,49.00896,2.554117,1488.4,1,YM,100
TGD-FCO,TGD,FCO,Podgorica,Rome,ME,IT,42.359402,19.2519,41.804532,12.251998,580.8,2,"AZ,YM",E75 100
TGD-VIE,TGD,VIE,Podgorica,Vienna,ME,AT,42.359402,19.2519,48.110298,16.5697,673.0,2,"OS,YM","100,100 DH4"
TGD-LJU,TGD,LJU,Podgorica,Zgornji Brnik,ME,SI,42.359402,19.2519,46.223701,14.4576,574.4,2,"JP,YM","100,CR9 CR2"
TGD-ZRH,TGD,ZRH,Podgorica,Zurich,ME,CH,42.359402,19.2519,47.458056,8.548056,1014.4,1,YM,100
TIV-BEG,TIV,BEG,Tivat,Belgrade,ME,RS,42.404701,18.723301,44.818401,20.309099,297.2,2,"JU,YM","100,AT7"
TIV-LGW,TIV,LGW,Tivat,London,ME,GB,42.404701,18.723301,51.148744,-0.185739,1729.5,1,YM,100
TIV-DME,TIV,DME,Tivat,Moscow,ME,RU,42.404701,18.723301,55.408798,37.9063,2001.1,5,"3R,S7,U6,YC,YM","320,320 321,738,E95,SU9 73G"
TIV-CDG,TIV,CDG,Tivat,"Paris (Roissy-en-France, Val-d'Oise)",ME,FR,42.404701,18.723301,49.00896,2.554117,1450.2,1,YM,100
TIV-LED,TIV,LED,Tivat,St. Petersburg,ME,RU,42.404701,18.723301,59.800301,30.262501,2088.4,1,U6,320
TIV-BRU,TIV,BRU,Tivat,Zaventem,ME,BE,42.404701,18.723301,50.901402,4.48444,1435.6,1,HQ,320
SKP-BEG,SKP,BEG,Ilinden,Belgrade,MK,RS,41.958087,21.622581,44.818401,20.309099,335.3,1,JU,319 320
SKP-CRL,SKP,CRL,Ilinden,Charleroi,MK,BE,41.958087,21.622581,50.461963,4.459562,1618.0,1,W6,320
SKP-DTM,SKP,DTM,Ilinden,Dortmund,MK,DE,41.958087,21.622581,51.518299,7.61224,1501.8,1,W6,320
SKP-EIN,SKP,EIN,Ilinden,Eindhoven,MK,NL,41.958087,21.622581,51.4500999451,5.37452983856,1621.2,1,W6,320
SKP-HHN,SKP,HHN,Ilinden,Frankfurt am Main (Lautzenhausen),MK,DE,41.958087,21.622581,49.946353,7.261734,1417.7,1,W6,320
SKP-IST,SKP,IST,Ilinden,Istanbul,MK,TR,41.958087,21.622581,41.274874,28.732136,595.7,1,TK,319
SKP-CGN,SKP,CGN,Ilinden,Köln (Cologne),MK,DE,41.958087,21.622581,50.865898,7.14274,1483.0,1,W6,320
SKP-LTN,SKP,LTN,Ilinden,"Luton, Luton",MK,GB,41.958087,21.622581,51.874699,-0.368333,1989.1,1,W6,320
SKP-MMX,SKP,MMX,Ilinden,Malmö,MK,SE,41.958087,21.622581,55.535564,13.376327,1623.6,1,W6,320
SKP-FMM,SKP,FMM,Ilinden,Memmingen,MK,DE,41.958087,21.622581,47.988092,10.238248,1116.8,1,W6,320
SKP-NYO,SKP,NYO,Ilinden,Nyköping,MK,SE,41.958087,21.622581,58.789656,16.911479,1900.0,1,W6,320
SKP-BGY,SKP,BGY,Ilinden,Orio al Serio (BG),MK,IT,41.958087,21.622581,45.669362,9.708851,1039.9,1,W6,320
SKP-FCO,SKP,FCO,Ilinden,Rome,MK,IT,41.958087,21.622581,41.804532,12.251998,775.6,1,AZ,E75
SKP-TSF,SKP,TSF,Ilinden,Treviso (TV),MK,IT,41.958087,21.622581,45.648399,12.1944,859.9,1,W6,320
SKP-ZAG,SKP,ZAG,Ilinden,Velika Gorica,MK,HR,41.958087,21.622581,45.742901,16.0688,612.5,1,OU,319 DH4
SKP-VIE,SKP,VIE,Ilinden,Vienna,MK,AT,41.958087,21.622581,48.110298,16.5697,790.6,1,OS,F70 320 100
SKP-LJU,SKP,LJU,Ilinden,Zgornji Brnik,MK,SI,41.958087,21.622581,46.223701,14.4576,742.7,1,JP,CR2 CR9
SKP-ZRH,SKP,ZRH,Ilinden,Zurich,MK,CH,41.958087,21.622581,47.458056,8.548056,1198.4,2,"4T,LX",320
MLA-AMS,MLA,AMS,Valletta,Amsterdam,MT,NL,35.845932,14.491546,52.308601,4.76389,1984.5,2,"HV,KM","320 319,73H"
MLA-KRK,MLA,KRK,Valletta,Balice,MT,PL,35.845932,14.491546,50.077702,19.7848,1639.0,1,FR,738
MLA-BCN,MLA,BCN,Valletta,Barcelona,MT,ES,35.845932,14.491546,41.2971,2.07846,1236.0,2,"IB,VY",320
MLA-BRI,MLA,BRI,Valletta,Bari,MT,IT,35.845932,14.491546,41.138901,16.760599,620.7,1,FR,738
MLA-BFS,MLA,BFS,Valletta,Belfast,MT,GB,35.845932,14.491546,54.6575012207,-6.2158298492399995,2625.3,1,U2,319
MLA-BLL,MLA,BLL,Valletta,Billund,MT,DK,35.845932,14.491546,55.740335,9.157019,2248.9,1,FR,738
MLA-BHX,MLA,BHX,Valletta,"Birmingham, West Midlands",MT,GB,35.845932,14.491546,52.453899,-1.74803,2244.7,2,"FR,KM","320 319,738"
MLA-BLQ,MLA,BLQ,Valletta,Bologna,MT,IT,35.845932,14.491546,44.5354,11.2887,1003.6,1,FR,738
MLA-BOH,MLA,BOH,Valletta,Bournemouth,MT,GB,35.845932,14.491546,50.780483,-1.839576,2112.3,1,FR,738
MLA-BRS,MLA,BRS,Valletta,Bristol,MT,GB,35.845932,14.491546,51.382326,-2.716453,2202.9,2,"FR,KM","320,738"
MLA-BUD,MLA,BUD,Valletta,Budapest,MT,HU,35.845932,14.491546,47.43018,19.262393,1347.1,2,"KM,W6",320
MLA-CWL,MLA,CWL,Valletta,Cardiff,MT,GB,35.845932,14.491546,51.396702,-3.34333,2235.1,1,KM,320
MLA-TRN,MLA,TRN,Valletta,Caselle Torinese (TO),MT,IT,35.845932,14.491546,45.200802,7.64963,1189.1,1,FR,738
MLA-CTA,MLA,CTA,Valletta,Catania,MT,IT,35.845932,14.491546,37.466801,15.0664,187.4,3,"IG,KM,LH","319,319 320"
MLA-LYS,MLA,LYS,Valletta,"Colombier-Saugnieu, Rhône",MT,FR,35.845932,14.491546,45.725996,5.090139,1352.0,2,"AF,KM","320,320 319"
MLA-CPH,MLA,CPH,Valletta,Copenhagen,MT,DK,35.845932,14.491546,55.617900848389,12.656000137329,2203.0,1,DY,73H
MLA-DUB,MLA,DUB,Valletta,Dublin,MT,IE,35.845932,14.491546,53.428713,-6.262121,2533.9,1,FR,738
MLA-DUS,MLA,DUS,Valletta,Düsseldorf,MT,DE,35.845932,14.491546,51.289501,6.76678,1824.1,2,"KM,LH",319 320
MLA-EDI,MLA,EDI,Valletta,Edinburgh,MT,GB,35.845932,14.491546,55.950145,-3.372288,2611.0,1,FR,738
MLA-EIN,MLA,EIN,Valletta,Eindhoven,MT,NL,35.845932,14.491546,51.4500999451,5.37452983856,1880.3,1,FR,738
MLA-EXT,MLA,EXT,Valletta,"Exeter, Devon",MT,GB,35.845932,14.491546,50.734261,-3.413984,2188.5,1,KM,320
MLA-FRA,MLA,FRA,Valletta,Frankfurt am Main,MT,DE,35.845932,14.491546,50.026706,8.55835,1647.8,2,"KM,LH","319 320,321 32A"
MLA-GVA,MLA,GVA,Valletta,Geneva,MT,CH,35.845932,14.491546,46.238098,6.10895,1350.8,1,KM,320
MLA-GRO,MLA,GRO,Valletta,Girona,MT,ES,35.845932,14.491546,41.904639,2.761774,1216.8,1,FR,738
MLA-GLA,MLA,GLA,Valletta,Glasgow,MT,GB,35.845932,14.491546,55.871899,-4.43306,2646.5,1,KM,320
MLA-HAM,MLA,HAM,Valletta,Hamburg,MT,DE,35.845932,14.491546,53.630402,9.98823,2008.3,1,KM,320
MLA-IST,MLA,IST,Valletta,Istanbul,MT,TR,35.845932,14.491546,41.274874,28.732136,1375.2,2,"KM,TK","319 737,319 738"
MLA-KUN,MLA,KUN,Valletta,Kaunas,MT,LT,35.845932,14.491546,54.963965,24.08582,2249.0,1,FR,738
MLA-LBA,MLA,LBA,Valletta,"Leeds, West Yorkshire",MT,GB,35.845932,14.491546,53.865898,-1.66057,2361.6,1,FR,738
MLA-LPL,MLA,LPL,Valletta,Liverpool,MT,GB,35.845932,14.491546,53.334863,-2.849637,2367.0,1,FR,738
MLA-LGW,MLA,LGW,Valletta,London,MT,GB,35.845932,14.491546,51.148744,-0.185739,2064.6,4,"BA,KM,TO,U2","319 734,320 319,73H"
MLA-LHR,MLA,LHR,Valletta,London,MT,GB,35.845932,14.491546,51.470748,-0.459909,2104.2,1,KM,320 319
MLA-STN,MLA,STN,Valletta,"London, Essex",MT,GB,35.845932,14.491546,51.884998,0.235,2109.8,1,FR,738
MLA-LTN,MLA,LTN,Valletta,"Luton, Luton",MT,GB,35.845932,14.491546,51.874699,-0.368333,2134.8,1,FR,738
MLA-LUX,MLA,LUX,Valletta,Luxembourg,MT,LU,35.845932,14.491546,49.626845,6.212134,1672.5,1,LG,ER4
MLA-MAD,MLA,MAD,Valletta,Madrid,MT,ES,35.845932,14.491546,40.493407,-3.572249,1658.0,1,FR,738
MLA-MAN,MLA,MAN,Valletta,"Manchester, Greater Manchester",MT,GB,35.845932,14.491546,53.349375,-2.279521,2343.3,4,"KM,TCX,TOM,U2","320,321,73H"
MLA-MRS,MLA,MRS,Valletta,"Marignane, Bouches-du-Rhône",MT,FR,35.845932,14.491546,43.438088,5.2125,1157.8,2,"FR,KM","320,738"
MLA-DME,MLA,DME,Valletta,Moscow,MT,RU,35.845932,14.491546,55.408798,37.9063,2808.8,1,KM,320
MLA-SVO,MLA,SVO,Valletta,Moscow,MT,RU,35.845932,14.491546,55.976858,37.41121,2827.8,2,"KM,SU",319
MLA-MUC,MLA,MUC,Valletta,Munich,MT,DE,35.845932,14.491546,48.353802,11.7861,1408.4,2,"KM,LH",319 320
MLA-NTE,MLA,NTE,Valletta,Nantes,MT,FR,35.845932,14.491546,47.153198,-1.61073,1831.5,1,TO,73H
MLA-NCL,MLA,NCL,Valletta,"Newcastle upon Tyne, Tyne and Wear",MT,GB,35.845932,14.491546,55.037958,-1.689577,2466.0,2,"KM,U2","319,320 319"
MLA-NWI,MLA,NWI,Valletta,"Norwich, Norfolk",MT,GB,35.845932,14.491546,52.6758,1.28278,2139.0,1,KM,320
MLA-EMA,MLA,EMA,Valletta,"Nottingham, Leicestershire",MT,GB,35.845932,14.491546,52.8311,-1.32806,2258.3,1,ZB,321
MLA-NYO,MLA,NYO,Valletta,Nyköping,MT,SE,35.845932,14.491546,58.789656,16.911479,2557.3,1,FR,738
MLA-BGY,MLA,BGY,Valletta,Orio al Serio (BG),MT,IT,35.845932,14.491546,45.669362,9.708851,1163.7,1,FR,738
MLA-OSL,MLA,OSL,Valletta,Oslo (Gardermoen),MT,NO,35.845932,14.491546,60.193901,11.1004,2718.3,1,DY,73H
MLA-ORY,MLA,ORY,Valletta,"Paris (Orly, Val-de-Marne)",MT,FR,35.845932,14.491546,48.729499,2.358963,1741.3,3,"AF,KM,TO","320 319,73H"
MLA-CDG,MLA,CDG,Valletta,"Paris (Roissy-en-France, Val-d'Oise)",MT,FR,35.845932,14.491546,49.00896,2.554117,1756.7,2,"AF,KM",319 320
MLA-PSA,MLA,PSA,Valletta,Pisa (PI),MT,IT,35.845932,14.491546,43.683899,10.3927,939.0,1,FR,738
MLA-PRG,MLA,PRG,Valletta,Prague,MT,CZ,35.845932,14.491546,50.100874,14.259911,1585.2,2,"KM,OK",320
MLA-PIK,MLA,PIK,Valletta,"Prestwick, South Ayrshire",MT,GB,35.845932,14.491546,55.501499,-4.577182,2621.4,1,FR,738
MLA-RIX,MLA,RIX,Valletta,Riga,MT,LV,35.845932,14.491546,56.920752,23.970711,2448.2,1,BT,73C
MLA-FCO,MLA,FCO,Valletta,Rome,MT,IT,35.845932,14.491546,41.804532,12.251998,690.3,3,"AZ,IG,KM","319,320 319,32S 320"
MLA-LIN,MLA,LIN,Valletta,Segrate (MI),MT,IT,35.845932,14.491546,45.445099,9.27674,1153.8,2,"IG,KM","319,319 320"
MLA-ATH,MLA,ATH,Valletta,Spata-Artemida,MT,GR,35.845932,14.491546,37.936401,23.9445,871.8,1,KM,320
MLA-LED,MLA,LED,Valletta,St. Petersburg,MT,RU,35.845932,14.491546,59.800301,30.262501,2895.0,1,KM,319 320
MLA-ARN,MLA,ARN,Valletta,Stockholm,MT,SE,35.845932,14.491546,59.64849,17.928829,2658.3,1,SK,73H
MLA-TLS,MLA,TLS,Valletta,Toulouse/Blagnac,MT,FR,35.845932,14.491546,43.629101,1.36382,1414.5,1,AF,320 319
MLA-TPS,MLA,TPS,Valletta,Trapani (TP),MT,IT,35.845932,14.491546,37.9114,12.488,290.7,1,FR,738
MLA-TSF,MLA,TSF,Valletta,Treviso (TV),MT,IT,35.845932,14.491546,45.648399,12.1944,1106.9,1,FR,738
MLA-VIE,MLA,VIE,Valletta,Vienna,MT,AT,35.845932,14.491546,48.110298,16.5697,1374.4,4,"AB,HG,KM,OS","319 320,E90"
MLA-WRO,MLA,WRO,Valletta,Wrocław,MT,PL,35.845932,14.491546,51.103719,16.882096,1707.3,1,FR,738
MLA-BRU,MLA,BRU,Valletta,Zaventem,MT,BE,35.845932,14.491546,50.901402,4.48444,1855.3,2,"KM,SN",320 319
MLA-ZRH,MLA,ZRH,Valletta,Zurich,MT,CH,35.845932,14.491546,47.458056,8.548056,1381.4,2,"KM,LX",319
AMS-AAL,AMS,AAL,Amsterdam,Aalborg,NL,DK,52.308601,4.76389,57.094763,9.84993,624.1,2,"AZ,KL","E90,F70 EMJ"
AMS-ABZ,AMS,ABZ,Amsterdam,Aberdeen,NL,GB,52.308601,4.76389,57.2019,-2.19778,703.3,1,KL,EMJ 737 F70
AMS-AJA,AMS,AJA,Amsterdam,Ajaccio,NL,FR,52.308601,4.76389,41.923599,8.80292,1194.0,1,HV,73H
AMS-ALC,AMS,ALC,Amsterdam,Alicante,NL,ES,52.308601,4.76389,38.2822,-0.558156,1613.2,3,"HV,IB,VY","320,73H 73W"
AMS-KRK,AMS,KRK,Amsterdam,Balice,NL,PL,52.308601,4.76389,50.077702,19.7848,1073.6,1,K2,DH4
AMS-BCN,AMS,BCN,Amsterdam,Barcelona,NL,ES,52.308601,4.76389,41.2971,2.07846,1241.1,5,"HV,IB,KL,MU,VY","320,737,73H 73W"
AMS-BRI,AMS,BRI,Amsterdam,Bari,NL,IT,52.308601,4.76389,41.138901,16.760599,1538.0,1,HV,73H 73W
AMS-BFS,AMS,BFS,Amsterdam,Belfast,NL,GB,52.308601,4.76389,54.6575012207,-6.2158298492399995,771.0,1,U2,319
AMS-BEG,AMS,BEG,Amsterdam,Belgrade,NL,RS,52.308601,4.76389,44.818401,20.309099,1410.2,2,"EY,JU",319
AMS-BGO,AMS,BGO,Amsterdam,Bergen,NL,NO,52.308601,4.76389,60.2934,5.21814,888.3,2,"AZ,KL","E90 737,F70 EMJ 737"
AMS-BRN,AMS,BRN,Amsterdam,Bern,NL,CH,52.308601,4.76389,46.912736,7.498819,631.4,1,SX,D38
AMS-BIO,AMS,BIO,Amsterdam,Bilbao,NL,ES,52.308601,4.76389,43.301102,-2.91061,1152.5,2,"IB,VY",320
AMS-BLL,AMS,BLL,Amsterdam,Billund,NL,DK,52.308601,4.76389,55.740335,9.157019,477.2,2,"AZ,KL","737 EMJ,737 F70 E90"
AMS-BHX,AMS,BHX,Amsterdam,"Birmingham, West Midlands",NL,GB,52.308601,4.76389,52.453899,-1.74803,442.1,2,"BE,KL","E75 DH4,EMJ 737"
AMS-BLQ,AMS,BLQ,Amsterdam,Bologna,NL,IT,52.308601,4.76389,44.5354,11.2887,988.5,3,"AZ,KL,MU","E90,EMJ"
AMS-BOD,AMS,BOD,Amsterdam,Bordeaux,NL,FR,52.308601,4.76389,44.82865,-0.715356,923.7,3,"AF,KL,U2","319,E90 73W F70,F70"
AMS-BRE,AMS,BRE,Amsterdam,Bremen,NL,DE,52.308601,4.76389,53.046786,8.78932,283.5,2,"AZ,KL",F70
AMS-BRS,AMS,BRS,Amsterdam,Bristol,NL,GB,52.308601,4.76389,51.382326,-2.716453,523.8,3,"AZ,KL,U2","320 319,E90,EMJ"
AMS-BUD,AMS,BUD,Amsterdam,Budapest,NL,HU,52.308601,4.76389,47.43018,19.262393,1169.3,1,KL,737
AMS-BSL,AMS,BSL,Amsterdam,Bâle / Mulhouse,NL,FR,52.308601,4.76389,47.60068,7.521117,559.3,3,"AF,KL,U2","319 320,F70 E90,F70 EMJ"
AMS-CWL,AMS,CWL,Amsterdam,Cardiff,NL,GB,52.308601,4.76389,51.396702,-3.34333,565.7,2,"AZ,KL",F70
AMS-VRN,AMS,VRN,Amsterdam,Caselle (VR),NL,IT,52.308601,4.76389,45.394955,10.887303,889.1,1,HV,73H
AMS-TRN,AMS,TRN,Amsterdam,Caselle Torinese (TO),NL,IT,52.308601,4.76389,45.200802,7.64963,818.0,1,HV,73H 73W
AMS-CTA,AMS,CTA,Amsterdam,Catania,NL,IT,52.308601,4.76389,37.466801,15.0664,1834.9,3,"AP,AZ,HV","320,73H 73W"
AMS-JKH,AMS,JKH,Amsterdam,Chios Island,NL,GR,52.308601,4.76389,38.34320068359375,26.140600204467773,2265.3,1,HV,73W
AMS-CFE,AMS,CFE,Amsterdam,Clermont-Ferrand,NL,FR,52.308601,4.76389,45.786701,3.16917,734.4,3,"A5,AF,KL","ER4,ERJ"
AMS-LYS,AMS,LYS,Amsterdam,"Colombier-Saugnieu, Rhône",NL,FR,52.308601,4.76389,45.725996,5.090139,732.3,2,"AF,KL","EMJ F70,F70"
AMS-CPH,AMS,CPH,Amsterdam,Copenhagen,NL,DK,52.308601,4.76389,55.617900848389,12.656000137329,633.4,6,"AC,AZ,DY,KL,MU,SK","319 321,320 319 321 CR9,737 E90,737 EMJ,73H,EMJ 737 F70"
AMS-ORK,AMS,ORK,Amsterdam,Cork,NL,IE,52.308601,4.76389,51.841301,-8.49111,906.1,1,EI,320
AMS-MME,AMS,MME,Amsterdam,"Darlington, Durham",NL,GB,52.308601,4.76389,54.509201,-1.42941,477.7,2,"AZ,KL",F70
AMS-DUB,AMS,DUB,Amsterdam,Dublin,NL,IE,52.308601,4.76389,53.428713,-6.262121,749.7,1,EI,320
AMS-DBV,AMS,DBV,Amsterdam,Dubrovnik,NL,HR,52.308601,4.76389,42.562247,18.265543,1480.5,1,OU,319
AMS-DUS,AMS,DUS,Amsterdam,Düsseldorf,NL,DE,52.308601,4.76389,51.289501,6.76678,178.3,2,"AZ,KL",F70
AMS-EDI,AMS,EDI,Amsterdam,Edinburgh,NL,GB,52.308601,4.76389,55.950145,-3.372288,666.4,2,"KL,U2","320 319,737 EMJ"
AMS-EXT,AMS,EXT,Amsterdam,"Exeter, Devon",NL,GB,52.308601,4.76389,50.734261,-3.413984,591.9,1,BE,DH4
AMS-FAO,AMS,FAO,Amsterdam,Faro,NL,PT,52.308601,4.76389,37.015909,-7.970939,1969.8,1,HV,73H
AMS-MXP,AMS,MXP,Amsterdam,Ferno (VA),NL,IT,52.308601,4.76389,45.6306,8.72811,796.6,1,U2,319 320
AMS-FLR,AMS,FLR,Amsterdam,Firenze (FI),NL,IT,52.308601,4.76389,43.808558,11.202822,1058.4,2,"AZ,KL","E90,EMJ"
AMS-FRA,AMS,FRA,Amsterdam,Frankfurt am Main,NL,DE,52.308601,4.76389,50.026706,8.55835,366.5,4,"ET,KL,LH,MU","32A 319,733 735 320 319 32A 321,EMJ F70"
AMS-FNC,AMS,FNC,Amsterdam,Funchal,NL,PT,52.308601,4.76389,32.697812,-16.774613,2783.5,1,HV,73H
AMS-GDN,AMS,GDN,Amsterdam,Gdańsk,NL,PL,52.308601,4.76389,54.377602,18.4662,936.6,1,K2,DH4
AMS-GVA,AMS,GVA,Amsterdam,Geneva,NL,CH,52.308601,4.76389,46.238098,6.10895,682.0,2,"KL,U2","319 320,737 F70 EMJ"
AMS-GRO,AMS,GRO,Amsterdam,Girona,NL,ES,52.308601,4.76389,41.904639,2.761774,1166.6,1,HV,73H
AMS-GLA,AMS,GLA,Amsterdam,Glasgow,NL,GB,52.308601,4.76389,55.871899,-4.43306,718.0,3,"AZ,KL,U2","319,737,EMJ 737"
AMS-HUY,AMS,HUY,Amsterdam,"Grimsby, Lincolnshire",NL,GB,52.308601,4.76389,53.576152,-0.34954,370.4,2,"AZ,KL",F70
AMS-GOT,AMS,GOT,Amsterdam,Göteborg,NL,SE,52.308601,4.76389,57.6628,12.2798,763.5,1,KL,EMJ
AMS-HAM,AMS,HAM,Amsterdam,Hamburg,NL,DE,52.308601,4.76389,53.630402,9.98823,379.4,3,"4U,AZ,KL","737 EMJ,737 F70 E90,CRJ"
AMS-HAJ,AMS,HAJ,Amsterdam,Hannover,NL,DE,52.308601,4.76389,52.461102,9.68508,334.4,2,"AZ,KL","E90 F70,EMJ F70"
AMS-HEL,AMS,HEL,Amsterdam,Helsinki (Vantaa),NL,FI,52.308601,4.76389,60.318363,24.963341,1521.4,4,"AY,AZ,KL,MH","320,320 321,737"
AMS-HER,AMS,HER,Amsterdam,Heraklion,NL,GR,52.308601,4.76389,35.339699,25.1803,2480.9,1,HV,73H
AMS-IBZ,AMS,IBZ,Amsterdam,Ibiza (Eivissa),NL,ES,52.308601,4.76389,38.872898,1.37312,1516.7,3,"HV,IB,VY","320,73H 73W"
AMS-INN,AMS,INN,Amsterdam,Innsbruck,NL,AT,52.308601,4.76389,47.260201,11.344,733.1,1,HV,73H
AMS-INV,AMS,INV,Amsterdam,Inverness,NL,GB,52.308601,4.76389,57.5425,-4.0475,808.5,1,BE,DH4
AMS-IST,AMS,IST,Amsterdam,Istanbul,NL,TR,52.308601,4.76389,41.274874,28.732136,2182.6,2,"KL,TK","343 321 320 330,737"
AMS-CFU,AMS,CFU,Amsterdam,Kerkyra (Corfu),NL,GR,52.308601,4.76389,39.60145,19.912179,1827.6,1,HV,73H
AMS-KRS,AMS,KRS,Amsterdam,Kristiansand(Kjevik),NL,NO,52.308601,4.76389,58.204201,8.08537,688.3,2,"AZ,KL","E90 F70,F70 EMJ"
AMS-CGN,AMS,CGN,Amsterdam,Köln (Cologne),NL,DE,52.308601,4.76389,50.865898,7.14274,229.6,2,"AZ,KL",F70
AMS-SUF,AMS,SUF,Amsterdam,Lamezia Terme (CZ),NL,IT,52.308601,4.76389,38.906214,16.246007,1732.7,1,HV,73H
AMS-LBA,AMS,LBA,Amsterdam,"Leeds, West Yorkshire",NL,GB,52.308601,4.76389,53.865898,-1.66057,462.5,3,"AZ,KL,LS","733,F70,F70 EMJ"
AMS-LPI,AMS,LPI,Amsterdam,Linköping,NL,SE,52.308601,4.76389,58.404909,15.684499,965.3,1,KL,F70 EMJ
AMS-LIS,AMS,LIS,Amsterdam,Lisbon,NL,PT,52.308601,4.76389,38.7813,-9.13592,1846.3,8,"AY,EY,HV,KL,S4,TP,U2,US","319,319 320,320 319,32S,737,73H 73W"
AMS-LPL,AMS,LPL,Amsterdam,Liverpool,NL,GB,52.308601,4.76389,53.334863,-2.849637,523.9,1,U2,319 320
AMS-LCY,AMS,LCY,Amsterdam,London,NL,GB,52.308601,4.76389,51.505299,0.055278,335.1,4,"AF,BA,KL,WX","AR8,ARJ,E90 E70"
AMS-LGW,AMS,LGW,Amsterdam,London,NL,GB,52.308601,4.76389,51.148744,-0.185739,364.4,2,"BA,U2","319 320,319 734"
AMS-LHR,AMS,LHR,Amsterdam,London,NL,GB,52.308601,4.76389,51.470748,-0.459909,370.3,5,"AA,BA,CI,KL,MU","320 767 319 321,320 767 321 319,737 F70,737 F70 EMJ,F70"
AMS-STN,AMS,STN,Amsterdam,"London, Essex",NL,GB,52.308601,4.76389,51.884998,0.235,312.9,1,U2,320 319
AMS-LTN,AMS,LTN,Amsterdam,"Luton, Luton",NL,GB,52.308601,4.76389,51.874699,-0.368333,353.9,1,U2,320 319
AMS-LUX,AMS,LUX,Amsterdam,Luxembourg,NL,LU,52.308601,4.76389,49.626845,6.212134,315.0,1,KL,EMJ F70
AMS-MAD,AMS,MAD,Amsterdam,Madrid,NL,ES,52.308601,4.76389,40.493407,-3.572249,1458.8,3,"KL,MU,UX","737,738"
AMS-MAN,AMS,MAN,Amsterdam,"Manchester, Greater Manchester",NL,GB,52.308601,4.76389,53.349375,-2.279521,486.9,3,"CI,KL,U2","320 319,737 E90 F70,737 EMJ F70"
AMS-MRS,AMS,MRS,Amsterdam,"Marignane, Bouches-du-Rhône",NL,FR,52.308601,4.76389,43.438088,5.2125,986.9,2,"AF,KL","319,32S"
AMS-MSQ,AMS,MSQ,Amsterdam,Minsk,NL,BY,52.308601,4.76389,53.888071,28.039964,1556.8,1,B2,735 733
AMS-SVO,AMS,SVO,Amsterdam,Moscow,NL,RU,52.308601,4.76389,55.976858,37.41121,2144.1,2,"KL,SU","321 320,737"
AMS-MUC,AMS,MUC,Amsterdam,Munich,NL,DE,52.308601,4.76389,48.353802,11.7861,664.2,2,"KL,LH","737,E95 CR9"
AMS-JMK,AMS,JMK,Amsterdam,Mykonos,NL,GR,52.308601,4.76389,37.435101,25.348101,2300.7,1,HV,73H
AMS-AGP,AMS,AGP,Amsterdam,Málaga,NL,ES,52.308601,4.76389,36.6749,-4.49911,1883.7,3,"HV,IB,VY","320,73H 73W"
AMS-NTE,AMS,NTE,Amsterdam,Nantes,NL,FR,52.308601,4.76389,47.153198,-1.61073,733.3,2,"AF,KL","ER4,ERJ"
AMS-NAP,AMS,NAP,Amsterdam,Napoli,NL,IT,52.308601,4.76389,40.886002,14.2908,1461.1,1,HV,73H 73W
AMS-NCL,AMS,NCL,Amsterdam,"Newcastle upon Tyne, Tyne and Wear",NL,GB,52.308601,4.76389,55.037958,-1.689577,522.0,2,"KL,U2","319,EMJ 737"
AMS-NCE,AMS,NCE,Amsterdam,"Nice, Alpes-Maritimes",NL,FR,52.308601,4.76389,43.658401,7.21587,978.9,3,"AF,HV,KL","737 EMJ,73H 73W,73W E90 73H"
AMS-NWI,AMS,NWI,Amsterdam,"Norwich, Norfolk",NL,GB,52.308601,4.76389,52.6758,1.28278,239.2,2,"AZ,KL",F70
AMS-EMA,AMS,EMA,Amsterdam,"Nottingham, Leicestershire",NL,GB,52.308601,4.76389,52.8311,-1.32806,415.7,1,BE,DH4
AMS-NUE,AMS,NUE,Amsterdam,Nuremberg,NL,DE,52.308601,4.76389,49.498699,11.078056,541.6,1,KL,EMJ F70
AMS-OSL,AMS,OSL,Amsterdam,Oslo (Gardermoen),NL,NO,52.308601,4.76389,60.193901,11.1004,959.2,3,"DY,KL,SK","736 738 73G 73H,737 EMJ,73H"
AMS-OTP,AMS,OTP,Amsterdam,Otopeni,NL,RO,52.308601,4.76389,44.571792,26.103285,1784.3,2,"KL,RO","733,737"
AMS-PMO,AMS,PMO,Amsterdam,Palermo,NL,IT,52.308601,4.76389,38.175999,13.091,1698.7,3,"AP,AZ,HV","320,73H"
AMS-PMI,AMS,PMI,Amsterdam,Palma de Mallorca,NL,ES,52.308601,4.76389,39.551701,2.73881,1427.0,3,"HV,IB,VY","320,73H 73W"
AMS-CDG,AMS,CDG,Amsterdam,"Paris (Roissy-en-France, Val-d'Oise)",NL,FR,52.308601,4.76389,49.00896,2.554117,398.6,3,"AF,KL,MU","321 320 319 318 32A,737"
AMS-PSA,AMS,PSA,Amsterdam,Pisa (PI),NL,IT,52.308601,4.76389,43.683899,10.3927,1045.7,1,HV,73H
AMS-PDL,AMS,PDL,Amsterdam,Ponta Delgada,NL,PT,52.308601,4.76389,37.7411994934,-25.6979007721,2857.2,1,S4,320
AMS-OPO,AMS,OPO,Amsterdam,Porto,NL,PT,52.308601,4.76389,41.2481002808,-8.68138980865,1595.0,4,"AY,EY,HV,TP","100 ER4,100 ERJ,73W 73H"
AMS-PRG,AMS,PRG,Amsterdam,Prague,NL,CZ,52.308601,4.76389,50.100874,14.259911,705.0,4,"KL,OK,QS,U2","319,F70 EMJ 737"
AMS-PVK,AMS,PVK,Amsterdam,Preveza,NL,GR,52.308601,4.76389,38.925499,20.765301,1931.1,1,HV,73H
AMS-KEF,AMS,KEF,Amsterdam,Reykjavík,NL,IS,52.308601,4.76389,63.985001,-22.6056,2037.7,1,FI,75W 75T
AMS-RIX,AMS,RIX,Amsterdam,Riga,NL,LV,52.308601,4.76389,56.920752,23.970711,1333.1,2,"BT,KL","737,73C 735"
AMS-FCO,AMS,FCO,Amsterdam,Rome,NL,IT,52.308601,4.76389,41.804532,12.251998,1296.8,4,"AZ,KL,MU,U2","319,321 32S 320 319,737"
AMS-GCI,AMS,GCI,Amsterdam,Saint Peter Port,NL,GG,52.308601,4.76389,49.435001,-2.60197,607.2,1,SI,AT4 ATR
AMS-SMI,AMS,SMI,Amsterdam,Samos Island,NL,GR,52.308601,4.76389,37.689999,26.911699,2364.3,1,HV,73H
AMS-TRF,AMS,TRF,Amsterdam,Sandefjord(Torp),NL,NO,52.308601,4.76389,59.186699,10.2586,837.9,2,"AZ,KL","E90,EMJ"
AMS-JTR,AMS,JTR,Amsterdam,Santorini Island,NL,GR,52.308601,4.76389,36.400045,25.478638,2399.9,1,HV,73H
AMS-LEJ,AMS,LEJ,Amsterdam,Schkeuditz,NL,DE,52.308601,4.76389,51.420657,12.232705,522.0,1,F7,S20
AMS-LIN,AMS,LIN,Amsterdam,Segrate (MI),NL,IT,52.308601,4.76389,45.445099,9.27674,831.1,3,"AP,AZ,KL","32S 321,737"
AMS-SVQ,AMS,SVQ,Amsterdam,Seville,NL,ES,52.308601,4.76389,37.417999,-5.89311,1852.1,3,"HV,IB,VY","320,73H"
AMS-SOF,AMS,SOF,Amsterdam,Sofia,NL,BG,52.308601,4.76389,42.696357,23.417671,1753.7,1,FB,320 E90 319
AMS-SOU,AMS,SOU,Amsterdam,Southampton,NL,GB,52.308601,4.76389,50.950298,-1.3568,448.5,1,BE,DH4 E75
AMS-SEN,AMS,SEN,Amsterdam,"Southend-on-Sea, Essex",NL,GB,52.308601,4.76389,51.570562,0.693627,290.8,1,U2,319
AMS-ATH,AMS,ATH,Amsterdam,Spata-Artemida,NL,GR,52.308601,4.76389,37.936401,23.9445,2181.7,2,"HV,KL","737,73H 73W"
AMS-JER,AMS,JER,Amsterdam,St. Peter,NL,JE,52.308601,4.76389,49.207901,-2.19551,598.3,1,SI,AT4
AMS-LED,AMS,LED,Amsterdam,St. Petersburg,NL,RU,52.308601,4.76389,59.800301,30.262501,1773.4,2,"KL,SU",737
AMS-SVG,AMS,SVG,Amsterdam,Stavanger,NL,NO,52.308601,4.76389,58.876701,5.63778,732.4,2,"AZ,KL","E90 737,EMJ 737"
AMS-ARN,AMS,ARN,Amsterdam,Stockholm,NL,SE,52.308601,4.76389,59.64849,17.928829,1152.4,4,"AZ,DY,KL,SK","717 73W 736,737,73H"
AMS-SXB,AMS,SXB,Amsterdam,Strasbourg,NL,FR,52.308601,4.76389,48.5383,7.62823,465.7,3,"A5,AF,KL","ER4 CR7 E70,ERJ CRJ EMJ"
AMS-STR,AMS,STR,Amsterdam,Stuttgart,NL,DE,52.308601,4.76389,48.689899,9.22196,511.0,1,KL,F70 EMJ
AMS-TLL,AMS,TLL,Amsterdam,Tallinn,NL,EE,52.308601,4.76389,59.413246,24.83264,1471.9,2,"KL,OV","CR9,CRJ"
AMS-SKG,AMS,SKG,Amsterdam,Thessaloniki,NL,GR,52.308601,4.76389,40.51928,22.970009,1904.8,1,HV,73H
AMS-TLS,AMS,TLS,Amsterdam,Toulouse/Blagnac,NL,FR,52.308601,4.76389,43.629101,1.36382,997.5,2,"AF,KL","E90,EMJ"
AMS-TRD,AMS,TRD,Amsterdam,Trondheim,NL,NO,52.308601,4.76389,63.457802,10.924,1290.7,2,"AZ,KL","E90,EMJ"
AMS-VLC,AMS,VLC,Amsterdam,Valencia,NL,ES,52.308601,4.76389,39.489162,-0.480961,1481.1,3,"HV,IB,VY","320,73H 73W"
AMS-MLA,AMS,MLA,Amsterdam,Valletta,NL,MT,52.308601,4.76389,35.845932,14.491546,1984.5,2,"HV,KM","320 319,73H"
AMS-ZAG,AMS,ZAG,Amsterdam,Velika Gorica,NL,HR,52.308601,4.76389,45.742901,16.0688,1098.8,1,OU,319 320
AMS-VCE,AMS,VCE,Amsterdam,Venezia (VE),NL,IT,52.308601,4.76389,45.505299,12.3519,936.9,3,"AZ,HV,KL","737,737 EMJ,73H 73W"
AMS-VIE,AMS,VIE,Amsterdam,Vienna,NL,AT,52.308601,4.76389,48.110298,16.5697,959.5,2,"KL,OS","100 319 F70 320,737 EMJ"
AMS-VXO,AMS,VXO,Amsterdam,Växjö,NL,SE,52.308601,4.76389,56.929100036621094,14.727999687194824,820.5,1,OV,E70
AMS-WAW,AMS,WAW,Amsterdam,Warsaw,NL,PL,52.308601,4.76389,52.165699,20.9671,1101.2,2,"KL,LO","737,E75 E95 E70"
AMS-ZTH,AMS,ZTH,Amsterdam,Zakynthos,NL,GR,52.308601,4.76389,37.7509,20.8843,2045.8,1,HV,73H
AMS-BRU,AMS,BRU,Amsterdam,Zaventem,NL,BE,52.308601,4.76389,50.901402,4.48444,157.7,1,KL,F70 EMJ
AMS-LJU,AMS,LJU,Amsterdam,Zgornji Brnik,NL,SI,52.308601,4.76389,46.223701,14.4576,974.4,1,JP,319 CR9
AMS-ZRH,AMS,ZRH,Amsterdam,Zurich,NL,CH,52.308601,4.76389,47.458056,8.548056,603.5,3,"KL,LX,MH","320 AR1,737,737 EMJ"
AMS-AES,AMS,AES,Amsterdam,Ålesund,NL,NO,52.308601,4.76389,62.560443,6.110845,1142.7,2,"AZ,KL","E90,EMJ"
EIN-AHO,EIN,AHO,Eindhoven,Alghero,NL,IT,51.4500999451,5.37452983856,40.632099,8.29077,1223.5,1,FR,738
EIN-ALC,EIN,ALC,Eindhoven,Alicante,NL,ES,51.4500999451,5.37452983856,38.2822,-0.558156,1535.8,2,"FR,HV","738,73W 73H"
EIN-KRK,EIN,KRK,Eindhoven,Balice,NL,PL,51.4500999451,5.37452983856,50.077702,19.7848,1023.2,1,FR,738
EIN-BCN,EIN,BCN,Eindhoven,Barcelona,NL,ES,51.4500999451,5.37452983856,41.2971,2.07846,1156.6,1,HV,73W 73H
EIN-BEG,EIN,BEG,Eindhoven,Belgrade,NL,RS,51.4500999451,5.37452983856,44.818401,20.309099,1327.3,1,W6,320
EIN-BLQ,EIN,BLQ,Eindhoven,Bologna,NL,IT,51.4500999451,5.37452983856,44.5354,11.2887,885.2,1,HV,73W
EIN-BDS,EIN,BDS,Eindhoven,Brindisi,NL,IT,51.4500999451,5.37452983856,40.6576,17.947001,1538.7,1,FR,738
EIN-BUD,EIN,BUD,Eindhoven,Budapest,NL,HU,51.4500999451,5.37452983856,47.43018,19.262393,1096.9,1,W6,320
EIN-CCF,EIN,CCF,Eindhoven,Carcassonne,NL,FR,51.4500999451,5.37452983856,43.216,2.30632,944.1,1,FR,738
EIN-CTA,EIN,CTA,Eindhoven,Catania,NL,IT,51.4500999451,5.37452983856,37.466801,15.0664,1731.2,1,FR,738
EIN-NOC,EIN,NOC,Eindhoven,Charlestown,NL,IE,51.4500999451,5.37452983856,53.910439,-8.817002,993.1,1,FR,738
EIN-CLJ,EIN,CLJ,Eindhoven,Cluj-Napoca,NL,RO,51.4500999451,5.37452983856,46.786042,23.685733,1425.2,1,W6,320
EIN-CPH,EIN,CPH,Eindhoven,Copenhagen,NL,DK,51.4500999451,5.37452983856,55.617900848389,12.656000137329,667.4,1,HV,73W
EIN-DEB,EIN,DEB,Eindhoven,Debrecen,NL,HU,51.4500999451,5.37452983856,47.489469,21.616278,1250.3,1,W6,320
EIN-DUB,EIN,DUB,Eindhoven,Dublin,NL,IE,51.4500999451,5.37452983856,53.428713,-6.262121,817.8,1,FR,738
EIN-FAO,EIN,FAO,Eindhoven,Faro,NL,PT,51.4500999451,5.37452983856,37.015909,-7.970939,1918.6,2,"FR,HV","738,73H 73W"
EIN-GDN,EIN,GDN,Eindhoven,Gdańsk,NL,PL,51.4500999451,5.37452983856,54.377602,18.4662,934.5,1,W6,320
EIN-GRO,EIN,GRO,Eindhoven,Girona,NL,ES,51.4500999451,5.37452983856,41.904639,2.761774,1079.8,1,FR,738
EIN-GRQ,EIN,GRQ,Eindhoven,Groningen,NL,NL,51.4500999451,5.37452983856,53.119107,6.577652,202.8,1,HV,73H
EIN-IBZ,EIN,IBZ,Eindhoven,Ibiza (Eivissa),NL,ES,51.4500999451,5.37452983856,38.872898,1.37312,1432.7,2,"FR,HV","738,73W 73H"
EIN-SKP,EIN,SKP,Eindhoven,Ilinden,NL,MK,51.4500999451,5.37452983856,41.958087,21.622581,1621.2,1,W6,320
EIN-INN,EIN,INN,Eindhoven,Innsbruck,NL,AT,51.4500999451,5.37452983856,47.260201,11.344,635.2,1,HV,73W
EIN-KTW,EIN,KTW,Eindhoven,Katowice,NL,PL,51.4500999451,5.37452983856,50.476015,19.080705,964.5,1,W6,320
EIN-CFU,EIN,CFU,Eindhoven,Kerkyra (Corfu),NL,GR,51.4500999451,5.37452983856,39.60145,19.912179,1730.9,1,FR,738
EIN-LIS,EIN,LIS,Eindhoven,Lisbon,NL,PT,51.4500999451,5.37452983856,38.7813,-9.13592,1804.5,1,HV,73H 73W
EIN-STN,EIN,STN,Eindhoven,"London, Essex",NL,GB,51.4500999451,5.37452983856,51.884998,0.235,357.7,1,FR,738
EIN-MAD,EIN,MAD,Eindhoven,Madrid,NL,ES,51.4500999451,5.37452983856,40.493407,-3.572249,1398.5,1,HV,73W
EIN-MRS,EIN,MRS,Eindhoven,"Marignane, Bouches-du-Rhône",NL,FR,51.4500999451,5.37452983856,43.438088,5.2125,891.0,1,FR,738
EIN-AGP,EIN,AGP,Eindhoven,Málaga,NL,ES,51.4500999451,5.37452983856,36.6749,-4.49911,1818.7,2,"FR,HV","738,73H 73W"
EIN-NAP,EIN,NAP,Eindhoven,Napoli,NL,IT,51.4500999451,5.37452983856,40.886002,14.2908,1358.4,1,HV,73W
EIN-NCE,EIN,NCE,Eindhoven,"Nice, Alpes-Maritimes",NL,FR,51.4500999451,5.37452983856,43.658401,7.21587,877.3,1,HV,73W 73H
EIN-WMI,EIN,WMI,Eindhoven,Nowy Dwór Mazowiecki,NL,PL,51.4500999451,5.37452983856,52.451099,20.6518,1050.9,1,FR,738
EIN-BGY,EIN,BGY,Eindhoven,Orio al Serio (BG),NL,IT,51.4500999451,5.37452983856,45.669362,9.708851,717.3,1,FR,738
EIN-OTP,EIN,OTP,Eindhoven,Otopeni,NL,RO,51.4500999451,5.37452983856,44.571792,26.103285,1713.1,1,W6,320
EIN-PMI,EIN,PMI,Eindhoven,Palma de Mallorca,NL,ES,51.4500999451,5.37452983856,39.551701,2.73881,1338.7,2,"FR,HV","738,73W 73H"
EIN-PSA,EIN,PSA,Eindhoven,Pisa (PI),NL,IT,51.4500999451,5.37452983856,43.683899,10.3927,941.5,1,FR,738
EIN-OPO,EIN,OPO,Eindhoven,Porto,NL,PT,51.4500999451,5.37452983856,41.2481002808,-8.68138980865,1560.3,1,FR,738
EIN-REU,EIN,REU,Eindhoven,Reus,NL,ES,51.4500999451,5.37452983856,41.147509,1.168354,1189.8,1,FR,738
EIN-RIX,EIN,RIX,Eindhoven,Riga,NL,LV,51.4500999451,5.37452983856,56.920752,23.970711,1348.4,1,W6,320
EIN-CIA,EIN,CIA,Eindhoven,Rome,NL,IT,51.4500999451,5.37452983856,41.798769,12.595331,1205.2,1,FR,738
EIN-RTM,EIN,RTM,Eindhoven,Rotterdam,NL,NL,51.4500999451,5.37452983856,51.956902,4.43722,85.7,1,HV,73H
EIN-SVQ,EIN,SVQ,Eindhoven,Seville,NL,ES,51.4500999451,5.37452983856,37.417999,-5.89311,1793.9,1,FR,738
EIN-SOF,EIN,SOF,Eindhoven,Sofia,NL,BG,51.4500999451,5.37452983856,42.696357,23.417671,1670.3,1,W6,320
EIN-ATH,EIN,ATH,Eindhoven,Spata-Artemida,NL,GR,51.4500999451,5.37452983856,37.936401,23.9445,2089.0,1,HV,73H 73W
EIN-TPS,EIN,TPS,Eindhoven,Trapani (TP),NL,IT,51.4500999451,5.37452983856,37.9114,12.488,1605.2,1,FR,738
EIN-TSF,EIN,TSF,Eindhoven,Treviso (TV),NL,IT,51.4500999451,5.37452983856,45.648399,12.1944,816.7,1,FR,738
EIN-VLC,EIN,VLC,Eindhoven,Valencia,NL,ES,51.4500999451,5.37452983856,39.489162,-0.480961,1405.1,1,HV,73H 73W
EIN-MLA,EIN,MLA,Eindhoven,Valletta,NL,MT,51.4500999451,5.37452983856,35.845932,14.491546,1880.3,1,FR,738
EIN-VCE,EIN,VCE,Eindhoven,Venezia (VE),NL,IT,51.4500999451,5.37452983856,45.505299,12.3519,836.8,1,HV,73W
EIN-VNO,EIN,VNO,Eindhoven,Vilnius,NL,LT,51.4500999451,5.37452983856,54.634102,25.285801,1372.2,1,W6,320
EIN-WAW,EIN,WAW,Eindhoven,Warsaw,NL,PL,51.4500999451,5.37452983856,52.165699,20.9671,1072.9,1,W6,320
GRQ-FAO,GRQ,FAO,Groningen,Faro,NL,PT,53.119107,6.577652,37.015909,-7.970939,2115.1,1,HV,73H
GRQ-GRO,GRQ,GRO,Groningen,Girona,NL,ES,53.119107,6.577652,41.904639,2.761774,1279.0,1,FR,738
GRQ-MST,GRQ,MST,Groningen,Maastricht,NL,NL,53.119107,6.577652,50.911087,5.769401,251.7,1,HV,73H
GRQ-PMI,GRQ,PMI,Groningen,Palma de Mallorca,NL,ES,53.119107,6.577652,39.551701,2.73881,1536.6,2,"FR,HV","738,73H"
MST-ALC,MST,ALC,Maastricht,Alicante,NL,ES,50.911087,5.769401,38.2822,-0.558156,1489.6,1,FR,738
MST-BRI,MST,BRI,Maastricht,Bari,NL,IT,50.911087,5.769401,41.138901,16.760599,1375.6,1,FR,738
MST-FAO,MST,FAO,Maastricht,Faro,NL,PT,50.911087,5.769401,37.015909,-7.970939,1889.8,1,FR,738
MST-GRO,MST,GRO,Maastricht,Girona,NL,ES,50.911087,5.769401,41.904639,2.761774,1027.4,1,FR,738
MST-HER,MST,HER,Maastricht,Heraklion,NL,GR,50.911087,5.769401,35.339699,25.1803,2326.5,1,HV,73H
MST-PMI,MST,PMI,Maastricht,Palma de Mallorca,NL,ES,50.911087,5.769401,39.551701,2.73881,1284.9,1,FR,738
MST-OPO,MST,OPO,Maastricht,Porto,NL,PT,50.911087,5.769401,41.2481002808,-8.68138980865,1543.0,1,FR,738
MST-TPS,MST,TPS,Maastricht,Trapani (TP),NL,IT,50.911087,5.769401,37.9114,12.488,1539.3,1,FR,738
RTM-ALC,RTM,ALC,Rotterdam,Alicante,NL,ES,51.956902,4.43722,38.2822,-0.558156,1569.3,1,HV,73H 73W
RTM-BCN,RTM,BCN,Rotterdam,Barcelona,NL,ES,51.956902,4.43722,41.2971,2.07846,1198.8,1,HV,73H 73W
RTM-EGC,RTM,EGC,Rotterdam,Bergerac,NL,FR,51.956902,4.43722,44.825298,0.518611,843.8,1,HV,73H 73W
RTM-BUD,RTM,BUD,Rotterdam,Budapest,NL,HU,51.956902,4.43722,47.43018,19.262393,1176.3,1,HV,73W 73H
RTM-EIN,RTM,EIN,Rotterdam,Eindhoven,NL,NL,51.956902,4.43722,51.4500999451,5.37452983856,85.7,1,HV,73H
RTM-FAO,RTM,FAO,Rotterdam,Faro,NL,PT,51.956902,4.43722,37.015909,-7.970939,1925.0,1,HV,73H 73W
RTM-GRO,RTM,GRO,Rotterdam,Girona,NL,ES,51.956902,4.43722,41.904639,2.761774,1124.9,1,HV,73H 73W
RTM-HER,RTM,HER,Rotterdam,Heraklion,NL,GR,51.956902,4.43722,35.339699,25.1803,2472.2,1,HV,73H
RTM-TLN,RTM,TLN,Rotterdam,"Hyères, Var",NL,FR,51.956902,4.43722,43.097301,6.14603,993.4,1,HV,73W 73H
RTM-IBZ,RTM,IBZ,Rotterdam,Ibiza (Eivissa),NL,ES,51.956902,4.43722,38.872898,1.37312,1474.1,1,HV,73H 73W
RTM-IST,RTM,IST,Rotterdam,Istanbul,NL,TR,51.956902,4.43722,41.274874,28.732136,2187.1,1,TK,320
RTM-LCY,RTM,LCY,Rotterdam,London,NL,GB,51.956902,4.43722,51.505299,0.055278,305.9,4,"AF,BA,KL,WX","F50 AR8,F50 ARJ,S20"
RTM-LHR,RTM,LHR,Rotterdam,London,NL,GB,51.956902,4.43722,51.470748,-0.459909,341.6,2,"AA,BA",319
RTM-MAD,RTM,MAD,Rotterdam,Madrid,NL,ES,51.956902,4.43722,40.493407,-3.572249,1413.8,1,HV,73H 73W
RTM-MPL,RTM,MPL,Rotterdam,Montpellier/Méditerranée,NL,FR,51.956902,4.43722,43.576199,3.96301,932.6,1,HV,73W 73H
RTM-MUC,RTM,MUC,Rotterdam,Munich,NL,DE,51.956902,4.43722,48.353802,11.7861,658.7,1,LH,CR7 CR9
RTM-AGP,RTM,AGP,Rotterdam,Málaga,NL,ES,51.956902,4.43722,36.6749,-4.49911,1838.7,1,HV,73H 73W
RTM-NCE,RTM,NCE,Rotterdam,"Nice, Alpes-Maritimes",NL,FR,51.956902,4.43722,43.658401,7.21587,945.6,1,HV,73W 73H
RTM-PMI,RTM,PMI,Rotterdam,Palma de Mallorca,NL,ES,51.956902,4.43722,39.551701,2.73881,1385.6,1,HV,73H
RTM-PRG,RTM,PRG,Rotterdam,Prague,NL,CZ,51.956902,4.43722,50.100874,14.259911,716.6,1,HV,73W 73H
RTM-FCO,RTM,FCO,Rotterdam,Rome,NL,IT,51.956902,4.43722,41.804532,12.251998,1273.9,1,HV,73W 73H
RTM-SPU,RTM,SPU,Rotterdam,Split,NL,HR,51.956902,4.43722,43.538898,16.298,1286.3,1,HV,73W
RTM-VLC,RTM,VLC,Rotterdam,Valencia,NL,ES,51.956902,4.43722,39.489162,-0.480961,1437.1,1,HV,73W 73H
RTM-VIE,RTM,VIE,Rotterdam,Vienna,NL,AT,51.956902,4.43722,48.110298,16.5697,964.7,1,HV,73W
SSJ-BOO,SSJ,BOO,Alstahaug,Bodø,NO,NO,65.956802,12.4689,67.269203,14.3653,168.2,1,WF,DH1
SSJ-BNN,SSJ,BNN,Alstahaug,Brønnøy,NO,NO,65.956802,12.4689,65.461098,12.2175,56.3,1,WF,DH1 DH2
SSJ-OSL,SSJ,OSL,Alstahaug,Oslo (Gardermoen),NO,NO,65.956802,12.4689,60.193901,11.1004,644.5,1,WF,DH1
SSJ-TRD,SSJ,TRD,Alstahaug,Trondheim,NO,NO,65.956802,12.4689,63.457802,10.924,287.4,1,WF,DH1
ALF-HFT,ALF,HFT,Alta,Hammerfest,NO,NO,69.976097,23.3717,70.679703,23.6686,79.0,1,WF,DH2
ALF-KKN,ALF,KKN,Alta,Kirkenes,NO,NO,69.976097,23.3717,69.7258,29.8913,251.1,1,WF,DH1
ALF-LKL,ALF,LKL,Alta,Lakselv,NO,NO,69.976097,23.3717,70.068802,24.973499,61.7,1,WF,DH3 DH1
ALF-OSL,ALF,OSL,Alta,Oslo (Gardermoen),NO,NO,69.976097,23.3717,60.193901,11.1004,1225.0,2,"DY,SK","733,73G 73W 736"
ALF-SOJ,ALF,SOJ,Alta,Sørkjosen,NO,NO,69.976097,23.3717,69.786797,20.9594,94.6,1,WF,DH1 DH2
ALF-TOS,ALF,TOS,Alta,Tromsø,NO,NO,69.976097,23.3717,69.683296,18.9189,173.8,3,"DY,SK,WF","733,73G 73W,DH1 DH3 DH2"
ALF-VDS,ALF,VDS,Alta,Vadsø,NO,NO,69.976097,23.3717,70.0653,29.8447,246.0,1,WF,DH2 DH1
ANX-BOO,ANX,BOO,Andenes,Bodø,NO,NO,69.295193,16.139379,67.269203,14.3653,236.8,1,WF,DH1 DH3 DH2
ANX-EVE,ANX,EVE,Andenes,Evenes,NO,NO,69.295193,16.139379,68.491302,16.678101,92.0,1,WF,DH3 DH1
ANX-TOS,ANX,TOS,Andenes,Tromsø,NO,NO,69.295193,16.139379,69.683296,18.9189,116.6,1,WF,DH1 DH3 DH2
BGO-ABZ,BGO,ABZ,Bergen,Aberdeen,NO,GB,60.2934,5.21814,57.2019,-2.19778,548.3,2,"SK,WF",DH4 DH3
BGO-ALC,BGO,ALC,Bergen,Alicante,NO,ES,60.2934,5.21814,38.2822,-0.558156,2480.9,2,"DY,SK","738,73H"
BGO-AMS,BGO,AMS,Bergen,Amsterdam,NO,NL,60.2934,5.21814,52.308601,4.76389,888.3,2,"AZ,KL","737 E90,737 F70 EMJ"
BGO-KRK,BGO,KRK,Bergen,Balice,NO,PL,60.2934,5.21814,50.077702,19.7848,1458.1,1,DY,73H
BGO-BCN,BGO,BCN,Bergen,Barcelona,NO,ES,60.2934,5.21814,41.2971,2.07846,2123.2,3,"DY,IB,VY","320,73H"
BGO-BLL,BGO,BLL,Bergen,Billund,NO,DK,60.2934,5.21814,55.740335,9.157019,556.7,1,BA,J31
BGO-BOO,BGO,BOO,Bergen,Bodø,NO,NO,60.2934,5.21814,67.269203,14.3653,894.4,1,WF,DH4
BGO-BNN,BGO,BNN,Bergen,Brønnøy,NO,NO,60.2934,5.21814,65.461098,12.2175,674.5,1,WF,DH3 DH1
BGO-CPH,BGO,CPH,Bergen,Copenhagen,NO,DK,60.2934,5.21814,55.617900848389,12.656000137329,679.5,2,"DY,SK","320 319 CR9 321 717 73G 73W 738 736,73H"
BGO-DBV,BGO,DBV,Bergen,Dubrovnik,NO,HR,60.2934,5.21814,42.562247,18.265543,2160.0,1,DY,73H
BGO-EDI,BGO,EDI,Bergen,Edinburgh,NO,GB,60.2934,5.21814,55.950145,-3.372288,697.4,1,DY,73H
BGO-FRO,BGO,FRO,Bergen,Florø,NO,NO,60.2934,5.21814,61.583599090576,5.0247201919556,143.8,1,WF,DH3 DH1
BGO-FRA,BGO,FRA,Bergen,Frankfurt am Main,NO,DE,60.2934,5.21814,50.026706,8.55835,1160.8,2,"LH,SK",735 E90
BGO-GDN,BGO,GDN,Bergen,Gdańsk,NO,PL,60.2934,5.21814,54.377602,18.4662,1028.7,1,W6,320
BGO-HAM,BGO,HAM,Bergen,Hamburg,NO,DE,60.2934,5.21814,53.630402,9.98823,794.8,1,4U,CRJ
BGO-HAU,BGO,HAU,Bergen,Karmøy,NO,NO,60.2934,5.21814,59.345299,5.20836,105.4,1,WF,DH4 DH3
BGO-KTW,BGO,KTW,Bergen,Katowice,NO,PL,60.2934,5.21814,50.476015,19.080705,1393.6,1,W6,320
BGO-KRS,BGO,KRS,Bergen,Kristiansand(Kjevik),NO,NO,60.2934,5.21814,58.204201,8.08537,283.7,1,WF,DH4 DH3
BGO-KSU,BGO,KSU,Bergen,Kvernberget,NO,NO,60.2934,5.21814,63.111801,7.82452,342.1,1,WF,DH4 DH3
BGO-LGW,BGO,LGW,Bergen,London,NO,GB,60.2934,5.21814,51.148744,-0.185739,1070.8,2,"DY,U2","319,73H"
BGO-LHR,BGO,LHR,Bergen,London,NO,GB,60.2934,5.21814,51.470748,-0.459909,1042.1,2,"AA,BA",319
BGO-MAN,BGO,MAN,Bergen,"Manchester, Greater Manchester",NO,GB,60.2934,5.21814,53.349375,-2.279521,895.6,1,SK,736
BGO-AGP,BGO,AGP,Bergen,Málaga,NO,ES,60.2934,5.21814,36.6749,-4.49911,2715.5,1,DY,73H
BGO-NCE,BGO,NCE,Bergen,"Nice, Alpes-Maritimes",NO,FR,60.2934,5.21814,43.658401,7.21587,1854.6,1,DY,73H
BGO-OSL,BGO,OSL,Bergen,Oslo (Gardermoen),NO,NO,60.2934,5.21814,60.193901,11.1004,324.7,3,"DY,SK,TG","73G 73W 73H 736 738,73H 733,73W"
BGO-PMI,BGO,PMI,Bergen,Palma de Mallorca,NO,ES,60.2934,5.21814,39.551701,2.73881,2312.8,1,DY,73H
BGO-ORY,BGO,ORY,Bergen,"Paris (Orly, Val-de-Marne)",NO,FR,60.2934,5.21814,48.729499,2.358963,1298.7,1,DY,73H
BGO-PRG,BGO,PRG,Bergen,Prague,NO,CZ,60.2934,5.21814,50.100874,14.259911,1267.7,1,DY,73H
BGO-KEF,BGO,KEF,Bergen,Reykjavík,NO,IS,60.2934,5.21814,63.985001,-22.6056,1489.5,1,DY,73H
BGO-RIX,BGO,RIX,Bergen,Riga,NO,LV,60.2934,5.21814,56.920752,23.970711,1144.4,2,"BT,W6","320,73C DH4"
BGO-FCO,BGO,FCO,Bergen,Rome,NO,IT,60.2934,5.21814,41.804532,12.251998,2111.0,1,DY,73H
BGO-TRF,BGO,TRF,Bergen,Sandefjord(Torp),NO,NO,60.2934,5.21814,59.186699,10.2586,308.0,2,"DY,WF","73H,DH4 DH3"
BGO-SVG,BGO,SVG,Bergen,Stavanger,NO,NO,60.2934,5.21814,58.876701,5.63778,159.3,4,"DY,FI,SK,WF","736,73H,75W,DH4"
BGO-ARN,BGO,ARN,Bergen,Stockholm,NO,SE,60.2934,5.21814,59.64849,17.928829,709.8,2,"DY,SK","736 73W,73H"
BGO-TOS,BGO,TOS,Bergen,Tromsø,NO,NO,60.2934,5.21814,69.683296,18.9189,1220.5,1,WF,DH4
BGO-TRD,BGO,TRD,Bergen,Trondheim,NO,NO,60.2934,5.21814,63.457802,10.924,461.5,3,"DY,FI,SK","736 73W,73H,75W"
BGO-VNO,BGO,VNO,Bergen,Vilnius,NO,LT,60.2934,5.21814,54.634102,25.285801,1347.6,1,W6,320
BGO-FAE,BGO,FAE,Bergen,Vágar,NO,FO,60.2934,5.21814,62.063256,-7.275782,696.8,1,RC,319
BGO-AES,BGO,AES,Bergen,Ålesund,NO,NO,60.2934,5.21814,62.560443,6.110845,256.5,2,"SK,WF","736,DH3 DH4"
BGO-MOL,BGO,MOL,Bergen,Årø,NO,NO,60.2934,5.21814,62.744701,7.2625,293.3,1,WF,DH3 DH4
BGO-HOV,BGO,HOV,Bergen,Ørsta,NO,NO,60.2934,5.21814,62.180000305176,6.0741000175476,214.7,1,WF,DH1
BVG-BJF,BVG,BJF,Berlevåg,Båtsfjord,NO,NO,70.871517,29.034097,70.60025,29.692612,38.6,1,WF,DH2 DH1
BVG-HFT,BVG,HFT,Berlevåg,Hammerfest,NO,NO,70.871517,29.034097,70.679703,23.6686,197.5,1,WF,DH1
BVG-MEH,BVG,MEH,Berlevåg,Mehamn,NO,NO,70.871517,29.034097,71.029701,27.8267,47.2,1,WF,DH2
BVG-VDS,BVG,VDS,Berlevåg,Vadsø,NO,NO,70.871517,29.034097,70.0653,29.8447,94.6,1,WF,DH1
BOO-SSJ,BOO,SSJ,Bodø,Alstahaug,NO,NO,67.269203,14.3653,65.956802,12.4689,168.2,1,WF,DH1 DH2
BOO-ANX,BOO,ANX,Bodø,Andenes,NO,NO,67.269203,14.3653,69.295193,16.139379,236.8,1,WF,DH1 DH3
BOO-BGO,BOO,BGO,Bodø,Bergen,NO,NO,67.269203,14.3653,60.2934,5.21814,894.4,1,WF,DH4
BOO-BNN,BOO,BNN,Bodø,Brønnøy,NO,NO,67.269203,14.3653,65.461098,12.2175,222.7,1,WF,DH1
BOO-EVE,BOO,EVE,Bodø,Evenes,NO,NO,67.269203,14.3653,68.491302,16.678101,166.8,1,WF,DH3 DH1
BOO-SKN,BOO,SKN,Bodø,Hadsel,NO,NO,67.269203,14.3653,68.578827,15.033417,148.3,1,WF,DH1 DH2
BOO-LKN,BOO,LKN,Bodø,Leknes,NO,NO,67.269203,14.3653,68.152496337891,13.609399795532,103.3,1,WF,DH1 DH2
BOO-MQN,BOO,MQN,Bodø,Mo i Rana,NO,NO,67.269203,14.3653,66.363899230957,14.301400184631,100.7,1,WF,DH1 DH2
BOO-MJF,BOO,MJF,Bodø,Mosjøen,NO,NO,67.269203,14.3653,65.783997,13.2149,172.8,1,WF,DH1
BOO-OSL,BOO,OSL,Bodø,Oslo (Gardermoen),NO,NO,67.269203,14.3653,60.193901,11.1004,802.7,2,"DY,SK","738 73G 736 73H 73W,73H"
BOO-SVJ,BOO,SVJ,Bodø,Svolvær,NO,NO,67.269203,14.3653,68.243301,14.6692,109.1,1,WF,DH1
BOO-TOS,BOO,TOS,Bodø,Tromsø,NO,NO,67.269203,14.3653,69.683296,18.9189,326.3,2,"SK,WF","736 73W,DH4"
BOO-TRD,BOO,TRD,Bodø,Trondheim,NO,NO,67.269203,14.3653,63.457802,10.924,452.7,2,"SK,WF","736,DH3"
BNN-SSJ,BNN,SSJ,Brønnøy,Alstahaug,NO,NO,65.461098,12.2175,65.956802,12.4689,56.3,1,WF,DH1
BNN-BGO,BNN,BGO,Brønnøy,Bergen,NO,NO,65.461098,12.2175,60.2934,5.21814,674.5,1,WF,DH1
BNN-MQN,BNN,MQN,Brønnøy,Mo i Rana,NO,NO,65.461098,12.2175,66.363899230957,14.301400184631,137.9,1,WF,DH1
BNN-OSL,BNN,OSL,Brønnøy,Oslo (Gardermoen),NO,NO,65.461098,12.2175,60.193901,11.1004,588.4,1,WF,DH3 DH1
BNN-TRD,BNN,TRD,Brønnøy,Trondheim,NO,NO,65.461098,12.2175,63.457802,10.924,231.2,1,WF,DH1 DH2
BJF-BVG,BJF,BVG,Båtsfjord,Berlevåg,NO,NO,70.60025,29.692612,70.871517,29.034097,38.6,1,WF,DH1 DH2
BJF-HFT,BJF,HFT,Båtsfjord,Hammerfest,NO,NO,70.60025,29.692612,70.679703,23.6686,222.1,1,WF,DH2
BJF-MEH,BJF,MEH,Båtsfjord,Mehamn,NO,NO,70.60025,29.692612,71.029701,27.8267,83.2,1,WF,DH2
BJF-VDS,BJF,VDS,Båtsfjord,Vadsø,NO,NO,70.60025,29.692612,70.0653,29.8447,59.8,1,WF,DH2
BJF-VAW,BJF,VAW,Båtsfjord,Vardø,NO,NO,70.60025,29.692612,70.3554,31.044901,57.1,1,WF,DH2 DH1
EVE-ALC,EVE,ALC,Evenes,Alicante,NO,ES,68.491302,16.678101,38.2822,-0.558156,3519.3,1,DY,73H
EVE-ANX,EVE,ANX,Evenes,Andenes,NO,NO,68.491302,16.678101,69.295193,16.139379,92.0,1,WF,DH3 DH1
EVE-BOO,EVE,BOO,Evenes,Bodø,NO,NO,68.491302,16.678101,67.269203,14.3653,166.8,1,WF,DH3 DH1
EVE-OSL,EVE,OSL,Evenes,Oslo (Gardermoen),NO,NO,68.491302,16.678101,60.193901,11.1004,960.0,2,"DY,SK","73H 733,73W 73G 738 736 73H"
EVE-SVG,EVE,SVG,Evenes,Stavanger,NO,NO,68.491302,16.678101,58.876701,5.63778,1195.5,1,BM,ER4
EVE-TOS,EVE,TOS,Evenes,Tromsø,NO,NO,68.491302,16.678101,69.683296,18.9189,159.6,1,WF,DH3 DH1 DH2
EVE-TRD,EVE,TRD,Evenes,Trondheim,NO,NO,68.491302,16.678101,63.457802,10.924,616.7,2,"DY,WF","73H,DH3"
FRO-BGO,FRO,BGO,Florø,Bergen,NO,NO,61.583599090576,5.0247201919556,60.2934,5.21814,143.8,1,WF,DH3 DH1
FRO-KSU,FRO,KSU,Florø,Kvernberget,NO,NO,61.583599090576,5.0247201919556,63.111801,7.82452,223.0,1,WF,DH3
FRO-OSL,FRO,OSL,Florø,Oslo (Gardermoen),NO,NO,61.583599090576,5.0247201919556,60.193901,11.1004,363.0,1,WF,DH1 DH3
FRO-HOV,FRO,HOV,Florø,Ørsta,NO,NO,61.583599090576,5.0247201919556,62.180000305176,6.0741000175476,86.1,1,WF,DH1
SKN-ANX,SKN,ANX,Hadsel,Andenes,NO,NO,68.578827,15.033417,69.295193,16.139379,91.1,1,WF,DH1
SKN-BOO,SKN,BOO,Hadsel,Bodø,NO,NO,68.578827,15.033417,67.269203,14.3653,148.3,1,WF,DH1 DH2
SKN-SVJ,SKN,SVJ,Hadsel,Svolvær,NO,NO,68.578827,15.033417,68.243301,14.6692,40.2,1,WF,DH2 DH1
SKN-TOS,SKN,TOS,Hadsel,Tromsø,NO,NO,68.578827,15.033417,69.683296,18.9189,196.8,1,WF,DH1 DH2
HFT-ALF,HFT,ALF,Hammerfest,Alta,NO,NO,70.679703,23.6686,69.976097,23.3717,79.0,1,WF,DH1 DH2
HFT-BVG,HFT,BVG,Hammerfest,Berlevåg,NO,NO,70.679703,23.6686,70.871517,29.034097,197.5,1,WF,DH2 DH1
HFT-HVG,HFT,HVG,Hammerfest,Honningsvåg,NO,NO,70.679703,23.6686,71.009697,25.983601,92.1,1,WF,DH1 DH2
HFT-MEH,HFT,MEH,Hammerfest,Mehamn,NO,NO,70.679703,23.6686,71.029701,27.8267,156.5,1,WF,DH1
HFT-SOJ,HFT,SOJ,Hammerfest,Sørkjosen,NO,NO,70.679703,23.6686,69.786797,20.9594,142.2,1,WF,DH2
HFT-TOS,HFT,TOS,Hammerfest,Tromsø,NO,NO,70.679703,23.6686,69.683296,18.9189,210.5,1,WF,DH2 DH1
HVG-BVG,HVG,BVG,Honningsvåg,Berlevåg,NO,NO,71.009697,25.983601,70.871517,29.034097,111.8,1,WF,DH2
HVG-HFT,HVG,HFT,Honningsvåg,Hammerfest,NO,NO,71.009697,25.983601,70.679703,23.6686,92.1,1,WF,DH2 DH1
HVG-MEH,HVG,MEH,Honningsvåg,Mehamn,NO,NO,71.009697,25.983601,71.029701,27.8267,66.7,1,WF,DH2 DH1
HAU-ALC,HAU,ALC,Karmøy,Alicante,NO,ES,59.345299,5.20836,38.2822,-0.558156,2377.8,1,FR,738
HAU-BGO,HAU,BGO,Karmøy,Bergen,NO,NO,59.345299,5.20836,60.2934,5.21814,105.4,1,WF,DH4 DH3
HAU-BRE,HAU,BRE,Karmøy,Bremen,NO,DE,59.345299,5.20836,53.046786,8.78932,734.3,1,FR,738
HAU-CPH,HAU,CPH,Karmøy,Copenhagen,NO,DK,59.345299,5.20836,55.617900848389,12.656000137329,607.6,2,"SK,WF",DH4
HAU-GDN,HAU,GDN,Karmøy,Gdańsk,NO,PL,59.345299,5.20836,54.377602,18.4662,974.3,1,W6,320
HAU-STN,HAU,STN,Karmøy,"London, Essex",NO,GB,59.345299,5.20836,51.884998,0.235,885.8,1,FR,738
HAU-AGP,HAU,AGP,Karmøy,Málaga,NO,ES,59.345299,5.20836,36.6749,-4.49911,2615.9,1,FR,738
HAU-OSL,HAU,OSL,Karmøy,Oslo (Gardermoen),NO,NO,59.345299,5.20836,60.193901,11.1004,343.0,2,"DY,SK","733 73H,736 73G 73H 738 73W"
HAU-PSA,HAU,PSA,Karmøy,Pisa (PI),NO,IT,59.345299,5.20836,43.683899,10.3927,1776.7,1,FR,738
HAU-ZAD,HAU,ZAD,Karmøy,Zadar,NO,HR,59.345299,5.20836,44.096986,15.353565,1829.1,1,FR,738
KKN-ALF,KKN,ALF,Kirkenes,Alta,NO,NO,69.7258,29.8913,69.976097,23.3717,251.1,1,WF,DH2
KKN-LKL,KKN,LKL,Kirkenes,Lakselv,NO,NO,69.7258,29.8913,70.068802,24.973499,191.7,1,WF,DH2
KKN-OSL,KKN,OSL,Kirkenes,Oslo (Gardermoen),NO,NO,69.7258,29.8913,60.193901,11.1004,1368.7,2,"DY,SK","733,73W 73G 736"
KKN-TOS,KKN,TOS,Kirkenes,Tromsø,NO,NO,69.7258,29.8913,69.683296,18.9189,422.7,1,WF,DH4 DH2 DH3 DH1
KKN-VDS,KKN,VDS,Kirkenes,Vadsø,NO,NO,69.7258,29.8913,70.0653,29.8447,37.8,1,WF,DH1 DH2
KKN-VAW,KKN,VAW,Kirkenes,Vardø,NO,NO,69.7258,29.8913,70.3554,31.044901,82.6,1,WF,DH2
KRS-ALC,KRS,ALC,Kristiansand(Kjevik),Alicante,NO,ES,58.204201,8.08537,38.2822,-0.558156,2301.4,1,SK,73H
KRS-AMS,KRS,AMS,Kristiansand(Kjevik),Amsterdam,NO,NL,58.204201,8.08537,52.308601,4.76389,688.3,2,"AZ,KL","EMJ F70,F70 E90"
KRS-BGO,KRS,BGO,Kristiansand(Kjevik),Bergen,NO,NO,58.204201,8.08537,60.2934,5.21814,283.7,1,WF,DH4 DH3
KRS-CPH,KRS,CPH,Kristiansand(Kjevik),Copenhagen,NO,DK,58.204201,8.08537,55.617900848389,12.656000137329,399.4,2,"SK,WF",DH4
KRS-GDN,KRS,GDN,Kristiansand(Kjevik),Gdańsk,NO,PL,58.204201,8.08537,54.377602,18.4662,767.8,1,W6,320
KRS-OSL,KRS,OSL,Kristiansand(Kjevik),Oslo (Gardermoen),NO,NO,58.204201,8.08537,60.193901,11.1004,280.0,2,"DY,SK","733 73H,736 738 73G 73W 73H"
KRS-SVG,KRS,SVG,Kristiansand(Kjevik),Stavanger,NO,NO,58.204201,8.08537,58.876701,5.63778,160.5,1,WF,DH3
KRS-TRD,KRS,TRD,Kristiansand(Kjevik),Trondheim,NO,NO,58.204201,8.08537,63.457802,10.924,603.9,1,WF,DH4 DH3
KSU-ABZ,KSU,ABZ,Kvernberget,Aberdeen,NO,GB,63.111801,7.82452,57.2019,-2.19778,857.9,1,BM,ER4
KSU-BGO,KSU,BGO,Kvernberget,Bergen,NO,NO,63.111801,7.82452,60.2934,5.21814,342.1,1,WF,DH3 DH4
KSU-OSL,KSU,OSL,Kvernberget,Oslo (Gardermoen),NO,NO,63.111801,7.82452,60.193901,11.1004,367.6,1,SK,736 738 73W 73H 73G
KSU-SVG,KSU,SVG,Kvernberget,Stavanger,NO,NO,63.111801,7.82452,58.876701,5.63778,485.4,2,"BM,WF","DH3,ER4"
KSU-TRD,KSU,TRD,Kvernberget,Trondheim,NO,NO,63.111801,7.82452,63.457802,10.924,159.6,1,WF,DH1 DH2
KSU-MOL,KSU,MOL,Kvernberget,Årø,NO,NO,63.111801,7.82452,62.744701,7.2625,49.8,1,WF,DH3
LKL-TOS,LKL,TOS,Lakselv,Tromsø,NO,NO,70.068802,24.973499,69.683296,18.9189,235.5,1,WF,DH2 DH3 DH1
SRP-OSL,SRP,OSL,Leirvik,Oslo (Gardermoen),NO,NO,59.791901,5.34085,60.193901,11.1004,323.3,1,DX,AT4
SRP-SVG,SRP,SVG,Leirvik,Stavanger,NO,NO,59.791901,5.34085,58.876701,5.63778,103.1,1,DX,SF3
SRP-MOL,SRP,MOL,Leirvik,Årø,NO,NO,59.791901,5.34085,62.744701,7.2625,344.0,1,DX,SF3
LKN-BOO,LKN,BOO,Leknes,Bodø,NO,NO,68.152496337891,13.609399795532,67.269203,14.3653,103.3,1,WF,DH1 DH2
LKN-SVJ,LKN,SVJ,Leknes,Svolvær,NO,NO,68.152496337891,13.609399795532,68.243301,14.6692,44.9,1,WF,DH1
LYR-OSL,LYR,OSL,Longyearbyen,Oslo (Gardermoen),NO,NO,78.246101,15.4656,60.193901,11.1004,2013.3,2,"DY,SK","73H,73H 738 73W"
LYR-TOS,LYR,TOS,Longyearbyen,Tromsø,NO,NO,78.246101,15.4656,69.683296,18.9189,957.6,1,SK,73H 738
MEH-ALF,MEH,ALF,Mehamn,Alta,NO,NO,71.029701,27.8267,69.976097,23.3717,202.6,1,WF,DH2
MEH-BVG,MEH,BVG,Mehamn,Berlevåg,NO,NO,71.029701,27.8267,70.871517,29.034097,47.2,1,WF,DH1
MEH-HFT,MEH,HFT,Mehamn,Hammerfest,NO,NO,71.029701,27.8267,70.679703,23.6686,156.5,1,WF,DH2
MEH-HVG,MEH,HVG,Mehamn,Honningsvåg,NO,NO,71.029701,27.8267,71.009697,25.983601,66.7,1,WF,DH2 DH1
MEH-VDS,MEH,VDS,Mehamn,Vadsø,NO,NO,71.029701,27.8267,70.0653,29.8447,130.7,1,WF,DH2 DH1
MQN-BOO,MQN,BOO,Mo i Rana,Bodø,NO,NO,66.363899230957,14.301400184631,67.269203,14.3653,100.7,1,WF,DH1 DH2
MQN-MJF,MQN,MJF,Mo i Rana,Mosjøen,NO,NO,66.363899230957,14.301400184631,65.783997,13.2149,81.0,1,WF,DH1
MQN-RVK,MQN,RVK,Mo i Rana,Rørvik,NO,NO,66.363899230957,14.301400184631,64.838302612305,11.14610004425,223.1,1,WF,DH1
MQN-TRD,MQN,TRD,Mo i Rana,Trondheim,NO,NO,66.363899230957,14.301400184631,63.457802,10.924,360.1,1,WF,DH1 DH2
MJF-SSJ,MJF,SSJ,Mosjøen,Alstahaug,NO,NO,65.783997,13.2149,65.956802,12.4689,39.0,1,WF,DH1
MJF-BOO,MJF,BOO,Mosjøen,Bodø,NO,NO,65.783997,13.2149,67.269203,14.3653,172.8,1,WF,DH2 DH1
MJF-MQN,MJF,MQN,Mosjøen,Mo i Rana,NO,NO,65.783997,13.2149,66.363899230957,14.301400184631,81.0,1,WF,DH1 DH2
MJF-TRD,MJF,TRD,Mosjøen,Trondheim,NO,NO,65.783997,13.2149,63.457802,10.924,280.7,1,WF,DH1
BDU-OSL,BDU,OSL,Målselv,Oslo (Gardermoen),NO,NO,69.055801,18.5404,60.193901,11.1004,1045.4,1,DY,733
OSL-AAL,OSL,AAL,Oslo (Gardermoen),Aalborg,NO,DK,60.193901,11.1004,57.094763,9.84993,352.1,4,"AY,BA,M3,SK","73H 73G,J31,J31 FRJ,SWM"
OSL-AAR,OSL,AAR,Oslo (Gardermoen),Aarhus,NO,DK,60.193901,11.1004,56.303331,10.618286,433.5,1,BA,FRJ
OSL-ABZ,OSL,ABZ,Oslo (Gardermoen),Aberdeen,NO,GB,60.193901,11.1004,57.2019,-2.19778,835.3,2,"BM,SK","736 73W 73H,ER3"
OSL-AJA,OSL,AJA,Oslo (Gardermoen),Ajaccio,NO,FR,60.193901,11.1004,41.923599,8.80292,2037.6,1,DY,73H
OSL-ALC,OSL,ALC,Oslo (Gardermoen),Alicante,NO,ES,60.193901,11.1004,38.2822,-0.558156,2570.4,2,"DY,SK","73H,73H 738 73G"
OSL-SSJ,OSL,SSJ,Oslo (Gardermoen),Alstahaug,NO,NO,60.193901,11.1004,65.956802,12.4689,644.5,1,WF,DH1
OSL-ALF,OSL,ALF,Oslo (Gardermoen),Alta,NO,NO,60.193901,11.1004,69.976097,23.3717,1225.0,2,"DY,SK","733,73G 73W 736"
OSL-AMS,OSL,AMS,Oslo (Gardermoen),Amsterdam,NO,NL,60.193901,11.1004,52.308601,4.76389,959.2,3,"DY,KL,SK","736 738 73G 73H,737 EMJ,73H"
OSL-KRK,OSL,KRK,Oslo (Gardermoen),Balice,NO,PL,60.193901,11.1004,50.077702,19.7848,1250.6,1,DY,73H
OSL-BCN,OSL,BCN,Oslo (Gardermoen),Barcelona,NO,ES,60.193901,11.1004,41.2971,2.07846,2190.3,4,"DY,IB,SK,VY","320,738 73G,73H"
OSL-BEG,OSL,BEG,Oslo (Gardermoen),Belgrade,NO,RS,60.193901,11.1004,44.818401,20.309099,1815.7,1,DY,733
OSL-BGO,OSL,BGO,Oslo (Gardermoen),Bergen,NO,NO,60.193901,11.1004,60.2934,5.21814,324.7,2,"DY,SK","73H 733,73H 736 73W 73G 738"
OSL-BIO,OSL,BIO,Oslo (Gardermoen),Bilbao,NO,ES,60.193901,11.1004,43.301102,-2.91061,2101.5,1,DY,73H
OSL-BLL,OSL,BLL,Oslo (Gardermoen),Billund,NO,DK,60.193901,11.1004,55.740335,9.157019,508.2,3,"BA,DY,SK","733 73H,AT7,FRJ"
OSL-BOO,OSL,BOO,Oslo (Gardermoen),Bodø,NO,NO,60.193901,11.1004,67.269203,14.3653,802.7,2,"DY,SK","73G 738 736 73H 73W,73H"
OSL-BTS,OSL,BTS,Oslo (Gardermoen),Bratislava,NO,SK,60.193901,11.1004,48.1702,17.2127,1393.4,1,DY,73H 733
OSL-BNN,OSL,BNN,Oslo (Gardermoen),Brønnøy,NO,NO,60.193901,11.1004,65.461098,12.2175,588.4,1,WF,DH1 DH3
OSL-BUD,OSL,BUD,Oslo (Gardermoen),Budapest,NO,HU,60.193901,11.1004,47.43018,19.262393,1514.4,1,DY,733
OSL-BOJ,OSL,BOJ,Oslo (Gardermoen),Burgas,NO,BG,60.193901,11.1004,42.569917,27.515173,2252.6,1,DY,73H
OSL-CPH,OSL,CPH,Oslo (Gardermoen),Copenhagen,NO,DK,60.193901,11.1004,55.617900848389,12.656000137329,517.0,3,"DY,PK,SK","73H 733,73H 73G 321 320 738 319 73W 736,777"
OSL-DUB,OSL,DUB,Oslo (Gardermoen),Dublin,NO,IE,60.193901,11.1004,53.428713,-6.262121,1290.9,2,"DY,SK","73G 738 73W,73H"
OSL-DBV,OSL,DBV,Oslo (Gardermoen),Dubrovnik,NO,HR,60.193901,11.1004,42.562247,18.265543,2019.8,1,DY,73H
OSL-DUS,OSL,DUS,Oslo (Gardermoen),Düsseldorf,NO,DE,60.193901,11.1004,51.289501,6.76678,1026.1,2,"LH,SK",73G 73W 738 736
OSL-EDI,OSL,EDI,Oslo (Gardermoen),Edinburgh,NO,GB,60.193901,11.1004,55.950145,-3.372288,970.2,2,"DY,SK","73H,73W"
OSL-EVE,OSL,EVE,Oslo (Gardermoen),Evenes,NO,NO,60.193901,11.1004,68.491302,16.678101,960.0,2,"DY,SK","73G 738 73W 736 73H,73H 733"
OSL-FAO,OSL,FAO,Oslo (Gardermoen),Faro,NO,PT,60.193901,11.1004,37.015909,-7.970939,2909.8,1,DY,73H
OSL-MXP,OSL,MXP,Oslo (Gardermoen),Ferno (VA),NO,IT,60.193901,11.1004,45.6306,8.72811,1626.9,2,"DY,SK","733 73H,738 73G 73H"
OSL-FRO,OSL,FRO,Oslo (Gardermoen),Florø,NO,NO,60.193901,11.1004,61.583599090576,5.0247201919556,363.0,1,WF,DH1 DH3
OSL-FRA,OSL,FRA,Oslo (Gardermoen),Frankfurt am Main,NO,DE,60.193901,11.1004,50.026706,8.55835,1141.8,3,"ET,LH,SK","319 320 32A,32A 319 320,738 73W 73H 73G 736"
OSL-GDN,OSL,GDN,Oslo (Gardermoen),Gdańsk,NO,PL,60.193901,11.1004,54.377602,18.4662,782.7,2,"DY,SK","738 73G 73W,73H 733"
OSL-GVA,OSL,GVA,Oslo (Gardermoen),Geneva,NO,CH,60.193901,11.1004,46.238098,6.10895,1585.9,1,DY,733
OSL-GOT,OSL,GOT,Oslo (Gardermoen),Göteborg,NO,SE,60.193901,11.1004,57.6628,12.2798,289.5,2,"SK,WF",DH3
OSL-HAM,OSL,HAM,Oslo (Gardermoen),Hamburg,NO,DE,60.193901,11.1004,53.630402,9.98823,732.9,2,"4U,DY","73H,CRJ"
OSL-HEL,OSL,HEL,Oslo (Gardermoen),Helsinki (Vantaa),NO,FI,60.193901,11.1004,60.318363,24.963341,763.5,3,"AY,DY,SK","319,717,73H"
OSL-IST,OSL,IST,Oslo (Gardermoen),Istanbul,NO,TR,60.193901,11.1004,41.274874,28.732136,2425.0,2,"SK,TK",321 738
OSL-HAU,OSL,HAU,Oslo (Gardermoen),Karmøy,NO,NO,60.193901,11.1004,59.345299,5.20836,343.0,2,"DY,SK","733 73H,73G 736 73H 738 73W"
OSL-KKN,OSL,KKN,Oslo (Gardermoen),Kirkenes,NO,NO,60.193901,11.1004,69.7258,29.8913,1368.7,2,"DY,SK","733,73W 73G 736"
OSL-KRS,OSL,KRS,Oslo (Gardermoen),Kristiansand(Kjevik),NO,NO,60.193901,11.1004,58.204201,8.08537,280.0,2,"DY,SK","733 73H,738 73W 73G 736 73H"
OSL-KSU,OSL,KSU,Oslo (Gardermoen),Kvernberget,NO,NO,60.193901,11.1004,63.111801,7.82452,367.6,1,SK,738 73W 736 73H 73G
OSL-CGN,OSL,CGN,Oslo (Gardermoen),Köln (Cologne),NO,DE,60.193901,11.1004,50.865898,7.14274,1066.2,1,DY,73H
OSL-SRP,OSL,SRP,Oslo (Gardermoen),Leirvik,NO,NO,60.193901,11.1004,59.791901,5.34085,323.3,1,DX,AT4
OSL-LIS,OSL,LIS,Oslo (Gardermoen),Lisbon,NO,PT,60.193901,11.1004,38.7813,-9.13592,2768.5,2,"DY,TP","320,73H"
OSL-LGW,OSL,LGW,Oslo (Gardermoen),London,NO,GB,60.193901,11.1004,51.148744,-0.185739,1226.2,1,DY,73H
OSL-LHR,OSL,LHR,Oslo (Gardermoen),London,NO,GB,60.193901,11.1004,51.470748,-0.459909,1205.5,4,"AA,BA,IB,SK","319 320,319 320 321,73G 738 73H 736 73W"
OSL-LYR,OSL,LYR,Oslo (Gardermoen),Longyearbyen,NO,NO,60.193901,11.1004,78.246101,15.4656,2013.3,2,"DY,SK","738 73W,73H"
OSL-MAN,OSL,MAN,Oslo (Gardermoen),"Manchester, Greater Manchester",NO,GB,60.193901,11.1004,53.349375,-2.279521,1111.5,2,"DY,SK","738 736,73H"
OSL-SVO,OSL,SVO,Oslo (Gardermoen),Moscow,NO,RU,60.193901,11.1004,55.976858,37.41121,1603.8,2,"SK,SU",320
OSL-MUC,OSL,MUC,Oslo (Gardermoen),Munich,NO,DE,60.193901,11.1004,48.353802,11.7861,1317.3,3,"DY,LH,SK","320 319 E95 321,73H,73H 73G 73W"
OSL-AGP,OSL,AGP,Oslo (Gardermoen),Málaga,NO,ES,60.193901,11.1004,36.6749,-4.49911,2840.5,2,"DY,SK","738,73H"
OSL-BDU,OSL,BDU,Oslo (Gardermoen),Målselv,NO,NO,60.193901,11.1004,69.055801,18.5404,1045.4,1,DY,733
OSL-NCE,OSL,NCE,Oslo (Gardermoen),"Nice, Alpes-Maritimes",NO,FR,60.193901,11.1004,43.658401,7.21587,1857.1,2,"DY,SK","738 73H 73G,73H"
OSL-PLQ,OSL,PLQ,Oslo (Gardermoen),Palanga,NO,LT,60.193901,11.1004,55.973202,21.093901,750.6,1,DY,733
OSL-PMI,OSL,PMI,Oslo (Gardermoen),Palma de Mallorca,NO,ES,60.193901,11.1004,39.551701,2.73881,2367.8,2,"DY,SK","738,73H"
OSL-ORY,OSL,ORY,Oslo (Gardermoen),"Paris (Orly, Val-de-Marne)",NO,FR,60.193901,11.1004,48.729499,2.358963,1391.6,1,DY,73H 733
OSL-CDG,OSL,CDG,Oslo (Gardermoen),"Paris (Roissy-en-France, Val-d'Oise)",NO,FR,60.193901,11.1004,49.00896,2.554117,1357.5,3,"AF,AZ,SK","738 73W 736 73H 73G,E90"
OSL-PSA,OSL,PSA,Oslo (Gardermoen),Pisa (PI),NO,IT,60.193901,11.1004,43.683899,10.3927,1836.4,1,DY,73H
OSL-PRG,OSL,PRG,Oslo (Gardermoen),Prague,NO,CZ,60.193901,11.1004,50.100874,14.259911,1139.8,2,"DY,SK","73H 733,73H 738"
OSL-PUY,OSL,PUY,Oslo (Gardermoen),Pula,NO,HR,60.193901,11.1004,44.893501,13.9222,1711.6,1,DY,733
OSL-KEF,OSL,KEF,Oslo (Gardermoen),Reykjavík,NO,IS,60.193901,11.1004,63.985001,-22.6056,1781.4,3,"DY,FI,SK","733,738 73W,75W 75T"
OSL-RIX,OSL,RIX,Oslo (Gardermoen),Riga,NO,LV,60.193901,11.1004,56.920752,23.970711,828.7,3,"BT,DY,SK","733 73H,DH4 73C 735"
OSL-FCO,OSL,FCO,Oslo (Gardermoen),Rome,NO,IT,60.193901,11.1004,41.804532,12.251998,2046.3,2,"DY,SK","738 73W,73H 733"
OSL-RRS,OSL,RRS,Oslo (Gardermoen),Røros,NO,NO,60.193901,11.1004,62.578399658203,11.342300415039,265.5,1,WF,DH1
OSL-ATH,OSL,ATH,Oslo (Gardermoen),Spata-Artemida,NO,GR,60.193901,11.1004,37.936401,23.9445,2635.0,3,"A3,DY,SK","73H,73W 73G"
OSL-SPU,OSL,SPU,Oslo (Gardermoen),Split,NO,HR,60.193901,11.1004,43.538898,16.298,1884.6,1,DY,73H
OSL-LED,OSL,LED,Oslo (Gardermoen),St. Petersburg,NO,RU,60.193901,11.1004,59.800301,30.262501,1062.6,1,DY,73H
OSL-SVG,OSL,SVG,Oslo (Gardermoen),Stavanger,NO,NO,60.193901,11.1004,58.876701,5.63778,340.9,2,"DY,SK","736 73W 73G 738 73H,73H 733"
OSL-ARN,OSL,ARN,Oslo (Gardermoen),Stockholm,NO,SE,60.193901,11.1004,59.64849,17.928829,385.2,3,"DY,ET,SK","736 73W 738,73H 733,73W 738 736 73H 73G 717"
OSL-SZZ,OSL,SZZ,Oslo (Gardermoen),Szczecin(Glewice),NO,PL,60.193901,11.1004,53.584702,14.9022,770.0,1,DY,733
OSL-TLL,OSL,TLL,Oslo (Gardermoen),Tallinn,NO,EE,60.193901,11.1004,59.413246,24.83264,771.5,3,"DY,OV,SK","733 73H,E70"
OSL-TOS,OSL,TOS,Oslo (Gardermoen),Tromsø,NO,NO,60.193901,11.1004,69.683296,18.9189,1115.5,3,"DY,LH,SK","73G,73G 73H 736 73W 738,73H 733"
OSL-TRD,OSL,TRD,Oslo (Gardermoen),Trondheim,NO,NO,60.193901,11.1004,63.457802,10.924,363.0,2,"DY,SK","733 73H,738 736 73H 73G 73W"
OSL-MLA,OSL,MLA,Oslo (Gardermoen),Valletta,NO,MT,60.193901,11.1004,35.845932,14.491546,2718.3,1,DY,73H
OSL-VCE,OSL,VCE,Oslo (Gardermoen),Venezia (VE),NO,IT,60.193901,11.1004,45.505299,12.3519,1635.4,1,DY,733
OSL-VIE,OSL,VIE,Oslo (Gardermoen),Vienna,NO,AT,60.193901,11.1004,48.110298,16.5697,1388.9,2,"DY,OS","319 100 F70,733"
OSL-VNO,OSL,VNO,Oslo (Gardermoen),Vilnius,NO,LT,60.193901,11.1004,54.634102,25.285801,1047.1,1,DY,73H 733
OSL-VXO,OSL,VXO,Oslo (Gardermoen),Växjö,NO,SE,60.193901,11.1004,56.929100036621094,14.727999687194824,419.4,1,2N,SF3
OSL-WAW,OSL,WAW,Oslo (Gardermoen),Warsaw,NO,PL,60.193901,11.1004,52.165699,20.9671,1079.1,1,DY,733 73H
OSL-BRU,OSL,BRU,Oslo (Gardermoen),Zaventem,NO,BE,60.193901,11.1004,50.901402,4.48444,1112.6,2,"SK,SN","738 73W 73G 73H 736,AR1 319"
OSL-ZRH,OSL,ZRH,Oslo (Gardermoen),Zurich,NO,CH,60.193901,11.1004,47.458056,8.548056,1425.8,2,"LX,SK","319 320,73G 738 736"
OSL-AES,OSL,AES,Oslo (Gardermoen),Ålesund,NO,NO,60.193901,11.1004,62.560443,6.110845,373.8,2,"DY,SK","733 73H,736 73W 73G 73H 738"
OSL-MOL,OSL,MOL,Oslo (Gardermoen),Årø,NO,NO,60.193901,11.1004,62.744701,7.2625,349.2,2,"DY,SK","733 73H,73H 736 73G 73W"
OSL-OLA,OSL,OLA,Oslo (Gardermoen),Ørland,NO,NO,60.193901,11.1004,63.69889831542969,9.604000091552734,397.5,1,M3,SWM
OSL-HOV,OSL,HOV,Oslo (Gardermoen),Ørsta,NO,NO,60.193901,11.1004,62.180000305176,6.0741000175476,348.2,1,WF,DH1
RRS-OSL,RRS,OSL,Røros,Oslo (Gardermoen),NO,NO,62.578399658203,11.342300415039,60.193901,11.1004,265.5,1,WF,DH1
RVK-MQN,RVK,MQN,Rørvik,Mo i Rana,NO,NO,64.838302612305,11.14610004425,66.363899230957,14.301400184631,223.1,1,WF,DH1
RVK-TRD,RVK,TRD,Rørvik,Trondheim,NO,NO,64.838302612305,11.14610004425,63.457802,10.924,153.9,1,WF,DH1 DH2
TRF-AHO,TRF,AHO,Sandefjord(Torp),Alghero,NO,IT,59.186699,10.2586,40.632099,8.29077,2067.8,1,FR,738
TRF-ALC,TRF,ALC,Sandefjord(Torp),Alicante,NO,ES,59.186699,10.2586,38.2822,-0.558156,2448.9,2,"DY,FR","738,73H"
TRF-AMS,TRF,AMS,Sandefjord(Torp),Amsterdam,NO,NL,59.186699,10.2586,52.308601,4.76389,837.9,2,"AZ,KL","E90,EMJ"
TRF-BCN,TRF,BCN,Sandefjord(Torp),Barcelona,NO,ES,59.186699,10.2586,41.2971,2.07846,2068.9,1,DY,73H
TRF-BEG,TRF,BEG,Sandefjord(Torp),Belgrade,NO,RS,59.186699,10.2586,44.818401,20.309099,1735.1,1,W6,320
TRF-BGO,TRF,BGO,Sandefjord(Torp),Bergen,NO,NO,59.186699,10.2586,60.2934,5.21814,308.0,2,"DY,WF","73H,DH4 DH3"
TRF-CPH,TRF,CPH,Sandefjord(Torp),Copenhagen,NO,DK,59.186699,10.2586,55.617900848389,12.656000137329,422.0,2,"SK,WF",DH4
TRF-DBV,TRF,DBV,Sandefjord(Torp),Dubrovnik,NO,HR,59.186699,10.2586,42.562247,18.265543,1928.8,1,DY,73H
TRF-GDN,TRF,GDN,Sandefjord(Torp),Gdańsk,NO,PL,59.186699,10.2586,54.377602,18.4662,731.1,1,W6,320
TRF-KTW,TRF,KTW,Sandefjord(Torp),Katowice,NO,PL,59.186699,10.2586,50.476015,19.080705,1119.2,1,W6,320
TRF-LPL,TRF,LPL,Sandefjord(Torp),Liverpool,NO,GB,59.186699,10.2586,53.334863,-2.849637,1035.6,1,FR,738
TRF-LGW,TRF,LGW,Sandefjord(Torp),London,NO,GB,59.186699,10.2586,51.148744,-0.185739,1110.3,1,DY,73H
TRF-STN,TRF,STN,Sandefjord(Torp),"London, Essex",NO,GB,59.186699,10.2586,51.884998,0.235,1025.8,1,FR,738
TRF-LUZ,TRF,LUZ,Sandefjord(Torp),Lublin,NO,PL,59.186699,10.2586,51.240157,22.713461,1181.6,1,W6,320
TRF-AGP,TRF,AGP,Sandefjord(Torp),Málaga,NO,ES,59.186699,10.2586,36.6749,-4.49911,2719.9,2,"DY,FR","738,73H"
TRF-NCE,TRF,NCE,Sandefjord(Torp),"Nice, Alpes-Maritimes",NO,FR,59.186699,10.2586,43.658401,7.21587,1739.1,1,DY,73H
TRF-OTP,TRF,OTP,Sandefjord(Torp),Otopeni,NO,RO,59.186699,10.2586,44.571792,26.103285,1944.6,1,W6,320
TRF-PMI,TRF,PMI,Sandefjord(Torp),Palma de Mallorca,NO,ES,59.186699,10.2586,39.551701,2.73881,2246.8,1,DY,73H
TRF-PSA,TRF,PSA,Sandefjord(Torp),Pisa (PI),NO,IT,59.186699,10.2586,43.683899,10.3927,1723.9,1,FR,738
TRF-POZ,TRF,POZ,Sandefjord(Torp),Poznań,NO,PL,59.186699,10.2586,52.421598,16.823359,855.9,1,W6,320
TRF-RIX,TRF,RIX,Sandefjord(Torp),Riga,NO,LV,59.186699,10.2586,56.920752,23.970711,843.4,1,W6,320
TRF-SVG,TRF,SVG,Sandefjord(Torp),Stavanger,NO,NO,59.186699,10.2586,58.876701,5.63778,266.6,2,"SK,WF","DH4,DH4 DH3"
TRF-ARN,TRF,ARN,Sandefjord(Torp),Stockholm,NO,SE,59.186699,10.2586,59.64849,17.928829,436.7,1,2N,SF3
TRF-SZZ,TRF,SZZ,Sandefjord(Torp),Szczecin(Glewice),NO,PL,59.186699,10.2586,53.584702,14.9022,685.0,1,W6,320
TRF-TRD,TRF,TRD,Sandefjord(Torp),Trondheim,NO,NO,59.186699,10.2586,63.457802,10.924,476.2,2,"DY,WF","73H,DH4"
TRF-VNO,TRF,VNO,Sandefjord(Torp),Vilnius,NO,LT,59.186699,10.2586,54.634102,25.285801,1040.0,1,W6,320
TRF-WAW,TRF,WAW,Sandefjord(Torp),Warsaw,NO,PL,59.186699,10.2586,52.165699,20.9671,1027.2,1,W6,320
TRF-WRO,TRF,WRO,Sandefjord(Torp),Wrocław,NO,PL,59.186699,10.2586,51.103719,16.882096,991.3,1,W6,320
SVG-AAL,SVG,AAL,Stavanger,Aalborg,NO,DK,58.876701,5.63778,57.094763,9.84993,317.6,1,DX,SF3
SVG-ABZ,SVG,ABZ,Stavanger,Aberdeen,NO,GB,58.876701,5.63778,57.2019,-2.19778,497.0,3,"SK,T3,WF","736 73G,DH4,ER3 J41"
SVG-ALC,SVG,ALC,Stavanger,Alicante,NO,ES,58.876701,5.63778,38.2822,-0.558156,2332.6,2,"DY,SK",73H
SVG-AMS,SVG,AMS,Stavanger,Amsterdam,NO,NL,58.876701,5.63778,52.308601,4.76389,732.4,2,"AZ,KL","737 E90 F70,737 EMJ"
SVG-KRK,SVG,KRK,Stavanger,Balice,NO,PL,58.876701,5.63778,50.077702,19.7848,1333.6,1,DY,73H
SVG-BCN,SVG,BCN,Stavanger,Barcelona,NO,ES,58.876701,5.63778,41.2971,2.07846,1970.5,2,"IB,VY",320
SVG-BGO,SVG,BGO,Stavanger,Bergen,NO,NO,58.876701,5.63778,60.2934,5.21814,159.3,4,"DY,RC,SK,WF","319,736 73W,73H,DH4"
SVG-BLL,SVG,BLL,Stavanger,Billund,NO,DK,58.876701,5.63778,55.740335,9.157019,407.7,1,DX,AT5 SF3
SVG-CPH,SVG,CPH,Stavanger,Copenhagen,NO,DK,58.876701,5.63778,55.617900848389,12.656000137329,555.9,1,SK,321 320 CR9 319 736 738 73G
SVG-EDI,SVG,EDI,Stavanger,Edinburgh,NO,GB,58.876701,5.63778,55.950145,-3.372288,629.4,1,SK,738 73W
SVG-EVE,SVG,EVE,Stavanger,Evenes,NO,NO,58.876701,5.63778,68.491302,16.678101,1195.5,1,BM,ER4
SVG-FRO,SVG,FRO,Stavanger,Florø,NO,NO,58.876701,5.63778,61.583599090576,5.0247201919556,302.9,1,WF,DH3
SVG-FRA,SVG,FRA,Stavanger,Frankfurt am Main,NO,DE,58.876701,5.63778,50.026706,8.55835,1001.8,2,"LH,SK","319 733,733 735 319"
SVG-GDN,SVG,GDN,Stavanger,Gdańsk,NO,PL,58.876701,5.63778,54.377602,18.4662,928.3,1,W6,320
SVG-GOT,SVG,GOT,Stavanger,Göteborg,NO,SE,58.876701,5.63778,57.6628,12.2798,411.0,1,BM,ER4
SVG-KTW,SVG,KTW,Stavanger,Katowice,NO,PL,58.876701,5.63778,50.476015,19.080705,1268.0,1,W6,320
SVG-KRS,SVG,KRS,Stavanger,Kristiansand(Kjevik),NO,NO,58.876701,5.63778,58.204201,8.08537,160.5,1,WF,DH3
SVG-KSU,SVG,KSU,Stavanger,Kvernberget,NO,NO,58.876701,5.63778,63.111801,7.82452,485.4,2,"BM,WF","DH3,ER4"
SVG-SRP,SVG,SRP,Stavanger,Leirvik,NO,NO,58.876701,5.63778,59.791901,5.34085,103.1,1,DX,SF3
SVG-LGW,SVG,LGW,Stavanger,London,NO,GB,58.876701,5.63778,51.148744,-0.185739,935.3,1,DY,73H
SVG-LHR,SVG,LHR,Stavanger,London,NO,GB,58.876701,5.63778,51.470748,-0.459909,909.1,3,"AA,BA,SK","319,73W 73G 736 738 73H"
SVG-MAN,SVG,MAN,Stavanger,"Manchester, Greater Manchester",NO,GB,58.876701,5.63778,53.349375,-2.279521,785.5,1,DY,73H
SVG-AGP,SVG,AGP,Stavanger,Málaga,NO,ES,58.876701,5.63778,36.6749,-4.49911,2575.6,1,DY,73H
SVG-NCL,SVG,NCL,Stavanger,"Newcastle upon Tyne, Tyne and Wear",NO,GB,58.876701,5.63778,55.037958,-1.689577,615.5,3,"SK,T3,WF","DH4,ER4"
SVG-OSL,SVG,OSL,Stavanger,Oslo (Gardermoen),NO,NO,58.876701,5.63778,60.193901,11.1004,340.9,3,"DY,SK,TG","736 738 73G,738 736 73W 73G 73H,73H 733"
SVG-CDG,SVG,CDG,Stavanger,"Paris (Roissy-en-France, Val-d'Oise)",NO,FR,58.876701,5.63778,49.00896,2.554117,1115.3,2,"AF,AZ",E70
SVG-KEF,SVG,KEF,Stavanger,Reykjavík,NO,IS,58.876701,5.63778,63.985001,-22.6056,1589.5,1,FI,75W
SVG-RIX,SVG,RIX,Stavanger,Riga,NO,LV,58.876701,5.63778,56.920752,23.970711,1101.2,1,BT,735 DH4
SVG-TRF,SVG,TRF,Stavanger,Sandefjord(Torp),NO,NO,58.876701,5.63778,59.186699,10.2586,266.6,1,WF,DH4 DH3
SVG-ARN,SVG,ARN,Stavanger,Stockholm,NO,SE,58.876701,5.63778,59.64849,17.928829,702.7,1,SK,S20 736
SVG-SZZ,SVG,SZZ,Stavanger,Szczecin(Glewice),NO,PL,58.876701,5.63778,53.584702,14.9022,819.7,1,W6,320
SVG-TOS,SVG,TOS,Stavanger,Tromsø,NO,NO,58.876701,5.63778,69.683296,18.9189,1355.1,1,SK,736 73H
SVG-TRD,SVG,TRD,Stavanger,Trondheim,NO,NO,58.876701,5.63778,63.457802,10.924,582.5,1,SK,73W 736 738
SVG-VNO,SVG,VNO,Stavanger,Vilnius,NO,LT,58.876701,5.63778,54.634102,25.285801,1281.4,1,W6,320
SVG-FAE,SVG,FAE,Stavanger,Vágar,NO,FO,58.876701,5.63778,62.063256,-7.275782,789.6,1,RC,319
SVG-WAW,SVG,WAW,Stavanger,Warsaw,NO,PL,58.876701,5.63778,52.165699,20.9671,1215.1,1,DY,73H
SVJ-BOO,SVJ,BOO,Svolvær,Bodø,NO,NO,68.243301,14.6692,67.269203,14.3653,109.1,1,WF,DH1 DH2
SVJ-SKN,SVJ,SKN,Svolvær,Hadsel,NO,NO,68.243301,14.6692,68.578827,15.033417,40.2,1,WF,DH1
SVJ-LKN,SVJ,LKN,Svolvær,Leknes,NO,NO,68.243301,14.6692,68.152496337891,13.609399795532,44.9,1,WF,DH1
SOJ-HFT,SOJ,HFT,Sørkjosen,Hammerfest,NO,NO,69.786797,20.9594,70.679703,23.6686,142.2,1,WF,DH1 DH2
SOJ-TOS,SOJ,TOS,Sørkjosen,Tromsø,NO,NO,69.786797,20.9594,69.683296,18.9189,79.4,1,WF,DH1 DH2
TOS-ALC,TOS,ALC,Tromsø,Alicante,NO,ES,69.683296,18.9189,38.2822,-0.558156,3677.9,1,DY,73H
TOS-ALF,TOS,ALF,Tromsø,Alta,NO,NO,69.683296,18.9189,69.976097,23.3717,173.8,4,"DY,LH,SK,WF","733,73G,73G 73W 736,DH1 DH3 DH2"
TOS-ANX,TOS,ANX,Tromsø,Andenes,NO,NO,69.683296,18.9189,69.295193,16.139379,116.6,1,WF,DH1 DH3 DH2
TOS-BGO,TOS,BGO,Tromsø,Bergen,NO,NO,69.683296,18.9189,60.2934,5.21814,1220.5,1,WF,DH4
TOS-BOO,TOS,BOO,Tromsø,Bodø,NO,NO,69.683296,18.9189,67.269203,14.3653,326.3,2,"SK,WF","736,DH4"
TOS-EVE,TOS,EVE,Tromsø,Evenes,NO,NO,69.683296,18.9189,68.491302,16.678101,159.6,1,WF,DH1 DH3 DH2
TOS-SKN,TOS,SKN,Tromsø,Hadsel,NO,NO,69.683296,18.9189,68.578827,15.033417,196.8,1,WF,DH2 DH1
TOS-HFT,TOS,HFT,Tromsø,Hammerfest,NO,NO,69.683296,18.9189,70.679703,23.6686,210.5,1,WF,DH2 DH1
TOS-KKN,TOS,KKN,Tromsø,Kirkenes,NO,NO,69.683296,18.9189,69.7258,29.8913,422.7,1,WF,DH4 DH2 DH3 DH1
TOS-LKL,TOS,LKL,Tromsø,Lakselv,NO,NO,69.683296,18.9189,70.068802,24.973499,235.5,1,WF,DH2 DH3 DH1
TOS-LGW,TOS,LGW,Tromsø,London,NO,GB,69.683296,18.9189,51.148744,-0.185739,2289.2,1,DY,73H
TOS-LYR,TOS,LYR,Tromsø,Longyearbyen,NO,NO,69.683296,18.9189,78.246101,15.4656,957.6,1,SK,73H 738 73W
TOS-MMK,TOS,MMK,Tromsø,Murmansk,NO,RU,69.683296,18.9189,68.7817,32.750801,553.2,1,5N,AN4
TOS-OSL,TOS,OSL,Tromsø,Oslo (Gardermoen),NO,NO,69.683296,18.9189,60.193901,11.1004,1115.5,2,"DY,SK","73H 733,73H 738 73G 736 73W"
TOS-SVG,TOS,SVG,Tromsø,Stavanger,NO,NO,69.683296,18.9189,58.876701,5.63778,1355.1,1,SK,73H 736 738
TOS-ARN,TOS,ARN,Tromsø,Stockholm,NO,SE,69.683296,18.9189,59.64849,17.928829,1116.8,1,SK,717
TOS-SOJ,TOS,SOJ,Tromsø,Sørkjosen,NO,NO,69.683296,18.9189,69.786797,20.9594,79.4,1,WF,DH1 DH2
TOS-TRD,TOS,TRD,Tromsø,Trondheim,NO,NO,69.683296,18.9189,63.457802,10.924,775.8,2,"DY,WF","73H,DH4"
TOS-VDS,TOS,VDS,Tromsø,Vadsø,NO,NO,69.683296,18.9189,70.0653,29.8447,419.6,1,WF,DH2 DH1
TRD-ALC,TRD,ALC,Trondheim,Alicante,NO,ES,63.457802,10.924,38.2822,-0.558156,2902.8,2,"DY,SK","738,73H"
TRD-SSJ,TRD,SSJ,Trondheim,Alstahaug,NO,NO,63.457802,10.924,65.956802,12.4689,287.4,1,WF,DH1
TRD-AMS,TRD,AMS,Trondheim,Amsterdam,NO,NL,63.457802,10.924,52.308601,4.76389,1290.7,2,"AZ,KL","E90,EMJ"
TRD-KRK,TRD,KRK,Trondheim,Balice,NO,PL,63.457802,10.924,50.077702,19.7848,1579.3,1,DY,73H
TRD-BGO,TRD,BGO,Trondheim,Bergen,NO,NO,63.457802,10.924,60.2934,5.21814,461.5,2,"DY,SK","736,73H"
TRD-BOO,TRD,BOO,Trondheim,Bodø,NO,NO,63.457802,10.924,67.269203,14.3653,452.7,2,"SK,WF","736 73W,DH3"
TRD-BNN,TRD,BNN,Trondheim,Brønnøy,NO,NO,63.457802,10.924,65.461098,12.2175,231.2,1,WF,DH1 DH2
TRD-CPH,TRD,CPH,Trondheim,Copenhagen,NO,DK,63.457802,10.924,55.617900848389,12.656000137329,877.1,4,"AC,DY,SK,TG","73H,CR9,M80"
TRD-DBV,TRD,DBV,Trondheim,Dubrovnik,NO,HR,63.457802,10.924,42.562247,18.265543,2371.2,1,DY,73H
TRD-EVE,TRD,EVE,Trondheim,Evenes,NO,NO,63.457802,10.924,68.491302,16.678101,616.7,2,"DY,WF","73H,DH3"
TRD-GDN,TRD,GDN,Trondheim,Gdańsk,NO,PL,63.457802,10.924,54.377602,18.4662,1096.8,1,W6,320
TRD-KRS,TRD,KRS,Trondheim,Kristiansand(Kjevik),NO,NO,63.457802,10.924,58.204201,8.08537,603.9,1,WF,DH4 DH3
TRD-KSU,TRD,KSU,Trondheim,Kvernberget,NO,NO,63.457802,10.924,63.111801,7.82452,159.6,1,WF,DH1 DH2
TRD-LGW,TRD,LGW,Trondheim,London,NO,GB,63.457802,10.924,51.148744,-0.185739,1517.7,1,DY,73H
TRD-MQN,TRD,MQN,Trondheim,Mo i Rana,NO,NO,63.457802,10.924,66.363899230957,14.301400184631,360.1,1,WF,DH1
TRD-MJF,TRD,MJF,Trondheim,Mosjøen,NO,NO,63.457802,10.924,65.783997,13.2149,280.7,1,WF,DH1 DH2
TRD-AGP,TRD,AGP,Trondheim,Málaga,NO,ES,63.457802,10.924,36.6749,-4.49911,3155.7,1,DY,73H
TRD-NCE,TRD,NCE,Trondheim,"Nice, Alpes-Maritimes",NO,FR,63.457802,10.924,43.658401,7.21587,2214.3,1,DY,73H
TRD-OSL,TRD,OSL,Trondheim,Oslo (Gardermoen),NO,NO,63.457802,10.924,60.193901,11.1004,363.0,2,"DY,SK","73H 733,73W 738 736 73G 73H"
TRD-KEF,TRD,KEF,Trondheim,Reykjavík,NO,IS,63.457802,10.924,63.985001,-22.6056,1632.6,1,FI,75W
TRD-RIX,TRD,RIX,Trondheim,Riga,NO,LV,63.457802,10.924,56.920752,23.970711,1020.3,1,DY,73H
TRD-RVK,TRD,RVK,Trondheim,Rørvik,NO,NO,63.457802,10.924,64.838302612305,11.14610004425,153.9,1,WF,DH1
TRD-TRF,TRD,TRF,Trondheim,Sandefjord(Torp),NO,NO,63.457802,10.924,59.186699,10.2586,476.2,3,"DY,SK,WF","73H,DH4"
TRD-SVG,TRD,SVG,Trondheim,Stavanger,NO,NO,63.457802,10.924,58.876701,5.63778,582.5,1,SK,736
TRD-ARN,TRD,ARN,Trondheim,Stockholm,NO,SE,63.457802,10.924,59.64849,17.928829,562.5,1,SK,717 73W
TRD-TLL,TRD,TLL,Trondheim,Tallinn,NO,EE,63.457802,10.924,59.413246,24.83264,862.9,2,"OV,SK",CR9 E70
TRD-TOS,TRD,TOS,Trondheim,Tromsø,NO,NO,63.457802,10.924,69.683296,18.9189,775.8,2,"DY,WF","73H,DH4"
TRD-AES,TRD,AES,Trondheim,Ålesund,NO,NO,63.457802,10.924,62.560443,6.110845,262.5,1,SK,736
VDS-ALF,VDS,ALF,Vadsø,Alta,NO,NO,70.0653,29.8447,69.976097,23.3717,246.0,1,WF,DH1 DH2
VDS-BJF,VDS,BJF,Vadsø,Båtsfjord,NO,NO,70.0653,29.8447,70.60025,29.692612,59.8,1,WF,DH2
VDS-HFT,VDS,HFT,Vadsø,Hammerfest,NO,NO,70.0653,29.8447,70.679703,23.6686,240.5,1,WF,DH2 DH1
VDS-KKN,VDS,KKN,Vadsø,Kirkenes,NO,NO,70.0653,29.8447,69.7258,29.8913,37.8,1,WF,DH2 DH1
VDS-MEH,VDS,MEH,Vadsø,Mehamn,NO,NO,70.0653,29.8447,71.029701,27.8267,130.7,1,WF,DH2 DH1
VDS-TOS,VDS,TOS,Vadsø,Tromsø,NO,NO,70.0653,29.8447,69.683296,18.9189,419.6,1,WF,DH1 DH2
VDS-VAW,VDS,VAW,Vadsø,Vardø,NO,NO,70.0653,29.8447,70.3554,31.044901,55.5,1,WF,DH1 DH2
VAW-BJF,VAW,BJF,Vardø,Båtsfjord,NO,NO,70.3554,31.044901,70.60025,29.692612,57.1,1,WF,DH2 DH1
VAW-KKN,VAW,KKN,Vardø,Kirkenes,NO,NO,70.3554,31.044901,69.7258,29.8913,82.6,1,WF,DH1 DH2
VAW-VDS,VAW,VDS,Vardø,Vadsø,NO,NO,70.3554,31.044901,70.0653,29.8447,55.5,1,WF,DH2 DH1
AES-ALC,AES,ALC,Ålesund,Alicante,NO,ES,62.560443,6.110845,38.2822,-0.558156,2737.3,1,DY,73H
AES-AMS,AES,AMS,Ålesund,Amsterdam,NO,NL,62.560443,6.110845,52.308601,4.76389,1142.7,2,"AZ,KL","E90,EMJ"
AES-BGO,AES,BGO,Ålesund,Bergen,NO,NO,62.560443,6.110845,60.2934,5.21814,256.5,2,"SK,WF","736,DH3 DH4"
AES-CPH,AES,CPH,Ålesund,Copenhagen,NO,DK,62.560443,6.110845,55.617900848389,12.656000137329,856.7,1,SK,CR2 CR9
AES-GDN,AES,GDN,Ålesund,Gdańsk,NO,PL,62.560443,6.110845,54.377602,18.4662,1155.3,1,W6,320
AES-LGW,AES,LGW,Ålesund,London,NO,GB,62.560443,6.110845,51.148744,-0.185739,1323.9,1,DY,73H
AES-OSL,AES,OSL,Ålesund,Oslo (Gardermoen),NO,NO,62.560443,6.110845,60.193901,11.1004,373.8,2,"DY,SK","733 73H,738 73G 736 73W 73H"
AES-RIX,AES,RIX,Ålesund,Riga,NO,LV,62.560443,6.110845,56.920752,23.970711,1175.1,1,BT,DH4
AES-TRD,AES,TRD,Ålesund,Trondheim,NO,NO,62.560443,6.110845,63.457802,10.924,262.5,1,SK,736
AES-VNO,AES,VNO,Ålesund,Vilnius,NO,LT,62.560443,6.110845,54.634102,25.285801,1408.9,1,W6,320
MOL-ALC,MOL,ALC,Årø,Alicante,NO,ES,62.744701,7.2625,38.2822,-0.558156,2771.1,1,DY,73H
MOL-BGO,MOL,BGO,Årø,Bergen,NO,NO,62.744701,7.2625,60.2934,5.21814,293.3,1,WF,DH3 DH4
MOL-CPH,MOL,CPH,Årø,Copenhagen,NO,DK,62.744701,7.2625,55.617900848389,12.656000137329,849.2,1,WF,DH4
MOL-KSU,MOL,KSU,Årø,Kvernberget,NO,NO,62.744701,7.2625,63.111801,7.82452,49.8,1,WF,DH3
MOL-SRP,MOL,SRP,Årø,Leirvik,NO,NO,62.744701,7.2625,59.791901,5.34085,344.0,1,DX,SF3
MOL-OSL,MOL,OSL,Årø,Oslo (Gardermoen),NO,NO,62.744701,7.2625,60.193901,11.1004,349.2,2,"DY,SK","733 73H,73G 73H 736 73W"
OLA-OSL,OLA,OSL,Ørland,Oslo (Gardermoen),NO,NO,63.69889831542969,9.604000091552734,60.193901,11.1004,397.5,1,M3,SWM
HOV-BGO,HOV,BGO,Ørsta,Bergen,NO,NO,62.180000305176,6.0741000175476,60.2934,5.21814,214.7,1,WF,DH1
HOV-FRO,HOV,FRO,Ørsta,Florø,NO,NO,62.180000305176,6.0741000175476,61.583599090576,5.0247201919556,86.1,1,WF,DH1
HOV-OSL,HOV,OSL,Ørsta,Oslo (Gardermoen),NO,NO,62.180000305176,6.0741000175476,60.193901,11.1004,348.2,1,WF,DH1
KRK-ALC,KRK,ALC,Balice,Alicante,PL,ES,50.077702,19.7848,38.2822,-0.558156,2074.3,1,FR,738
KRK-AMS,KRK,AMS,Balice,Amsterdam,PL,NL,50.077702,19.7848,52.308601,4.76389,1073.6,1,K2,DH4
KRK-BVA,KRK,BVA,Balice,Beauvais,PL,FR,50.077702,19.7848,49.454399,2.11278,1268.2,1,FR,738
KRK-BFS,KRK,BFS,Balice,Belfast,PL,GB,50.077702,19.7848,54.6575012207,-6.2158298492399995,1825.4,1,U2,319
KRK-BGO,KRK,BGO,Balice,Bergen,PL,NO,50.077702,19.7848,60.2934,5.21814,1458.1,1,DY,73H
KRK-BHX,KRK,BHX,Balice,"Birmingham, West Midlands",PL,GB,50.077702,19.7848,52.453899,-1.74803,1515.4,1,FR,738
KRK-BLQ,KRK,BLQ,Balice,Bologna,PL,IT,50.077702,19.7848,44.5354,11.2887,887.9,1,FR,738
KRK-BRS,KRK,BRS,Balice,Bristol,PL,GB,50.077702,19.7848,51.382326,-2.716453,1584.1,1,U2,319
KRK-BSL,KRK,BSL,Balice,Bâle / Mulhouse,PL,FR,50.077702,19.7848,47.60068,7.521117,937.6,1,U2,319
KRK-CAG,KRK,CAG,Balice,Cagliari,PL,IT,50.077702,19.7848,39.251499,9.05428,1469.6,1,FR,738
KRK-CRL,KRK,CRL,Balice,Charleroi,PL,BE,50.077702,19.7848,50.461963,4.459562,1088.1,1,FR,738
KRK-CPH,KRK,CPH,Balice,Copenhagen,PL,DK,50.077702,19.7848,55.617900848389,12.656000137329,779.4,1,DY,73H
KRK-DTM,KRK,DTM,Balice,Dortmund,PL,DE,50.077702,19.7848,51.518299,7.61224,869.3,1,FR,738
KRK-DUB,KRK,DUB,Balice,Dublin,PL,IE,50.077702,19.7848,53.428713,-6.262121,1820.4,1,FR,738
KRK-EDI,KRK,EDI,Balice,Edinburgh,PL,GB,50.077702,19.7848,55.950145,-3.372288,1671.0,2,"FR,U2","319 320,738"
KRK-EIN,KRK,EIN,Balice,Eindhoven,PL,NL,50.077702,19.7848,51.4500999451,5.37452983856,1023.2,1,FR,738
KRK-FRA,KRK,FRA,Balice,Frankfurt am Main,PL,DE,50.077702,19.7848,50.026706,8.55835,800.8,2,"LH,LO","735 321 733 32A 319,735 733 321 32A 319"
KRK-GDN,KRK,GDN,Balice,Gdańsk,PL,PL,50.077702,19.7848,54.377602,18.4662,486.5,1,K2,DH4
KRK-GRO,KRK,GRO,Balice,Girona,PL,ES,50.077702,19.7848,41.904639,2.761774,1592.6,1,FR,738
KRK-HEL,KRK,HEL,Balice,Helsinki (Vantaa),PL,FI,50.077702,19.7848,60.318363,24.963341,1184.3,1,AY,319 321 32B
KRK-LBA,KRK,LBA,Balice,"Leeds, West Yorkshire",PL,GB,50.077702,19.7848,53.865898,-1.66057,1521.6,1,FR,738
KRK-LPL,KRK,LPL,Balice,Liverpool,PL,GB,50.077702,19.7848,53.334863,-2.849637,1593.9,2,"FR,U2","319,738"
KRK-LGW,KRK,LGW,Balice,London,PL,GB,50.077702,19.7848,51.148744,-0.185739,1409.8,1,U2,319 320
KRK-STN,KRK,STN,Balice,"London, Essex",PL,GB,50.077702,19.7848,51.884998,0.235,1379.0,1,FR,738
KRK-MAD,KRK,MAD,Balice,Madrid,PL,ES,50.077702,19.7848,40.493407,-3.572249,2102.3,1,FR,738
KRK-MAN,KRK,MAN,Balice,"Manchester, Greater Manchester",PL,GB,50.077702,19.7848,53.349375,-2.279521,1556.2,1,FR,738
KRK-SVO,KRK,SVO,Balice,Moscow,PL,RU,50.077702,19.7848,55.976858,37.41121,1343.5,1,SU,SU9
KRK-MUC,KRK,MUC,Balice,Munich,PL,DE,50.077702,19.7848,48.353802,11.7861,611.4,2,"LH,LO",319 320 E95
KRK-AGP,KRK,AGP,Balice,Málaga,PL,ES,50.077702,19.7848,36.6749,-4.49911,2445.6,1,FR,738
KRK-NCL,KRK,NCL,Balice,"Newcastle upon Tyne, Tyne and Wear",PL,GB,50.077702,19.7848,55.037958,-1.689577,1545.3,1,LS,733
KRK-EMA,KRK,EMA,Balice,"Nottingham, Leicestershire",PL,GB,50.077702,19.7848,52.8311,-1.32806,1488.8,1,FR,738
KRK-NYO,KRK,NYO,Balice,Nyköping,PL,SE,50.077702,19.7848,58.789656,16.911479,986.2,1,FR,738
KRK-BGY,KRK,BGY,Balice,Orio al Serio (BG),PL,IT,50.077702,19.7848,45.669362,9.708851,896.1,1,FR,738
KRK-OSL,KRK,OSL,Balice,Oslo (Gardermoen),PL,NO,50.077702,19.7848,60.193901,11.1004,1250.6,1,DY,73H
KRK-CDG,KRK,CDG,Balice,"Paris (Roissy-en-France, Val-d'Oise)",PL,FR,50.077702,19.7848,49.00896,2.554117,1246.1,1,U2,319
KRK-PSA,KRK,PSA,Balice,Pisa (PI),PL,IT,50.077702,19.7848,43.683899,10.3927,1006.0,1,FR,738
KRK-CIA,KRK,CIA,Balice,Rome,PL,IT,50.077702,19.7848,41.798769,12.595331,1074.3,1,FR,738
KRK-SNN,KRK,SNN,Balice,Shannon,PL,IE,50.077702,19.7848,52.702,-8.92482,1999.7,1,FR,738
KRK-SEN,KRK,SEN,Balice,"Southend-on-Sea, Essex",PL,GB,50.077702,19.7848,51.570562,0.693627,1347.3,1,U2,319
KRK-SVG,KRK,SVG,Balice,Stavanger,PL,NO,50.077702,19.7848,58.876701,5.63778,1333.6,1,DY,73H
KRK-ARN,KRK,ARN,Balice,Stockholm,PL,SE,50.077702,19.7848,59.64849,17.928829,1070.7,1,DY,73H
KRK-STR,KRK,STR,Balice,Stuttgart,PL,DE,50.077702,19.7848,48.689899,9.22196,779.3,1,4U,CRJ
KRK-TPS,KRK,TPS,Balice,Trapani (TP),PL,IT,50.077702,19.7848,37.9114,12.488,1471.7,1,FR,738
KRK-TRD,KRK,TRD,Balice,Trondheim,PL,NO,50.077702,19.7848,63.457802,10.924,1579.3,1,DY,73H
KRK-MLA,KRK,MLA,Balice,Valletta,PL,MT,50.077702,19.7848,35.845932,14.491546,1639.0,1,FR,738
KRK-VIE,KRK,VIE,Balice,Vienna,PL,AT,50.077702,19.7848,48.110298,16.5697,320.4,2,"LO,OS","F70 DH4,F70 DH4 100"
KRK-WAW,KRK,WAW,Balice,Warsaw,PL,PL,50.077702,19.7848,52.165699,20.9671,246.4,1,LO,DH4 E70
KRK-ZRH,KRK,ZRH,Balice,Zurich,PL,CH,50.077702,19.7848,47.458056,8.548056,872.5,1,K2,DH4
BZG-BHX,BZG,BHX,Bydgoszcz,"Birmingham, West Midlands",PL,GB,53.096802,17.977699,52.453899,-1.74803,1324.6,1,FR,738
BZG-DUB,BZG,DUB,Bydgoszcz,Dublin,PL,IE,53.096802,17.977699,53.428713,-6.262121,1604.9,1,FR,738
BZG-STN,BZG,STN,Bydgoszcz,"London, Essex",PL,GB,53.096802,17.977699,51.884998,0.235,1205.7,1,FR,738
GDN-AMS,GDN,AMS,Gdańsk,Amsterdam,PL,NL,54.377602,18.4662,52.308601,4.76389,936.6,1,K2,DH4
GDN-KRK,GDN,KRK,Gdańsk,Balice,PL,PL,54.377602,18.4662,50.077702,19.7848,486.5,1,K2,DH4
GDN-BCN,GDN,BCN,Gdańsk,Barcelona,PL,ES,54.377602,18.4662,41.2971,2.07846,1890.9,1,W6,320
GDN-BVA,GDN,BVA,Gdańsk,Beauvais,PL,FR,54.377602,18.4662,49.454399,2.11278,1244.1,1,W6,320
GDN-BGO,GDN,BGO,Gdańsk,Bergen,PL,NO,54.377602,18.4662,60.2934,5.21814,1028.7,1,W6,320
GDN-BHX,GDN,BHX,Gdańsk,"Birmingham, West Midlands",PL,GB,54.377602,18.4662,52.453899,-1.74803,1351.8,1,FR,738
GDN-BRS,GDN,BRS,Gdańsk,Bristol,PL,GB,54.377602,18.4662,51.382326,-2.716453,1453.9,1,FR,738
GDN-CPH,GDN,CPH,Gdańsk,Copenhagen,PL,DK,54.377602,18.4662,55.617900848389,12.656000137329,395.3,2,"AC,SK","319 CR9 CR2,M80"
GDN-ORK,GDN,ORK,Gdańsk,Cork,PL,IE,54.377602,18.4662,51.841301,-8.49111,1809.9,1,FR,738
GDN-DTM,GDN,DTM,Gdańsk,Dortmund,PL,DE,54.377602,18.4662,51.518299,7.61224,792.6,1,W6,320
GDN-DUB,GDN,DUB,Gdańsk,Dublin,PL,IE,54.377602,18.4662,53.428713,-6.262121,1615.0,1,FR,738
GDN-EDI,GDN,EDI,Gdańsk,Edinburgh,PL,GB,54.377602,18.4662,55.950145,-3.372288,1392.2,1,FR,738
GDN-EIN,GDN,EIN,Gdańsk,Eindhoven,PL,NL,54.377602,18.4662,51.4500999451,5.37452983856,934.5,1,W6,320
GDN-FRA,GDN,FRA,Gdańsk,Frankfurt am Main,PL,DE,54.377602,18.4662,50.026706,8.55835,829.4,2,"LH,LO",319 321 32A 320
GDN-GLA,GDN,GLA,Gdańsk,Glasgow,PL,GB,54.377602,18.4662,55.871899,-4.43306,1458.6,1,W6,320
GDN-HEL,GDN,HEL,Gdańsk,Helsinki (Vantaa),PL,FI,54.377602,18.4662,60.318363,24.963341,766.2,1,K2,DH4
GDN-HAU,GDN,HAU,Gdańsk,Karmøy,PL,NO,54.377602,18.4662,59.345299,5.20836,974.3,1,W6,320
GDN-KRS,GDN,KRS,Gdańsk,Kristiansand(Kjevik),PL,NO,54.377602,18.4662,58.204201,8.08537,767.8,1,W6,320
GDN-CGN,GDN,CGN,Gdańsk,Köln (Cologne),PL,DE,54.377602,18.4662,50.865898,7.14274,857.0,1,W6,320
GDN-LBA,GDN,LBA,Gdańsk,"Leeds, West Yorkshire",PL,GB,54.377602,18.4662,53.865898,-1.66057,1308.4,1,FR,738
GDN-LPL,GDN,LPL,Gdańsk,Liverpool,PL,GB,54.377602,18.4662,53.334863,-2.849637,1397.4,1,W6,320
GDN-STN,GDN,STN,Gdańsk,"London, Essex",PL,GB,54.377602,18.4662,51.884998,0.235,1243.7,1,FR,738
GDN-LUZ,GDN,LUZ,Gdańsk,Lublin,PL,PL,54.377602,18.4662,51.240157,22.713461,450.6,1,K2,DH4
GDN-LTN,GDN,LTN,Gdańsk,"Luton, Luton",PL,GB,54.377602,18.4662,51.874699,-0.368333,1283.0,1,W6,320
GDN-LBC,GDN,LBC,Gdańsk,Lübeck,PL,DE,54.377602,18.4662,53.805401,10.7192,508.9,1,W6,320
GDN-MMX,GDN,MMX,Gdańsk,Malmö,PL,SE,54.377602,18.4662,55.535564,13.376327,349.5,1,W6,320
GDN-MAN,GDN,MAN,Gdańsk,"Manchester, Greater Manchester",PL,GB,54.377602,18.4662,53.349375,-2.279521,1360.2,1,FR,738
GDN-MUC,GDN,MUC,Gdańsk,Munich,PL,DE,54.377602,18.4662,48.353802,11.7861,813.9,2,"LH,LO",E95
GDN-WMI,GDN,WMI,Gdańsk,Nowy Dwór Mazowiecki,PL,PL,54.377602,18.4662,52.451099,20.6518,258.6,1,FR,738
GDN-NYO,GDN,NYO,Gdańsk,Nyköping,PL,SE,54.377602,18.4662,58.789656,16.911479,499.7,1,W6,320
GDN-BGY,GDN,BGY,Gdańsk,Orio al Serio (BG),PL,IT,54.377602,18.4662,45.669362,9.708851,1150.9,1,W6,320
GDN-OSL,GDN,OSL,Gdańsk,Oslo (Gardermoen),PL,NO,54.377602,18.4662,60.193901,11.1004,782.7,2,"DY,SK","738 73G 73W,73H 733"
GDN-PSA,GDN,PSA,Gdańsk,Pisa (PI),PL,IT,54.377602,18.4662,43.683899,10.3927,1324.8,1,FR,738
GDN-FCO,GDN,FCO,Gdańsk,Rome,PL,IT,54.377602,18.4662,41.804532,12.251998,1470.9,1,W6,320
GDN-TRF,GDN,TRF,Gdańsk,Sandefjord(Torp),PL,NO,54.377602,18.4662,59.186699,10.2586,731.1,1,W6,320
GDN-SVG,GDN,SVG,Gdańsk,Stavanger,PL,NO,54.377602,18.4662,58.876701,5.63778,928.3,1,W6,320
GDN-TRD,GDN,TRD,Gdańsk,Trondheim,PL,NO,54.377602,18.4662,63.457802,10.924,1096.8,1,W6,320
GDN-TKU,GDN,TKU,Gdańsk,Turku,PL,FI,54.377602,18.4662,60.514099,22.2628,718.9,1,W6,320
GDN-WAW,GDN,WAW,Gdańsk,Warsaw,PL,PL,54.377602,18.4662,52.165699,20.9671,296.9,1,LO,DH4
GDN-WRO,GDN,WRO,Gdańsk,Wrocław,PL,PL,54.377602,18.4662,51.103719,16.882096,379.3,1,K2,DH4
GDN-BRU,GDN,BRU,Gdańsk,Zaventem,PL,BE,54.377602,18.4662,50.901402,4.48444,1017.4,1,K2,DH4
GDN-ZRH,GDN,ZRH,Gdańsk,Zurich,PL,CH,54.377602,18.4662,47.458056,8.548056,1035.1,1,K2,DH4
GDN-AES,GDN,AES,Gdańsk,Ålesund,PL,NO,54.377602,18.4662,62.560443,6.110845,1155.3,1,W6,320
RZE-BVA,RZE,BVA,Jasionka,Beauvais,PL,FR,50.109791,22.024155,49.454399,2.11278,1427.2,1,K2,DH4
RZE-BRS,RZE,BRS,Jasionka,Bristol,PL,GB,50.109791,22.024155,51.382326,-2.716453,1738.2,1,FR,738
RZE-DUB,RZE,DUB,Jasionka,Dublin,PL,IE,50.109791,22.024155,53.428713,-6.262121,1967.4,1,FR,738
RZE-FRA,RZE,FRA,Jasionka,Frankfurt am Main,PL,DE,50.109791,22.024155,50.026706,8.55835,959.8,1,LH,CR7
RZE-STN,RZE,STN,Jasionka,"London, Essex",PL,GB,50.109791,22.024155,51.884998,0.235,1531.7,1,FR,738
RZE-LTN,RZE,LTN,Jasionka,"Luton, Luton",PL,GB,50.109791,22.024155,51.874699,-0.368333,1573.1,1,FR,738
RZE-MAN,RZE,MAN,Jasionka,"Manchester, Greater Manchester",PL,GB,50.109791,22.024155,53.349375,-2.279521,1703.3,1,FR,738
RZE-EMA,RZE,EMA,Jasionka,"Nottingham, Leicestershire",PL,GB,50.109791,22.024155,52.8311,-1.32806,1637.9,1,FR,738
RZE-FCO,RZE,FCO,Jasionka,Rome,PL,IT,50.109791,22.024155,41.804532,12.251998,1191.0,1,K2,DH4
RZE-WAW,RZE,WAW,Jasionka,Warsaw,PL,PL,50.109791,22.024155,52.165699,20.9671,240.2,1,LO,DH4 E95 E75
KTW-ALC,KTW,ALC,Katowice,Alicante,PL,ES,50.476015,19.080705,38.2822,-0.558156,2056.0,1,FR,738
KTW-BCN,KTW,BCN,Katowice,Barcelona,PL,ES,50.476015,19.080705,41.2971,2.07846,1658.7,1,W6,320
KTW-BVA,KTW,BVA,Katowice,Beauvais,PL,FR,50.476015,19.080705,49.454399,2.11278,1216.3,1,W6,320
KTW-BGO,KTW,BGO,Katowice,Bergen,PL,NO,50.476015,19.080705,60.2934,5.21814,1393.6,1,W6,320
KTW-BHX,KTW,BHX,Katowice,"Birmingham, West Midlands",PL,GB,50.476015,19.080705,52.453899,-1.74803,1454.3,1,FR,738
KTW-DTM,KTW,DTM,Katowice,Dortmund,PL,DE,50.476015,19.080705,51.518299,7.61224,810.0,1,W6,320
KTW-DUB,KTW,DUB,Katowice,Dublin,PL,IE,50.476015,19.080705,53.428713,-6.262121,1757.7,1,FR,738
KTW-DUS,KTW,DUS,Katowice,Düsseldorf,PL,DE,50.476015,19.080705,51.289501,6.76678,867.6,1,4U,CRJ
KTW-EIN,KTW,EIN,Katowice,Eindhoven,PL,NL,50.476015,19.080705,51.4500999451,5.37452983856,964.5,1,W6,320
KTW-FRA,KTW,FRA,Katowice,Frankfurt am Main,PL,DE,50.476015,19.080705,50.026706,8.55835,749.2,2,"LH,LO",735 CR7 733
KTW-HHN,KTW,HHN,Katowice,Frankfurt am Main (Lautzenhausen),PL,DE,50.476015,19.080705,49.946353,7.261734,842.2,1,W6,320
KTW-CGN,KTW,CGN,Katowice,Köln (Cologne),PL,DE,50.476015,19.080705,50.865898,7.14274,841.5,1,W6,320
KTW-STN,KTW,STN,Katowice,"London, Essex",PL,GB,50.476015,19.080705,51.884998,0.235,1319.2,1,FR,738
KTW-LTN,KTW,LTN,Katowice,"Luton, Luton",PL,GB,50.476015,19.080705,51.874699,-0.368333,1360.6,1,W6,320
KTW-MMX,KTW,MMX,Katowice,Malmö,PL,SE,50.476015,19.080705,55.535564,13.376327,679.4,1,W6,320
KTW-NAP,KTW,NAP,Katowice,Napoli,PL,IT,50.476015,19.080705,40.886002,14.2908,1128.8,1,W6,320
KTW-NYO,KTW,NYO,Katowice,Nyköping,PL,SE,50.476015,19.080705,58.789656,16.911479,934.8,1,W6,320
KTW-BGY,KTW,BGY,Katowice,Orio al Serio (BG),PL,IT,50.476015,19.080705,45.669362,9.708851,876.7,1,W6,320
KTW-CIA,KTW,CIA,Katowice,Rome,PL,IT,50.476015,19.080705,41.798769,12.595331,1085.6,1,W6,320
KTW-TRF,KTW,TRF,Katowice,Sandefjord(Torp),PL,NO,50.476015,19.080705,59.186699,10.2586,1119.2,1,W6,320
KTW-SVG,KTW,SVG,Katowice,Stavanger,PL,NO,50.476015,19.080705,58.876701,5.63778,1268.0,1,W6,320
KTW-WAW,KTW,WAW,Katowice,Warsaw,PL,PL,50.476015,19.080705,52.165699,20.9671,229.1,1,LO,E70 DH4
LUZ-MXP,LUZ,MXP,Lublin,Ferno (VA),PL,IT,51.240157,22.713461,45.6306,8.72811,1202.7,1,K2,DH4
LUZ-GDN,LUZ,GDN,Lublin,Gdańsk,PL,PL,51.240157,22.713461,54.377602,18.4662,450.6,1,K2,DH4
LUZ-STN,LUZ,STN,Lublin,"London, Essex",PL,GB,51.240157,22.713461,51.884998,0.235,1549.3,1,FR,738
LUZ-LTN,LUZ,LTN,Lublin,"Luton, Luton",PL,GB,51.240157,22.713461,51.874699,-0.368333,1590.6,1,W6,320
LUZ-FCO,LUZ,FCO,Lublin,Rome,PL,IT,51.240157,22.713461,41.804532,12.251998,1316.9,1,V3,100
LUZ-TRF,LUZ,TRF,Lublin,Sandefjord(Torp),PL,NO,51.240157,22.713461,59.186699,10.2586,1181.6,1,W6,320
WMI-ALC,WMI,ALC,Nowy Dwór Mazowiecki,Alicante,PL,ES,52.451099,20.6518,38.2822,-0.558156,2270.4,1,FR,738
WMI-BCN,WMI,BCN,Nowy Dwór Mazowiecki,Barcelona,PL,ES,52.451099,20.6518,41.2971,2.07846,1869.3,1,FR,738
WMI-BVA,WMI,BVA,Nowy Dwór Mazowiecki,Beauvais,PL,FR,52.451099,20.6518,49.454399,2.11278,1336.6,1,FR,738
WMI-BLQ,WMI,BLQ,Nowy Dwór Mazowiecki,Bologna,PL,IT,52.451099,20.6518,44.5354,11.2887,1116.5,1,FR,738
WMI-BRS,WMI,BRS,Nowy Dwór Mazowiecki,Bristol,PL,GB,52.451099,20.6518,51.382326,-2.716453,1600.1,1,FR,738
WMI-CRL,WMI,CRL,Nowy Dwór Mazowiecki,Charleroi,PL,BE,52.451099,20.6518,50.461963,4.459562,1140.9,1,FR,738
WMI-DUB,WMI,DUB,Nowy Dwór Mazowiecki,Dublin,PL,IE,52.451099,20.6518,53.428713,-6.262121,1796.1,1,FR,738
WMI-EIN,WMI,EIN,Nowy Dwór Mazowiecki,Eindhoven,PL,NL,52.451099,20.6518,51.4500999451,5.37452983856,1050.9,1,FR,738
WMI-GDN,WMI,GDN,Nowy Dwór Mazowiecki,Gdańsk,PL,PL,52.451099,20.6518,54.377602,18.4662,258.6,1,FR,738
WMI-LPL,WMI,LPL,Nowy Dwór Mazowiecki,Liverpool,PL,GB,52.451099,20.6518,53.334863,-2.849637,1572.5,1,FR,738
WMI-STN,WMI,STN,Nowy Dwór Mazowiecki,"London, Essex",PL,GB,52.451099,20.6518,51.884998,0.235,1389.2,1,FR,738
WMI-MAN,WMI,MAN,Nowy Dwór Mazowiecki,"Manchester, Greater Manchester",PL,GB,52.451099,20.6518,53.349375,-2.279521,1534.7,1,FR,738
WMI-MRS,WMI,MRS,Nowy Dwór Mazowiecki,"Marignane, Bouches-du-Rhône",PL,FR,52.451099,20.6518,43.438088,5.2125,1519.8,1,FR,738
WMI-EMA,WMI,EMA,Nowy Dwór Mazowiecki,"Nottingham, Leicestershire",PL,GB,52.451099,20.6518,52.8311,-1.32806,1477.9,1,FR,738
WMI-NYO,WMI,NYO,Nowy Dwór Mazowiecki,Nyköping,PL,SE,52.451099,20.6518,58.789656,16.911479,742.6,1,FR,738
WMI-BGY,WMI,BGY,Nowy Dwór Mazowiecki,Orio al Serio (BG),PL,IT,52.451099,20.6518,45.669362,9.708851,1095.3,1,FR,738
WMI-PMI,WMI,PMI,Nowy Dwór Mazowiecki,Palma de Mallorca,PL,ES,52.451099,20.6518,39.551701,2.73881,1982.3,1,FR,738
WMI-PSA,WMI,PSA,Nowy Dwór Mazowiecki,Pisa (PI),PL,IT,52.451099,20.6518,43.683899,10.3927,1235.0,1,FR,738
WMI-PIK,WMI,PIK,Nowy Dwór Mazowiecki,"Prestwick, South Ayrshire",PL,GB,52.451099,20.6518,55.501499,-4.577182,1674.5,1,FR,738
WMI-CIA,WMI,CIA,Nowy Dwór Mazowiecki,Rome,PL,IT,52.451099,20.6518,41.798769,12.595331,1330.2,1,FR,738
WMI-SNN,WMI,SNN,Nowy Dwór Mazowiecki,Shannon,PL,IE,52.451099,20.6518,52.702,-8.92482,1984.7,1,FR,738
WMI-SKG,WMI,SKG,Nowy Dwór Mazowiecki,Thessaloniki,PL,GR,52.451099,20.6518,40.51928,22.970009,1338.4,1,FR,738
WMI-TPS,WMI,TPS,Nowy Dwór Mazowiecki,Trapani (TP),PL,IT,52.451099,20.6518,37.9114,12.488,1736.1,1,FR,738
WMI-WRO,WMI,WRO,Nowy Dwór Mazowiecki,Wrocław,PL,PL,52.451099,20.6518,51.103719,16.882096,299.5,1,FR,738
POZ-BCN,POZ,BCN,Poznań,Barcelona,PL,ES,52.421598,16.823359,41.2971,2.07846,1663.1,1,W6,320
POZ-BVA,POZ,BVA,Poznań,Beauvais,PL,FR,52.421598,16.823359,49.454399,2.11278,1080.1,1,W6,320
POZ-BRS,POZ,BRS,Poznań,Bristol,PL,GB,52.421598,16.823359,51.382326,-2.716453,1341.4,1,FR,738
POZ-CPH,POZ,CPH,Poznań,Copenhagen,PL,DK,52.421598,16.823359,55.617900848389,12.656000137329,447.5,1,SK,CR2
POZ-DUB,POZ,DUB,Poznań,Dublin,PL,IE,52.421598,16.823359,53.428713,-6.262121,1544.8,1,FR,738
POZ-DUS,POZ,DUS,Poznań,Düsseldorf,PL,DE,52.421598,16.823359,51.289501,6.76678,701.5,1,4U,CRJ
POZ-EDI,POZ,EDI,Poznań,Edinburgh,PL,GB,52.421598,16.823359,55.950145,-3.372288,1365.7,1,FR,738
POZ-FRA,POZ,FRA,Poznań,Frankfurt am Main,PL,DE,52.421598,16.823359,50.026706,8.55835,633.7,2,"LH,LO",CR7
POZ-GRO,POZ,GRO,Poznań,Girona,PL,ES,52.421598,16.823359,41.904639,2.761774,1574.9,1,FR,738
POZ-LPL,POZ,LPL,Poznań,Liverpool,PL,GB,52.421598,16.823359,53.334863,-2.849637,1319.9,1,FR,738
POZ-STN,POZ,STN,Poznań,"London, Essex",PL,GB,52.421598,16.823359,51.884998,0.235,1130.8,1,FR,738
POZ-LTN,POZ,LTN,Poznań,"Luton, Luton",PL,GB,52.421598,16.823359,51.874699,-0.368333,1171.8,1,W6,320
POZ-MUC,POZ,MUC,Poznań,Munich,PL,DE,52.421598,16.823359,48.353802,11.7861,576.0,2,"LH,LO",CR9 CR7
POZ-NYO,POZ,NYO,Poznań,Nyköping,PL,SE,52.421598,16.823359,58.789656,16.911479,708.1,1,W6,320
POZ-CIA,POZ,CIA,Poznań,Rome,PL,IT,52.421598,16.823359,41.798769,12.595331,1223.2,1,FR,738
POZ-TRF,POZ,TRF,Poznań,Sandefjord(Torp),PL,NO,52.421598,16.823359,59.186699,10.2586,855.9,1,W6,320
POZ-WAW,POZ,WAW,Poznań,Warsaw,PL,PL,52.421598,16.823359,52.165699,20.9671,283.2,1,LO,DH4
SZZ-DUB,SZZ,DUB,Szczecin(Glewice),Dublin,PL,IE,53.584702,14.9022,53.428713,-6.262121,1394.6,1,FR,738
SZZ-LPL,SZZ,LPL,Szczecin(Glewice),Liverpool,PL,GB,53.584702,14.9022,53.334863,-2.849637,1172.5,1,FR,738
SZZ-STN,SZZ,STN,Szczecin(Glewice),"London, Essex",PL,GB,53.584702,14.9022,51.884998,0.235,1003.6,1,FR,738
SZZ-OSL,SZZ,OSL,Szczecin(Glewice),Oslo (Gardermoen),PL,NO,53.584702,14.9022,60.193901,11.1004,770.0,1,DY,733
SZZ-TRF,SZZ,TRF,Szczecin(Glewice),Sandefjord(Torp),PL,NO,53.584702,14.9022,59.186699,10.2586,685.0,1,W6,320
SZZ-SVG,SZZ,SVG,Szczecin(Glewice),Stavanger,PL,NO,53.584702,14.9022,58.876701,5.63778,819.7,1,W6,320
SZZ-WAW,SZZ,WAW,Szczecin(Glewice),Warsaw,PL,PL,53.584702,14.9022,52.165699,20.9671,436.4,1,LO,E70
WAW-AMS,WAW,AMS,Warsaw,Amsterdam,PL,NL,52.165699,20.9671,52.308601,4.76389,1101.2,2,"KL,LO","737,E95 E75 E70"
WAW-KRK,WAW,KRK,Warsaw,Balice,PL,PL,52.165699,20.9671,50.077702,19.7848,246.4,1,LO,DH4 E70
WAW-BCN,WAW,BCN,Warsaw,Barcelona,PL,ES,52.165699,20.9671,41.2971,2.07846,1869.7,5,"DY,IB,LO,VY,W6","320,73H,E95 734"
WAW-BVA,WAW,BVA,Warsaw,Beauvais,PL,FR,52.165699,20.9671,49.454399,2.11278,1354.5,1,W6,320
WAW-BEG,WAW,BEG,Warsaw,Belgrade,PL,RS,52.165699,20.9671,44.818401,20.309099,818.4,2,"JU,LO",E75 E70
WAW-BUD,WAW,BUD,Warsaw,Budapest,PL,HU,52.165699,20.9671,47.43018,19.262393,540.6,2,"LO,W6","320,E70 E75"
WAW-CRL,WAW,CRL,Warsaw,Charleroi,PL,BE,52.165699,20.9671,50.461963,4.459562,1160.2,1,W6,320
WAW-CPH,WAW,CPH,Warsaw,Copenhagen,PL,DK,52.165699,20.9671,55.617900848389,12.656000137329,665.6,3,"AC,LO,SK","CR9 319,E75 E70,M80"
WAW-DUB,WAW,DUB,Warsaw,Dublin,PL,IE,52.165699,20.9671,53.428713,-6.262121,1824.9,1,EI,320
WAW-DBV,WAW,DBV,Warsaw,Dubrovnik,PL,HR,52.165699,20.9671,42.562247,18.265543,1086.9,1,K2,DH4
WAW-DUS,WAW,DUS,Warsaw,Düsseldorf,PL,DE,52.165699,20.9671,51.289501,6.76678,981.3,3,"4U,LH,LO","CRJ,E75"
WAW-EIN,WAW,EIN,Warsaw,Eindhoven,PL,NL,52.165699,20.9671,51.4500999451,5.37452983856,1072.9,1,W6,320
WAW-MXP,WAW,MXP,Warsaw,Ferno (VA),PL,IT,52.165699,20.9671,45.6306,8.72811,1150.0,1,LO,E75 E70
WAW-FRA,WAW,FRA,Warsaw,Frankfurt am Main,PL,DE,52.165699,20.9671,50.026706,8.55835,897.3,3,"ET,LH,LO","320 321 32A,32A 321 320 319,E75 E95 E70"
WAW-GDN,WAW,GDN,Warsaw,Gdańsk,PL,PL,52.165699,20.9671,54.377602,18.4662,296.9,1,LO,E75 DH4 E95
WAW-GVA,WAW,GVA,Warsaw,Geneva,PL,CH,52.165699,20.9671,46.238098,6.10895,1261.3,2,"LO,LX",E75
WAW-GLA,WAW,GLA,Warsaw,Glasgow,PL,GB,52.165699,20.9671,55.871899,-4.43306,1699.2,1,W6,320
WAW-HAM,WAW,HAM,Warsaw,Hamburg,PL,DE,52.165699,20.9671,53.630402,9.98823,753.4,2,"LH,LO",E75 E70
WAW-HEL,WAW,HEL,Warsaw,Helsinki (Vantaa),PL,FI,52.165699,20.9671,60.318363,24.963341,939.1,2,"AY,BA","E70,E70 E90"
WAW-IST,WAW,IST,Warsaw,Istanbul,PL,TR,52.165699,20.9671,41.274874,28.732136,1346.1,2,"LO,TK","321,734 E95"
WAW-RZE,WAW,RZE,Warsaw,Jasionka,PL,PL,52.165699,20.9671,50.109791,22.024155,240.2,1,LO,DH4 E95 E75
WAW-KTW,WAW,KTW,Warsaw,Katowice,PL,PL,52.165699,20.9671,50.476015,19.080705,229.1,1,LO,E70 DH4
WAW-CGN,WAW,CGN,Warsaw,Köln (Cologne),PL,DE,52.165699,20.9671,50.865898,7.14274,965.9,1,4U,CRJ
WAW-LIS,WAW,LIS,Warsaw,Lisbon,PL,PT,52.165699,20.9671,38.7813,-9.13592,2749.0,2,"LO,TP",320 319
WAW-LPL,WAW,LPL,Warsaw,Liverpool,PL,GB,52.165699,20.9671,53.334863,-2.849637,1600.8,1,W6,320
WAW-LHR,WAW,LHR,Warsaw,London,PL,GB,52.165699,20.9671,51.470748,-0.459909,1469.5,5,"AA,BA,IB,LO,NH","320,734,734 E95"
WAW-LTN,WAW,LTN,Warsaw,"Luton, Luton",PL,GB,52.165699,20.9671,51.874699,-0.368333,1455.0,1,W6,320
WAW-LWO,WAW,LWO,Warsaw,Lviv,PL,UA,52.165699,20.9671,49.8125,23.9561,335.0,1,LO,E95 E70
WAW-MAD,WAW,MAD,Warsaw,Madrid,PL,ES,52.165699,20.9671,40.493407,-3.572249,2270.1,1,LO,734 E95
WAW-MMX,WAW,MMX,Warsaw,Malmö,PL,SE,52.165699,20.9671,55.535564,13.376327,622.6,1,W6,320
WAW-MSQ,WAW,MSQ,Warsaw,Minsk,PL,BY,52.165699,20.9671,53.888071,28.039964,510.0,2,"B2,LO","735 CRJ E75,E75 E95 734"
WAW-SVO,WAW,SVO,Warsaw,Moscow,PL,RU,52.165699,20.9671,55.976858,37.41121,1150.1,2,"LO,SU","320,E95 E75"
WAW-MUC,WAW,MUC,Warsaw,Munich,PL,DE,52.165699,20.9671,48.353802,11.7861,777.3,2,"LH,LO","E75,E95"
WAW-AGP,WAW,AGP,Warsaw,Málaga,PL,ES,52.165699,20.9671,36.6749,-4.49911,2632.0,1,DY,73H
WAW-NCE,WAW,NCE,Warsaw,"Nice, Alpes-Maritimes",PL,FR,52.165699,20.9671,43.658401,7.21587,1390.5,1,LO,E75
WAW-NYO,WAW,NYO,Warsaw,Nyköping,PL,SE,52.165699,20.9671,58.789656,16.911479,779.3,1,W6,320
WAW-BGY,WAW,BGY,Warsaw,Orio al Serio (BG),PL,IT,52.165699,20.9671,45.669362,9.708851,1092.6,1,W6,320
WAW-OSL,WAW,OSL,Warsaw,Oslo (Gardermoen),PL,NO,52.165699,20.9671,60.193901,11.1004,1079.1,1,DY,733 73H
WAW-OTP,WAW,OTP,Warsaw,Otopeni,PL,RO,52.165699,20.9671,44.571792,26.103285,925.2,2,"LO,RO","E70,E75 E95 E70"
WAW-CDG,WAW,CDG,Warsaw,"Paris (Roissy-en-France, Val-d'Oise)",PL,FR,52.165699,20.9671,49.00896,2.554117,1342.4,2,"AF,LO","321 318 319 320,E95 E75"
WAW-POZ,WAW,POZ,Warsaw,Poznań,PL,PL,52.165699,20.9671,52.421598,16.823359,283.2,1,LO,DH4
WAW-PRG,WAW,PRG,Warsaw,Prague,PL,CZ,52.165699,20.9671,50.100874,14.259911,521.0,3,"LO,OK,QS","AT7 AT4,E75 E70"
WAW-RIX,WAW,RIX,Warsaw,Riga,PL,LV,52.165699,20.9671,56.920752,23.970711,563.0,2,"BT,LO","DH4,E70 DH4 E75"
WAW-FCO,WAW,FCO,Warsaw,Rome,PL,IT,52.165699,20.9671,41.804532,12.251998,1326.1,2,"AZ,W6","320,32S"
WAW-TRF,WAW,TRF,Warsaw,Sandefjord(Torp),PL,NO,52.165699,20.9671,59.186699,10.2586,1027.2,1,W6,320
WAW-LIN,WAW,LIN,Warsaw,Segrate (MI),PL,IT,52.165699,20.9671,45.445099,9.27674,1134.0,1,AZ,319 E75
WAW-SOF,WAW,SOF,Warsaw,Sofia,PL,BG,52.165699,20.9671,42.696357,23.417671,1068.8,2,"FB,LO","E75,E75 E70"
WAW-ATH,WAW,ATH,Warsaw,Spata-Artemida,PL,GR,52.165699,20.9671,37.936401,23.9445,1599.1,2,"A3,LO","320,E95 E75 734"
WAW-SPU,WAW,SPU,Warsaw,Split,PL,HR,52.165699,20.9671,43.538898,16.298,1020.0,1,K2,DH4
WAW-LED,WAW,LED,Warsaw,St. Petersburg,PL,RU,52.165699,20.9671,59.800301,30.262501,1025.1,1,LO,E75
WAW-SVG,WAW,SVG,Warsaw,Stavanger,PL,NO,52.165699,20.9671,58.876701,5.63778,1215.1,1,DY,73H
WAW-ARN,WAW,ARN,Warsaw,Stockholm,PL,SE,52.165699,20.9671,59.64849,17.928829,853.1,1,LO,E70 E75
WAW-SZZ,WAW,SZZ,Warsaw,Szczecin(Glewice),PL,PL,52.165699,20.9671,53.584702,14.9022,436.4,1,LO,E70
WAW-TLL,WAW,TLL,Warsaw,Tallinn,PL,EE,52.165699,20.9671,59.413246,24.83264,841.0,1,LO,E70 E75
WAW-VIE,WAW,VIE,Warsaw,Vienna,PL,AT,52.165699,20.9671,48.110298,16.5697,548.9,2,"LO,OS","E95 E75,E95 F70 100 DH4 E75"
WAW-VNO,WAW,VNO,Warsaw,Vilnius,PL,LT,52.165699,20.9671,54.634102,25.285801,396.5,1,LO,E70 E75 DH4
WAW-WRO,WAW,WRO,Warsaw,Wrocław,PL,PL,52.165699,20.9671,51.103719,16.882096,305.6,1,LO,E95 E75 E70
WAW-ZAD,WAW,ZAD,Warsaw,Zadar,PL,HR,52.165699,20.9671,44.096986,15.353565,988.5,1,K2,DH4
WAW-BRU,WAW,BRU,Warsaw,Zaventem,PL,BE,52.165699,20.9671,50.901402,4.48444,1146.2,1,LO,E95 734 E75
WAW-LJU,WAW,LJU,Warsaw,Zgornji Brnik,PL,SI,52.165699,20.9671,46.223701,14.4576,811.9,2,"JP,LO",CR2
WAW-ZRH,WAW,ZRH,Warsaw,Zurich,PL,CH,52.165699,20.9671,47.458056,8.548056,1031.5,2,"LO,LX","100,E70 E75"
WRO-ALC,WRO,ALC,Wrocław,Alicante,PL,ES,51.103719,16.882096,38.2822,-0.558156,1973.5,1,FR,738
WRO-BVA,WRO,BVA,Wrocław,Beauvais,PL,FR,51.103719,16.882096,49.454399,2.11278,1063.5,1,W6,320
WRO-BLQ,WRO,BLQ,Wrocław,Bologna,PL,IT,51.103719,16.882096,44.5354,11.2887,840.8,1,FR,738
WRO-BRS,WRO,BRS,Wrocław,Bristol,PL,GB,51.103719,16.882096,51.382326,-2.716453,1360.5,1,FR,738
WRO-CPH,WRO,CPH,Wrocław,Copenhagen,PL,DK,51.103719,16.882096,55.617900848389,12.656000137329,574.7,1,SK,CR2
WRO-ORK,WRO,ORK,Wrocław,Cork,PL,IE,51.103719,16.882096,51.841301,-8.49111,1750.4,1,FR,738
WRO-DUB,WRO,DUB,Wrocław,Dublin,PL,IE,51.103719,16.882096,53.428713,-6.262121,1588.8,1,FR,738
WRO-DUS,WRO,DUS,Wrocław,Düsseldorf,PL,DE,51.103719,16.882096,51.289501,6.76678,704.6,1,4U,CRJ
WRO-FRA,WRO,FRA,Wrocław,Frankfurt am Main,PL,DE,51.103719,16.882096,50.026706,8.55835,599.6,2,"LH,LO","CR7 32A,CR7 32A 321"
WRO-GDN,WRO,GDN,Wrocław,Gdańsk,PL,PL,51.103719,16.882096,54.377602,18.4662,379.3,1,K2,DH4
WRO-GRO,WRO,GRO,Wrocław,Girona,PL,ES,51.103719,16.882096,41.904639,2.761774,1483.3,1,FR,738
WRO-LPL,WRO,LPL,Wrocław,Liverpool,PL,GB,51.103719,16.882096,53.334863,-2.849637,1362.3,1,FR,738
WRO-STN,WRO,STN,Wrocław,"London, Essex",PL,GB,51.103719,16.882096,51.884998,0.235,1153.2,1,FR,738
WRO-LTN,WRO,LTN,Wrocław,"Luton, Luton",PL,GB,51.103719,16.882096,51.874699,-0.368333,1194.6,1,W6,320
WRO-MUC,WRO,MUC,Wrocław,Munich,PL,DE,51.103719,16.882096,48.353802,11.7861,476.9,2,"LH,LO",CR7 CR9 E95
WRO-AGP,WRO,AGP,Wrocław,Málaga,PL,ES,51.103719,16.882096,36.6749,-4.49911,2331.2,1,FR,738
WRO-EMA,WRO,EMA,Wrocław,"Nottingham, Leicestershire",PL,GB,51.103719,16.882096,52.8311,-1.32806,1258.7,1,FR,738
WRO-WMI,WRO,WMI,Wrocław,Nowy Dwór Mazowiecki,PL,PL,51.103719,16.882096,52.451099,20.6518,299.5,1,FR,738
WRO-BGY,WRO,BGY,Wrocław,Orio al Serio (BG),PL,IT,51.103719,16.882096,45.669362,9.708851,802.8,1,FR,738
WRO-CDG,WRO,CDG,Wrocław,"Paris (Roissy-en-France, Val-d'Oise)",PL,FR,51.103719,16.882096,49.00896,2.554117,1047.2,1,K2,DH4
WRO-PIK,WRO,PIK,Wrocław,"Prestwick, South Ayrshire",PL,GB,51.103719,16.882096,55.501499,-4.577182,1500.3,1,FR,738
WRO-CIA,WRO,CIA,Wrocław,Rome,PL,IT,51.103719,16.882096,41.798769,12.595331,1085.0,1,FR,738
WRO-TRF,WRO,TRF,Wrocław,Sandefjord(Torp),PL,NO,51.103719,16.882096,59.186699,10.2586,991.3,1,W6,320
WRO-SNN,WRO,SNN,Wrocław,Shannon,PL,IE,51.103719,16.882096,52.702,-8.92482,1769.8,1,FR,738
WRO-MLA,WRO,MLA,Wrocław,Valletta,PL,MT,51.103719,16.882096,35.845932,14.491546,1707.3,1,FR,738
WRO-WAW,WRO,WAW,Wrocław,Warsaw,PL,PL,51.103719,16.882096,52.165699,20.9671,305.6,1,LO,E95 E75 E70
WRO-BRU,WRO,BRU,Wrocław,Zaventem,PL,BE,51.103719,16.882096,50.901402,4.48444,866.8,1,K2,DH4
WRO-ZRH,WRO,ZRH,Wrocław,Zurich,PL,CH,51.103719,16.882096,47.458056,8.548056,727.2,1,K2,DH4
FAO-AMS,FAO,AMS,Faro,Amsterdam,PT,NL,37.015909,-7.970939,52.308601,4.76389,1969.8,1,HV,73H
FAO-BVA,FAO,BVA,Faro,Beauvais,PT,FR,37.015909,-7.970939,49.454399,2.11278,1603.1,1,FR,738
FAO-BFS,FAO,BFS,Faro,Belfast,PT,GB,37.015909,-7.970939,54.6575012207,-6.2158298492399995,1966.2,2,"LS,U2","319,733"
FAO-BHD,FAO,BHD,Faro,Belfast,PT,GB,37.015909,-7.970939,54.618099,-5.8725,1963.8,1,EI,320
FAO-BLL,FAO,BLL,Faro,Billund,PT,DK,37.015909,-7.970939,55.740335,9.157019,2447.1,1,FR,738
FAO-BHX,FAO,BHX,Faro,"Birmingham, West Midlands",PT,GB,37.015909,-7.970939,52.453899,-1.74803,1784.0,3,"FR,TO,ZB","321,738,73H 75W"
FAO-BOH,FAO,BOH,Faro,Bournemouth,PT,GB,37.015909,-7.970939,50.780483,-1.839576,1606.1,1,FR,738
FAO-BRE,FAO,BRE,Faro,Bremen,PT,DE,37.015909,-7.970939,53.046786,8.78932,2204.6,1,FR,738
FAO-BRS,FAO,BRS,Faro,Bristol,PT,GB,37.015909,-7.970939,51.382326,-2.716453,1650.4,2,"FR,U2","319 320,738"
FAO-BSL,FAO,BSL,Faro,Bâle / Mulhouse,PT,FR,37.015909,-7.970939,47.60068,7.521117,1728.5,1,U2,319
FAO-CRL,FAO,CRL,Faro,Charleroi,PT,BE,37.015909,-7.970939,50.461963,4.459562,1792.7,1,FR,738
FAO-NOC,FAO,NOC,Faro,Charlestown,PT,IE,37.015909,-7.970939,53.910439,-8.817002,1879.7,1,FR,738
FAO-CPH,FAO,CPH,Faro,Copenhagen,PT,DK,37.015909,-7.970939,55.617900848389,12.656000137329,2584.3,1,DY,73H
FAO-ORK,FAO,ORK,Faro,Cork,PT,IE,37.015909,-7.970939,51.841301,-8.49111,1649.0,2,"EI,FR","320,738"
FAO-LDY,FAO,LDY,Faro,"Derry, Derry and Strabane",PT,GB,37.015909,-7.970939,55.042801,-7.16111,2005.4,1,FR,738
FAO-DTM,FAO,DTM,Faro,Dortmund,PT,DE,37.015909,-7.970939,51.518299,7.61224,2025.8,1,FR,738
FAO-DUB,FAO,DUB,Faro,Dublin,PT,IE,37.015909,-7.970939,53.428713,-6.262121,1829.8,2,"EI,FR","320 321 330 332,738"
FAO-DUS,FAO,DUS,Faro,Düsseldorf,PT,DE,37.015909,-7.970939,51.289501,6.76678,1967.3,2,"AB,X3","321 320,73H"
FAO-EDI,FAO,EDI,Faro,Edinburgh,PT,GB,37.015909,-7.970939,55.950145,-3.372288,2133.5,2,"FR,LS","733,738"
FAO-EIN,FAO,EIN,Faro,Eindhoven,PT,NL,37.015909,-7.970939,51.4500999451,5.37452983856,1918.6,2,"FR,HV","738,73H 73W"
FAO-EXT,FAO,EXT,Faro,"Exeter, Devon",PT,GB,37.015909,-7.970939,50.734261,-3.413984,1567.8,1,BE,E95
FAO-KIR,FAO,KIR,Faro,Farranfore,PT,IE,37.015909,-7.970939,52.180901,-9.52378,1690.6,1,FR,738
FAO-FRA,FAO,FRA,Faro,Frankfurt am Main,PT,DE,37.015909,-7.970939,50.026706,8.55835,1958.3,3,"LH,TP,X3","32A 321 320,73H"
FAO-HHN,FAO,HHN,Faro,Frankfurt am Main (Lautzenhausen),PT,DE,37.015909,-7.970939,49.946353,7.261734,1884.1,1,FR,738
FAO-GVA,FAO,GVA,Faro,Geneva,PT,CH,37.015909,-7.970939,46.238098,6.10895,1551.8,1,U2,319 320
FAO-GLA,FAO,GLA,Faro,Glasgow,PT,GB,37.015909,-7.970939,55.871899,-4.43306,2113.5,3,"LS,TO,U2","319,738 73H,75W"
FAO-GRQ,FAO,GRQ,Faro,Groningen,PT,NL,37.015909,-7.970939,53.119107,6.577652,2115.1,1,HV,73H
FAO-HAM,FAO,HAM,Faro,Hamburg,PT,DE,37.015909,-7.970939,53.630402,9.98823,2306.5,2,"4U,AB","319,320"
FAO-HAJ,FAO,HAJ,Faro,Hannover,PT,DE,37.015909,-7.970939,52.461102,9.68508,2200.0,1,X3,73H
FAO-XRY,FAO,XRY,Faro,Jerez de la Frontera,PT,ES,37.015909,-7.970939,36.744598,-6.06011,172.6,1,LG,73H
FAO-CGN,FAO,CGN,Faro,Köln (Cologne),PT,DE,37.015909,-7.970939,50.865898,7.14274,1950.6,2,"4U,FR","319 320,738"
FAO-LBA,FAO,LBA,Faro,"Leeds, West Yorkshire",PT,GB,37.015909,-7.970939,53.865898,-1.66057,1935.3,3,"FR,LS,ZB","320,733 73H 752,738"
FAO-LIS,FAO,LIS,Faro,Lisbon,PT,PT,37.015909,-7.970939,38.7813,-9.13592,221.3,4,"FR,S4,TP,US","319,319 320 ER4,738"
FAO-LPL,FAO,LPL,Faro,Liverpool,PT,GB,37.015909,-7.970939,53.334863,-2.849637,1857.3,2,"FR,U2","320 319,738"
FAO-LGW,FAO,LGW,Faro,London,PT,GB,37.015909,-7.970939,51.148744,-0.185739,1687.8,5,"BA,DY,TO,U2,ZB","319 734 320,320 319,73H,752 321 332"
FAO-LHR,FAO,LHR,Faro,London,PT,GB,37.015909,-7.970939,51.470748,-0.459909,1712.8,1,BA,320
FAO-STN,FAO,STN,Faro,"London, Essex",PT,GB,37.015909,-7.970939,51.884998,0.235,1774.3,2,"FR,TO","738,73H"
FAO-LTN,FAO,LTN,Faro,"Luton, Luton",PT,GB,37.015909,-7.970939,51.874699,-0.368333,1756.7,3,"TO,U2,ZB","319 320,320 321,75W 73H"
FAO-LUX,FAO,LUX,Faro,Luxembourg,PT,LU,37.015909,-7.970939,49.626845,6.212134,1805.6,1,LG,73H
FAO-MST,FAO,MST,Faro,Maastricht,PT,NL,37.015909,-7.970939,50.911087,5.769401,1889.8,1,FR,738
FAO-MAN,FAO,MAN,Faro,"Manchester, Greater Manchester",PT,GB,37.015909,-7.970939,53.349375,-2.279521,1868.7,4,"FR,LS,TO,ZB","321 752 320,738,738 752 75W,73H"
FAO-FMM,FAO,FMM,Faro,Memmingen,PT,DE,37.015909,-7.970939,47.988092,10.238248,1919.4,1,FR,738
FAO-MUC,FAO,MUC,Faro,Munich,PT,DE,37.015909,-7.970939,48.353802,11.7861,2038.4,4,"AB,LH,TP,X3","321,738,73H"
FAO-AGP,FAO,AGP,Faro,Málaga,PT,ES,37.015909,-7.970939,36.6749,-4.49911,311.2,1,HQ,320
FAO-NCL,FAO,NCL,Faro,"Newcastle upon Tyne, Tyne and Wear",PT,GB,37.015909,-7.970939,55.037958,-1.689577,2059.8,3,"LS,TO,U2","319 320,733 73C,73H"
FAO-EMA,FAO,EMA,Faro,"Nottingham, Leicestershire",PT,GB,37.015909,-7.970939,52.8311,-1.32806,1832.8,4,"FR,LS,TO,ZB","321,733,738,73H"
FAO-OSL,FAO,OSL,Faro,Oslo (Gardermoen),PT,NO,37.015909,-7.970939,60.193901,11.1004,2909.8,1,DY,73H
FAO-PMI,FAO,PMI,Faro,Palma de Mallorca,PT,ES,37.015909,-7.970939,39.551701,2.73881,975.7,1,AB,738 320
FAO-ORY,FAO,ORY,Faro,"Paris (Orly, Val-de-Marne)",PT,FR,37.015909,-7.970939,48.729499,2.358963,1547.7,2,"TO,U2","320,73H"
FAO-CDG,FAO,CDG,Faro,"Paris (Roissy-en-France, Val-d'Oise)",PT,FR,37.015909,-7.970939,49.00896,2.554117,1581.2,1,ZI,319
FAO-OPO,FAO,OPO,Faro,Porto,PT,PT,37.015909,-7.970939,41.2481002808,-8.68138980865,474.6,1,FR,738
FAO-PIK,FAO,PIK,Faro,"Prestwick, South Ayrshire",PT,GB,37.015909,-7.970939,55.501499,-4.577182,2071.4,1,FR,738
FAO-RTM,FAO,RTM,Faro,Rotterdam,PT,NL,37.015909,-7.970939,51.956902,4.43722,1925.0,1,HV,73H 73W
FAO-SNN,FAO,SNN,Faro,Shannon,PT,IE,37.015909,-7.970939,52.702,-8.92482,1745.8,2,"EI,FR","320,738"
FAO-SOU,FAO,SOU,Faro,Southampton,PT,GB,37.015909,-7.970939,50.950298,-1.3568,1635.7,1,BE,E95
FAO-SEN,FAO,SEN,Faro,"Southend-on-Sea, Essex",PT,GB,37.015909,-7.970939,51.570562,0.693627,1756.3,1,U2,319
FAO-ARN,FAO,ARN,Faro,Stockholm,PT,SE,37.015909,-7.970939,59.64849,17.928829,3120.0,1,DY,73H
FAO-STR,FAO,STR,Faro,Stuttgart,PT,DE,37.015909,-7.970939,48.689899,9.22196,1902.1,2,"4U,X3","319 320,73H"
FAO-NRN,FAO,NRN,Faro,Weeze,PT,DE,37.015909,-7.970939,51.601362,6.141228,1965.1,1,FR,738
FAO-BRU,FAO,BRU,Faro,Zaventem,PT,BE,37.015909,-7.970939,50.901402,4.48444,1832.3,2,"SN,TP",320 319
FNC-AMS,FNC,AMS,Funchal,Amsterdam,PT,NL,32.697812,-16.774613,52.308601,4.76389,2783.5,1,HV,73H
FNC-BHX,FNC,BHX,Funchal,"Birmingham, West Midlands",PT,GB,32.697812,-16.774613,52.453899,-1.74803,2506.5,2,"TO,ZB","320 321,75W"
FNC-BRE,FNC,BRE,Funchal,Bremen,PT,DE,32.697812,-16.774613,53.046786,8.78932,3043.3,1,ST,319
FNC-BRS,FNC,BRS,Funchal,Bristol,PT,GB,32.697812,-16.774613,51.382326,-2.716453,2370.6,1,U2,320
FNC-BSL,FNC,BSL,Funchal,Bâle / Mulhouse,PT,FR,32.697812,-16.774613,47.60068,7.521117,2628.3,1,X3,73H
FNC-DUS,FNC,DUS,Funchal,Düsseldorf,PT,DE,32.697812,-16.774613,51.289501,6.76678,2814.3,2,"AB,DE","32S,738 321"
FNC-FRA,FNC,FRA,Funchal,Frankfurt am Main,PT,DE,32.697812,-16.774613,50.026706,8.55835,2834.9,2,"DE,X3","73H,757"
FNC-GLA,FNC,GLA,Funchal,Glasgow,PT,GB,32.697812,-16.774613,55.871899,-4.43306,2748.1,1,TOM,75W
FNC-HAM,FNC,HAM,Funchal,Hamburg,PT,DE,32.697812,-16.774613,53.630402,9.98823,3145.9,1,DE,32S
FNC-HAJ,FNC,HAJ,Funchal,Hannover,PT,DE,32.697812,-16.774613,52.461102,9.68508,3052.7,1,X3,73H
FNC-CGN,FNC,CGN,Funchal,Köln (Cologne),PT,DE,32.697812,-16.774613,50.865898,7.14274,2806.4,1,X3,73H
FNC-LBA,FNC,LBA,Funchal,"Leeds, West Yorkshire",PT,GB,32.697812,-16.774613,53.865898,-1.66057,2640.1,1,LS,73H
FNC-LIS,FNC,LIS,Funchal,Lisbon,PT,PT,32.697812,-16.774613,38.7813,-9.13592,965.2,4,"S4,TP,U2,US","319,319 320,321 319 100 320,321 319 320 100 332"
FNC-LGW,FNC,LGW,Funchal,London,PT,GB,32.697812,-16.774613,51.148744,-0.185739,2455.8,4,"TO,TP,U2,ZB","319,320 319,321,75W"
FNC-LUX,FNC,LUX,Funchal,Luxembourg,PT,LU,32.697812,-16.774613,49.626845,6.212134,2671.2,1,LG,73H
FNC-MAN,FNC,MAN,Funchal,"Manchester, Greater Manchester",PT,GB,32.697812,-16.774613,53.349375,-2.279521,2569.7,2,"LS,TO","75W,75W 733"
FNC-MUC,FNC,MUC,Funchal,Munich,PT,DE,32.697812,-16.774613,48.353802,11.7861,2947.9,2,"AB,DE","32S,738"
FNC-EMA,FNC,EMA,Funchal,"Nottingham, Leicestershire",PT,GB,32.697812,-16.774613,52.8311,-1.32806,2557.1,1,LS,733
FNC-ORY,FNC,ORY,Funchal,"Paris (Orly, Val-de-Marne)",PT,FR,32.697812,-16.774613,48.729499,2.358963,2390.2,1,ZI,320
FNC-PDL,FNC,PDL,Funchal,Ponta Delgada,PT,PT,32.697812,-16.774613,37.7411994934,-25.6979007721,984.9,3,"NT,S4,TP",DH4
FNC-OPO,FNC,OPO,Funchal,Porto,PT,PT,32.697812,-16.774613,41.2481002808,-8.68138980865,1190.8,3,"S4,TO,TP","319 320 100,73H"
FNC-PRG,FNC,PRG,Funchal,Prague,PT,CZ,32.697812,-16.774613,50.100874,14.259911,3193.8,1,QS,738
FNC-LEJ,FNC,LEJ,Funchal,Schkeuditz,PT,DE,32.697812,-16.774613,51.420657,12.232705,3136.4,2,"AB,DE","321,738"
FNC-STR,FNC,STR,Funchal,Stuttgart,PT,DE,32.697812,-16.774613,48.689899,9.22196,2798.1,2,"DE,X3","32S,73H"
FNC-VIE,FNC,VIE,Funchal,Vienna,PT,AT,32.697812,-16.774613,48.110298,16.5697,3264.9,4,"AB,HG,OS,TP",321
FNC-BRU,FNC,BRU,Funchal,Zaventem,PT,BE,32.697812,-16.774613,50.901402,4.48444,2664.1,1,HQ,319 320
FNC-ZRH,FNC,ZRH,Funchal,Zurich,PT,CH,32.697812,-16.774613,47.458056,8.548056,2687.7,2,"AB,LX",320
HOR-LIS,HOR,LIS,Horta,Lisbon,PT,PT,38.519901275634766,-28.715900421142575,38.7813,-9.13592,1697.3,2,"S4,TP","319 320,320"
HOR-PDL,HOR,PDL,Horta,Ponta Delgada,PT,PT,38.519901275634766,-28.715900421142575,37.7411994934,-25.6979007721,277.8,1,SP,DH2 DH4
HOR-TER,HOR,TER,Horta,Praia da Vitória,PT,PT,38.519901275634766,-28.715900421142575,38.761799,-27.090799,143.7,1,SP,DH4 DH2
HOR-FLW,HOR,FLW,Horta,Santa Cruz das Flores,PT,PT,38.519901275634766,-28.715900421142575,39.455299377441406,-31.13139915466309,233.2,1,SP,DH4
LIS-AMS,LIS,AMS,Lisbon,Amsterdam,PT,NL,38.7813,-9.13592,52.308601,4.76389,1846.3,8,"AY,EY,HV,KL,S4,TP,U2,US","319,320 319,32S,737,73H 73W"
LIS-BCN,LIS,BCN,Lisbon,Barcelona,PT,ES,38.7813,-9.13592,41.2971,2.07846,994.0,4,"IB,S4,TP,VY","320,320 ER4 319 100,ER4 319 100"
LIS-BVA,LIS,BVA,Lisbon,Beauvais,PT,FR,38.7813,-9.13592,49.454399,2.11278,1484.8,1,FR,738
LIS-BIO,LIS,BIO,Lisbon,Bilbao,PT,ES,38.7813,-9.13592,43.301102,-2.91061,724.3,3,"S4,TP,U2","319,ER4 100"
LIS-BLQ,LIS,BLQ,Lisbon,Bologna,PT,IT,38.7813,-9.13592,44.5354,11.2887,1807.4,3,"AZ,OU,TP","319,319 320"
LIS-BOD,LIS,BOD,Lisbon,Bordeaux,PT,FR,38.7813,-9.13592,44.82865,-0.715356,968.2,2,"TP,U2","100 ER4,319"
LIS-BRS,LIS,BRS,Lisbon,Bristol,PT,GB,38.7813,-9.13592,51.382326,-2.716453,1487.6,1,U2,320
LIS-BUD,LIS,BUD,Lisbon,Budapest,PT,HU,38.7813,-9.13592,47.43018,19.262393,2480.3,1,TP,320 321 319
LIS-BSL,LIS,BSL,Lisbon,Bâle / Mulhouse,PT,FR,38.7813,-9.13592,47.60068,7.521117,1663.1,1,U2,319
LIS-LYS,LIS,LYS,Lisbon,"Colombier-Saugnieu, Rhône",PT,FR,38.7813,-9.13592,45.725996,5.090139,1399.4,2,"TP,U2","100 ER4,319"
LIS-CPH,LIS,CPH,Lisbon,Copenhagen,PT,DK,38.7813,-9.13592,55.617900848389,12.656000137329,2471.8,3,"DY,S4,TP","320,321 320,73H"
LIS-ORK,LIS,ORK,Lisbon,Cork,PT,IE,38.7813,-9.13592,51.841301,-8.49111,1453.1,1,EI,320
LIS-LCG,LIS,LCG,Lisbon,Culleredo,PT,ES,38.7813,-9.13592,43.302101,-8.37726,506.7,1,TP,BEH
LIS-DLE,LIS,DLE,Lisbon,Dole,PT,FR,38.7813,-9.13592,47.038955,5.427589,1495.9,1,FR,738
LIS-DUB,LIS,DUB,Lisbon,Dublin,PT,IE,38.7813,-9.13592,53.428713,-6.262121,1643.4,2,"EI,FR","320,738"
LIS-DUS,LIS,DUS,Lisbon,Düsseldorf,PT,DE,38.7813,-9.13592,51.289501,6.76678,1861.7,1,TP,319 320
LIS-EDI,LIS,EDI,Lisbon,Edinburgh,PT,GB,38.7813,-9.13592,55.950145,-3.372288,1956.1,1,U2,319 320
LIS-EIN,LIS,EIN,Lisbon,Eindhoven,PT,NL,38.7813,-9.13592,51.4500999451,5.37452983856,1804.5,1,HV,73H 73W
LIS-FAO,LIS,FAO,Lisbon,Faro,PT,PT,38.7813,-9.13592,37.015909,-7.970939,221.3,4,"FR,S4,TP,US","319 320,319 320 ER4,738"
LIS-MXP,LIS,MXP,Lisbon,Ferno (VA),PT,IT,38.7813,-9.13592,45.6306,8.72811,1651.7,3,"AZ,TP,U2","319 320,320 319,320 319 100"
LIS-FRA,LIS,FRA,Lisbon,Frankfurt am Main,PT,DE,38.7813,-9.13592,50.026706,8.55835,1872.7,4,"ET,LH,S4,TP","319 321,319 321 320,321,321 32A"
LIS-HHN,LIS,HHN,Lisbon,Frankfurt am Main (Lautzenhausen),PT,DE,38.7813,-9.13592,49.946353,7.261734,1792.8,1,FR,738
LIS-FNC,LIS,FNC,Lisbon,Funchal,PT,PT,38.7813,-9.13592,32.697812,-16.774613,965.2,4,"S4,TP,U2,US","319,319 320 100 321,319 320 100 321 332"
LIS-GVA,LIS,GVA,Lisbon,Geneva,PT,CH,38.7813,-9.13592,46.238098,6.10895,1495.7,4,"AY,LX,TP,U2","319 320,319 320 321,320 319,320 321"
LIS-HAM,LIS,HAM,Lisbon,Hamburg,PT,DE,38.7813,-9.13592,53.630402,9.98823,2197.7,2,"LH,TP",319 320 321
LIS-HEL,LIS,HEL,Lisbon,Helsinki (Vantaa),PT,FI,38.7813,-9.13592,60.318363,24.963341,3363.9,2,"AY,TP",320
LIS-HOR,LIS,HOR,Lisbon,Horta,PT,PT,38.7813,-9.13592,38.519901275634766,-28.715900421142575,1697.3,2,"S4,TP","319 320,320"
LIS-IST,LIS,IST,Lisbon,Istanbul,PT,TR,38.7813,-9.13592,41.274874,28.732136,3210.6,2,"TK,TP","321,321 738"
LIS-CGN,LIS,CGN,Lisbon,Köln (Cologne),PT,DE,38.7813,-9.13592,50.865898,7.14274,1850.5,1,4U,319 320
LIS-LPL,LIS,LPL,Lisbon,Liverpool,PT,GB,38.7813,-9.13592,53.334863,-2.849637,1687.8,1,U2,319 320
LIS-LGW,LIS,LGW,Lisbon,London,PT,GB,38.7813,-9.13592,51.148744,-0.185739,1542.3,3,"S4,TP,U2","319,319 320"
LIS-LHR,LIS,LHR,Lisbon,London,PT,GB,38.7813,-9.13592,51.470748,-0.459909,1564.0,6,"AA,AY,BA,NH,S4,TP","319 320 321,319 321,320,320 321 319"
LIS-STN,LIS,STN,Lisbon,"London, Essex",PT,GB,38.7813,-9.13592,51.884998,0.235,1627.7,1,FR,738
LIS-LTN,LIS,LTN,Lisbon,"Luton, Luton",PT,GB,38.7813,-9.13592,51.874699,-0.368333,1606.4,1,U2,319 320
LIS-LUX,LIS,LUX,Lisbon,Luxembourg,PT,LU,38.7813,-9.13592,49.626845,6.212134,1711.6,3,"LG,TP,U2","319,319 320 100,73W 73H"
LIS-MAD,LIS,MAD,Lisbon,Madrid,PT,ES,38.7813,-9.13592,40.493407,-3.572249,512.9,6,"IB,S4,TP,U2,US,UX","319,319 ER4 100,320 321 319,ER4,ER4 100 319,ER4 319 320 100"
LIS-MAN,LIS,MAN,Lisbon,"Manchester, Greater Manchester",PT,GB,38.7813,-9.13592,53.349375,-2.279521,1702.1,2,"FR,TP","319 320,738"
LIS-MRS,LIS,MRS,Lisbon,"Marignane, Bouches-du-Rhône",PT,FR,38.7813,-9.13592,43.438088,5.2125,1306.6,2,"FR,TP","738,ER4 100"
LIS-DME,LIS,DME,Lisbon,Moscow,PT,RU,38.7813,-9.13592,55.408798,37.9063,3913.3,2,"S7,TP",320
LIS-MUC,LIS,MUC,Lisbon,Munich,PT,DE,38.7813,-9.13592,48.353802,11.7861,1983.6,2,"LH,TP","320 319,321"
LIS-AGP,LIS,AGP,Lisbon,Málaga,PT,ES,38.7813,-9.13592,36.6749,-4.49911,470.2,3,"EY,S4,TP","BE1,BEH"
LIS-NTE,LIS,NTE,Lisbon,Nantes,PT,FR,38.7813,-9.13592,47.153198,-1.61073,1113.0,1,TO,73H
LIS-NCE,LIS,NCE,Lisbon,"Nice, Alpes-Maritimes",PT,FR,38.7813,-9.13592,43.658401,7.21587,1468.1,2,"TP,U2","319,ER4 100"
LIS-OSL,LIS,OSL,Lisbon,Oslo (Gardermoen),PT,NO,38.7813,-9.13592,60.193901,11.1004,2768.5,2,"DY,TP","320,73H"
LIS-OTP,LIS,OTP,Lisbon,Otopeni,PT,RO,38.7813,-9.13592,44.571792,26.103285,2972.3,1,TP,319
LIS-ORY,LIS,ORY,Lisbon,"Paris (Orly, Val-de-Marne)",PT,FR,38.7813,-9.13592,48.729499,2.358963,1437.6,5,"IB,TO,TP,VY,ZI","319 320,320,321 319 320 100,73H 320"
LIS-CDG,LIS,CDG,Lisbon,"Paris (Roissy-en-France, Val-d'Oise)",PT,FR,38.7813,-9.13592,49.00896,2.554117,1469.9,3,"AF,AZ,U2","319,319 318 320 321"
LIS-PIX,LIS,PIX,Lisbon,Pico Island,PT,PT,38.7813,-9.13592,38.554298,-28.441299,1673.1,2,"S4,TP",320
LIS-PSA,LIS,PSA,Lisbon,Pisa (PI),PT,IT,38.7813,-9.13592,43.683899,10.3927,1716.8,1,FR,738
LIS-PDL,LIS,PDL,Lisbon,Ponta Delgada,PT,PT,38.7813,-9.13592,37.7411994934,-25.6979007721,1448.6,2,"S4,TP","320 313,320 319"
LIS-OPO,LIS,OPO,Lisbon,Porto,PT,PT,38.7813,-9.13592,41.2481002808,-8.68138980865,277.0,4,"FR,S4,TP,US","100 320 ER4 319,738,ER4 100 319"
LIS-PRG,LIS,PRG,Lisbon,Prague,PT,CZ,38.7813,-9.13592,50.100874,14.259911,2228.7,1,TP,319 320
LIS-TER,LIS,TER,Lisbon,Praia da Vitória,PT,PT,38.7813,-9.13592,38.761799,-27.090799,1554.1,2,"S4,TP","320,332 320 321 319"
LIS-FCO,LIS,FCO,Lisbon,Rome,PT,IT,38.7813,-9.13592,41.804532,12.251998,1839.9,2,"AZ,TP",321 319 320
LIS-SVQ,LIS,SVQ,Lisbon,Seville,PT,ES,38.7813,-9.13592,37.417999,-5.89311,321.7,2,"S4,TP",BEH
LIS-ARN,LIS,ARN,Lisbon,Stockholm,PT,SE,38.7813,-9.13592,59.64849,17.928829,2998.5,2,"S4,TP",320
LIS-STR,LIS,STR,Lisbon,Stuttgart,PT,DE,38.7813,-9.13592,48.689899,9.22196,1833.0,1,4U,319
LIS-TLS,LIS,TLS,Lisbon,Toulouse/Blagnac,PT,FR,38.7813,-9.13592,43.629101,1.36382,1029.4,1,TP,100 ER4
LIS-VLC,LIS,VLC,Lisbon,Valencia,PT,ES,38.7813,-9.13592,39.489162,-0.480961,750.3,2,"S4,TP",ER4 100
LIS-VCE,LIS,VCE,Lisbon,Venezia (VE),PT,IT,38.7813,-9.13592,45.505299,12.3519,1915.3,2,"AZ,TP",319
LIS-VIE,LIS,VIE,Lisbon,Vienna,PT,AT,38.7813,-9.13592,48.110298,16.5697,2305.0,2,"OS,TP",320 319
LIS-PXO,LIS,PXO,Lisbon,Vila Baleira,PT,PT,38.7813,-9.13592,33.0733985901,-16.3500003815,907.6,3,"EY,S4,TP","100 319,100 32S"
LIS-SMA,LIS,SMA,Lisbon,Vila do Porto,PT,PT,38.7813,-9.13592,36.97140121459961,-25.17060089111328,1419.8,2,"S4,TP",320
LIS-WAW,LIS,WAW,Lisbon,Warsaw,PT,PL,38.7813,-9.13592,52.165699,20.9671,2749.0,2,"LO,TP",320 319
LIS-BRU,LIS,BRU,Lisbon,Zaventem,PT,BE,38.7813,-9.13592,50.901402,4.48444,1717.5,8,"AY,FR,IB,SN,TG,TP,US,VY","320,320 319,320 321,321 320 100 319,321 320 319 100,738"
LIS-ZRH,LIS,ZRH,Lisbon,Zurich,PT,CH,38.7813,-9.13592,47.458056,8.548056,1723.1,4,"AY,LX,S4,TP","319 321,320 321 319,321,32A 320"
PIX-PDL,PIX,PDL,Pico Island,Ponta Delgada,PT,PT,38.554298,-28.441299,37.7411994934,-25.6979007721,256.4,1,SP,DH4
PIX-TER,PIX,TER,Pico Island,Praia da Vitória,PT,PT,38.554298,-28.441299,38.761799,-27.090799,119.5,3,"S4,SP,TP","320,DH4"
PDL-AMS,PDL,AMS,Ponta Delgada,Amsterdam,PT,NL,37.7411994934,-25.6979007721,52.308601,4.76389,2857.2,1,S4,320
PDL-DUS,PDL,DUS,Ponta Delgada,Düsseldorf,PT,DE,37.7411994934,-25.6979007721,51.289501,6.76678,2947.3,1,AB,738
PDL-FRA,PDL,FRA,Ponta Delgada,Frankfurt am Main,PT,DE,37.7411994934,-25.6979007721,50.026706,8.55835,3030.7,1,S4,320
PDL-FNC,PDL,FNC,Ponta Delgada,Funchal,PT,PT,37.7411994934,-25.6979007721,32.697812,-16.774613,984.9,3,"NT,S4,TP",DH4
PDL-HOR,PDL,HOR,Ponta Delgada,Horta,PT,PT,37.7411994934,-25.6979007721,38.519901275634766,-28.715900421142575,277.8,1,SP,DH2 DH4
PDL-LIS,PDL,LIS,Ponta Delgada,Lisbon,PT,PT,37.7411994934,-25.6979007721,38.7813,-9.13592,1448.6,2,"S4,TP","313 320,320 319"
PDL-LGW,PDL,LGW,Ponta Delgada,London,PT,GB,37.7411994934,-25.6979007721,51.148744,-0.185739,2493.6,1,S4,320
PDL-ORY,PDL,ORY,Ponta Delgada,"Paris (Orly, Val-de-Marne)",PT,FR,37.7411994934,-25.6979007721,48.729499,2.358963,2559.7,1,S4,320
PDL-PIX,PDL,PIX,Ponta Delgada,Pico Island,PT,PT,37.7411994934,-25.6979007721,38.554298,-28.441299,256.4,1,SP,DH4
PDL-OPO,PDL,OPO,Ponta Delgada,Porto,PT,PT,37.7411994934,-25.6979007721,41.2481002808,-8.68138980865,1508.5,2,"S4,TP",320
PDL-TER,PDL,TER,Ponta Delgada,Praia da Vitória,PT,PT,37.7411994934,-25.6979007721,38.761799,-27.090799,166.3,1,SP,DH4 DH2
PDL-FLW,PDL,FLW,Ponta Delgada,Santa Cruz das Flores,PT,PT,37.7411994934,-25.6979007721,39.455299377441406,-31.13139915466309,509.1,1,SP,DH4
PDL-ARN,PDL,ARN,Ponta Delgada,Stockholm,PT,SE,37.7411994934,-25.6979007721,59.64849,17.928829,3910.8,1,S4,320
PDL-SJZ,PDL,SJZ,Ponta Delgada,Velas,PT,PT,37.7411994934,-25.6979007721,38.665501,-28.1758,239.7,1,SP,DH4 DH2
PDL-SMA,PDL,SMA,Ponta Delgada,Vila do Porto,PT,PT,37.7411994934,-25.6979007721,36.97140121459961,-25.17060089111328,97.5,1,SP,DH4
OPO-AMS,OPO,AMS,Porto,Amsterdam,PT,NL,41.2481002808,-8.68138980865,52.308601,4.76389,1595.0,3,"EY,HV,TP","100 ER4,100 ERJ,73W 73H"
OPO-BCN,OPO,BCN,Porto,Barcelona,PT,ES,41.2481002808,-8.68138980865,41.2971,2.07846,898.7,5,"FR,IB,S4,TP,VY","320,738,ER4"
OPO-BVA,OPO,BVA,Porto,Beauvais,PT,FR,41.2481002808,-8.68138980865,49.454399,2.11278,1240.2,1,FR,738
OPO-BHX,OPO,BHX,Porto,"Birmingham, West Midlands",PT,GB,41.2481002808,-8.68138980865,52.453899,-1.74803,1351.5,1,BE,E75
OPO-BLQ,OPO,BLQ,Porto,Bologna,PT,IT,41.2481002808,-8.68138980865,44.5354,11.2887,1662.9,1,FR,738
OPO-BOD,OPO,BOD,Porto,Bordeaux,PT,FR,41.2481002808,-8.68138980865,44.82865,-0.715356,759.5,1,FR,738
OPO-BRE,OPO,BRE,Porto,Bremen,PT,DE,41.2481002808,-8.68138980865,53.046786,8.78932,1852.5,1,FR,738
OPO-BSL,OPO,BSL,Porto,Bâle / Mulhouse,PT,FR,41.2481002808,-8.68138980865,47.60068,7.521117,1463.7,1,U2,319 320
OPO-CCF,OPO,CCF,Porto,Carcassonne,PT,FR,41.2481002808,-8.68138980865,43.216,2.30632,930.0,1,FR,738
OPO-XCR,OPO,XCR,Porto,Chalons en Champagne,PT,FR,41.2481002808,-8.68138980865,48.77333,4.20611,1310.9,1,FR,738
OPO-CRL,OPO,CRL,Porto,Charleroi,PT,BE,41.2481002808,-8.68138980865,50.461963,4.459562,1440.0,1,FR,738
OPO-CFE,OPO,CFE,Porto,Clermont-Ferrand,PT,FR,41.2481002808,-8.68138980865,45.786701,3.16917,1079.1,1,FR,738
OPO-LYS,OPO,LYS,Porto,"Colombier-Saugnieu, Rhône",PT,FR,41.2481002808,-8.68138980865,45.725996,5.090139,1215.4,2,"TO,U2","319,73H"
OPO-DLE,OPO,DLE,Porto,Dole,PT,FR,41.2481002808,-8.68138980865,47.038955,5.427589,1294.1,1,FR,738
OPO-DTM,OPO,DTM,Porto,Dortmund,PT,DE,41.2481002808,-8.68138980865,51.518299,7.61224,1686.0,1,FR,738
OPO-DUB,OPO,DUB,Porto,Dublin,PT,IE,41.2481002808,-8.68138980865,53.428713,-6.262121,1366.4,1,FR,738
OPO-EIN,OPO,EIN,Porto,Eindhoven,PT,NL,41.2481002808,-8.68138980865,51.4500999451,5.37452983856,1560.3,1,FR,738
OPO-FAO,OPO,FAO,Porto,Faro,PT,PT,41.2481002808,-8.68138980865,37.015909,-7.970939,474.6,1,FR,738
OPO-MXP,OPO,MXP,Porto,Ferno (VA),PT,IT,41.2481002808,-8.68138980865,45.6306,8.72811,1484.1,2,"AZ,TP",ER4 100
OPO-FRA,OPO,FRA,Porto,Frankfurt am Main,PT,DE,41.2481002808,-8.68138980865,50.026706,8.55835,1651.6,2,"LH,TP",321
OPO-HHN,OPO,HHN,Porto,Frankfurt am Main (Lautzenhausen),PT,DE,41.2481002808,-8.68138980865,49.946353,7.261734,1567.4,1,FR,738
OPO-FNC,OPO,FNC,Porto,Funchal,PT,PT,41.2481002808,-8.68138980865,32.697812,-16.774613,1190.8,3,"S4,TO,TP","319 100 320,73H"
OPO-GVA,OPO,GVA,Porto,Geneva,PT,CH,41.2481002808,-8.68138980865,46.238098,6.10895,1308.6,3,"LX,TP,U2","319 320,320 319"
OPO-LRH,OPO,LRH,Porto,La Rochelle,PT,FR,41.2481002808,-8.68138980865,46.179199,-1.19528,813.4,1,FR,738
OPO-LIL,OPO,LIL,Porto,Lesquin,PT,FR,41.2481002808,-8.68138980865,50.566564,3.102429,1376.8,1,FR,738
OPO-LIS,OPO,LIS,Porto,Lisbon,PT,PT,41.2481002808,-8.68138980865,38.7813,-9.13592,277.0,5,"FR,S4,TP,TS,US","310,319 ER4 320 100,320 ER4 100 319,738,ER4 320 319"
OPO-LPL,OPO,LPL,Porto,Liverpool,PT,GB,41.2481002808,-8.68138980865,53.334863,-2.849637,1412.9,1,FR,738
OPO-LGW,OPO,LGW,Porto,London,PT,GB,41.2481002808,-8.68138980865,51.148744,-0.185739,1278.5,2,"TP,U2","319 320,320 319"
OPO-LHR,OPO,LHR,Porto,London,PT,GB,41.2481002808,-8.68138980865,51.470748,-0.459909,1298.2,1,BA,320 319
OPO-STN,OPO,STN,Porto,"London, Essex",PT,GB,41.2481002808,-8.68138980865,51.884998,0.235,1362.8,1,FR,738
OPO-LUX,OPO,LUX,Porto,Luxembourg,PT,LU,41.2481002808,-8.68138980865,49.626845,6.212134,1484.8,2,"LG,TP","100,73H 73W"
OPO-MST,OPO,MST,Porto,Maastricht,PT,NL,41.2481002808,-8.68138980865,50.911087,5.769401,1543.0,1,FR,738
OPO-MAD,OPO,MAD,Porto,Madrid,PT,ES,41.2481002808,-8.68138980865,40.493407,-3.572249,437.6,6,"FR,IB,S4,TG,TP,US","738,CRK CR9,ER4"
OPO-MRS,OPO,MRS,Porto,"Marignane, Bouches-du-Rhône",PT,FR,41.2481002808,-8.68138980865,43.438088,5.2125,1166.1,1,FR,738
OPO-FMM,OPO,FMM,Porto,Memmingen,PT,DE,41.2481002808,-8.68138980865,47.988092,10.238248,1668.5,1,FR,738
OPO-MUC,OPO,MUC,Porto,Munich,PT,DE,41.2481002808,-8.68138980865,48.353802,11.7861,1790.3,1,S4,320
OPO-NTE,OPO,NTE,Porto,Nantes,PT,FR,41.2481002808,-8.68138980865,47.153198,-1.61073,864.6,1,TO,73H
OPO-BGY,OPO,BGY,Porto,Orio al Serio (BG),PT,IT,41.2481002808,-8.68138980865,45.669362,9.708851,1559.5,1,FR,738
OPO-PMI,OPO,PMI,Porto,Palma de Mallorca,PT,ES,41.2481002808,-8.68138980865,39.551701,2.73881,984.5,1,FR,738
OPO-ORY,OPO,ORY,Porto,"Paris (Orly, Val-de-Marne)",PT,FR,41.2481002808,-8.68138980865,48.729499,2.358963,1200.2,5,"IB,TO,TP,VY,ZI","320,320 319,73H"
OPO-CDG,OPO,CDG,Porto,"Paris (Roissy-en-France, Val-d'Oise)",PT,FR,41.2481002808,-8.68138980865,49.00896,2.554117,1231.1,1,U2,319
OPO-PDL,OPO,PDL,Porto,Ponta Delgada,PT,PT,41.2481002808,-8.68138980865,37.7411994934,-25.6979007721,1508.5,2,"S4,TP",320
OPO-TER,OPO,TER,Porto,Praia da Vitória,PT,PT,41.2481002808,-8.68138980865,38.761799,-27.090799,1589.1,2,"S4,TP",320
OPO-FKB,OPO,FKB,Porto,Rheinmünster,PT,DE,41.2481002808,-8.68138980865,48.7794,8.0805,1556.0,1,FR,738
OPO-CIA,OPO,CIA,Porto,Rome,PT,IT,41.2481002808,-8.68138980865,41.798769,12.595331,1767.8,1,FR,738
OPO-FCO,OPO,FCO,Porto,Rome,PT,IT,41.2481002808,-8.68138980865,41.804532,12.251998,1739.4,2,"AZ,TP",100
OPO-SXB,OPO,SXB,Porto,Strasbourg,PT,FR,41.2481002808,-8.68138980865,48.5383,7.62823,1514.4,1,FR,738
OPO-TUF,OPO,TUF,Porto,"Tours, Indre-et-Loire",PT,FR,41.2481002808,-8.68138980865,47.432201,0.727606,1014.9,1,FR,738
OPO-VLC,OPO,VLC,Porto,Valencia,PT,ES,41.2481002808,-8.68138980865,39.489162,-0.480961,721.4,1,FR,738
OPO-NRN,OPO,NRN,Porto,Weeze,PT,DE,41.2481002808,-8.68138980865,51.601362,6.141228,1611.6,1,FR,738
OPO-BRU,OPO,BRU,Porto,Zaventem,PT,BE,41.2481002808,-8.68138980865,50.901402,4.48444,1473.4,5,"FR,IB,SN,TP,VY","100 319 ER4,319,320,738"
OPO-ZRH,OPO,ZRH,Porto,Zurich,PT,CH,41.2481002808,-8.68138980865,47.458056,8.548056,1529.5,3,"AY,LX,TP",320 319
TER-HOR,TER,HOR,Praia da Vitória,Horta,PT,PT,38.761799,-27.090799,38.519901275634766,-28.715900421142575,143.7,1,SP,DH4 DH2
TER-LIS,TER,LIS,Praia da Vitória,Lisbon,PT,PT,38.761799,-27.090799,38.7813,-9.13592,1554.1,2,"S4,TP","320,332 320 321 319"
TER-PIX,TER,PIX,Praia da Vitória,Pico Island,PT,PT,38.761799,-27.090799,38.554298,-28.441299,119.5,1,SP,DH4
TER-PDL,TER,PDL,Praia da Vitória,Ponta Delgada,PT,PT,38.761799,-27.090799,37.7411994934,-25.6979007721,166.3,1,SP,DH4 DH2
TER-OPO,TER,OPO,Praia da Vitória,Porto,PT,PT,38.761799,-27.090799,41.2481002808,-8.68138980865,1589.1,2,"S4,TP",320
TER-GRW,TER,GRW,Praia da Vitória,Santa Cruz da Graciosa,PT,PT,38.761799,-27.090799,39.09220123291016,-28.029800415039062,89.1,1,SP,DH4 DH2
TER-FLW,TER,FLW,Praia da Vitória,Santa Cruz das Flores,PT,PT,38.761799,-27.090799,39.455299377441406,-31.13139915466309,357.0,1,SP,DH4
TER-SJZ,TER,SJZ,Praia da Vitória,Velas,PT,PT,38.761799,-27.090799,38.665501,-28.1758,94.7,1,SP,DH4 DH2
GRW-TER,GRW,TER,Santa Cruz da Graciosa,Praia da Vitória,PT,PT,39.09220123291016,-28.029800415039062,38.761799,-27.090799,89.1,1,SP,DH4 DH2
FLW-HOR,FLW,HOR,Santa Cruz das Flores,Horta,PT,PT,39.455299377441406,-31.13139915466309,38.519901275634766,-28.715900421142575,233.2,1,SP,DH4
FLW-PDL,FLW,PDL,Santa Cruz das Flores,Ponta Delgada,PT,PT,39.455299377441406,-31.13139915466309,37.7411994934,-25.6979007721,509.1,1,SP,DH4
FLW-TER,FLW,TER,Santa Cruz das Flores,Praia da Vitória,PT,PT,39.455299377441406,-31.13139915466309,38.761799,-27.090799,357.0,1,SP,DH4
SJZ-PDL,SJZ,PDL,Velas,Ponta Delgada,PT,PT,38.665501,-28.1758,37.7411994934,-25.6979007721,239.7,1,SP,DH4 DH2
SJZ-TER,SJZ,TER,Velas,Praia da Vitória,PT,PT,38.665501,-28.1758,38.761799,-27.090799,94.7,1,SP,DH4 DH2
PXO-LIS,PXO,LIS,Vila Baleira,Lisbon,PT,PT,33.0733985901,-16.3500003815,38.7813,-9.13592,907.6,3,"EY,S4,TP","100 319,100 32S"
SMA-PDL,SMA,PDL,Vila do Porto,Ponta Delgada,PT,PT,36.97140121459961,-25.17060089111328,37.7411994934,-25.6979007721,97.5,3,"S4,SP,TP","320,DH4"
ARW-BGY,ARW,BGY,Arad,Orio al Serio (BG),RO,IT,46.176136,21.264322,45.669362,9.708851,894.8,1,W6,320
CLJ-BCN,CLJ,BCN,Cluj-Napoca,Barcelona,RO,ES,46.786042,23.685733,41.2971,2.07846,1824.7,1,W6,320
CLJ-BVA,CLJ,BVA,Cluj-Napoca,Beauvais,RO,FR,46.786042,23.685733,49.454399,2.11278,1622.8,1,W6,320
CLJ-BLQ,CLJ,BLQ,Cluj-Napoca,Bologna,RO,IT,46.786042,23.685733,44.5354,11.2887,994.2,1,W6,320
CLJ-CRL,CLJ,CRL,Cluj-Napoca,Charleroi,RO,BE,46.786042,23.685733,50.461963,4.459562,1466.3,1,W6,320
CLJ-DTM,CLJ,DTM,Cluj-Napoca,Dortmund,RO,DE,46.786042,23.685733,51.518299,7.61224,1278.4,1,W6,320
CLJ-EIN,CLJ,EIN,Cluj-Napoca,Eindhoven,RO,NL,46.786042,23.685733,51.4500999451,5.37452983856,1425.2,1,W6,320
CLJ-LTN,CLJ,LTN,Cluj-Napoca,"Luton, Luton",RO,GB,46.786042,23.685733,51.874699,-0.368333,1822.8,1,W6,320
CLJ-MAD,CLJ,MAD,Cluj-Napoca,Madrid,RO,ES,46.786042,23.685733,40.493407,-3.572249,2289.0,1,W6,320
CLJ-MUC,CLJ,MUC,Cluj-Napoca,Munich,RO,DE,46.786042,23.685733,48.353802,11.7861,908.6,1,LH,E95
CLJ-BGY,CLJ,BGY,Cluj-Napoca,Orio al Serio (BG),RO,IT,46.786042,23.685733,45.669362,9.708851,1080.8,1,W6,320
CLJ-OTP,CLJ,OTP,Cluj-Napoca,Otopeni,RO,RO,46.786042,23.685733,44.571792,26.103285,309.6,2,"AZ,RO",318 AT7 AT5
CLJ-PRG,CLJ,PRG,Cluj-Napoca,Prague,RO,CZ,46.786042,23.685733,50.100874,14.259911,786.1,2,"OK,RO",AT5
CLJ-CIA,CLJ,CIA,Cluj-Napoca,Rome,RO,IT,46.786042,23.685733,41.798769,12.595331,1041.0,1,W6,320
CLJ-TSF,CLJ,TSF,Cluj-Napoca,Treviso (TV),RO,IT,46.786042,23.685733,45.648399,12.1944,892.3,1,W6,320
CLJ-VLC,CLJ,VLC,Cluj-Napoca,Valencia,RO,ES,46.786042,23.685733,39.489162,-0.480961,2111.3,1,W6,320
CLJ-VIE,CLJ,VIE,Cluj-Napoca,Vienna,RO,AT,46.786042,23.685733,48.110298,16.5697,554.8,2,"OS,RO",AT5
CLJ-ZAZ,CLJ,ZAZ,Cluj-Napoca,Zaragoza,RO,ES,46.786042,23.685733,41.666199,-1.04155,2041.3,1,W6,320
CND-IST,CND,IST,Constanța,Istanbul,RO,TR,44.362202,28.4883,41.274874,28.732136,343.9,1,TK,738 319
CRA-LTN,CRA,LTN,Craiova,"Luton, Luton",RO,GB,44.3181,23.888599,51.874699,-0.368333,1975.4,1,W6,320
CRA-BGY,CRA,BGY,Craiova,Orio al Serio (BG),RO,IT,44.3181,23.888599,45.669362,9.708851,1123.6,1,W6,320
IAS-BLQ,IAS,BLQ,Iaşi,Bologna,RO,IT,47.179633,27.621431,44.5354,11.2887,1295.9,2,"AZ,RO",733
IAS-TRN,IAS,TRN,Iaşi,Caselle Torinese (TO),RO,IT,47.179633,27.621431,45.200802,7.64963,1548.7,2,"AZ,RO",733
IAS-LTN,IAS,LTN,Iaşi,"Luton, Luton",RO,GB,47.179633,27.621431,51.874699,-0.368333,2072.4,1,RO,733
IAS-OTP,IAS,OTP,Iaşi,Otopeni,RO,RO,47.179633,27.621431,44.571792,26.103285,312.9,2,"AZ,RO",AT7 AT5
IAS-FCO,IAS,FCO,Iaşi,Rome,RO,IT,47.179633,27.621431,41.804532,12.251998,1354.6,2,"AZ,RO",733
IAS-VIE,IAS,VIE,Iaşi,Vienna,RO,AT,47.179633,27.621431,48.110298,16.5697,833.6,2,"OS,RO",DH4
OMR-OTP,OMR,OTP,Oradea,Otopeni,RO,RO,47.025299,21.9025,44.571792,26.103285,424.7,2,"AZ,RO",AT5
OTP-AHO,OTP,AHO,Otopeni,Alghero,RO,IT,44.571792,26.103285,40.632099,8.29077,1518.7,1,W6,320
OTP-AMS,OTP,AMS,Otopeni,Amsterdam,RO,NL,44.571792,26.103285,52.308601,4.76389,1784.3,2,"KL,RO","733,737"
OTP-BCN,OTP,BCN,Otopeni,Barcelona,RO,ES,44.571792,26.103285,41.2971,2.07846,1981.9,5,"IB,RO,UX,VY,W6","320,737,73W"
OTP-BRI,OTP,BRI,Otopeni,Bari,RO,IT,44.571792,26.103285,41.138901,16.760599,851.2,1,W6,320
OTP-BVA,OTP,BVA,Otopeni,Beauvais,RO,FR,44.571792,26.103285,49.454399,2.11278,1889.0,1,W6,320
OTP-BEG,OTP,BEG,Otopeni,Belgrade,RO,RS,44.571792,26.103285,44.818401,20.309099,458.7,2,"JU,RO","319,AT5 AT7"
OTP-BLQ,OTP,BLQ,Otopeni,Bologna,RO,IT,44.571792,26.103285,44.5354,11.2887,1172.3,1,W6,320
OTP-BUD,OTP,BUD,Otopeni,Budapest,RO,HU,44.571792,26.103285,47.43018,19.262393,616.3,1,RO,AT5 AT7
OTP-VRN,OTP,VRN,Otopeni,Caselle (VR),RO,IT,44.571792,26.103285,45.394955,10.887303,1198.4,1,W6,320
OTP-CTA,OTP,CTA,Otopeni,Catania,RO,IT,44.571792,26.103285,37.466801,15.0664,1215.2,1,W6,320
OTP-CRL,OTP,CRL,Otopeni,Charleroi,RO,BE,44.571792,26.103285,50.461963,4.459562,1744.5,1,W6,320
OTP-CLJ,OTP,CLJ,Otopeni,Cluj-Napoca,RO,RO,44.571792,26.103285,46.786042,23.685733,309.6,2,"AZ,RO","AT5 AT7 318,AT7 318"
OTP-CPH,OTP,CPH,Otopeni,Copenhagen,RO,DK,44.571792,26.103285,55.617900848389,12.656000137329,1552.8,1,SK,320 CR9
OTP-DTM,OTP,DTM,Otopeni,Dortmund,RO,DE,44.571792,26.103285,51.518299,7.61224,1570.4,1,W6,320
OTP-DUB,OTP,DUB,Otopeni,Dublin,RO,IE,44.571792,26.103285,53.428713,-6.262121,2530.7,2,"FR,RO","738,73W"
OTP-DUS,OTP,DUS,Otopeni,Düsseldorf,RO,DE,44.571792,26.103285,51.289501,6.76678,1616.0,1,LH,CR9
OTP-EIN,OTP,EIN,Otopeni,Eindhoven,RO,NL,44.571792,26.103285,51.4500999451,5.37452983856,1713.1,1,W6,320
OTP-MXP,OTP,MXP,Otopeni,Ferno (VA),RO,IT,44.571792,26.103285,45.6306,8.72811,1366.1,1,W6,320
OTP-FRA,OTP,FRA,Otopeni,Frankfurt am Main,RO,DE,44.571792,26.103285,50.026706,8.55835,1450.9,3,"ET,LH,RO","318 733,32A 320 733 319,733"
OTP-GVA,OTP,GVA,Otopeni,Geneva,RO,CH,44.571792,26.103285,46.238098,6.10895,1567.7,2,"RO,W6","320,733 318"
OTP-IAS,OTP,IAS,Otopeni,Iaşi,RO,RO,44.571792,26.103285,47.179633,27.621431,312.9,2,"AZ,RO","AT5 AT7,AT7"
OTP-IST,OTP,IST,Otopeni,Istanbul,RO,TR,44.571792,26.103285,41.274874,28.732136,424.5,2,"RO,TK","318,320 738 319 321"
OTP-CUF,OTP,CUF,Otopeni,Levaldigi (CN),RO,IT,44.571792,26.103285,44.547458,7.623045,1461.0,1,W6,320
OTP-LIS,OTP,LIS,Otopeni,Lisbon,RO,PT,44.571792,26.103285,38.7813,-9.13592,2972.3,1,TP,319
OTP-LGW,OTP,LGW,Otopeni,London,RO,GB,44.571792,26.103285,51.148744,-0.185739,2079.6,1,U2,319 320
OTP-LHR,OTP,LHR,Otopeni,London,RO,GB,44.571792,26.103285,51.470748,-0.459909,2104.9,3,"AA,BA,RO","318,320"
OTP-STN,OTP,STN,Otopeni,"London, Essex",RO,GB,44.571792,26.103285,51.884998,0.235,2067.5,1,FR,738
OTP-LTN,OTP,LTN,Otopeni,"Luton, Luton",RO,GB,44.571792,26.103285,51.874699,-0.368333,2107.6,1,W6,320
OTP-MAD,OTP,MAD,Otopeni,Madrid,RO,ES,44.571792,26.103285,40.493407,-3.572249,2459.3,3,"RO,UX,W6","320,737,73H"
OTP-SVO,OTP,SVO,Otopeni,Moscow,RO,RU,44.571792,26.103285,55.976858,37.41121,1497.1,2,"RO,SU","733 73G,737 SU9"
OTP-MUC,OTP,MUC,Otopeni,Munich,RO,DE,44.571792,26.103285,48.353802,11.7861,1172.3,2,"LH,RO","320 321,73W 733"
OTP-NAP,OTP,NAP,Otopeni,Napoli,RO,IT,44.571792,26.103285,40.886002,14.2908,1047.0,1,W6,320
OTP-NCE,OTP,NCE,Otopeni,"Nice, Alpes-Maritimes",RO,FR,44.571792,26.103285,43.658401,7.21587,1507.9,1,RO,733
OTP-OMR,OTP,OMR,Otopeni,Oradea,RO,RO,44.571792,26.103285,47.025299,21.9025,424.7,2,"AZ,RO",AT5
OTP-BGY,OTP,BGY,Otopeni,Orio al Serio (BG),RO,IT,44.571792,26.103285,45.669362,9.708851,1289.8,1,W6,320
OTP-CDG,OTP,CDG,Otopeni,"Paris (Roissy-en-France, Val-d'Oise)",RO,FR,44.571792,26.103285,49.00896,2.554117,1851.1,2,"AF,RO","321 320 319,73W 318"
OTP-PEG,OTP,PEG,Otopeni,Perugia (PG),RO,IT,44.571792,26.103285,43.095901,12.5132,1101.0,1,W6,320
OTP-PSA,OTP,PSA,Otopeni,Pisa (PI),RO,IT,44.571792,26.103285,43.683899,10.3927,1255.9,1,W6,320
OTP-PRG,OTP,PRG,Otopeni,Prague,RO,CZ,44.571792,26.103285,50.100874,14.259911,1081.7,3,"OK,QS,RO","319,73W"
OTP-CIA,OTP,CIA,Otopeni,Rome,RO,IT,44.571792,26.103285,41.798769,12.595331,1136.2,1,W6,320
OTP-FCO,OTP,FCO,Otopeni,Rome,RO,IT,44.571792,26.103285,41.804532,12.251998,1162.7,3,"AZ,EY,RO","319,32S 319,73W 32S"
OTP-TRF,OTP,TRF,Otopeni,Sandefjord(Torp),RO,NO,44.571792,26.103285,59.186699,10.2586,1944.6,1,W6,320
OTP-SUJ,OTP,SUJ,Otopeni,Satu Mare,RO,RO,44.571792,26.103285,47.7033,22.8857,427.4,2,"AZ,RO",AT5
OTP-LIN,OTP,LIN,Otopeni,Segrate (MI),RO,IT,44.571792,26.103285,45.445099,9.27674,1323.9,2,"AZ,RO","320 32S 319,32S"
OTP-SOF,OTP,SOF,Otopeni,Sofia,RO,BG,44.571792,26.103285,42.696357,23.417671,300.3,3,"FB,QR,RO","320 321,AT5"
OTP-ATH,OTP,ATH,Otopeni,Spata-Artemida,RO,GR,44.571792,26.103285,37.936401,23.9445,759.5,3,"A3,OA,RO","320 DH4,733"
OTP-SKG,OTP,SKG,Otopeni,Thessaloniki,RO,GR,44.571792,26.103285,40.51928,22.970009,518.5,1,RO,AT5
OTP-TSR,OTP,TSR,Otopeni,Timişoara,RO,RO,44.571792,26.103285,45.809898,21.3379,397.9,2,"AZ,RO","733 318 310 AT7 AT5,733 AT5 318 AT7"
OTP-TSF,OTP,TSF,Otopeni,Treviso (TV),RO,IT,44.571792,26.103285,45.648399,12.1944,1096.6,1,W6,320
OTP-BAY,OTP,BAY,Otopeni,Tăuții-Măgherăuș,RO,RO,44.571792,26.103285,47.658444,23.464445,398.9,2,"AZ,RO",AT5
OTP-VLC,OTP,VLC,Otopeni,Valencia,RO,ES,44.571792,26.103285,39.489162,-0.480961,2256.2,1,W6,320
OTP-VIE,OTP,VIE,Otopeni,Vienna,RO,AT,44.571792,26.103285,48.110298,16.5697,830.1,2,"OS,RO","318 73W 733,320 319 100 321"
OTP-WAW,OTP,WAW,Otopeni,Warsaw,RO,PL,44.571792,26.103285,52.165699,20.9671,925.2,2,"LO,RO","E70,E75 E95 E70"
OTP-ZAZ,OTP,ZAZ,Otopeni,Zaragoza,RO,ES,44.571792,26.103285,41.666199,-1.04155,2216.3,1,W6,320
OTP-BRU,OTP,BRU,Otopeni,Zaventem,RO,BE,44.571792,26.103285,50.901402,4.48444,1754.9,2,"RO,SN","318 733,73W 733 73H 318"
OTP-ZRH,OTP,ZRH,Otopeni,Zurich,RO,CH,44.571792,26.103285,47.458056,8.548056,1389.8,1,LX,320
TGM-BVA,TGM,BVA,Recea,Beauvais,RO,FR,46.467701,24.4125,49.454399,2.11278,1686.8,1,W6,320
TGM-DTM,TGM,DTM,Recea,Dortmund,RO,DE,46.467701,24.4125,51.518299,7.61224,1344.2,1,W6,320
TGM-LTN,TGM,LTN,Recea,"Luton, Luton",RO,GB,46.467701,24.4125,51.874699,-0.368333,1888.4,1,W6,320
TGM-OTP,TGM,OTP,Recea,Otopeni,RO,RO,46.467701,24.4125,44.571792,26.103285,248.6,2,"AZ,RO",AT5
SUJ-OTP,SUJ,OTP,Satu Mare,Otopeni,RO,RO,47.7033,22.8857,44.571792,26.103285,427.4,2,"AZ,RO",AT5
SBZ-MUC,SBZ,MUC,Sibiu,Munich,RO,DE,45.785841,24.086666,48.353802,11.7861,973.1,2,"LH,RO","73W,CR9"
SBZ-OTP,SBZ,OTP,Sibiu,Otopeni,RO,RO,45.785841,24.086666,44.571792,26.103285,207.9,1,RO,73W
SBZ-VIE,SBZ,VIE,Sibiu,Vienna,RO,AT,45.785841,24.086666,48.110298,16.5697,626.1,2,"OS,RO",DH4
TSR-BCN,TSR,BCN,Timişoara,Barcelona,RO,ES,45.809898,21.3379,41.2971,2.07846,1626.4,1,W6,320
TSR-BVA,TSR,BVA,Timişoara,Beauvais,RO,FR,45.809898,21.3379,49.454399,2.11278,1491.9,1,W6,320
TSR-BLQ,TSR,BLQ,Timişoara,Bologna,RO,IT,45.809898,21.3379,44.5354,11.2887,799.8,1,W6,320
TSR-DTM,TSR,DTM,Timişoara,Dortmund,RO,DE,45.809898,21.3379,51.518299,7.61224,1188.4,1,W6,320
TSR-LTN,TSR,LTN,Timişoara,"Luton, Luton",RO,GB,45.809898,21.3379,51.874699,-0.368333,1717.4,1,W6,320
TSR-MAD,TSR,MAD,Timişoara,Madrid,RO,ES,45.809898,21.3379,40.493407,-3.572249,2095.7,1,W6,320
TSR-MUC,TSR,MUC,Timişoara,Munich,RO,DE,45.809898,21.3379,48.353802,11.7861,775.9,1,LH,CR9 E95
TSR-BGY,TSR,BGY,Timişoara,Orio al Serio (BG),RO,IT,45.809898,21.3379,45.669362,9.708851,901.8,1,W6,320
TSR-OTP,TSR,OTP,Timişoara,Otopeni,RO,RO,45.809898,21.3379,44.571792,26.103285,397.9,2,"AZ,RO","318 733 AT7,318 733 AT7 AT5"
TSR-CIA,TSR,CIA,Timişoara,Rome,RO,IT,45.809898,21.3379,41.798769,12.595331,830.6,1,W6,320
TSR-TSF,TSR,TSF,Timişoara,Treviso (TV),RO,IT,45.809898,21.3379,45.648399,12.1944,709.6,1,W6,320
TSR-VLC,TSR,VLC,Timişoara,Valencia,RO,ES,45.809898,21.3379,39.489162,-0.480961,1910.2,1,W6,320
BAY-OTP,BAY,OTP,Tăuții-Măgherăuș,Otopeni,RO,RO,47.658444,23.464445,44.571792,26.103285,398.9,2,"AZ,RO",AT5
BEG-AMS,BEG,AMS,Belgrade,Amsterdam,RS,NL,44.818401,20.309099,52.308601,4.76389,1410.2,2,"EY,JU",319
BEG-BVA,BEG,BVA,Belgrade,Beauvais,RS,FR,44.818401,20.309099,49.454399,2.11278,1465.3,1,W6,320
BEG-BUD,BEG,BUD,Belgrade,Budapest,RS,HU,44.818401,20.309099,47.43018,19.262393,301.4,2,"B2,JU","AT7,CRJ 735"
BEG-CRL,BEG,CRL,Belgrade,Charleroi,RS,BE,44.818401,20.309099,50.461963,4.459562,1339.3,1,W6,320
BEG-CPH,BEG,CPH,Belgrade,Copenhagen,RS,DK,44.818401,20.309099,55.617900848389,12.656000137329,1316.7,1,JU,319
BEG-DTM,BEG,DTM,Belgrade,Dortmund,RS,DE,44.818401,20.309099,51.518299,7.61224,1197.8,1,W6,320
BEG-DUS,BEG,DUS,Belgrade,Düsseldorf,RS,DE,44.818401,20.309099,51.289501,6.76678,1234.2,2,"AB,JU",319
BEG-EIN,BEG,EIN,Belgrade,Eindhoven,RS,NL,44.818401,20.309099,51.4500999451,5.37452983856,1327.3,1,W6,320
BEG-MXP,BEG,MXP,Belgrade,Ferno (VA),RS,IT,44.818401,20.309099,45.6306,8.72811,910.7,3,"AZ,JU,U2","319,733"
BEG-FRA,BEG,FRA,Belgrade,Frankfurt am Main,RS,DE,44.818401,20.309099,50.026706,8.55835,1055.0,5,"AB,EY,JU,LH,SK","319,320 32A 319 321"
BEG-GVA,BEG,GVA,Belgrade,Geneva,RS,CH,44.818401,20.309099,46.238098,6.10895,1115.8,3,"F7,LX,U2","319,320,S20"
BEG-SKP,BEG,SKP,Belgrade,Ilinden,RS,MK,44.818401,20.309099,41.958087,21.622581,335.3,1,JU,319 320
BEG-IST,BEG,IST,Belgrade,Istanbul,RS,TR,44.818401,20.309099,41.274874,28.732136,789.2,1,TK,738 319 321
BEG-LHR,BEG,LHR,Belgrade,London,RS,GB,44.818401,20.309099,51.470748,-0.459909,1701.4,2,"EY,JU","319,319 733"
BEG-LTN,BEG,LTN,Belgrade,"Luton, Luton",RS,GB,44.818401,20.309099,51.874699,-0.368333,1709.5,1,W6,320
BEG-BNX,BEG,BNX,Belgrade,Mahovljani,RS,BA,44.818401,20.309099,44.941399,17.297501,237.7,1,JU,AT7
BEG-MMX,BEG,MMX,Belgrade,Malmö,RS,SE,44.818401,20.309099,55.535564,13.376327,1288.4,1,W6,320
BEG-FMM,BEG,FMM,Belgrade,Memmingen,RS,DE,44.818401,20.309099,47.988092,10.238248,848.0,1,W6,320
BEG-SVO,BEG,SVO,Belgrade,Moscow,RS,RU,44.818401,20.309099,55.976858,37.41121,1725.5,2,"JU,SU","320 319,320 321 733 738 319"
BEG-MUC,BEG,MUC,Belgrade,Munich,RS,DE,44.818401,20.309099,48.353802,11.7861,760.1,2,"LH,SK",E95
BEG-NYO,BEG,NYO,Belgrade,Nyköping,RS,SE,44.818401,20.309099,58.789656,16.911479,1570.5,1,W6,320
BEG-OSL,BEG,OSL,Belgrade,Oslo (Gardermoen),RS,NO,44.818401,20.309099,60.193901,11.1004,1815.7,1,DY,733
BEG-OTP,BEG,OTP,Belgrade,Otopeni,RS,RO,44.818401,20.309099,44.571792,26.103285,458.7,2,"JU,RO","319,AT5 AT7"
BEG-CDG,BEG,CDG,Belgrade,"Paris (Roissy-en-France, Val-d'Oise)",RS,FR,44.818401,20.309099,49.00896,2.554117,1422.9,2,"AF,JU",320
BEG-TGD,BEG,TGD,Belgrade,Podgorica,RS,ME,44.818401,20.309099,42.359402,19.2519,286.4,2,"JU,YM","100,AT7 319"
BEG-PRG,BEG,PRG,Belgrade,Prague,RS,CZ,44.818401,20.309099,50.100874,14.259911,742.3,1,JU,AT7
BEG-FCO,BEG,FCO,Belgrade,Rome,RS,IT,44.818401,20.309099,41.804532,12.251998,732.5,3,"AZ,JU,U2","319,E90 319 733 E75,E90 E75 32S 319"
BEG-TRF,BEG,TRF,Belgrade,Sandefjord(Torp),RS,NO,44.818401,20.309099,59.186699,10.2586,1735.1,1,W6,320
BEG-SJJ,BEG,SJJ,Belgrade,Sarajevo,RS,BA,44.818401,20.309099,43.8246,18.331499,192.2,2,"JA,JU",AT7
BEG-SOF,BEG,SOF,Belgrade,Sofia,RS,BG,44.818401,20.309099,42.696357,23.417671,343.5,1,JU,AT7
BEG-ATH,BEG,ATH,Belgrade,Spata-Artemida,RS,GR,44.818401,20.309099,37.936401,23.9445,822.9,3,"A3,JU,OA","319 320,DH4"
BEG-SPU,BEG,SPU,Belgrade,Split,RS,HR,44.818401,20.309099,43.538898,16.298,350.0,1,OU,DH4
BEG-ARN,BEG,ARN,Belgrade,Stockholm,RS,SE,44.818401,20.309099,59.64849,17.928829,1656.7,3,"DY,EY,JU","319,73H"
BEG-STR,BEG,STR,Belgrade,Stuttgart,RS,DE,44.818401,20.309099,48.689899,9.22196,946.8,3,"4U,AB,JU","319,733 319"
BEG-SKG,BEG,SKG,Belgrade,Thessaloniki,RS,GR,44.818401,20.309099,40.51928,22.970009,525.1,1,JU,319
BEG-TIV,BEG,TIV,Belgrade,Tivat,RS,ME,44.818401,20.309099,42.404701,18.723301,297.2,2,"JU,YM","100,AT7"
BEG-VAR,BEG,VAR,Belgrade,Varna,RS,BG,44.818401,20.309099,43.232101,27.8251,626.0,1,JU,AT7
BEG-VIE,BEG,VIE,Belgrade,Vienna,RS,AT,44.818401,20.309099,48.110298,16.5697,464.7,2,"JU,OS","AT7,DH4 F70 319 100 320"
BEG-WAW,BEG,WAW,Belgrade,Warsaw,RS,PL,44.818401,20.309099,52.165699,20.9671,818.4,2,"JU,LO",E75 E70
BEG-BRU,BEG,BRU,Belgrade,Zaventem,RS,BE,44.818401,20.309099,50.901402,4.48444,1356.6,1,JU,319
BEG-LJU,BEG,LJU,Belgrade,Zgornji Brnik,RS,SI,44.818401,20.309099,46.223701,14.4576,481.8,1,JU,AT7
BEG-ZRH,BEG,ZRH,Belgrade,Zurich,RS,CH,44.818401,20.309099,47.458056,8.548056,951.4,2,"JU,LX","319,320 100"
ARH-SVO,ARH,SVO,Archangelsk,Moscow,RU,RU,64.60030364990234,40.71670150756836,55.976858,37.41121,975.7,2,"5N,SU",735
ARH-MMK,ARH,MMK,Archangelsk,Murmansk,RU,RU,64.60030364990234,40.71670150756836,68.7817,32.750801,581.3,1,5N,AN4
ARH-NNM,ARH,NNM,Archangelsk,Naryan Mar,RU,RU,64.60030364990234,40.71670150756836,67.639999,53.121899,651.0,2,"5N,UR","AN4,AT5"
ARH-LED,ARH,LED,Archangelsk,St. Petersburg,RU,RU,64.60030364990234,40.71670150756836,59.800301,30.262501,759.0,2,"5N,SU","735,A81 319"
EGO-KGD,EGO,KGD,Belgorod,Kaliningrad,RU,RU,50.643798828125,36.5900993347168,54.89161,20.598559,1171.6,1,2B,CR2
EGO-KRR,EGO,KRR,Belgorod,Krasnodar,RU,RU,50.643798828125,36.5900993347168,45.034465,39.174215,652.8,1,R3,DH4
EGO-DME,EGO,DME,Belgorod,Moscow,RU,RU,50.643798828125,36.5900993347168,55.408798,37.9063,537.1,3,"3R,7R,YQ","CR2,SFB,SU9"
EGO-GOJ,EGO,GOJ,Belgorod,Nizhny Novgorod,RU,RU,50.643798828125,36.5900993347168,56.227351,43.785152,781.8,1,Y7,738
EGO-ROV,EGO,ROV,Belgorod,Rostov-on-Don,RU,RU,50.643798828125,36.5900993347168,47.493888,39.924722,426.2,1,7R,CR2
EGO-KUF,EGO,KUF,Belgorod,Samara,RU,RU,50.643798828125,36.5900993347168,53.504902,50.164299,978.9,1,7R,CR2
EGO-LED,EGO,LED,Belgorod,St. Petersburg,RU,RU,50.643798828125,36.5900993347168,59.800301,30.262501,1093.2,1,YQ,S20
OGZ-DME,OGZ,DME,Beslan,Moscow,RU,RU,43.205101,44.606602,55.408798,37.9063,1439.7,1,S7,319
CEE-HEL,CEE,HEL,Cherepovets,Helsinki (Vantaa),RU,FI,59.273601532,38.0158004761,60.318363,24.963341,738.1,1,D2,CR2
CEE-KGD,CEE,KGD,Cherepovets,Kaliningrad,RU,RU,59.273601532,38.0158004761,54.89161,20.598559,1155.3,1,D2,CR2
CEE-DME,CEE,DME,Cherepovets,Moscow,RU,RU,59.273601532,38.0158004761,55.408798,37.9063,429.8,1,D2,CR2
CEE-VKO,CEE,VKO,Cherepovets,Moscow,RU,RU,59.273601532,38.0158004761,55.591499,37.261501,411.9,1,D2,CR2
CEE-MMK,CEE,MMK,Cherepovets,Murmansk,RU,RU,59.273601532,38.0158004761,68.7817,32.750801,1086.9,1,D2,CR2
CEE-LED,CEE,LED,Cherepovets,St. Petersburg,RU,RU,59.273601532,38.0158004761,59.800301,30.262501,440.7,1,D2,CR2
ESL-DME,ESL,DME,Elista,Moscow,RU,RU,46.373901,44.330898,55.408798,37.9063,1100.0,1,7R,CR2
GDZ-SVO,GDZ,SVO,Gelendzhik,Moscow,RU,RU,44.5820926295,38.0124807358,55.976858,37.41121,1267.7,1,SU,320 319
KGD-EGO,KGD,EGO,Kaliningrad,Belgorod,RU,RU,54.89161,20.598559,50.643798828125,36.5900993347168,1171.6,1,2B,CR2
KGD-CEE,KGD,CEE,Kaliningrad,Cherepovets,RU,RU,54.89161,20.598559,59.273601532,38.0158004761,1155.3,1,D2,CR2
KGD-MSQ,KGD,MSQ,Kaliningrad,Minsk,RU,BY,54.89161,20.598559,53.888071,28.039964,494.3,1,B2,CRJ
KGD-DME,KGD,DME,Kaliningrad,Moscow,RU,RU,54.89161,20.598559,55.408798,37.9063,1098.4,3,"S7,U6,UN","320,734,735"
KGD-SVO,KGD,SVO,Kaliningrad,Moscow,RU,RU,54.89161,20.598559,55.976858,37.41121,1064.8,1,SU,320
KGD-RIX,KGD,RIX,Kaliningrad,Riga,RU,LV,54.89161,20.598559,56.920752,23.970711,308.3,1,BT,DH4
KGD-LED,KGD,LED,Kaliningrad,St. Petersburg,RU,RU,54.89161,20.598559,59.800301,30.262501,794.9,1,SU,319 320
KVX-VKO,KVX,VKO,Kirov,Moscow,RU,RU,58.503883,49.347831,55.591499,37.261501,798.1,1,UR,AT7
KVX-NNM,KVX,NNM,Kirov,Naryan Mar,RU,RU,58.503883,49.347831,67.639999,53.121899,1033.0,1,UR,AN4
KVX-LED,KVX,LED,Kirov,St. Petersburg,RU,RU,58.503883,49.347831,59.800301,30.262501,1093.8,1,7R,CR2
KRR-EGO,KRR,EGO,Krasnodar,Belgorod,RU,RU,45.034465,39.174215,50.643798828125,36.5900993347168,652.8,1,R3,DH4
KRR-BUD,KRR,BUD,Krasnodar,Budapest,RU,HU,45.034465,39.174215,47.43018,19.262393,1550.1,1,U6,320
KRR-IST,KRR,IST,Krasnodar,Istanbul,RU,TR,45.034465,39.174215,41.274874,28.732136,943.6,1,R3,73W
KRR-MSQ,KRR,MSQ,Krasnodar,Minsk,RU,BY,45.034465,39.174215,53.888071,28.039964,1268.5,1,B2,735
KRR-DME,KRR,DME,Krasnodar,Moscow,RU,RU,45.034465,39.174215,55.408798,37.9063,1157.0,4,"6R,S7,U6,UN","320,734 319 320 738,735,738 73G"
KRR-SVO,KRR,SVO,Krasnodar,Moscow,RU,RU,45.034465,39.174215,55.976858,37.41121,1223.0,1,SU,319 320 738
KRR-VKO,KRR,VKO,Krasnodar,Moscow,RU,RU,45.034465,39.174215,55.591499,37.261501,1181.6,2,"R3,UN","73G,73W"
KRR-MUC,KRR,MUC,Krasnodar,Munich,RU,DE,45.034465,39.174215,48.353802,11.7861,2109.5,1,U6,320
KRR-OVB,KRR,OVB,Krasnodar,Novosibirsk,RU,RU,45.034465,39.174215,55.019756,82.618675,3234.6,2,"6R,Y7",738
KRR-PRG,KRR,PRG,Krasnodar,Prague,RU,CZ,45.034465,39.174215,50.100874,14.259911,1941.8,1,R3,73W 73H
KRR-RMI,KRR,RMI,Krasnodar,Rimini (RN),RU,IT,45.034465,39.174215,44.020024,12.612198,2099.2,1,R3,73H
KRR-AER,KRR,AER,Krasnodar,Sochi,RU,RU,45.034465,39.174215,43.449902,39.9566,186.9,2,"R3,SU","319,DH4"
KRR-LED,KRR,LED,Krasnodar,St. Petersburg,RU,RU,45.034465,39.174215,59.800301,30.262501,1745.9,1,SU,319
KRR-SKG,KRR,SKG,Krasnodar,Thessaloniki,RU,GR,45.034465,39.174215,40.51928,22.970009,1411.6,1,U6,320
KRR-VIE,KRR,VIE,Krasnodar,Vienna,RU,AT,45.034465,39.174215,48.110298,16.5697,1754.7,1,OS,100 F70 319
KRR-VOG,KRR,VOG,Krasnodar,Volgograd,RU,RU,45.034465,39.174215,48.78134,44.339194,572.0,1,7R,CR2
KRR-VOZ,KRR,VOZ,Krasnodar,Voronezh,RU,RU,45.034465,39.174215,51.814324,39.230948,753.9,1,7R,CR2
AAQ-DME,AAQ,DME,Krasnyi Kurgan,Moscow,RU,RU,45.002102,37.347301,55.408798,37.9063,1157.8,1,S7,320
AAQ-SVO,AAQ,SVO,Krasnyi Kurgan,Moscow,RU,RU,45.002102,37.347301,55.976858,37.41121,1220.3,1,SU,320 319
AAQ-LED,AAQ,LED,Krasnyi Kurgan,St. Petersburg,RU,RU,45.002102,37.347301,59.800301,30.262501,1711.9,1,SU,320 319
URS-VKO,URS,VKO,Kursk,Moscow,RU,RU,51.7505989074707,36.29560089111328,55.591499,37.261501,431.8,1,UR,AT7
MRV-DME,MRV,DME,Mineralnyye Vody,Moscow,RU,RU,44.225101,43.081902,55.408798,37.9063,1296.9,3,"S7,U6,UN","319,320,735"
MRV-SVO,MRV,SVO,Mineralnyye Vody,Moscow,RU,RU,44.225101,43.081902,55.976858,37.41121,1366.8,1,SU,319 321 320
MRV-VKO,MRV,VKO,Mineralnyye Vody,Moscow,RU,RU,44.225101,43.081902,55.591499,37.261501,1329.7,1,UN,73G
MRV-LED,MRV,LED,Mineralnyye Vody,St. Petersburg,RU,RU,44.225101,43.081902,59.800301,30.262501,1933.6,1,SU,319
DME-ALC,DME,ALC,Moscow,Alicante,RU,ES,55.408798,37.9063,38.2822,-0.558156,3424.9,4,"IB,S7,UN,VY","320,734"
SVO-AMS,SVO,AMS,Moscow,Amsterdam,RU,NL,55.976858,37.41121,52.308601,4.76389,2144.1,2,"KL,SU","321 320,737"
SVO-ARH,SVO,ARH,Moscow,Archangelsk,RU,RU,55.976858,37.41121,64.60030364990234,40.71670150756836,975.7,2,"5N,SU",735
SVO-KRK,SVO,KRK,Moscow,Balice,RU,PL,55.976858,37.41121,50.077702,19.7848,1343.5,1,SU,SU9
DME-BCN,DME,BCN,Moscow,Barcelona,RU,ES,55.408798,37.9063,41.2971,2.07846,3028.7,3,"IB,UN,VY","320,763 734 772 744"
SVO-BCN,SVO,BCN,Moscow,Barcelona,RU,ES,55.976858,37.41121,41.2971,2.07846,3017.4,2,"SU,UX","321,32S"
DME-EGO,DME,EGO,Moscow,Belgorod,RU,RU,55.408798,37.9063,50.643798828125,36.5900993347168,537.1,3,"3R,7R,YQ","CR2,SFB,SU9"
SVO-BEG,SVO,BEG,Moscow,Belgrade,RU,RS,55.976858,37.41121,44.818401,20.309099,1725.5,2,"JU,SU","319 320,319 321 320 733 738"
DME-OGZ,DME,OGZ,Moscow,Beslan,RU,RU,55.408798,37.9063,43.205101,44.606602,1439.7,1,S7,319
SVO-BLQ,SVO,BLQ,Moscow,Bologna,RU,IT,55.976858,37.41121,44.5354,11.2887,2229.6,2,"AZ,SU",320
SVO-BUD,SVO,BUD,Moscow,Budapest,RU,HU,55.976858,37.41121,47.43018,19.262393,1562.8,1,SU,320
VKO-BUD,VKO,BUD,Moscow,Budapest,RU,HU,55.591499,37.261501,47.43018,19.262393,1533.7,1,W6,320
DME-BOJ,DME,BOJ,Moscow,Burgas,RU,BG,55.408798,37.9063,42.569917,27.515173,1612.5,1,S7,763 320
SVO-BOJ,SVO,BOJ,Moscow,Burgas,RU,BG,55.976858,37.41121,42.569917,27.515173,1650.8,1,FB,320
DME-VRN,DME,VRN,Moscow,Caselle (VR),RU,IT,55.408798,37.9063,45.394955,10.887303,2194.6,1,S7,320 738
SVO-CTA,SVO,CTA,Moscow,Catania,RU,IT,55.976858,37.41121,37.466801,15.0664,2647.0,2,"AP,AZ",320
DME-CEE,DME,CEE,Moscow,Cherepovets,RU,RU,55.408798,37.9063,59.273601532,38.0158004761,429.8,1,D2,CR2
VKO-CEE,VKO,CEE,Moscow,Cherepovets,RU,RU,55.591499,37.261501,59.273601532,38.0158004761,411.9,1,D2,CR2
SVO-CPH,SVO,CPH,Moscow,Copenhagen,RU,DK,55.976858,37.41121,55.617900848389,12.656000137329,1539.6,2,"SK,SU","320,320 CR9"
DME-DNK,DME,DNK,Moscow,Dnipro,RU,UA,55.408798,37.9063,48.357201,35.100601,807.2,2,"UN,Z6","735,ER4"
SVO-DNK,SVO,DNK,Moscow,Dnipro,RU,UA,55.976858,37.41121,48.357201,35.100601,861.7,1,SU,SU9
SVO-DRS,SVO,DRS,Moscow,Dresden,RU,DE,55.976858,37.41121,51.134123,13.767831,1642.3,1,SU,SU9
DME-DUS,DME,DUS,Moscow,Düsseldorf,RU,DE,55.408798,37.9063,51.289501,6.76678,2098.2,2,"AB,S7",738
SVO-DUS,SVO,DUS,Moscow,Düsseldorf,RU,DE,55.976858,37.41121,51.289501,6.76678,2067.8,1,SU,320 319
VKO-DUS,VKO,DUS,Moscow,Düsseldorf,RU,DE,55.591499,37.261501,51.289501,6.76678,2057.6,1,LH,320
DME-ESL,DME,ESL,Moscow,Elista,RU,RU,55.408798,37.9063,46.373901,44.330898,1100.0,1,7R,CR2
DME-MXP,DME,MXP,Moscow,Ferno (VA),RU,IT,55.408798,37.9063,45.6306,8.72811,2308.0,1,UN,735
SVO-MXP,SVO,MXP,Moscow,Ferno (VA),RU,IT,55.976858,37.41121,45.6306,8.72811,2296.6,2,"AZ,SU","321 320,32S 319"
VKO-MXP,VKO,MXP,Moscow,Ferno (VA),RU,IT,55.591499,37.261501,45.6306,8.72811,2274.8,1,UN,73G 738
DME-FRA,DME,FRA,Moscow,Frankfurt am Main,RU,DE,55.408798,37.9063,50.026706,8.55835,2047.9,3,"AB,LH,S7","319,32A 321 320"
SVO-FRA,SVO,FRA,Moscow,Frankfurt am Main,RU,DE,55.976858,37.41121,50.026706,8.55835,2023.4,1,SU,320 319
VKO-FRA,VKO,FRA,Moscow,Frankfurt am Main,RU,DE,55.591499,37.261501,50.026706,8.55835,2009.3,2,"LH,UN","321 32A,738 73G"
SVO-GDZ,SVO,GDZ,Moscow,Gelendzhik,RU,RU,55.976858,37.41121,44.5820926295,38.0124807358,1267.7,1,SU,320 319
DME-GVA,DME,GVA,Moscow,Geneva,RU,CH,55.408798,37.9063,46.238098,6.10895,2427.5,1,LX,320 319
SVO-GVA,SVO,GVA,Moscow,Geneva,RU,CH,55.976858,37.41121,46.238098,6.10895,2410.8,1,SU,320 319
DME-GOA,DME,GOA,Moscow,Genova (GE),RU,IT,55.408798,37.9063,44.412039,8.840732,2388.1,1,S7,320
SVO-HAM,SVO,HAM,Moscow,Hamburg,RU,DE,55.976858,37.41121,53.630402,9.98823,1764.8,1,SU,738 321
SVO-HAJ,SVO,HAJ,Moscow,Hannover,RU,DE,55.976858,37.41121,52.461102,9.68508,1831.3,1,SU,320
DME-HEL,DME,HEL,Moscow,Helsinki (Vantaa),RU,FI,55.408798,37.9063,60.318363,24.963341,937.7,2,"AY,S7",319
SVO-HEL,SVO,HEL,Moscow,Helsinki (Vantaa),RU,FI,55.976858,37.41121,60.318363,24.963341,873.4,2,"AY,SU","319,319 320"
DME-HER,DME,HER,Moscow,Heraklion,RU,GR,55.408798,37.9063,35.339699,25.1803,2434.0,3,"A3,S7,UN","320,734 772"
SVO-HER,SVO,HER,Moscow,Heraklion,RU,GR,55.976858,37.41121,35.339699,25.1803,2475.3,1,SU,321
VKO-HER,VKO,HER,Moscow,Heraklion,RU,GR,55.591499,37.261501,35.339699,25.1803,2432.9,1,UN,738 777
SVO-IST,SVO,IST,Moscow,Istanbul,RU,TR,55.976858,37.41121,41.274874,28.732136,1751.6,1,SU,320
VKO-IST,VKO,IST,Moscow,Istanbul,RU,TR,55.591499,37.261501,41.274874,28.732136,1708.8,2,"TK,UN","738 321,73G 738"
DME-KGD,DME,KGD,Moscow,Kaliningrad,RU,RU,55.408798,37.9063,54.89161,20.598559,1098.4,3,"S7,U6,UN","320,734,735"
SVO-KGD,SVO,KGD,Moscow,Kaliningrad,RU,RU,55.976858,37.41121,54.89161,20.598559,1064.8,1,SU,320
SVO-KLV,SVO,KLV,Moscow,Karlovy Vary,RU,CZ,55.976858,37.41121,50.202999,12.915,1745.8,2,"OK,SU",320
DME-CFU,DME,CFU,Moscow,Kerkyra (Corfu),RU,GR,55.408798,37.9063,39.60145,19.912179,2203.4,1,A3,320
VKO-KVX,VKO,KVX,Moscow,Kirov,RU,RU,55.591499,37.261501,58.503883,49.347831,798.1,1,UR,AT7
DME-KRR,DME,KRR,Moscow,Krasnodar,RU,RU,55.408798,37.9063,45.034465,39.174215,1157.0,4,"6R,S7,U6,UN","320,734 319 320 738,735,738 73G"
SVO-KRR,SVO,KRR,Moscow,Krasnodar,RU,RU,55.976858,37.41121,45.034465,39.174215,1223.0,1,SU,319 320 738
VKO-KRR,VKO,KRR,Moscow,Krasnodar,RU,RU,55.591499,37.261501,45.034465,39.174215,1181.6,2,"R3,UN","73G,73W"
DME-AAQ,DME,AAQ,Moscow,Krasnyi Kurgan,RU,RU,55.408798,37.9063,45.002102,37.347301,1157.8,1,S7,320
SVO-AAQ,SVO,AAQ,Moscow,Krasnyi Kurgan,RU,RU,55.976858,37.41121,45.002102,37.347301,1220.3,1,SU,320 319
VKO-URS,VKO,URS,Moscow,Kursk,RU,RU,55.591499,37.261501,51.7505989074707,36.29560089111328,431.8,1,UR,AT7
DME-CGN,DME,CGN,Moscow,Köln (Cologne),RU,DE,55.408798,37.9063,50.865898,7.14274,2094.6,1,U6,320
DME-LIS,DME,LIS,Moscow,Lisbon,RU,PT,55.408798,37.9063,38.7813,-9.13592,3913.3,2,"S7,TP",320
DME-LGW,DME,LGW,Moscow,London,RU,GB,55.408798,37.9063,51.148744,-0.185739,2543.0,2,"U2,UN",320
DME-LHR,DME,LHR,Moscow,London,RU,GB,55.408798,37.9063,51.470748,-0.459909,2544.9,1,BA,767 321 744
SVO-LHR,SVO,LHR,Moscow,London,RU,GB,55.976858,37.41121,51.470748,-0.459909,2508.1,1,SU,320 333 321
VKO-LHR,VKO,LHR,Moscow,London,RU,GB,55.591499,37.261501,51.470748,-0.459909,2502.5,2,"UN,VS","73H 73G 738,73H 73G 763 738"
VKO-LWO,VKO,LWO,Moscow,Lviv,RU,UA,55.591499,37.261501,49.8125,23.9561,1100.1,1,QU,735
DME-MAD,DME,MAD,Moscow,Madrid,RU,ES,55.408798,37.9063,40.493407,-3.572249,3436.4,2,"IB,S7",319
SVO-MAD,SVO,MAD,Moscow,Madrid,RU,ES,55.976858,37.41121,40.493407,-3.572249,3419.1,2,"SU,UX","321 320,32S"
VKO-MAD,VKO,MAD,Moscow,Madrid,RU,ES,55.591499,37.261501,40.493407,-3.572249,3400.7,1,UN,738 73G
DME-MAN,DME,MAN,Moscow,"Manchester, Greater Manchester",RU,GB,55.408798,37.9063,53.349375,-2.279521,2576.1,1,U2,319 320
SVO-MRS,SVO,MRS,Moscow,"Marignane, Bouches-du-Rhône",RU,FR,55.976858,37.41121,43.438088,5.2125,2666.8,1,AF,320
DME-MRV,DME,MRV,Moscow,Mineralnyye Vody,RU,RU,55.408798,37.9063,44.225101,43.081902,1296.9,3,"S7,U6,UN","319,320,735"
SVO-MRV,SVO,MRV,Moscow,Mineralnyye Vody,RU,RU,55.976858,37.41121,44.225101,43.081902,1366.8,1,SU,321 319 320
VKO-MRV,VKO,MRV,Moscow,Mineralnyye Vody,RU,RU,55.591499,37.261501,44.225101,43.081902,1329.7,1,UN,73G
DME-MSQ,DME,MSQ,Moscow,Minsk,RU,BY,55.408798,37.9063,53.888071,28.039964,656.3,3,"B2,S7,UN","735,735 CRJ E95 733"
SVO-MSQ,SVO,MSQ,Moscow,Minsk,RU,BY,55.976858,37.41121,53.888071,28.039964,641.5,1,SU,320 319
DME-MUC,DME,MUC,Moscow,Munich,RU,DE,55.408798,37.9063,48.353802,11.7861,1942.0,3,"AB,LH,S7","320 321 763,321 320 319,738"
SVO-MUC,SVO,MUC,Moscow,Munich,RU,DE,55.976858,37.41121,48.353802,11.7861,1927.3,1,SU,320
SVO-MMK,SVO,MMK,Moscow,Murmansk,RU,RU,55.976858,37.41121,68.7817,32.750801,1443.0,2,"5N,SU",735
DME-AGP,DME,AGP,Moscow,Málaga,RU,ES,55.408798,37.9063,36.6749,-4.49911,3793.5,2,"IB,VY",320
SVO-AGP,SVO,AGP,Moscow,Málaga,RU,ES,55.976858,37.41121,36.6749,-4.49911,3781.1,2,"SU,UX","320,32S"
VKO-AGP,VKO,AGP,Moscow,Málaga,RU,ES,55.591499,37.261501,36.6749,-4.49911,3760.0,1,UN,738
DME-NCE,DME,NCE,Moscow,"Nice, Alpes-Maritimes",RU,FR,55.408798,37.9063,43.658401,7.21587,2540.9,1,SU,320
SVO-NCE,SVO,NCE,Moscow,"Nice, Alpes-Maritimes",RU,FR,55.976858,37.41121,43.658401,7.21587,2532.1,1,SU,321 320
DME-GOJ,DME,GOJ,Moscow,Nizhny Novgorod,RU,RU,55.408798,37.9063,56.227351,43.785152,378.2,2,"S7,U6","319,320"
SVO-GOJ,SVO,GOJ,Moscow,Nizhny Novgorod,RU,RU,55.976858,37.41121,56.227351,43.785152,396.1,1,SU,SU9 320
VKO-GOJ,VKO,GOJ,Moscow,Nizhny Novgorod,RU,RU,55.591499,37.261501,56.227351,43.785152,412.5,1,UR,AT7
DME-OVB,DME,OVB,Moscow,Novosibirsk,RU,RU,55.408798,37.9063,55.019756,82.618675,2787.5,3,"S7,U6,UN","320,735 734 763,738 320"
SVO-OVB,SVO,OVB,Moscow,Novosibirsk,RU,RU,55.976858,37.41121,55.019756,82.618675,2798.2,1,SU,321 738
VKO-OVB,VKO,OVB,Moscow,Novosibirsk,RU,RU,55.591499,37.261501,55.019756,82.618675,2820.0,1,UN,738 73G
SVO-OSL,SVO,OSL,Moscow,Oslo (Gardermoen),RU,NO,55.976858,37.41121,60.193901,11.1004,1603.8,2,"SK,SU",320
SVO-OTP,SVO,OTP,Moscow,Otopeni,RU,RO,55.976858,37.41121,44.571792,26.103285,1497.1,2,"RO,SU","733,SU9 737"
SVO-PMO,SVO,PMO,Moscow,Palermo,RU,IT,55.976858,37.41121,38.175999,13.091,2675.8,2,"AP,AZ",320
DME-PMI,DME,PMI,Moscow,Palma de Mallorca,RU,ES,55.408798,37.9063,39.551701,2.73881,3125.7,2,"IB,VY",320
DME-PED,DME,PED,Moscow,Pardubice,RU,CZ,55.408798,37.9063,50.015049,15.73981,1600.5,1,UN,735
VKO-ORY,VKO,ORY,Moscow,"Paris (Orly, Val-de-Marne)",RU,FR,55.591499,37.261501,48.729499,2.358963,2469.9,2,"UN,ZI","320,73H"
SVO-CDG,SVO,CDG,Moscow,"Paris (Roissy-en-France, Val-d'Oise)",RU,FR,55.976858,37.41121,49.00896,2.554117,2453.4,2,"AF,SU","319 320 321,320 321"
DME-PES,DME,PES,Moscow,Petrozavodsk,RU,RU,55.408798,37.9063,61.885201,34.154701,751.8,1,7R,CR2
SVO-PSA,SVO,PSA,Moscow,Pisa (PI),RU,IT,55.976858,37.41121,43.683899,10.3927,2347.0,2,"AP,AZ",320
DME-TGD,DME,TGD,Moscow,Podgorica,RU,ME,55.408798,37.9063,42.359402,19.2519,1979.1,1,YM,E95
SVO-PRG,SVO,PRG,Moscow,Prague,RU,CZ,55.976858,37.41121,50.100874,14.259911,1670.0,2,"OK,SU","319 320,321 320"
DME-PUY,DME,PUY,Moscow,Pula,RU,HR,55.408798,37.9063,44.893501,13.9222,2053.9,1,S7,320 738
DME-FKB,DME,FKB,Moscow,Rheinmünster,RU,DE,55.408798,37.9063,48.7794,8.0805,2146.8,1,ST,73G
DME-RIX,DME,RIX,Moscow,Riga,RU,LV,55.408798,37.9063,56.920752,23.970711,877.4,2,"BT,UN","DH4,DH4 73C 735"
SVO-RIX,SVO,RIX,Moscow,Riga,RU,LV,55.976858,37.41121,56.920752,23.970711,831.3,2,"BT,SU","320 321,73C 733 735"
VKO-RIX,VKO,RIX,Moscow,Riga,RU,LV,55.591499,37.261501,56.920752,23.970711,832.7,2,"BT,UN",73G
DME-RMI,DME,RMI,Moscow,Rimini (RN),RU,IT,55.408798,37.9063,44.020024,12.612198,2196.2,2,"U6,UN","321,763"
DME-FCO,DME,FCO,Moscow,Rome,RU,IT,55.408798,37.9063,41.804532,12.251998,2394.0,2,"BV,UN","735,737"
SVO-FCO,SVO,FCO,Moscow,Rome,RU,IT,55.976858,37.41121,41.804532,12.251998,2398.0,2,"AZ,SU","321 320,321 32S 319"
VKO-FCO,VKO,FCO,Moscow,Rome,RU,IT,55.591499,37.261501,41.804532,12.251998,2368.4,1,UN,738 763
DME-ROV,DME,ROV,Moscow,Rostov-on-Don,RU,RU,55.408798,37.9063,47.493888,39.924722,891.0,3,"S7,U6,UN","319,320,735"
SVO-ROV,SVO,ROV,Moscow,Rostov-on-Don,RU,RU,55.976858,37.41121,47.493888,39.924722,958.8,1,SU,319 734
DME-KUF,DME,KUF,Moscow,Samara,RU,RU,55.408798,37.9063,53.504902,50.164299,818.9,3,"S7,U6,UN","319,320,735"
SVO-KUF,SVO,KUF,Moscow,Samara,RU,RU,55.976858,37.41121,53.504902,50.164299,862.0,1,SU,319 320 321
VKO-KUF,VKO,KUF,Moscow,Samara,RU,RU,55.591499,37.261501,53.504902,50.164299,862.5,1,UN,738
DME-SKX,DME,SKX,Moscow,Saransk,RU,RU,55.408798,37.9063,54.12513,45.212257,489.7,1,7R,CR2
DME-LEJ,DME,LEJ,Moscow,Schkeuditz,RU,DE,55.408798,37.9063,51.420657,12.232705,1747.3,1,ST,319
DME-SIP,DME,SIP,Moscow,Simferopol,RU,UA,55.408798,37.9063,45.0522,33.975101,1184.6,3,"S7,U6,UN","320 319,735,738"
SVO-SIP,SVO,SIP,Moscow,Simferopol,RU,UA,55.976858,37.41121,45.0522,33.975101,1238.4,1,SU,320 321
DME-AER,DME,AER,Moscow,Sochi,RU,RU,55.408798,37.9063,43.449902,39.9566,1337.9,3,"S7,U6,UN","320,320 738 319,734 735"
SVO-AER,SVO,AER,Moscow,Sochi,RU,RU,55.976858,37.41121,43.449902,39.9566,1404.7,1,SU,321 738 320
VKO-AER,VKO,AER,Moscow,Sochi,RU,RU,55.591499,37.261501,43.449902,39.9566,1363.8,1,UN,73G
SVO-SOF,SVO,SOF,Moscow,Sofia,RU,BG,55.976858,37.41121,42.696357,23.417671,1783.9,2,"FB,SU",319
DME-ATH,DME,ATH,Moscow,Spata-Artemida,RU,GR,55.408798,37.9063,37.936401,23.9445,2206.3,2,"A3,S7","320,320 321"
SVO-ATH,SVO,ATH,Moscow,Spata-Artemida,RU,GR,55.976858,37.41121,37.936401,23.9445,2242.2,1,SU,321 320
DME-LED,DME,LED,Moscow,St. Petersburg,RU,RU,55.408798,37.9063,59.800301,30.262501,666.9,5,"6R,S7,SU,U6,UN","319 320,319 734 738,320,735,738"
SVO-LED,SVO,LED,Moscow,St. Petersburg,RU,RU,55.976858,37.41121,59.800301,30.262501,598.8,1,SU,321 320 738
VKO-LED,VKO,LED,Moscow,St. Petersburg,RU,RU,55.591499,37.261501,59.800301,30.262501,625.4,2,"SU,UN","319,73G 738"
DME-STW,DME,STW,Moscow,Stavropol,RU,RU,55.408798,37.9063,45.10919952392578,42.11280059814453,1183.1,2,"S7,UN","319,735"
SVO-STW,SVO,STW,Moscow,Stavropol,RU,RU,55.976858,37.41121,45.10919952392578,42.11280059814453,1252.5,1,SU,319
SVO-ARN,SVO,ARN,Moscow,Stockholm,RU,SE,55.976858,37.41121,59.64849,17.928829,1218.7,2,"SK,SU","320,73H 736 73W"
SVO-STR,SVO,STR,Moscow,Stuttgart,RU,DE,55.976858,37.41121,48.689899,9.22196,2061.3,1,SU,320
SVO-SCW,SVO,SCW,Moscow,Syktyvkar,RU,RU,55.976858,37.41121,61.64699935913086,50.84510040283203,994.7,2,"5N,SU",735
DME-TGK,DME,TGK,Moscow,Taganrog,RU,RU,55.408798,37.9063,47.1983333,38.8491667,915.3,1,2B,CR2
SVO-TLL,SVO,TLL,Moscow,Tallinn,RU,EE,55.976858,37.41121,59.413246,24.83264,837.7,2,"OV,SU","320 319,CR9 E70"
DME-SKG,DME,SKG,Moscow,Thessaloniki,RU,GR,55.408798,37.9063,40.51928,22.970009,1985.3,3,"A3,EL,S7","320,AR8"
SVO-SKG,SVO,SKG,Moscow,Thessaloniki,RU,GR,55.976858,37.41121,40.51928,22.970009,2015.2,1,SU,321
DME-TIV,DME,TIV,Moscow,Tivat,RU,ME,55.408798,37.9063,42.404701,18.723301,2001.1,5,"3R,S7,U6,YC,YM","320,320 321,738,E95,SU9 73G"
DME-UFA,DME,UFA,Moscow,Ufa,RU,RU,55.408798,37.9063,54.557498931885,55.874401092529,1147.1,4,"S7,U6,UN,YC","319,320,735,CR2"
SVO-UFA,SVO,UFA,Moscow,Ufa,RU,RU,55.976858,37.41121,54.557498931885,55.874401092529,1176.7,1,SU,320 319
DME-ULV,DME,ULV,Moscow,Ulyanovsk,RU,RU,55.408798,37.9063,54.27016,48.225569,672.1,1,7R,CR2
DME-VLC,DME,VLC,Moscow,Valencia,RU,ES,55.408798,37.9063,39.489162,-0.480961,3324.2,1,S7,319
DME-MLA,DME,MLA,Moscow,Valletta,RU,MT,55.408798,37.9063,35.845932,14.491546,2808.8,1,KM,320
SVO-MLA,SVO,MLA,Moscow,Valletta,RU,MT,55.976858,37.41121,35.845932,14.491546,2827.8,2,"KM,SU",319
DME-VAR,DME,VAR,Moscow,Varna,RU,BG,55.408798,37.9063,43.232101,27.8251,1535.0,1,S7,320 763
SVO-VAR,SVO,VAR,Moscow,Varna,RU,BG,55.976858,37.41121,43.232101,27.8251,1573.1,1,FB,320
SVO-ZAG,SVO,ZAG,Moscow,Velika Gorica,RU,HR,55.976858,37.41121,45.742901,16.0688,1868.2,1,SU,319
SVO-VCE,SVO,VCE,Moscow,Venezia (VE),RU,IT,55.976858,37.41121,45.505299,12.3519,2094.7,2,"AZ,SU",321 320
VKO-VCE,VKO,VCE,Moscow,Venezia (VE),RU,IT,55.591499,37.261501,45.505299,12.3519,2069.5,1,UN,738
DME-VIE,DME,VIE,Moscow,Vienna,RU,AT,55.408798,37.9063,48.110298,16.5697,1668.2,5,"HG,OS,S7,UA,UN","320,320 E90,32S"
SVO-VIE,SVO,VIE,Moscow,Vienna,RU,AT,55.976858,37.41121,48.110298,16.5697,1662.5,1,SU,321 320
VKO-VIE,VKO,VIE,Moscow,Vienna,RU,AT,55.591499,37.261501,48.110298,16.5697,1637.5,2,"OS,UN","735,738 73G"
DME-VNO,DME,VNO,Moscow,Vilnius,RU,LT,55.408798,37.9063,54.634102,25.285801,808.0,1,UN,735
SVO-VNO,SVO,VNO,Moscow,Vilnius,RU,LT,55.976858,37.41121,54.634102,25.285801,780.8,1,SU,320
VKO-VNO,VKO,VNO,Moscow,Vilnius,RU,LT,55.591499,37.261501,54.634102,25.285801,768.1,1,UR,AT7
DME-VOG,DME,VOG,Moscow,Volgograd,RU,RU,55.408798,37.9063,48.78134,44.339194,857.2,1,S7,319 738
SVO-VOG,SVO,VOG,Moscow,Volgograd,RU,RU,55.976858,37.41121,48.78134,44.339194,927.0,1,SU,320
DME-VOZ,DME,VOZ,Moscow,Voronezh,RU,RU,55.408798,37.9063,51.814324,39.230948,409.1,2,"7R,YQ","CR2,S20"
VKO-VOZ,VKO,VOZ,Moscow,Voronezh,RU,RU,55.591499,37.261501,51.814324,39.230948,439.5,1,UR,AT7
SVO-WAW,SVO,WAW,Moscow,Warsaw,RU,PL,55.976858,37.41121,52.165699,20.9671,1150.1,2,"LO,SU","320,E95 E75"
DME-BRU,DME,BRU,Moscow,Zaventem,RU,BE,55.408798,37.9063,50.901402,4.48444,2260.7,1,SN,320 319
SVO-BRU,SVO,BRU,Moscow,Zaventem,RU,BE,55.976858,37.41121,50.901402,4.48444,2229.4,1,SU,320 319
SVO-LJU,SVO,LJU,Moscow,Zgornji Brnik,RU,SI,55.976858,37.41121,46.223701,14.4576,1920.8,2,"JP,SU","CR2,CR2 319 CR9"
DME-ZRH,DME,ZRH,Moscow,Zurich,RU,CH,55.408798,37.9063,47.458056,8.548056,2197.7,1,LX,321 320
SVO-ZRH,SVO,ZRH,Moscow,Zurich,RU,CH,55.976858,37.41121,47.458056,8.548056,2181.1,1,SU,320
VKO-EYK,VKO,EYK,Moscow,,RU,RU,55.591499,37.261501,63.686901,66.698601,1859.8,1,4G,YK2
MMK-ARH,MMK,ARH,Murmansk,Archangelsk,RU,RU,68.7817,32.750801,64.60030364990234,40.71670150756836,581.3,1,5N,AN4
MMK-CEE,MMK,CEE,Murmansk,Cherepovets,RU,RU,68.7817,32.750801,59.273601532,38.0158004761,1086.9,1,D2,CR2
MMK-SVO,MMK,SVO,Murmansk,Moscow,RU,RU,68.7817,32.750801,55.976858,37.41121,1443.0,2,"5N,SU",735
MMK-LED,MMK,LED,Murmansk,St. Petersburg,RU,RU,68.7817,32.750801,59.800301,30.262501,1005.7,2,"5N,SU","319 A81,735"
MMK-TOS,MMK,TOS,Murmansk,Tromsø,RU,NO,68.7817,32.750801,69.683296,18.9189,553.2,1,5N,AN4
NNM-ARH,NNM,ARH,Naryan Mar,Archangelsk,RU,RU,67.639999,53.121899,64.60030364990234,40.71670150756836,651.0,2,"5N,UR","AN4,AT5"
NNM-KVX,NNM,KVX,Naryan Mar,Kirov,RU,RU,67.639999,53.121899,58.503883,49.347831,1033.0,1,UR,AN4
NNM-SCW,NNM,SCW,Naryan Mar,Syktyvkar,RU,RU,67.639999,53.121899,61.64699935913086,50.84510040283203,675.0,1,UR,AN4
GOJ-EGO,GOJ,EGO,Nizhny Novgorod,Belgorod,RU,RU,56.227351,43.785152,50.643798828125,36.5900993347168,781.8,1,Y7,738
GOJ-FRA,GOJ,FRA,Nizhny Novgorod,Frankfurt am Main,RU,DE,56.227351,43.785152,50.026706,8.55835,2419.5,1,LH,319
GOJ-DME,GOJ,DME,Nizhny Novgorod,Moscow,RU,RU,56.227351,43.785152,55.408798,37.9063,378.2,2,"S7,U6","319,320"
GOJ-SVO,GOJ,SVO,Nizhny Novgorod,Moscow,RU,RU,56.227351,43.785152,55.976858,37.41121,396.1,1,SU,320 SU9
GOJ-VKO,GOJ,VKO,Nizhny Novgorod,Moscow,RU,RU,56.227351,43.785152,55.591499,37.261501,412.5,1,UR,AT7
GOJ-PRG,GOJ,PRG,Nizhny Novgorod,Prague,RU,CZ,56.227351,43.785152,50.100874,14.259911,2063.9,2,"OK,U6",320
GOJ-KUF,GOJ,KUF,Nizhny Novgorod,Samara,RU,RU,56.227351,43.785152,53.504902,50.164299,507.9,1,UR,AT7
OVB-FRA,OVB,FRA,Novosibirsk,Frankfurt am Main,RU,DE,55.019756,82.618675,50.026706,8.55835,4802.9,1,S7,738
OVB-IST,OVB,IST,Novosibirsk,Istanbul,RU,TR,55.019756,82.618675,41.274874,28.732136,4158.4,1,TK,738
OVB-KRR,OVB,KRR,Novosibirsk,Krasnodar,RU,RU,55.019756,82.618675,45.034465,39.174215,3234.6,2,"6R,Y7",738
OVB-DME,OVB,DME,Novosibirsk,Moscow,RU,RU,55.019756,82.618675,55.408798,37.9063,2787.5,3,"S7,U6,UN","320,735 734,738 320"
OVB-SVO,OVB,SVO,Novosibirsk,Moscow,RU,RU,55.019756,82.618675,55.976858,37.41121,2798.2,1,SU,321 738
OVB-VKO,OVB,VKO,Novosibirsk,Moscow,RU,RU,55.019756,82.618675,55.591499,37.261501,2820.0,1,UN,738 73G
OVB-MUC,OVB,MUC,Novosibirsk,Munich,RU,DE,55.019756,82.618675,48.353802,11.7861,4725.1,1,S7,738
OVB-PRG,OVB,PRG,Novosibirsk,Prague,RU,CZ,55.019756,82.618675,50.100874,14.259911,4466.0,1,S7,320
OVB-LED,OVB,LED,Novosibirsk,St. Petersburg,RU,RU,55.019756,82.618675,59.800301,30.262501,3095.4,3,"6R,S7,SU","320,738,738 320"
NYA-EYK,NYA,EYK,Nyagan,,RU,RU,62.110001,65.614998,63.686901,66.698601,183.7,1,UR,AT7
PES-DME,PES,DME,Petrozavodsk,Moscow,RU,RU,61.885201,34.154701,55.408798,37.9063,751.8,1,7R,CR2
ROV-EGO,ROV,EGO,Rostov-on-Don,Belgorod,RU,RU,47.493888,39.924722,50.643798828125,36.5900993347168,426.2,1,7R,CR2
ROV-BUD,ROV,BUD,Rostov-on-Don,Budapest,RU,HU,47.493888,39.924722,47.43018,19.262393,1548.7,1,U6,320
ROV-IST,ROV,IST,Rostov-on-Don,Istanbul,RU,TR,47.493888,39.924722,41.274874,28.732136,1124.8,2,"SU,TK",319
ROV-DME,ROV,DME,Rostov-on-Don,Moscow,RU,RU,47.493888,39.924722,55.408798,37.9063,891.0,3,"S7,U6,UN","319,320,735"
ROV-SVO,ROV,SVO,Rostov-on-Don,Moscow,RU,RU,47.493888,39.924722,55.976858,37.41121,958.8,1,SU,319 734
ROV-PRG,ROV,PRG,Rostov-on-Don,Prague,RU,CZ,47.493888,39.924722,50.100874,14.259911,1892.4,1,OK,319
ROV-KUF,ROV,KUF,Rostov-on-Don,Samara,RU,RU,47.493888,39.924722,53.504902,50.164299,983.8,1,Y7,738
ROV-SIP,ROV,SIP,Rostov-on-Don,Simferopol,RU,UA,47.493888,39.924722,45.0522,33.975101,531.6,1,SU,319
ROV-LED,ROV,LED,Rostov-on-Don,St. Petersburg,RU,RU,47.493888,39.924722,59.800301,30.262501,1505.8,2,"SU,U6","320,A81 319"
ROV-SKG,ROV,SKG,Rostov-on-Don,Thessaloniki,RU,GR,47.493888,39.924722,40.51928,22.970009,1557.3,1,EL,AR8
ROV-VIE,ROV,VIE,Rostov-on-Don,Vienna,RU,AT,47.493888,39.924722,48.110298,16.5697,1739.0,1,OS,F70 100
ROV-VOG,ROV,VOG,Rostov-on-Don,Volgograd,RU,RU,47.493888,39.924722,48.78134,44.339194,357.4,1,7R,CR2
KUF-EGO,KUF,EGO,Samara,Belgorod,RU,RU,53.504902,50.164299,50.643798828125,36.5900993347168,978.9,1,7R,CR2
KUF-FRA,KUF,FRA,Samara,Frankfurt am Main,RU,DE,53.504902,50.164299,50.026706,8.55835,2847.5,1,LH,319
KUF-MSQ,KUF,MSQ,Samara,Minsk,RU,BY,53.504902,50.164299,53.888071,28.039964,1451.2,1,B2,CRJ
KUF-DME,KUF,DME,Samara,Moscow,RU,RU,53.504902,50.164299,55.408798,37.9063,818.9,3,"S7,U6,UN","319,320,735"
KUF-SVO,KUF,SVO,Samara,Moscow,RU,RU,53.504902,50.164299,55.976858,37.41121,862.0,1,SU,321 319 320
KUF-VKO,KUF,VKO,Samara,Moscow,RU,RU,53.504902,50.164299,55.591499,37.261501,862.5,1,UN,738
KUF-GOJ,KUF,GOJ,Samara,Nizhny Novgorod,RU,RU,53.504902,50.164299,56.227351,43.785152,507.9,1,UR,AT7
KUF-PRG,KUF,PRG,Samara,Prague,RU,CZ,53.504902,50.164299,50.100874,14.259911,2470.6,1,OK,319 320
KUF-ROV,KUF,ROV,Samara,Rostov-on-Don,RU,RU,53.504902,50.164299,47.493888,39.924722,983.8,1,Y7,738
KUF-LED,KUF,LED,Samara,St. Petersburg,RU,RU,53.504902,50.164299,59.800301,30.262501,1395.6,1,SU,319 A81
SKX-DME,SKX,DME,Saransk,Moscow,RU,RU,54.12513,45.212257,55.408798,37.9063,489.7,1,7R,CR2
SKX-LED,SKX,LED,Saransk,St. Petersburg,RU,RU,54.12513,45.212257,59.800301,30.262501,1100.4,1,7R,CR2
AER-IST,AER,IST,Sochi,Istanbul,RU,TR,43.449902,39.9566,41.274874,28.732136,952.6,2,"SU,TK","319,321"
AER-KRR,AER,KRR,Sochi,Krasnodar,RU,RU,43.449902,39.9566,45.034465,39.174215,186.9,2,"R3,SU","319,DH4"
AER-MSQ,AER,MSQ,Sochi,Minsk,RU,BY,43.449902,39.9566,53.888071,28.039964,1449.5,1,B2,735 CRJ
AER-DME,AER,DME,Sochi,Moscow,RU,RU,43.449902,39.9566,55.408798,37.9063,1337.9,4,"S7,U6,UN,Y7","319 320 738,320,734 735,738"
AER-SVO,AER,SVO,Sochi,Moscow,RU,RU,43.449902,39.9566,55.976858,37.41121,1404.7,1,SU,321 738 320
AER-VKO,AER,VKO,Sochi,Moscow,RU,RU,43.449902,39.9566,55.591499,37.261501,1363.8,1,UN,73G
AER-LED,AER,LED,Sochi,St. Petersburg,RU,RU,43.449902,39.9566,59.800301,30.262501,1932.6,1,SU,319 320
LED-AMS,LED,AMS,St. Petersburg,Amsterdam,RU,NL,59.800301,30.262501,52.308601,4.76389,1773.4,2,"KL,SU",737
LED-ARH,LED,ARH,St. Petersburg,Archangelsk,RU,RU,59.800301,30.262501,64.60030364990234,40.71670150756836,759.0,2,"5N,SU","735,A81 319"
LED-BCN,LED,BCN,St. Petersburg,Barcelona,RU,ES,59.800301,30.262501,41.2971,2.07846,2821.9,3,"IB,SU,VY","320,763 320"
LED-EGO,LED,EGO,St. Petersburg,Belgorod,RU,RU,59.800301,30.262501,50.643798828125,36.5900993347168,1093.2,1,YQ,S20
LED-BOJ,LED,BOJ,St. Petersburg,Burgas,RU,BG,59.800301,30.262501,42.569917,27.515173,1925.1,2,"FB,SU",320
LED-CEE,LED,CEE,St. Petersburg,Cherepovets,RU,RU,59.800301,30.262501,59.273601532,38.0158004761,440.7,1,D2,CR2
LED-CPH,LED,CPH,St. Petersburg,Copenhagen,RU,DK,59.800301,30.262501,55.617900848389,12.656000137329,1140.1,1,SK,321 320
LED-DUS,LED,DUS,St. Petersburg,Düsseldorf,RU,DE,59.800301,30.262501,51.289501,6.76678,1740.7,3,"FV,LH,SU","319,319 320"
LED-MXP,LED,MXP,St. Petersburg,Ferno (VA),RU,IT,59.800301,30.262501,45.6306,8.72811,2122.4,3,"AZ,SU,UN","320,735"
LED-FRA,LED,FRA,St. Petersburg,Frankfurt am Main,RU,DE,59.800301,30.262501,50.026706,8.55835,1748.5,2,"LH,SU","319,320 32A 321"
LED-GVA,LED,GVA,St. Petersburg,Geneva,RU,CH,59.800301,30.262501,46.238098,6.10895,2187.0,1,LX,319
LED-HAM,LED,HAM,St. Petersburg,Hamburg,RU,DE,59.800301,30.262501,53.630402,9.98823,1406.6,2,"FV,SU",319
LED-HEL,LED,HEL,St. Petersburg,Helsinki (Vantaa),RU,FI,59.800301,30.262501,60.318363,24.963341,299.6,2,"AY,S7",ATR
LED-HER,LED,HER,St. Petersburg,Heraklion,RU,GR,59.800301,30.262501,35.339699,25.1803,2744.6,2,"A3,SU",320
LED-IST,LED,IST,St. Petersburg,Istanbul,RU,TR,59.800301,30.262501,41.274874,28.732136,2062.6,2,"SU,TK","319,321 738"
LED-KGD,LED,KGD,St. Petersburg,Kaliningrad,RU,RU,59.800301,30.262501,54.89161,20.598559,794.9,1,SU,319 320
LED-KLV,LED,KLV,St. Petersburg,Karlovy Vary,RU,CZ,59.800301,30.262501,50.202999,12.915,1528.5,2,"OK,SU",320
LED-KVX,LED,KVX,St. Petersburg,Kirov,RU,RU,59.800301,30.262501,58.503883,49.347831,1093.8,1,7R,CR2
LED-KRR,LED,KRR,St. Petersburg,Krasnodar,RU,RU,59.800301,30.262501,45.034465,39.174215,1745.9,1,SU,319
LED-AAQ,LED,AAQ,St. Petersburg,Krasnyi Kurgan,RU,RU,59.800301,30.262501,45.002102,37.347301,1711.9,1,SU,320 319
LED-LHR,LED,LHR,St. Petersburg,London,RU,GB,59.800301,30.262501,51.470748,-0.459909,2113.5,1,BA,321
LED-MRV,LED,MRV,St. Petersburg,Mineralnyye Vody,RU,RU,59.800301,30.262501,44.225101,43.081902,1933.6,1,SU,319
LED-MSQ,LED,MSQ,St. Petersburg,Minsk,RU,BY,59.800301,30.262501,53.888071,28.039964,671.1,3,"B2,S7,UN","735,CRJ 735,CRJ E75 E95"
LED-DME,LED,DME,St. Petersburg,Moscow,RU,RU,59.800301,30.262501,55.408798,37.9063,666.9,5,"6R,S7,SU,U6,UN","319 734 738,320,320 319,735,738"
LED-SVO,LED,SVO,St. Petersburg,Moscow,RU,RU,59.800301,30.262501,55.976858,37.41121,598.8,1,SU,321 320 738
LED-VKO,LED,VKO,St. Petersburg,Moscow,RU,RU,59.800301,30.262501,55.591499,37.261501,625.4,2,"SU,UN","319,73G 738"
LED-MUC,LED,MUC,St. Petersburg,Munich,RU,DE,59.800301,30.262501,48.353802,11.7861,1741.3,2,"LH,SU","319,320 321"
LED-MMK,LED,MMK,St. Petersburg,Murmansk,RU,RU,59.800301,30.262501,68.7817,32.750801,1005.7,2,"5N,SU","319 A81,735"
LED-NCE,LED,NCE,St. Petersburg,"Nice, Alpes-Maritimes",RU,FR,59.800301,30.262501,43.658401,7.21587,2371.3,1,SU,320
LED-OVB,LED,OVB,St. Petersburg,Novosibirsk,RU,RU,59.800301,30.262501,55.019756,82.618675,3095.4,3,"6R,S7,SU","320 763,738,738 320"
LED-OSL,LED,OSL,St. Petersburg,Oslo (Gardermoen),RU,NO,59.800301,30.262501,60.193901,11.1004,1062.6,1,DY,73H
LED-PED,LED,PED,St. Petersburg,Pardubice,RU,CZ,59.800301,30.262501,50.015049,15.73981,1424.0,1,UN,733
LED-CDG,LED,CDG,St. Petersburg,"Paris (Roissy-en-France, Val-d'Oise)",RU,FR,59.800301,30.262501,49.00896,2.554117,2133.0,2,"AF,SU","319 320 321,320"
LED-PRG,LED,PRG,St. Petersburg,Prague,RU,CZ,59.800301,30.262501,50.100874,14.259911,1478.2,2,"OK,SU","319,320 319"
LED-RIX,LED,RIX,St. Petersburg,Riga,RU,LV,59.800301,30.262501,56.920752,23.970711,486.7,1,BT,DH4
LED-FCO,LED,FCO,St. Petersburg,Rome,RU,IT,59.800301,30.262501,41.804532,12.251998,2350.6,3,"AZ,SU,UN","320,32S 319,735"
LED-ROV,LED,ROV,St. Petersburg,Rostov-on-Don,RU,RU,59.800301,30.262501,47.493888,39.924722,1505.8,2,"SU,U6","320,A81 319"
LED-KUF,LED,KUF,St. Petersburg,Samara,RU,RU,59.800301,30.262501,53.504902,50.164299,1395.6,1,SU,319 A81
LED-SKX,LED,SKX,St. Petersburg,Saransk,RU,RU,59.800301,30.262501,54.12513,45.212257,1100.4,1,7R,CR2
LED-SIP,LED,SIP,St. Petersburg,Simferopol,RU,UA,59.800301,30.262501,45.0522,33.975101,1658.5,1,SU,320 319
LED-AER,LED,AER,St. Petersburg,Sochi,RU,RU,59.800301,30.262501,43.449902,39.9566,1932.6,1,SU,320 319
LED-ATH,LED,ATH,St. Petersburg,Spata-Artemida,RU,GR,59.800301,30.262501,37.936401,23.9445,2472.0,1,A3,320
LED-ARN,LED,ARN,St. Petersburg,Stockholm,RU,SE,59.800301,30.262501,59.64849,17.928829,690.6,2,"SK,SU","319,736 73H 73W 73G"
LED-SCW,LED,SCW,St. Petersburg,Syktyvkar,RU,RU,59.800301,30.262501,61.64699935913086,50.84510040283203,1132.9,2,"5N,SU","735,A81"
LED-TLL,LED,TLL,St. Petersburg,Tallinn,RU,EE,59.800301,30.262501,59.413246,24.83264,308.4,1,OV,E70 CR9
LED-SKG,LED,SKG,St. Petersburg,Thessaloniki,RU,GR,59.800301,30.262501,40.51928,22.970009,2202.9,2,"A3,S7",320
LED-TIV,LED,TIV,St. Petersburg,Tivat,RU,ME,59.800301,30.262501,42.404701,18.723301,2088.4,1,U6,320
LED-IAR,LED,IAR,St. Petersburg,Tunoshna,RU,RU,59.800301,30.262501,57.560699,40.157398,623.0,1,7R,CR2
LED-UFA,LED,UFA,St. Petersburg,Ufa,RU,RU,59.800301,30.262501,54.557498931885,55.874401092529,1637.4,1,SU,319 A81
LED-MLA,LED,MLA,St. Petersburg,Valletta,RU,MT,59.800301,30.262501,35.845932,14.491546,2895.0,1,KM,319 320
LED-VCE,LED,VCE,St. Petersburg,Venezia (VE),RU,IT,59.800301,30.262501,45.505299,12.3519,1983.0,2,"AP,AZ",320
LED-VIE,LED,VIE,St. Petersburg,Vienna,RU,AT,59.800301,30.262501,48.110298,16.5697,1572.0,3,"OS,SU,UA","100 F70,319"
LED-VNO,LED,VNO,St. Petersburg,Vilnius,RU,LT,59.800301,30.262501,54.634102,25.285801,647.5,1,YQ,S20
LED-VOG,LED,VOG,St. Petersburg,Volgograd,RU,RU,59.800301,30.262501,48.78134,44.339194,1521.7,1,7R,CR2
LED-VOZ,LED,VOZ,St. Petersburg,Voronezh,RU,RU,59.800301,30.262501,51.814324,39.230948,1048.0,2,"7R,YQ","CR2,S20"
LED-WAW,LED,WAW,St. Petersburg,Warsaw,RU,PL,59.800301,30.262501,52.165699,20.9671,1025.1,1,LO,E75
LED-ZRH,LED,ZRH,St. Petersburg,Zurich,RU,CH,59.800301,30.262501,47.458056,8.548056,1966.2,1,LX,320 32A
STW-DME,STW,DME,Stavropol,Moscow,RU,RU,45.10919952392578,42.11280059814453,55.408798,37.9063,1183.1,2,"S7,UN","319,735"
STW-SVO,STW,SVO,Stavropol,Moscow,RU,RU,45.10919952392578,42.11280059814453,55.976858,37.41121,1252.5,1,SU,319
SCW-SVO,SCW,SVO,Syktyvkar,Moscow,RU,RU,61.64699935913086,50.84510040283203,55.976858,37.41121,994.7,2,"5N,SU",735
SCW-NNM,SCW,NNM,Syktyvkar,Naryan Mar,RU,RU,61.64699935913086,50.84510040283203,67.639999,53.121899,675.0,1,UR,AN4
SCW-LED,SCW,LED,Syktyvkar,St. Petersburg,RU,RU,61.64699935913086,50.84510040283203,59.800301,30.262501,1132.9,2,"5N,SU","735,A81"
TGK-DME,TGK,DME,Taganrog,Moscow,RU,RU,47.1983333,38.8491667,55.408798,37.9063,915.3,1,2B,CR2
IAR-LED,IAR,LED,Tunoshna,St. Petersburg,RU,RU,57.560699,40.157398,59.800301,30.262501,623.0,1,7R,CR2
UFA-IST,UFA,IST,Ufa,Istanbul,RU,TR,54.557498931885,55.874401092529,41.274874,28.732136,2478.9,1,TK,319
UFA-DME,UFA,DME,Ufa,Moscow,RU,RU,54.557498931885,55.874401092529,55.408798,37.9063,1147.1,4,"S7,U6,UN,YC","319,320,735,CR2"
UFA-SVO,UFA,SVO,Ufa,Moscow,RU,RU,54.557498931885,55.874401092529,55.976858,37.41121,1176.7,1,SU,320 319
UFA-PRG,UFA,PRG,Ufa,Prague,RU,CZ,54.557498931885,55.874401092529,50.100874,14.259911,2827.8,1,OK,320 319
UFA-LED,UFA,LED,Ufa,St. Petersburg,RU,RU,54.557498931885,55.874401092529,59.800301,30.262501,1637.4,1,SU,319 A81
ULV-DME,ULV,DME,Ulyanovsk,Moscow,RU,RU,54.27016,48.225569,55.408798,37.9063,672.1,1,7R,CR2
VOG-KRR,VOG,KRR,Volgograd,Krasnodar,RU,RU,48.78134,44.339194,45.034465,39.174215,572.0,1,7R,CR2
VOG-DME,VOG,DME,Volgograd,Moscow,RU,RU,48.78134,44.339194,55.408798,37.9063,857.2,1,S7,319 738
VOG-SVO,VOG,SVO,Volgograd,Moscow,RU,RU,48.78134,44.339194,55.976858,37.41121,927.0,1,SU,320
VOG-ROV,VOG,ROV,Volgograd,Rostov-on-Don,RU,RU,48.78134,44.339194,47.493888,39.924722,357.4,1,7R,CR2
VOG-LED,VOG,LED,Volgograd,St. Petersburg,RU,RU,48.78134,44.339194,59.800301,30.262501,1521.7,1,7R,CR2
VOZ-KRR,VOZ,KRR,Voronezh,Krasnodar,RU,RU,51.814324,39.230948,45.034465,39.174215,753.9,1,7R,CR2
VOZ-DME,VOZ,DME,Voronezh,Moscow,RU,RU,51.814324,39.230948,55.408798,37.9063,409.1,2,"7R,YQ","CR2,S20"
VOZ-VKO,VOZ,VKO,Voronezh,Moscow,RU,RU,51.814324,39.230948,55.591499,37.261501,439.5,1,UR,AT7
VOZ-MUC,VOZ,MUC,Voronezh,Munich,RU,DE,51.814324,39.230948,48.353802,11.7861,1983.2,1,YQ,S20
VOZ-LED,VOZ,LED,Voronezh,St. Petersburg,RU,RU,51.814324,39.230948,59.800301,30.262501,1048.0,2,"7R,YQ","CR2,S20"
EYK-VKO,EYK,VKO,,Moscow,RU,RU,63.686901,66.698601,55.591499,37.261501,1859.8,1,4G,YK2
EYK-NYA,EYK,NYA,,Nyagan,RU,RU,63.686901,66.698601,62.110001,65.614998,183.7,1,UR,AT7
AJR-LYC,AJR,LYC,Arvidsjaur,Lycksele,SE,SE,65.59030151367188,19.28190040588379,64.548302,18.7162,118.9,2,"2N,SK",ATP
BLE-GOT,BLE,GOT,Borlange,Göteborg,SE,SE,60.422001,15.5152,57.6628,12.2798,358.2,1,HS,J32
BLE-ORB,BLE,ORB,Borlange,Örebro,SE,SE,60.422001,15.5152,59.22370147705078,15.038000106811523,135.9,1,HS,J32
GEV-KRN,GEV,KRN,Gällivare,Kiruna,SE,SE,67.13240051269531,20.814599990844727,67.821999,20.3368,79.3,1,HS,J32
GEV-LLA,GEV,LLA,Gällivare,Luleå,SE,SE,67.13240051269531,20.814599990844727,65.5438,22.122,186.0,1,HS,J32
GEV-KRF,GEV,KRF,Gällivare,Nyland,SE,SE,67.13240051269531,20.814599990844727,63.048599,17.7689,475.8,2,"2N,SK",ATP
GEV-ARN,GEV,ARN,Gällivare,Stockholm,SE,SE,67.13240051269531,20.814599990844727,59.64849,17.928829,844.3,2,"2N,SK",ATP
GOT-AAR,GOT,AAR,Göteborg,Aarhus,SE,DK,57.6628,12.2798,56.303331,10.618286,181.6,1,BA,FRJ
GOT-ALC,GOT,ALC,Göteborg,Alicante,SE,ES,57.6628,12.2798,38.2822,-0.558156,2348.2,1,DY,73H
GOT-AMS,GOT,AMS,Göteborg,Amsterdam,SE,NL,57.6628,12.2798,52.308601,4.76389,763.5,1,KL,EMJ
GOT-BCN,GOT,BCN,Göteborg,Barcelona,SE,ES,57.6628,12.2798,41.2971,2.07846,1958.3,3,"DY,IB,VY","320,73H"
GOT-BHX,GOT,BHX,Göteborg,"Birmingham, West Midlands",SE,GB,57.6628,12.2798,52.453899,-1.74803,1061.6,1,BM,ER4
GOT-BLE,GOT,BLE,Göteborg,Borlange,SE,SE,57.6628,12.2798,60.422001,15.5152,358.2,1,HS,J32
GOT-LYS,GOT,LYS,Göteborg,"Colombier-Saugnieu, Rhône",SE,FR,57.6628,12.2798,45.725996,5.090139,1414.9,2,"A5,AF",ER4
GOT-CPH,GOT,CPH,Göteborg,Copenhagen,SE,DK,57.6628,12.2798,55.617900848389,12.656000137329,228.5,1,SK,321 319 320 CR9
GOT-DUS,GOT,DUS,Göteborg,Düsseldorf,SE,DE,57.6628,12.2798,51.289501,6.76678,792.5,1,LH,CR9
GOT-FRA,GOT,FRA,Göteborg,Frankfurt am Main,SE,DE,57.6628,12.2798,50.026706,8.55835,883.2,3,"ET,LH,SK","319 733,32A 319 733 321"
GOT-HEL,GOT,HEL,Göteborg,Helsinki (Vantaa),SE,FI,57.6628,12.2798,60.318363,24.963341,782.7,1,AY,319 320
GOT-IST,GOT,IST,Göteborg,Istanbul,SE,TR,57.6628,12.2798,41.274874,28.732136,2163.1,2,"SK,TK","739,739 738"
GOT-LGW,GOT,LGW,Göteborg,London,SE,GB,57.6628,12.2798,51.148744,-0.185739,1081.2,1,DY,73H
GOT-LHR,GOT,LHR,Göteborg,London,SE,GB,57.6628,12.2798,51.470748,-0.459909,1068.7,4,"AA,BA,IB,SK","320,320 321 319,73H 73W 736"
GOT-MAN,GOT,MAN,Göteborg,"Manchester, Greater Manchester",SE,GB,57.6628,12.2798,53.349375,-2.279521,1031.8,1,BA,FRJ
GOT-MUC,GOT,MUC,Göteborg,Munich,SE,DE,57.6628,12.2798,48.353802,11.7861,1035.6,2,"LH,SK",E95 CR9
GOT-AGP,GOT,AGP,Göteborg,Málaga,SE,ES,57.6628,12.2798,36.6749,-4.49911,2639.6,2,"DY,SK",73H
GOT-NCE,GOT,NCE,Göteborg,"Nice, Alpes-Maritimes",SE,FR,57.6628,12.2798,43.658401,7.21587,1596.5,1,DY,73H
GOT-OSL,GOT,OSL,Göteborg,Oslo (Gardermoen),SE,NO,57.6628,12.2798,60.193901,11.1004,289.5,2,"SK,WF",DH3
GOT-PMI,GOT,PMI,Göteborg,Palma de Mallorca,SE,ES,57.6628,12.2798,39.551701,2.73881,2127.7,1,SK,320
GOT-CDG,GOT,CDG,Göteborg,"Paris (Roissy-en-France, Val-d'Oise)",SE,FR,57.6628,12.2798,49.00896,2.554117,1156.4,2,"AF,AZ",E90 E70
GOT-RIX,GOT,RIX,Göteborg,Riga,SE,LV,57.6628,12.2798,56.920752,23.970711,706.4,1,BT,DH4
GOT-FCO,GOT,FCO,Göteborg,Rome,SE,IT,57.6628,12.2798,41.804532,12.251998,1763.4,1,DY,73H
GOT-SPU,GOT,SPU,Göteborg,Split,SE,HR,57.6628,12.2798,43.538898,16.298,1595.2,1,SK,73H
GOT-SVG,GOT,SVG,Göteborg,Stavanger,SE,NO,57.6628,12.2798,58.876701,5.63778,411.0,1,BM,ER4
GOT-ARN,GOT,ARN,Göteborg,Stockholm,SE,SE,57.6628,12.2798,59.64849,17.928829,394.2,4,"CA,DY,SK,UA","73H,73W 717 736 73H,73W 73H 73G 736 717"
GOT-BMA,GOT,BMA,Göteborg,Stockholm,SE,SE,57.6628,12.2798,59.354401,17.9417,378.7,2,"AY,TF","AR1,AR8 AR1"
GOT-SDL,GOT,SDL,Göteborg,Sundsvall/ Härnösand,SE,SE,57.6628,12.2798,62.528099060058594,17.443899154663086,611.6,1,HS,F50
GOT-BRU,GOT,BRU,Göteborg,Zaventem,SE,BE,57.6628,12.2798,50.901402,4.48444,905.0,2,"SN,TF","AR1,AR1 319 DH4"
HAD-JKG,HAD,JKG,Halmstad,Jönköping,SE,SE,56.69110107421875,12.820199966430664,57.757598876953125,14.068699836730955,140.4,1,2N,ATP SF3
HAD-ARN,HAD,ARN,Halmstad,Stockholm,SE,SE,56.69110107421875,12.820199966430664,59.64849,17.928829,444.6,1,2N,SF3 ATP
HAD-BMA,HAD,BMA,Halmstad,Stockholm,SE,SE,56.69110107421875,12.820199966430664,59.354401,17.9417,422.5,2,"DC,TF",AT7
HAD-VXO,HAD,VXO,Halmstad,Växjö,SE,SE,56.69110107421875,12.820199966430664,56.929100036621094,14.727999687194824,119.1,2,"2N,SK",SF3
JKG-HAD,JKG,HAD,Jönköping,Halmstad,SE,SE,57.757598876953125,14.068699836730955,56.69110107421875,12.820199966430664,140.4,1,2N,ATP SF3
JKG-ARN,JKG,ARN,Jönköping,Stockholm,SE,SE,57.757598876953125,14.068699836730955,59.64849,17.928829,306.4,1,2N,ATP SF3
KLR-ARN,KLR,ARN,Kalmar,Stockholm,SE,SE,56.685501,16.2876,59.64849,17.928829,343.2,1,SK,736 AT7 73W
KLR-BMA,KLR,BMA,Kalmar,Stockholm,SE,SE,56.685501,16.2876,59.354401,17.9417,312.3,2,"DC,TF",S20
KSD-ALC,KSD,ALC,Karlstad,Alicante,SE,ES,59.444698,13.3374,38.2822,-0.558156,2551.3,1,DY,73H
KSD-ARN,KSD,ARN,Karlstad,Stockholm,SE,SE,59.444698,13.3374,59.64849,17.928829,259.7,1,2N,SF3
KRN-GEV,KRN,GEV,Kiruna,Gällivare,SE,SE,67.821999,20.3368,67.13240051269531,20.814599990844727,79.3,1,HS,J32
KRN-ARN,KRN,ARN,Kiruna,Stockholm,SE,SE,67.821999,20.3368,59.64849,17.928829,916.4,2,"DY,SK","736 73H 73W 73G,73H"
LPI-AMS,LPI,AMS,Linköping,Amsterdam,SE,NL,58.404909,15.684499,52.308601,4.76389,965.3,1,KL,EMJ F70
LPI-CPH,LPI,CPH,Linköping,Copenhagen,SE,DK,58.404909,15.684499,55.617900848389,12.656000137329,360.0,1,SK,AT7
LLA-GEV,LLA,GEV,Luleå,Gällivare,SE,SE,65.5438,22.122,67.13240051269531,20.814599990844727,186.0,1,HS,J32
LLA-ARN,LLA,ARN,Luleå,Stockholm,SE,SE,65.5438,22.122,59.64849,17.928829,689.4,2,"DY,SK","73H,73H 736 73W 73G 717"
LLA-SDL,LLA,SDL,Luleå,Sundsvall/ Härnösand,SE,SE,65.5438,22.122,62.528099060058594,17.443899154663086,405.1,1,HS,J32
LLA-UME,LLA,UME,Luleå,Umeå,SE,SE,65.5438,22.122,63.791801,20.282801,213.5,1,HS,J32
LYC-AJR,LYC,AJR,Lycksele,Arvidsjaur,SE,SE,64.548302,18.7162,65.59030151367188,19.28190040588379,118.9,2,"2N,SK",ATP
LYC-ARN,LYC,ARN,Lycksele,Stockholm,SE,SE,64.548302,18.7162,59.64849,17.928829,546.4,2,"2N,SK",ATP
MMX-BEG,MMX,BEG,Malmö,Belgrade,SE,RS,55.535564,13.376327,44.818401,20.309099,1288.4,1,W6,320
MMX-BUD,MMX,BUD,Malmö,Budapest,SE,HU,55.535564,13.376327,47.43018,19.262393,988.3,1,W6,320
MMX-TZL,MMX,TZL,Malmö,Dubrave Gornje,SE,BA,55.535564,13.376327,44.459858,18.723627,1288.6,1,W6,320
MMX-GDN,MMX,GDN,Malmö,Gdańsk,SE,PL,55.535564,13.376327,54.377602,18.4662,349.5,1,W6,320
MMX-SKP,MMX,SKP,Malmö,Ilinden,SE,MK,55.535564,13.376327,41.958087,21.622581,1623.6,1,W6,320
MMX-KTW,MMX,KTW,Malmö,Katowice,SE,PL,55.535564,13.376327,50.476015,19.080705,679.4,1,W6,320
MMX-STN,MMX,STN,Malmö,"London, Essex",SE,GB,55.535564,13.376327,51.884998,0.235,953.4,1,FR,738
MMX-AGP,MMX,AGP,Malmö,Málaga,SE,ES,55.535564,13.376327,36.6749,-4.49911,2493.2,1,FR,738
MMX-ARN,MMX,ARN,Malmö,Stockholm,SE,SE,55.535564,13.376327,59.64849,17.928829,531.5,2,"DY,SK","73H,73H 736 717 73W 73G AT7"
MMX-BMA,MMX,BMA,Malmö,Stockholm,SE,SE,55.535564,13.376327,59.354401,17.9417,504.7,2,"AY,TF",AR8 AR1
MMX-VBY,MMX,VBY,Malmö,Visby,SE,SE,55.535564,13.376327,57.6628,18.346201,385.2,2,"DC,TF",AT7
MMX-WAW,MMX,WAW,Malmö,Warsaw,SE,PL,55.535564,13.376327,52.165699,20.9671,622.6,1,W6,320
MMX-ORB,MMX,ORB,Malmö,Örebro,SE,SE,55.535564,13.376327,59.22370147705078,15.038000106811523,422.0,1,HS,J32
MXX-ARN,MXX,ARN,Mora,Stockholm,SE,SE,60.957901,14.5114,59.64849,17.928829,237.9,1,W2,J31
NRK-HEL,NRK,HEL,Norrköping,Helsinki (Vantaa),SE,FI,58.586299896240234,16.250600814819336,60.318363,24.963341,528.2,2,"AY,BE",AT7
NYO-AHO,NYO,AHO,Nyköping,Alghero,SE,IT,58.789656,16.911479,40.632099,8.29077,2108.0,1,FR,738
NYO-ALC,NYO,ALC,Nyköping,Alicante,SE,ES,58.789656,16.911479,38.2822,-0.558156,2600.2,1,FR,738
NYO-KRK,NYO,KRK,Nyköping,Balice,SE,PL,58.789656,16.911479,50.077702,19.7848,986.2,1,FR,738
NYO-BCN,NYO,BCN,Nyköping,Barcelona,SE,ES,58.789656,16.911479,41.2971,2.07846,2203.5,1,FR,738
NYO-BVA,NYO,BVA,Nyköping,Beauvais,SE,FR,58.789656,16.911479,49.454399,2.11278,1410.8,1,FR,738
NYO-BEG,NYO,BEG,Nyköping,Belgrade,SE,RS,58.789656,16.911479,44.818401,20.309099,1570.5,1,W6,320
NYO-BIQ,NYO,BIQ,Nyköping,Biarritz,SE,FR,58.789656,16.911479,43.468372,-1.523223,2119.7,1,FR,738
NYO-BRE,NYO,BRE,Nyköping,Bremen,SE,DE,58.789656,16.911479,53.046786,8.78932,813.6,1,FR,738
NYO-BUD,NYO,BUD,Nyköping,Budapest,SE,HU,58.789656,16.911479,47.43018,19.262393,1272.6,1,W6,320
NYO-BZR,NYO,BZR,Nyköping,Béziers,SE,FR,58.789656,16.911479,43.323502,3.3539,1955.1,1,FR,738
NYO-CRL,NYO,CRL,Nyköping,Charleroi,SE,BE,58.789656,16.911479,50.461963,4.459562,1220.8,1,FR,738
NYO-GDN,NYO,GDN,Nyköping,Gdańsk,SE,PL,58.789656,16.911479,54.377602,18.4662,499.7,1,W6,320
NYO-SKP,NYO,SKP,Nyköping,Ilinden,SE,MK,58.789656,16.911479,41.958087,21.622581,1900.0,1,W6,320
NYO-KTW,NYO,KTW,Nyköping,Katowice,SE,PL,58.789656,16.911479,50.476015,19.080705,934.8,1,W6,320
NYO-STN,NYO,STN,Nyköping,"London, Essex",SE,GB,58.789656,16.911479,51.884998,0.235,1298.7,1,FR,738
NYO-AGP,NYO,AGP,Nyköping,Málaga,SE,ES,58.789656,16.911479,36.6749,-4.49911,2906.2,1,FR,738
NYO-WMI,NYO,WMI,Nyköping,Nowy Dwór Mazowiecki,SE,PL,58.789656,16.911479,52.451099,20.6518,742.6,1,FR,738
NYO-BGY,NYO,BGY,Nyköping,Orio al Serio (BG),SE,IT,58.789656,16.911479,45.669362,9.708851,1537.1,1,FR,738
NYO-PMI,NYO,PMI,Nyköping,Palma de Mallorca,SE,ES,58.789656,16.911479,39.551701,2.73881,2363.1,1,FR,738
NYO-PSA,NYO,PSA,Nyköping,Pisa (PI),SE,IT,58.789656,16.911479,43.683899,10.3927,1737.9,1,FR,738
NYO-POZ,NYO,POZ,Nyköping,Poznań,SE,PL,58.789656,16.911479,52.421598,16.823359,708.1,1,W6,320
NYO-RJK,NYO,RJK,Nyköping,Rijeka(Omišalj),SE,HR,58.789656,16.911479,45.216376,14.57085,1517.5,1,FR,738
NYO-CIA,NYO,CIA,Nyköping,Rome,SE,IT,58.789656,16.911479,41.798769,12.595331,1913.0,1,FR,738
NYO-SKG,NYO,SKG,Nyköping,Thessaloniki,SE,GR,58.789656,16.911479,40.51928,22.970009,2075.8,1,FR,738
NYO-TSF,NYO,TSF,Nyköping,Treviso (TV),SE,IT,58.789656,16.911479,45.648399,12.1944,1495.2,1,FR,738
NYO-MLA,NYO,MLA,Nyköping,Valletta,SE,MT,58.789656,16.911479,35.845932,14.491546,2557.3,1,FR,738
NYO-WAW,NYO,WAW,Nyköping,Warsaw,SE,PL,58.789656,16.911479,52.165699,20.9671,779.3,1,W6,320
NYO-ZAD,NYO,ZAD,Nyköping,Zadar,SE,HR,58.789656,16.911479,44.096986,15.353565,1637.2,1,FR,738
KRF-GEV,KRF,GEV,Nyland,Gällivare,SE,SE,63.048599,17.7689,67.13240051269531,20.814599990844727,475.8,2,"2N,SK",ATP
KRF-ARN,KRF,ARN,Nyland,Stockholm,SE,SE,63.048599,17.7689,59.64849,17.928829,378.2,2,"2N,SK",ATP
RNB-ARN,RNB,ARN,Ronneby,Stockholm,SE,SE,56.266701,15.265,59.64849,17.928829,407.5,1,SK,73H S20 736 717 73W AT7
RNB-BMA,RNB,BMA,Ronneby,Stockholm,SE,SE,56.266701,15.265,59.354401,17.9417,378.1,2,"DC,TF",S20
SFT-GRO,SFT,GRO,Skellefteå,Girona,SE,ES,64.62480163574219,21.076900482177734,41.904639,2.761774,2780.8,1,FR,738
SFT-STN,SFT,STN,Skellefteå,"London, Essex",SE,GB,64.62480163574219,21.076900482177734,51.884998,0.235,1851.4,1,FR,738
SFT-ARN,SFT,ARN,Skellefteå,Stockholm,SE,SE,64.62480163574219,21.076900482177734,59.64849,17.928829,576.8,1,SK,736 73H 73W 73G 717
ARN-AAL,ARN,AAL,Stockholm,Aalborg,SE,DK,59.64849,17.928829,57.094763,9.84993,549.5,1,SK,S20
BMA-AAR,BMA,AAR,Stockholm,Aarhus,SE,DK,59.354401,17.9417,56.303331,10.618286,550.0,1,BA,FRJ
ARN-AJA,ARN,AJA,Stockholm,Ajaccio,SE,FR,59.64849,17.928829,41.923599,8.80292,2068.2,1,DY,73H
ARN-ALC,ARN,ALC,Stockholm,Alicante,SE,ES,59.64849,17.928829,38.2822,-0.558156,2711.3,2,"DY,SK",73H
ARN-AMS,ARN,AMS,Stockholm,Amsterdam,SE,NL,59.64849,17.928829,52.308601,4.76389,1152.4,4,"AZ,DY,KL,SK","717 73W 736,737,73H"
ARN-KRK,ARN,KRK,Stockholm,Balice,SE,PL,59.64849,17.928829,50.077702,19.7848,1070.7,1,DY,73H
ARN-BCN,ARN,BCN,Stockholm,Barcelona,SE,ES,59.64849,17.928829,41.2971,2.07846,2314.9,4,"DY,IB,SK,VY","320,73H"
ARN-BEG,ARN,BEG,Stockholm,Belgrade,SE,RS,59.64849,17.928829,44.818401,20.309099,1656.7,3,"DY,EY,JU","319,73H"
ARN-BGO,ARN,BGO,Stockholm,Bergen,SE,NO,59.64849,17.928829,60.2934,5.21814,709.8,2,"DY,SK","736 73W,73H"
ARN-BLL,ARN,BLL,Stockholm,Billund,SE,DK,59.64849,17.928829,55.740335,9.157019,677.7,1,SK,S20
ARN-BHX,ARN,BHX,Stockholm,"Birmingham, West Midlands",SE,GB,59.64849,17.928829,52.453899,-1.74803,1451.9,1,SK,717
ARN-BLQ,ARN,BLQ,Stockholm,Bologna,SE,IT,59.64849,17.928829,44.5354,11.2887,1738.6,1,SK,73W
ARN-BUD,ARN,BUD,Stockholm,Budapest,SE,HU,59.64849,17.928829,47.43018,19.262393,1361.4,1,DY,73H
ARN-CTA,ARN,CTA,Stockholm,Catania,SE,IT,59.64849,17.928829,37.466801,15.0664,2474.9,1,DY,73H
ARN-CPH,ARN,CPH,Stockholm,Copenhagen,SE,DK,59.64849,17.928829,55.617900848389,12.656000137329,546.8,3,"DY,ET,SK","320,73H,73W 320 73H 321 319 73G 736 717"
ARN-DUB,ARN,DUB,Stockholm,Dublin,SE,IE,59.64849,17.928829,53.428713,-6.262121,1624.3,2,"EI,SK","320,73H 736 717 73W"
ARN-DBV,ARN,DBV,Stockholm,Dubrovnik,SE,HR,59.64849,17.928829,42.562247,18.265543,1900.0,2,"DY,SK","73H,73H 73W"
ARN-DUS,ARN,DUS,Stockholm,Düsseldorf,SE,DE,59.64849,17.928829,51.289501,6.76678,1162.5,3,"4U,LH,SK","736 717 73W 73H,CRJ"
ARN-EDI,ARN,EDI,Stockholm,Edinburgh,SE,GB,59.64849,17.928829,55.950145,-3.372288,1320.7,2,"DY,SK","717 73G 73H,73H"
ARN-FAO,ARN,FAO,Stockholm,Faro,SE,PT,59.64849,17.928829,37.015909,-7.970939,3120.0,1,DY,73H
ARN-FRA,ARN,FRA,Stockholm,Frankfurt am Main,SE,DE,59.64849,17.928829,50.026706,8.55835,1224.0,3,"ET,LH,SK","321 32A,73W 73H 717 736 73G"
ARN-GVA,ARN,GVA,Stockholm,Geneva,SE,CH,59.64849,17.928829,46.238098,6.10895,1682.7,4,"CA,LX,SK,U2","319,320 319,736 73H 717"
ARN-GEV,ARN,GEV,Stockholm,Gällivare,SE,SE,59.64849,17.928829,67.13240051269531,20.814599990844727,844.3,1,2N,ATP
ARN-GOT,ARN,GOT,Stockholm,Göteborg,SE,SE,59.64849,17.928829,57.6628,12.2798,394.2,4,"BJ,CA,DY,SK","320,73H,73H 73W,73W 73G 73H 736 717"
BMA-GOT,BMA,GOT,Stockholm,Göteborg,SE,SE,59.354401,17.9417,57.6628,12.2798,378.7,2,"AY,TF","AR1 AR8,AR8 AR1"
ARN-HAD,ARN,HAD,Stockholm,Halmstad,SE,SE,59.64849,17.928829,56.69110107421875,12.820199966430664,444.6,1,2N,SF3
BMA-HAD,BMA,HAD,Stockholm,Halmstad,SE,SE,59.354401,17.9417,56.69110107421875,12.820199966430664,422.5,2,"DC,TF",AT7
ARN-HAM,ARN,HAM,Stockholm,Hamburg,SE,DE,59.64849,17.928829,53.630402,9.98823,825.6,2,"4U,SK","73G 73H 73W 736 717,CRJ"
ARN-HEL,ARN,HEL,Stockholm,Helsinki (Vantaa),SE,FI,59.64849,17.928829,60.318363,24.963341,398.1,5,"AY,CA,DY,ET,SK","319 320,717,717 73W AT7,73H"
BMA-HEL,BMA,HEL,Stockholm,Helsinki (Vantaa),SE,FI,59.354401,17.9417,60.318363,24.963341,406.5,2,"AY,TF",ATR AT7
ARN-IST,ARN,IST,Stockholm,Istanbul,SE,TR,59.64849,17.928829,41.274874,28.732136,2175.0,2,"SK,TK",738 321
ARN-JKG,ARN,JKG,Stockholm,Jönköping,SE,SE,59.64849,17.928829,57.757598876953125,14.068699836730955,306.4,1,2N,ATP SF3
ARN-KLX,ARN,KLX,Stockholm,Kalamata,SE,GR,59.64849,17.928829,37.06829833984375,22.02549934387207,2527.8,2,"A3,SK",319
ARN-KLR,ARN,KLR,Stockholm,Kalmar,SE,SE,59.64849,17.928829,56.685501,16.2876,343.2,1,SK,736 AT7 73W
BMA-KLR,BMA,KLR,Stockholm,Kalmar,SE,SE,59.354401,17.9417,56.685501,16.2876,312.3,2,"DC,TF",S20
ARN-KSD,ARN,KSD,Stockholm,Karlstad,SE,SE,59.64849,17.928829,59.444698,13.3374,259.7,1,2N,SF3
ARN-KRN,ARN,KRN,Stockholm,Kiruna,SE,SE,59.64849,17.928829,67.821999,20.3368,916.4,2,"DY,SK","73H,73H 73W 736 73G"
ARN-CGN,ARN,CGN,Stockholm,Köln (Cologne),SE,DE,59.64849,17.928829,50.865898,7.14274,1188.8,1,4U,CRJ
ARN-LIS,ARN,LIS,Stockholm,Lisbon,SE,PT,59.64849,17.928829,38.7813,-9.13592,2998.5,2,"S4,TP",320
ARN-LCY,ARN,LCY,Stockholm,London,SE,GB,59.64849,17.928829,51.505299,0.055278,1435.1,1,BA,E70
ARN-LGW,ARN,LGW,Stockholm,London,SE,GB,59.64849,17.928829,51.148744,-0.185739,1475.4,1,DY,73H
ARN-LHR,ARN,LHR,Stockholm,London,SE,GB,59.64849,17.928829,51.470748,-0.459909,1462.7,6,"AA,AY,BA,IB,SK,TG","320 321 319,320 321 319 767,73W 736,73W 73H 736 73G 717"
ARN-LLA,ARN,LLA,Stockholm,Luleå,SE,SE,59.64849,17.928829,65.5438,22.122,689.4,2,"DY,SK","73H,73H 736 73W 73G 717"
ARN-LUX,ARN,LUX,Stockholm,Luxembourg,SE,LU,59.64849,17.928829,49.626845,6.212134,1341.2,1,LG,ER4
ARN-LYC,ARN,LYC,Stockholm,Lycksele,SE,SE,59.64849,17.928829,64.548302,18.7162,546.4,2,"2N,SK",ATP
ARN-MAD,ARN,MAD,Stockholm,Madrid,SE,ES,59.64849,17.928829,40.493407,-3.572249,2599.7,2,"IB,SK","32S,73H 73W"
ARN-MMX,ARN,MMX,Stockholm,Malmö,SE,SE,59.64849,17.928829,55.535564,13.376327,531.5,2,"DY,SK","717 73W 736 73H 73G AT7,73H"
BMA-MMX,BMA,MMX,Stockholm,Malmö,SE,SE,59.354401,17.9417,55.535564,13.376327,504.7,2,"AY,TF",AR1 AR8
ARN-MAN,ARN,MAN,Stockholm,"Manchester, Greater Manchester",SE,GB,59.64849,17.928829,53.349375,-2.279521,1416.2,3,"DY,SK,TG","736,736 717 73H 73W,73H"
ARN-MHQ,ARN,MHQ,Stockholm,Mariehamn,SE,FI,59.64849,17.928829,60.1222,19.898199,121.8,1,2N,SF3
ARN-MSQ,ARN,MSQ,Stockholm,Minsk,SE,BY,59.64849,17.928829,53.888071,28.039964,886.9,1,B2,CRJ
ARN-MXX,ARN,MXX,Stockholm,Mora,SE,SE,59.64849,17.928829,60.957901,14.5114,237.9,1,W2,J31
ARN-SVO,ARN,SVO,Stockholm,Moscow,SE,RU,59.64849,17.928829,55.976858,37.41121,1218.7,2,"SK,SU","320,73H 736 73W"
ARN-MUC,ARN,MUC,Stockholm,Munich,SE,DE,59.64849,17.928829,48.353802,11.7861,1317.2,3,"DY,LH,SK","320 CR9 321 319,73H"
ARN-AGP,ARN,AGP,Stockholm,Málaga,SE,ES,59.64849,17.928829,36.6749,-4.49911,3015.9,2,"DY,SK",73H
ARN-NCE,ARN,NCE,Stockholm,"Nice, Alpes-Maritimes",SE,FR,59.64849,17.928829,43.658401,7.21587,1919.9,2,"DY,SK","73H,73H 73W"
ARN-KRF,ARN,KRF,Stockholm,Nyland,SE,SE,59.64849,17.928829,63.048599,17.7689,378.2,2,"2N,SK",ATP
ARN-OLB,ARN,OLB,Stockholm,Olbia (SS),SE,IT,59.64849,17.928829,40.898953,9.518457,2164.8,1,DY,73H
ARN-OSL,ARN,OSL,Stockholm,Oslo (Gardermoen),SE,NO,59.64849,17.928829,60.193901,11.1004,385.2,3,"DY,ET,SK","736 73H 73W 738 73G 717,738 736 73W,73H 733"
ARN-OUL,ARN,OUL,Stockholm,Oulu / Oulunsalo,SE,FI,59.64849,17.928829,64.930099,25.354601,700.7,1,SK,S20
ARN-PMO,ARN,PMO,Stockholm,Palermo,SE,IT,59.64849,17.928829,38.175999,13.091,2412.1,1,DY,73H
ARN-PMI,ARN,PMI,Stockholm,Palma de Mallorca,SE,ES,59.64849,17.928829,39.551701,2.73881,2474.7,2,"DY,SK",73H
ARN-ORY,ARN,ORY,Stockholm,"Paris (Orly, Val-de-Marne)",SE,FR,59.64849,17.928829,48.729499,2.358963,1573.3,1,DY,73H
ARN-CDG,ARN,CDG,Stockholm,"Paris (Roissy-en-France, Val-d'Oise)",SE,FR,59.64849,17.928829,49.00896,2.554117,1539.5,3,"AF,AZ,SK","320 321 32A 319,320 32A 319,73H 73G 736 73W 717"
ARN-PSA,ARN,PSA,Stockholm,Pisa (PI),SE,IT,59.64849,17.928829,43.683899,10.3927,1846.9,1,DY,73H
ARN-POR,ARN,POR,Stockholm,Pori,SE,FI,59.64849,17.928829,61.4617,21.799999,292.2,1,2N,SF3
ARN-PRG,ARN,PRG,Stockholm,Prague,SE,CZ,59.64849,17.928829,50.100874,14.259911,1086.9,4,"DY,OK,QS,SK","319,73H,73H 717"
ARN-PUY,ARN,PUY,Stockholm,Pula,SE,HR,59.64849,17.928829,44.893501,13.9222,1662.4,1,SK,717
ARN-KEF,ARN,KEF,Stockholm,Reykjavík,SE,IS,59.64849,17.928829,63.985001,-22.6056,2143.2,1,FI,75W
ARN-RIX,ARN,RIX,Stockholm,Riga,SE,LV,59.64849,17.928829,56.920752,23.970711,465.2,3,"BT,DY,SK","733 DH4 735 73C,73H"
ARN-FCO,ARN,FCO,Stockholm,Rome,SE,IT,59.64849,17.928829,41.804532,12.251998,2022.2,2,"DY,SK",73H
ARN-RNB,ARN,RNB,Stockholm,Ronneby,SE,SE,59.64849,17.928829,56.266701,15.265,407.5,1,SK,736 S20 717 73W AT7 73H
BMA-RNB,BMA,RNB,Stockholm,Ronneby,SE,SE,59.354401,17.9417,56.266701,15.265,378.1,2,"DC,TF",S20
ARN-TRF,ARN,TRF,Stockholm,Sandefjord(Torp),SE,NO,59.64849,17.928829,59.186699,10.2586,436.7,1,2N,SF3
ARN-SJJ,ARN,SJJ,Stockholm,Sarajevo,SE,BA,59.64849,17.928829,43.8246,18.331499,1759.7,1,DY,73H
ARN-LIN,ARN,LIN,Stockholm,Segrate (MI),SE,IT,59.64849,17.928829,45.445099,9.27674,1680.9,1,SK,73W 73H 717 736
ARN-SFT,ARN,SFT,Stockholm,Skellefteå,SE,SE,59.64849,17.928829,64.62480163574219,21.076900482177734,576.8,1,SK,73H 736 73W 73G 717
ARN-ATH,ARN,ATH,Stockholm,Spata-Artemida,SE,GR,59.64849,17.928829,37.936401,23.9445,2451.8,2,"DY,SK",73H
ARN-SPU,ARN,SPU,Stockholm,Split,SE,HR,59.64849,17.928829,43.538898,16.298,1794.7,2,"DY,SK",73H
ARN-LED,ARN,LED,Stockholm,St. Petersburg,SE,RU,59.64849,17.928829,59.800301,30.262501,690.6,2,"SK,SU","319,736 73H 73W 73G"
ARN-SVG,ARN,SVG,Stockholm,Stavanger,SE,NO,59.64849,17.928829,58.876701,5.63778,702.7,1,SK,S20 736
ARN-SDL,ARN,SDL,Stockholm,Sundsvall/ Härnösand,SE,SE,59.64849,17.928829,62.528099060058594,17.443899154663086,321.3,1,SK,736 AT7 73W S20 73H 717
BMA-SDL,BMA,SDL,Stockholm,Sundsvall/ Härnösand,SE,SE,59.354401,17.9417,62.528099060058594,17.443899154663086,353.9,2,"DC,TF",S20
ARN-TLL,ARN,TLL,Stockholm,Tallinn,SE,EE,59.64849,17.928829,59.413246,24.83264,390.0,2,"OV,SK",E70 CR9
ARN-TMP,ARN,TMP,Stockholm,Tampere / Pirkkala,SE,FI,59.64849,17.928829,61.414101,23.604401,367.1,3,"CA,SK,TG",S20
ARN-SKG,ARN,SKG,Stockholm,Thessaloniki,SE,GR,59.64849,17.928829,40.51928,22.970009,2155.8,2,"A3,SK",736
BMA-THN,BMA,THN,Stockholm,Trollhättan,SE,SE,59.354401,17.9417,58.31809997558594,12.345000267028809,341.9,1,DC,S20
ARN-TOS,ARN,TOS,Stockholm,Tromsø,SE,NO,59.64849,17.928829,69.683296,18.9189,1116.8,1,SK,717
ARN-TRD,ARN,TRD,Stockholm,Trondheim,SE,NO,59.64849,17.928829,63.457802,10.924,562.5,1,SK,717 73W
ARN-TKU,ARN,TKU,Stockholm,Turku,SE,FI,59.64849,17.928829,60.514099,22.2628,258.9,2,"SK,TG","AT7,AT7 S20"
ARN-UME,ARN,UME,Stockholm,Umeå,SE,SE,59.64849,17.928829,63.791801,20.282801,477.0,2,"DY,SK","73H,73W 73H 736 73G"
BMA-UME,BMA,UME,Stockholm,Umeå,SE,SE,59.354401,17.9417,63.791801,20.282801,508.7,2,"AY,TF",AR1 AR8
ARN-VAA,ARN,VAA,Stockholm,Vaasa,SE,FI,59.64849,17.928829,63.05023,21.762543,429.8,4,"CA,DY,SK,TG","73H,S20,S20 AT7"
ARN-MLA,ARN,MLA,Stockholm,Valletta,SE,MT,59.64849,17.928829,35.845932,14.491546,2658.3,1,SK,73H
ARN-VCE,ARN,VCE,Stockholm,Venezia (VE),SE,IT,59.64849,17.928829,45.505299,12.3519,1615.8,1,DY,73H
ARN-VIE,ARN,VIE,Stockholm,Vienna,SE,AT,59.64849,17.928829,48.110298,16.5697,1286.0,4,"AB,AY,HG,OS","320 100 319,E90"
ARN-VHM,ARN,VHM,Stockholm,Vilhelmina,SE,SE,59.64849,17.928829,64.579102,16.833599,551.2,2,"2N,SK",SF3
ARN-VNO,ARN,VNO,Stockholm,Vilnius,SE,LT,59.64849,17.928829,54.634102,25.285801,711.8,2,"DY,SK","73H,S20"
ARN-VBY,ARN,VBY,Stockholm,Visby,SE,SE,59.64849,17.928829,57.6628,18.346201,222.1,2,"2N,SK","AT7,SF3 ATP"
BMA-VBY,BMA,VBY,Stockholm,Visby,SE,SE,59.354401,17.9417,57.6628,18.346201,189.6,2,"DC,TF",AT7 AR1
ARN-VXO,ARN,VXO,Stockholm,Växjö,SE,SE,59.64849,17.928829,56.929100036621094,14.727999687194824,355.5,1,2N,SF3
BMA-VXO,BMA,VXO,Stockholm,Växjö,SE,SE,59.354401,17.9417,56.929100036621094,14.727999687194824,329.0,2,"DC,TF",S20
ARN-WAW,ARN,WAW,Stockholm,Warsaw,SE,PL,59.64849,17.928829,52.165699,20.9671,853.1,1,LO,E70 E75
ARN-BRU,ARN,BRU,Stockholm,Zaventem,SE,BE,59.64849,17.928829,50.901402,4.48444,1287.9,1,SK,736 73W 717
BMA-BRU,BMA,BRU,Stockholm,Zaventem,SE,BE,59.354401,17.9417,50.901402,4.48444,1266.3,2,"SN,TF",AR1
ARN-ZRH,ARN,ZRH,Stockholm,Zurich,SE,CH,59.64849,17.928829,47.458056,8.548056,1487.1,2,"LX,SK","320 321,717 73G 736 73W 73H"
ARN-AGH,ARN,AGH,Stockholm,Ängelholm,SE,SE,59.64849,17.928829,56.29610061645508,12.847100257873535,478.0,1,SK,736 S20 73W 717 73H AT7
BMA-AGH,BMA,AGH,Stockholm,Ängelholm,SE,SE,59.354401,17.9417,56.29610061645508,12.847100257873535,454.3,2,"DC,TF",AT7
ARN-OER,ARN,OER,Stockholm,Örnsköldsvik,SE,SE,59.64849,17.928829,63.40829849243164,18.989999771118164,421.8,1,2N,ATR
ARN-OSD,ARN,OSD,Stockholm,Östersund,SE,SE,59.64849,17.928829,63.193546,14.504168,434.1,1,SK,736 73W 73H 73G
BMA-OSD,BMA,OSD,Stockholm,Östersund,SE,SE,59.354401,17.9417,63.193546,14.504168,464.6,1,TF,S20
VST-ALC,VST,ALC,Stockholm / Västerås,Alicante,SE,ES,59.589401,16.6336,38.2822,-0.558156,2663.2,1,FR,738
VST-STN,VST,STN,Stockholm / Västerås,"London, Essex",SE,GB,59.589401,16.6336,51.884998,0.235,1330.8,1,FR,738
VST-AGP,VST,AGP,Stockholm / Västerås,Málaga,SE,ES,59.589401,16.6336,36.6749,-4.49911,2963.1,1,FR,738
SDL-GOT,SDL,GOT,Sundsvall/ Härnösand,Göteborg,SE,SE,62.528099060058594,17.443899154663086,57.6628,12.2798,611.6,1,HS,F50
SDL-LLA,SDL,LLA,Sundsvall/ Härnösand,Luleå,SE,SE,62.528099060058594,17.443899154663086,65.5438,22.122,405.1,1,HS,J32
SDL-ARN,SDL,ARN,Sundsvall/ Härnösand,Stockholm,SE,SE,62.528099060058594,17.443899154663086,59.64849,17.928829,321.3,1,SK,73W 736 AT7 S20 73H 717
SDL-BMA,SDL,BMA,Sundsvall/ Härnösand,Stockholm,SE,SE,62.528099060058594,17.443899154663086,59.354401,17.9417,353.9,2,"DC,TF",S20
TYF-TLL,TYF,TLL,Torsby,Tallinn,SE,EE,60.1576,12.9913,59.413246,24.83264,666.8,1,W2,J31
THN-BMA,THN,BMA,Trollhättan,Stockholm,SE,SE,58.31809997558594,12.345000267028809,59.354401,17.9417,341.9,1,DC,S20
UME-ALC,UME,ALC,Umeå,Alicante,SE,ES,63.791801,20.282801,38.2822,-0.558156,3155.5,1,DY,73H
UME-LLA,UME,LLA,Umeå,Luleå,SE,SE,63.791801,20.282801,65.5438,22.122,213.5,1,HS,J32
UME-ARN,UME,ARN,Umeå,Stockholm,SE,SE,63.791801,20.282801,59.64849,17.928829,477.0,2,"DY,SK","73H,73W 73H 736 73G"
UME-BMA,UME,BMA,Umeå,Stockholm,SE,SE,63.791801,20.282801,59.354401,17.9417,508.7,2,"AY,TF",AR1 AR8
UME-OSD,UME,OSD,Umeå,Östersund,SE,SE,63.791801,20.282801,63.193546,14.504168,294.3,1,HS,J32
VHM-ARN,VHM,ARN,Vilhelmina,Stockholm,SE,SE,64.579102,16.833599,59.64849,17.928829,551.2,2,"2N,SK",SF3
VBY-MMX,VBY,MMX,Visby,Malmö,SE,SE,57.6628,18.346201,55.535564,13.376327,385.2,2,"DC,TF",AT7
VBY-ARN,VBY,ARN,Visby,Stockholm,SE,SE,57.6628,18.346201,59.64849,17.928829,222.1,2,"2N,SK","AT7,SF3 ATP"
VBY-BMA,VBY,BMA,Visby,Stockholm,SE,SE,57.6628,18.346201,59.354401,17.9417,189.6,2,"DC,TF",AT7 AR1
VXO-ALC,VXO,ALC,Växjö,Alicante,SE,ES,56.929100036621094,14.727999687194824,38.2822,-0.558156,2356.8,1,FR,738
VXO-AMS,VXO,AMS,Växjö,Amsterdam,SE,NL,56.929100036621094,14.727999687194824,52.308601,4.76389,820.5,1,OV,E70
VXO-OSL,VXO,OSL,Växjö,Oslo (Gardermoen),SE,NO,56.929100036621094,14.727999687194824,60.193901,11.1004,419.4,1,2N,SF3
VXO-ARN,VXO,ARN,Växjö,Stockholm,SE,SE,56.929100036621094,14.727999687194824,59.64849,17.928829,355.5,2,"2N,SK",SF3
VXO-BMA,VXO,BMA,Växjö,Stockholm,SE,SE,56.929100036621094,14.727999687194824,59.354401,17.9417,329.0,2,"DC,TF",S20
AGH-ARN,AGH,ARN,Ängelholm,Stockholm,SE,SE,56.29610061645508,12.847100257873535,59.64849,17.928829,478.0,1,SK,736 S20 73W 717 73H AT7
AGH-BMA,AGH,BMA,Ängelholm,Stockholm,SE,SE,56.29610061645508,12.847100257873535,59.354401,17.9417,454.3,2,"DC,TF",AT7
ORB-BLE,ORB,BLE,Örebro,Borlange,SE,SE,59.22370147705078,15.038000106811523,60.422001,15.5152,135.9,1,HS,J32
ORB-MMX,ORB,MMX,Örebro,Malmö,SE,SE,59.22370147705078,15.038000106811523,55.535564,13.376327,422.0,1,HS,J32
OER-ARN,OER,ARN,Örnsköldsvik,Stockholm,SE,SE,63.40829849243164,18.989999771118164,59.64849,17.928829,421.8,1,2N,ATR
OSD-ARN,OSD,ARN,Östersund,Stockholm,SE,SE,63.193546,14.504168,59.64849,17.928829,434.1,1,SK,73G 736 73W 73H
OSD-BMA,OSD,BMA,Östersund,Stockholm,SE,SE,63.193546,14.504168,59.354401,17.9417,464.6,1,TF,S20
OSD-UME,OSD,UME,Östersund,Umeå,SE,SE,63.193546,14.504168,63.791801,20.282801,294.3,1,HS,J32
LJU-AMS,LJU,AMS,Zgornji Brnik,Amsterdam,SI,NL,46.223701,14.4576,52.308601,4.76389,974.4,1,JP,319 CR9
LJU-BEG,LJU,BEG,Zgornji Brnik,Belgrade,SI,RS,46.223701,14.4576,44.818401,20.309099,481.8,1,JU,AT7
LJU-CRL,LJU,CRL,Zgornji Brnik,Charleroi,SI,BE,46.223701,14.4576,50.461963,4.459562,875.3,1,W6,320
LJU-CPH,LJU,CPH,Zgornji Brnik,Copenhagen,SI,DK,46.223701,14.4576,55.617900848389,12.656000137329,1052.1,2,"JP,SK",CR9
LJU-FRA,LJU,FRA,Zgornji Brnik,Frankfurt am Main,SI,DE,46.223701,14.4576,50.026706,8.55835,608.4,2,"JP,LH",CR9 319
LJU-HEL,LJU,HEL,Zgornji Brnik,Helsinki (Vantaa),SI,FI,46.223701,14.4576,60.318363,24.963341,1711.0,1,AY,320
LJU-SKP,LJU,SKP,Zgornji Brnik,Ilinden,SI,MK,46.223701,14.4576,41.958087,21.622581,742.7,1,JP,CR9 CR2
LJU-IST,LJU,IST,Zgornji Brnik,Istanbul,SI,TR,46.223701,14.4576,41.274874,28.732136,1269.3,2,"JP,TK",319 CR9
LJU-STN,LJU,STN,Zgornji Brnik,"London, Essex",SI,GB,46.223701,14.4576,51.884998,0.235,1209.5,1,U2,319
LJU-LTN,LJU,LTN,Zgornji Brnik,"Luton, Luton",SI,GB,46.223701,14.4576,51.874699,-0.368333,1246.5,1,W6,320
LJU-SVO,LJU,SVO,Zgornji Brnik,Moscow,SI,RU,46.223701,14.4576,55.976858,37.41121,1920.8,2,"JP,SU","319 CR9 CR2,CR2"
LJU-MUC,LJU,MUC,Zgornji Brnik,Munich,SI,DE,46.223701,14.4576,48.353802,11.7861,310.9,2,"JP,LH",CR9 CR2
LJU-CDG,LJU,CDG,Zgornji Brnik,"Paris (Roissy-en-France, Val-d'Oise)",SI,FR,46.223701,14.4576,49.00896,2.554117,943.2,2,"AF,JP","CR9 319 CR2,E70"
LJU-TGD,LJU,TGD,Zgornji Brnik,Podgorica,SI,ME,46.223701,14.4576,42.359402,19.2519,574.4,2,"JP,YM","100,CR2 CR9"
LJU-PRG,LJU,PRG,Zgornji Brnik,Prague,SI,CZ,46.223701,14.4576,50.100874,14.259911,431.4,1,JP,CR2
LJU-PRN,LJU,PRN,Zgornji Brnik,Prishtina,SI,XK,46.223701,14.4576,42.5728,21.035801,661.4,1,JP,CR9 CR2
LJU-TIA,LJU,TIA,Zgornji Brnik,Rinas,SI,AL,46.223701,14.4576,41.4147,19.7206,681.0,1,JP,CR9 CR2
LJU-SJJ,LJU,SJJ,Zgornji Brnik,Sarajevo,SI,BA,46.223701,14.4576,43.8246,18.331499,404.7,1,JP,CR2
LJU-VIE,LJU,VIE,Zgornji Brnik,Vienna,SI,AT,46.223701,14.4576,48.110298,16.5697,263.6,2,"JP,OS",CR9 CR2
LJU-WAW,LJU,WAW,Zgornji Brnik,Warsaw,SI,PL,46.223701,14.4576,52.165699,20.9671,811.9,2,"JP,LO",CR2
LJU-BRU,LJU,BRU,Zgornji Brnik,Zaventem,SI,BE,46.223701,14.4576,50.901402,4.48444,898.3,2,"JP,SN",319 CR9
LJU-ZRH,LJU,ZRH,Zgornji Brnik,Zurich,SI,CH,46.223701,14.4576,47.458056,8.548056,469.8,2,"JP,LX",CR9 CR2 319
BTS-AHO,BTS,AHO,Bratislava,Alghero,SK,IT,48.1702,17.2127,40.632099,8.29077,1096.2,1,FR,738
BTS-BVA,BTS,BVA,Bratislava,Beauvais,SK,FR,48.1702,17.2127,49.454399,2.11278,1113.0,1,FR,738
BTS-BHX,BTS,BHX,Bratislava,"Birmingham, West Midlands",SK,GB,48.1702,17.2127,52.453899,-1.74803,1423.1,1,FR,738
BTS-CRL,BTS,CRL,Bratislava,Charleroi,SK,BE,48.1702,17.2127,50.461963,4.459562,957.5,1,FR,738
BTS-DUB,BTS,DUB,Bratislava,Dublin,SK,IE,48.1702,17.2127,53.428713,-6.262121,1740.8,1,FR,738
BTS-EDI,BTS,EDI,Bratislava,Edinburgh,SK,GB,48.1702,17.2127,55.950145,-3.372288,1642.4,1,FR,738
BTS-GRO,BTS,GRO,Bratislava,Girona,SK,ES,48.1702,17.2127,41.904639,2.761774,1329.0,1,FR,738
BTS-KSC,BTS,KSC,Bratislava,Košice,SK,SK,48.1702,17.2127,48.663101,21.2411,302.3,1,OK,AT4 AT7
BTS-LPL,BTS,LPL,Bratislava,Liverpool,SK,GB,48.1702,17.2127,53.334863,-2.849637,1517.3,1,FR,738
BTS-STN,BTS,STN,Bratislava,"London, Essex",SK,GB,48.1702,17.2127,51.884998,0.235,1277.7,1,FR,738
BTS-LTN,BTS,LTN,Bratislava,"Luton, Luton",SK,GB,48.1702,17.2127,51.874699,-0.368333,1318.0,1,FR,738
BTS-AGP,BTS,AGP,Bratislava,Málaga,SK,ES,48.1702,17.2127,36.6749,-4.49911,2180.6,1,FR,738
BTS-BGY,BTS,BGY,Bratislava,Orio al Serio (BG),SK,IT,48.1702,17.2127,45.669362,9.708851,633.8,1,FR,738
BTS-OSL,BTS,OSL,Bratislava,Oslo (Gardermoen),SK,NO,48.1702,17.2127,60.193901,11.1004,1393.4,1,DY,73H 733
BTS-PMI,BTS,PMI,Bratislava,Palma de Mallorca,SK,ES,48.1702,17.2127,39.551701,2.73881,1500.7,1,FR,738
BTS-PRG,BTS,PRG,Bratislava,Prague,SK,CZ,48.1702,17.2127,50.100874,14.259911,303.7,3,"DL,OK,QS","AT4,AT4 AT7"
BTS-CIA,BTS,CIA,Bratislava,Rome,SK,IT,48.1702,17.2127,41.798769,12.595331,795.8,1,FR,738
BTS-TPS,BTS,TPS,Bratislava,Trapani (TP),SK,IT,48.1702,17.2127,37.9114,12.488,1203.0,1,FR,738
KSC-BTS,KSC,BTS,Košice,Bratislava,SK,SK,48.663101,21.2411,48.1702,17.2127,302.3,2,"DL,OK","AT4,AT4 AT7"
KSC-LTN,KSC,LTN,Košice,"Luton, Luton",SK,GB,48.663101,21.2411,51.874699,-0.368333,1570.5,1,W6,320
KSC-PRG,KSC,PRG,Košice,Prague,SK,CZ,48.663101,21.2411,50.100874,14.259911,529.8,2,"OK,QS",AT4 AT7
KSC-VIE,KSC,VIE,Košice,Vienna,SK,AT,48.663101,21.2411,48.110298,16.5697,350.3,1,OS,100 DH4
IST-AAL,IST,AAL,Istanbul,Aalborg,TR,DK,41.274874,28.732136,57.094763,9.84993,2215.3,2,"SK,TK",319 738
IST-AMS,IST,AMS,Istanbul,Amsterdam,TR,NL,41.274874,28.732136,52.308601,4.76389,2182.6,2,"KL,TK","343 321 320 330,737"
IST-BCN,IST,BCN,Istanbul,Barcelona,TR,ES,41.274874,28.732136,41.2971,2.07846,2218.2,1,TK,332 321 738 320 330
IST-BEG,IST,BEG,Istanbul,Belgrade,TR,RS,41.274874,28.732136,44.818401,20.309099,789.2,1,TK,738 319 321
IST-BIO,IST,BIO,Istanbul,Bilbao,TR,ES,41.274874,28.732136,43.301102,-2.91061,2597.0,1,TK,320
IST-BLL,IST,BLL,Istanbul,Billund,TR,DK,41.274874,28.732136,55.740335,9.157019,2145.2,1,TK,319 738
IST-BHX,IST,BHX,Istanbul,"Birmingham, West Midlands",TR,GB,41.274874,28.732136,52.453899,-1.74803,2602.3,1,TK,739 738
IST-BLQ,IST,BLQ,Istanbul,Bologna,TR,IT,41.274874,28.732136,44.5354,11.2887,1463.1,1,TK,320 321
IST-BRE,IST,BRE,Istanbul,Bremen,TR,DE,41.274874,28.732136,53.046786,8.78932,1984.6,1,TK,320
IST-BUD,IST,BUD,Istanbul,Budapest,TR,HU,41.274874,28.732136,47.43018,19.262393,1016.2,1,TK,321 738 320 319 739
IST-BSL,IST,BSL,Istanbul,Bâle / Mulhouse,TR,FR,41.274874,28.732136,47.60068,7.521117,1817.6,1,TK,738
IST-TRN,IST,TRN,Istanbul,Caselle Torinese (TO),TR,IT,41.274874,28.732136,45.200802,7.64963,1757.2,1,TK,73W 738 319 320
IST-LYS,IST,LYS,Istanbul,"Colombier-Saugnieu, Rhône",TR,FR,41.274874,28.732136,45.725996,5.090139,1962.1,1,TK,738 321 330
IST-CND,IST,CND,Istanbul,Constanța,TR,RO,41.274874,28.732136,44.362202,28.4883,343.9,1,TK,738 319
IST-CPH,IST,CPH,Istanbul,Copenhagen,TR,DK,41.274874,28.732136,55.617900848389,12.656000137329,1977.1,2,"SK,TK",321 738
IST-DNK,IST,DNK,Istanbul,Dnipro,TR,UA,41.274874,28.732136,48.357201,35.100601,933.3,3,"PS,TK,Z6","319,320,ER4"
IST-DUB,IST,DUB,Istanbul,Dublin,TR,IE,41.274874,28.732136,53.428713,-6.262121,2922.4,1,TK,738
IST-DUS,IST,DUS,Istanbul,Düsseldorf,TR,DE,41.274874,28.732136,51.289501,6.76678,2010.0,1,TK,330 321 332 738 343
IST-EDI,IST,EDI,Istanbul,Edinburgh,TR,GB,41.274874,28.732136,55.950145,-3.372288,2828.9,1,TK,738 739
IST-MXP,IST,MXP,Istanbul,Ferno (VA),TR,IT,41.274874,28.732136,45.6306,8.72811,1680.7,1,TK,321 739 320
IST-FRA,IST,FRA,Istanbul,Frankfurt am Main,TR,DE,41.274874,28.732136,50.026706,8.55835,1836.6,3,"LH,TK,US","320 330 321 343 332,321,330 321 320 343 332"
IST-FDH,IST,FDH,Istanbul,Friedrichshafen,TR,DE,41.274874,28.732136,47.671299,9.51149,1676.8,1,TK,738
IST-GVA,IST,GVA,Istanbul,Geneva,TR,CH,41.274874,28.732136,46.238098,6.10895,1891.5,1,TK,738 321 320
IST-GOA,IST,GOA,Istanbul,Genova (GE),TR,IT,41.274874,28.732136,44.412039,8.840732,1654.4,1,TK,738 739 330
IST-GOT,IST,GOT,Istanbul,Göteborg,TR,SE,41.274874,28.732136,57.6628,12.2798,2163.1,2,"SK,TK","739,739 738"
IST-HAM,IST,HAM,Istanbul,Hamburg,TR,DE,41.274874,28.732136,53.630402,9.98823,1956.8,1,TK,321 320 738
IST-HAJ,IST,HAJ,Istanbul,Hannover,TR,DE,41.274874,28.732136,52.461102,9.68508,1898.4,1,TK,321 739 738
IST-HEL,IST,HEL,Istanbul,Helsinki (Vantaa),TR,FI,41.274874,28.732136,60.318363,24.963341,2133.2,2,"SK,TK",321
IST-SKP,IST,SKP,Istanbul,Ilinden,TR,MK,41.274874,28.732136,41.958087,21.622581,595.7,1,TK,319
IST-CGN,IST,CGN,Istanbul,Köln (Cologne),TR,DE,41.274874,28.732136,50.865898,7.14274,1966.4,1,TK,320 321
IST-LIS,IST,LIS,Istanbul,Lisbon,TR,PT,41.274874,28.732136,38.7813,-9.13592,3210.6,2,"TK,TP","321,321 738"
IST-LGW,IST,LGW,Istanbul,London,TR,GB,41.274874,28.732136,51.148744,-0.185739,2459.5,1,TK,739 321 738
IST-LHR,IST,LHR,Istanbul,London,TR,GB,41.274874,28.732136,51.470748,-0.459909,2487.4,3,"AA,BA,TK","320,320 767,77W 321"
IST-LTN,IST,LTN,Istanbul,"Luton, Luton",TR,GB,41.274874,28.732136,51.874699,-0.368333,2493.8,1,KK,320
IST-LUX,IST,LUX,Istanbul,Luxembourg,TR,LU,41.274874,28.732136,49.626845,6.212134,1976.3,1,TK,73W 739 738
IST-LWO,IST,LWO,Istanbul,Lviv,TR,UA,41.274874,28.732136,49.8125,23.9561,1019.1,1,TK,738 739
IST-MAD,IST,MAD,Istanbul,Madrid,TR,ES,41.274874,28.732136,40.493407,-3.572249,2701.4,1,TK,332 738 739 321
IST-MAN,IST,MAN,Istanbul,"Manchester, Greater Manchester",TR,GB,41.274874,28.732136,53.349375,-2.279521,2665.5,1,TK,321
IST-MRS,IST,MRS,Istanbul,"Marignane, Bouches-du-Rhône",TR,FR,41.274874,28.732136,43.438088,5.2125,1940.9,2,"AF,TK","320,738 321 319"
IST-MSQ,IST,MSQ,Istanbul,Minsk,TR,BY,41.274874,28.732136,53.888071,28.039964,1403.5,2,"B2,TK","320,733 E75"
IST-SVO,IST,SVO,Istanbul,Moscow,TR,RU,41.274874,28.732136,55.976858,37.41121,1751.6,1,SU,320
IST-VKO,IST,VKO,Istanbul,Moscow,TR,RU,41.274874,28.732136,55.591499,37.261501,1708.8,2,"TK,UN","321 738,738 73G"
IST-MUC,IST,MUC,Istanbul,Munich,TR,DE,41.274874,28.732136,48.353802,11.7861,1546.3,4,"LH,OZ,TK,US","321,321 320,321 320 738"
IST-AGP,IST,AGP,Istanbul,Málaga,TR,ES,41.274874,28.732136,36.6749,-4.49911,2899.6,1,TK,738
IST-NAP,IST,NAP,Istanbul,Napoli,TR,IT,41.274874,28.732136,40.886002,14.2908,1209.8,1,TK,738
IST-NCE,IST,NCE,Istanbul,"Nice, Alpes-Maritimes",TR,FR,41.274874,28.732136,43.658401,7.21587,1779.5,1,TK,320 738 321
IST-OVB,IST,OVB,Istanbul,Novosibirsk,TR,RU,41.274874,28.732136,55.019756,82.618675,4158.4,1,TK,738
IST-NUE,IST,NUE,Istanbul,Nuremberg,TR,DE,41.274874,28.732136,49.498699,11.078056,1648.0,1,TK,320 738
IST-OSL,IST,OSL,Istanbul,Oslo (Gardermoen),TR,NO,41.274874,28.732136,60.193901,11.1004,2425.0,2,"SK,TK",321 738
IST-OTP,IST,OTP,Istanbul,Otopeni,TR,RO,41.274874,28.732136,44.571792,26.103285,424.5,2,"RO,TK","318,738 319 320 321"
IST-CDG,IST,CDG,Istanbul,"Paris (Roissy-en-France, Val-d'Oise)",TR,FR,41.274874,28.732136,49.00896,2.554117,2211.9,3,"8Q,AF,TK","320,320 319 321,330 321 320 332 77W 738"
IST-TGD,IST,TGD,Istanbul,Podgorica,TR,ME,41.274874,28.732136,42.359402,19.2519,794.4,1,TK,319
IST-PRG,IST,PRG,Istanbul,Prague,TR,CZ,41.274874,28.732136,50.100874,14.259911,1487.6,1,TK,738 321 320
IST-PRN,IST,PRN,Istanbul,Prishtina,TR,XK,41.274874,28.732136,42.5728,21.035801,652.6,1,TK,320 73W 319 738
IST-RIX,IST,RIX,Istanbul,Riga,TR,LV,41.274874,28.732136,56.920752,23.970711,1772.9,1,TK,320
IST-TIA,IST,TIA,Istanbul,Rinas,TR,AL,41.274874,28.732136,41.4147,19.7206,752.1,1,TK,319
IST-FCO,IST,FCO,Istanbul,Rome,TR,IT,41.274874,28.732136,41.804532,12.251998,1370.8,2,"AZ,TK","321 320 319,32S 321 320"
IST-ROV,IST,ROV,Istanbul,Rostov-on-Don,TR,RU,41.274874,28.732136,47.493888,39.924722,1124.8,2,"SU,TK",319
IST-RTM,IST,RTM,Istanbul,Rotterdam,TR,NL,41.274874,28.732136,51.956902,4.43722,2187.1,1,TK,320
IST-SZG,IST,SZG,Istanbul,Salzburg,TR,AT,41.274874,28.732136,47.793301,13.0043,1438.1,1,TK,320
IST-SJJ,IST,SJJ,Istanbul,Sarajevo,TR,BA,41.274874,28.732136,43.8246,18.331499,897.2,2,"JA,TK","320 738 321,AT7"
IST-LEJ,IST,LEJ,Istanbul,Schkeuditz,TR,DE,41.274874,28.732136,51.420657,12.232705,1689.0,1,TK,320
IST-AER,IST,AER,Istanbul,Sochi,TR,RU,41.274874,28.732136,43.449902,39.9566,952.6,2,"SU,TK","319,321"
IST-SOF,IST,SOF,Istanbul,Sofia,TR,BG,41.274874,28.732136,42.696357,23.417671,466.7,1,TK,738 320
IST-ATH,IST,ATH,Istanbul,Spata-Artemida,TR,GR,41.274874,28.732136,37.936401,23.9445,553.0,3,"A3,OA,TK","320,321 738 320"
IST-LED,IST,LED,Istanbul,St. Petersburg,TR,RU,41.274874,28.732136,59.800301,30.262501,2062.6,2,"SU,TK","319,321 738"
IST-ARN,IST,ARN,Istanbul,Stockholm,TR,SE,41.274874,28.732136,59.64849,17.928829,2175.0,2,"SK,TK",321 738
IST-STR,IST,STR,Istanbul,Stuttgart,TR,DE,41.274874,28.732136,48.689899,9.22196,1734.9,1,TK,320 321
IST-TLL,IST,TLL,Istanbul,Tallinn,TR,EE,41.274874,28.732136,59.413246,24.83264,2034.9,1,TK,319
IST-SKG,IST,SKG,Istanbul,Thessaloniki,TR,GR,41.274874,28.732136,40.51928,22.970009,491.4,1,TK,738
IST-TLS,IST,TLS,Istanbul,Toulouse/Blagnac,TR,FR,41.274874,28.732136,43.629101,1.36382,2250.3,1,TK,320 321
IST-UFA,IST,UFA,Istanbul,Ufa,TR,RU,41.274874,28.732136,54.557498931885,55.874401092529,2478.9,1,TK,319
IST-VLC,IST,VLC,Istanbul,Valencia,TR,ES,41.274874,28.732136,39.489162,-0.480961,2470.7,1,TK,738
IST-MLA,IST,MLA,Istanbul,Valletta,TR,MT,41.274874,28.732136,35.845932,14.491546,1375.2,2,"KM,TK","319 737,319 738"
IST-ZAG,IST,ZAG,Istanbul,Velika Gorica,TR,HR,41.274874,28.732136,45.742901,16.0688,1133.9,2,"OU,TK","319,739 319 320 738"
IST-VCE,IST,VCE,Istanbul,Venezia (VE),TR,IT,41.274874,28.732136,45.505299,12.3519,1401.6,1,TK,321 739 738 320 319
IST-VIE,IST,VIE,Istanbul,Vienna,TR,AT,41.274874,28.732136,48.110298,16.5697,1223.1,3,"OS,OZ,TK","320 100 319,321,321 738 330 320"
IST-VNO,IST,VNO,Istanbul,Vilnius,TR,LT,41.274874,28.732136,54.634102,25.285801,1507.0,1,TK,319
IST-WAW,IST,WAW,Istanbul,Warsaw,TR,PL,41.274874,28.732136,52.165699,20.9671,1346.1,2,"LO,TK","321,734 E95"
IST-BRU,IST,BRU,Istanbul,Zaventem,TR,BE,41.274874,28.732136,50.901402,4.48444,2140.2,1,TK,738 321 343 320 330
IST-LJU,IST,LJU,Istanbul,Zgornji Brnik,TR,SI,41.274874,28.732136,46.223701,14.4576,1269.3,2,"JP,TK",CR9 319
IST-ZRH,IST,ZRH,Istanbul,Zurich,TR,CH,41.274874,28.732136,47.458056,8.548056,1739.0,4,"LX,OZ,TK,US","320,320 32A,321 320 738,738 321"
DNK-IST,DNK,IST,Dnipro,Istanbul,UA,TR,48.357201,35.100601,41.274874,28.732136,933.3,3,"PS,TK,Z6","319,320,ER4"
DNK-DME,DNK,DME,Dnipro,Moscow,UA,RU,48.357201,35.100601,55.408798,37.9063,807.2,2,"UN,Z6","735,ER4"
DNK-SVO,DNK,SVO,Dnipro,Moscow,UA,RU,48.357201,35.100601,55.976858,37.41121,861.7,1,SU,SU9
DNK-VIE,DNK,VIE,Dnipro,Vienna,UA,AT,48.357201,35.100601,48.110298,16.5697,1369.4,2,"OS,Z6","ER4,F70 100"
LWO-DTM,LWO,DTM,Lviv,Dortmund,UA,DE,49.8125,23.9561,51.518299,7.61224,1164.9,1,WU,320
LWO-GRO,LWO,GRO,Lviv,Girona,UA,ES,49.8125,23.9561,41.904639,2.761774,1852.9,1,WU,320
LWO-IST,LWO,IST,Lviv,Istanbul,UA,TR,49.8125,23.9561,41.274874,28.732136,1019.1,1,TK,738 739
LWO-VKO,LWO,VKO,Lviv,Moscow,UA,RU,49.8125,23.9561,55.591499,37.261501,1100.1,1,QU,735
LWO-MUC,LWO,MUC,Lviv,Munich,UA,DE,49.8125,23.9561,48.353802,11.7861,900.0,1,LH,CR7 CR9
LWO-NAP,LWO,NAP,Lviv,Napoli,UA,IT,49.8125,23.9561,40.886002,14.2908,1245.1,1,WU,320
LWO-BGY,LWO,BGY,Lviv,Orio al Serio (BG),UA,IT,49.8125,23.9561,45.669362,9.708851,1158.3,1,WU,320
LWO-FCO,LWO,FCO,Lviv,Rome,UA,IT,49.8125,23.9561,41.804532,12.251998,1268.4,1,WU,320
LWO-TSF,LWO,TSF,Lviv,Treviso (TV),UA,IT,49.8125,23.9561,45.648399,12.1944,992.6,1,WU,320
LWO-VLC,LWO,VLC,Lviv,Valencia,UA,ES,49.8125,23.9561,39.489162,-0.480961,2233.1,1,WU,320
LWO-VIE,LWO,VIE,Lviv,Vienna,UA,AT,49.8125,23.9561,48.110298,16.5697,571.2,2,"OS,PS","DH4,F70"
LWO-WAW,LWO,WAW,Lviv,Warsaw,UA,PL,49.8125,23.9561,52.165699,20.9671,335.0,1,LO,E95 E70
SIP-DME,SIP,DME,Simferopol,Moscow,UA,RU,45.0522,33.975101,55.408798,37.9063,1184.6,3,"S7,U6,UN","320 319,735,738"
SIP-SVO,SIP,SVO,Simferopol,Moscow,UA,RU,45.0522,33.975101,55.976858,37.41121,1238.4,1,SU,320 321
SIP-ROV,SIP,ROV,Simferopol,Rostov-on-Don,UA,RU,45.0522,33.975101,47.493888,39.924722,531.6,1,SU,319
SIP-LED,SIP,LED,Simferopol,St. Petersburg,UA,RU,45.0522,33.975101,59.800301,30.262501,1658.5,1,SU,320 319
PRN-BSL,PRN,BSL,Prishtina,Bâle / Mulhouse,XK,FR,42.5728,21.035801,47.60068,7.521117,1197.0,1,U2,320 319
PRN-CPH,PRN,CPH,Prishtina,Copenhagen,XK,DK,42.5728,21.035801,55.617900848389,12.656000137329,1571.0,1,SK,320 CR9
PRN-DUS,PRN,DUS,Prishtina,Düsseldorf,XK,DE,42.5728,21.035801,51.289501,6.76678,1449.2,1,4U,319
PRN-FRA,PRN,FRA,Prishtina,Frankfurt am Main,XK,DE,42.5728,21.035801,50.026706,8.55835,1264.3,2,"JP,LH",319
PRN-GVA,PRN,GVA,Prishtina,Geneva,XK,CH,42.5728,21.035801,46.238098,6.10895,1251.6,2,"LX,U2","319,320"
PRN-HAM,PRN,HAM,Prishtina,Hamburg,XK,DE,42.5728,21.035801,53.630402,9.98823,1474.4,1,4U,319
PRN-HAJ,PRN,HAJ,Prishtina,Hannover,XK,DE,42.5728,21.035801,52.461102,9.68508,1387.8,1,4U,319
PRN-IST,PRN,IST,Prishtina,Istanbul,XK,TR,42.5728,21.035801,41.274874,28.732136,652.6,1,TK,320 73W 319 738
PRN-LGW,PRN,LGW,Prishtina,London,XK,GB,42.5728,21.035801,51.148744,-0.185739,1864.3,1,ST,73G
PRN-MUC,PRN,MUC,Prishtina,Munich,XK,DE,42.5728,21.035801,48.353802,11.7861,965.0,2,"JP,LH",319
PRN-STR,PRN,STR,Prishtina,Stuttgart,XK,DE,42.5728,21.035801,48.689899,9.22196,1140.9,1,4U,319
PRN-ZAG,PRN,ZAG,Prishtina,Velika Gorica,XK,HR,42.5728,21.035801,45.742901,16.0688,530.1,1,OU,DH4
PRN-VIE,PRN,VIE,Prishtina,Vienna,XK,AT,42.5728,21.035801,48.110298,16.5697,707.5,1,OS,100 319
PRN-LJU,PRN,LJU,Prishtina,Zgornji Brnik,XK,SI,42.5728,21.035801,46.223701,14.4576,661.4,1,JP,CR9 CR2
PRN-ZRH,PRN,ZRH,Prishtina,Zurich,XK,CH,42.5728,21.035801,47.458056,8.548056,1120.0,2,"4T,LX",320
